feature_id	Ctrl_A_SV	Ctrl_A_untreated	Ctrl_B_SV	Ctrl_B_untreated	Ctrl_C_SV	Ctrl_C_untreated	PMS_A_SV	PMS_A_untreated	PMS_B_SV	PMS_B_untreated	PMS_C_SV	PMS_C_untreated	PMS_D_SV	PMS_D_untreated
AN005452|Cer(d18:1_16:0)	14.902146088859988	14.731427104607013	15.460218405341985	16.126462170588912	16.088782791402096	16.272126880462643	15.297626548927333	15.48973307032064	15.090954580347486	15.440709080073711	15.467287834328078	15.576672251072702	15.068080762958736	15.83606942378268
AN005452|Cer(d18:1_18:0)	12.253191268591124	11.48482353532954	13.151508351216725	13.041552890983828	13.874508272489871	13.781597278192303	13.477880753837688	12.98017678337816	13.129548705536502	12.614507149358516	13.72275351427813	13.313791929830762	13.481659988665003	13.35276278985536
AN005452|Cer(d18:1_24:1)	12.136942097019014	12.28628102353433	12.607411850372136	13.375701987033024	13.197123945392763	13.752054801881428	12.93754544145686	13.658979802464783	12.956718304297484	13.299125792741139	13.42206699271072	13.742831874266594	12.89182397132653	13.665954685182939
AN005452|CL(14:0_16:1_16:1_18:1)	9.082265695262917	9.545317871498266	10.937808240965014	11.442282992656438	11.535600816304905	12.16955189865034	12.906971712475874	13.788284400002583	13.618918975343599	13.85631973409533	12.993372551486665	13.658846381872793	13.47282242773001	14.14588604332529
AN005452|CL(16:0_16:0_18:1_18:1)	13.867068794886336	13.851673466869359	15.258932833302772	15.92629586409334	14.104760971826773	14.936307359954805	14.068587614746685	14.373542814690628	14.15708732547922	14.416088161344405	14.09817849229654	14.649349047770619	13.93107051764286	14.454427370624055
AN005452|CL(16:0_16:1_18:1_18:1)	14.298432288873437	14.102777644496063	15.141832155243101	15.482306457889464	15.020285592381041	15.34520908849983	15.902099661472684	15.093157520038966	14.386257711557207	15.763134724017277	15.77405746210835	15.401607766384222	15.313417157093006	15.78734186536392
AN005452|CL(16:0_18:1_18:1_18:1)	14.757087602290321	14.63198533084625	15.700096673737784	15.804683641866085	15.260778970295751	15.283742595900142	16.17695015763663	16.021014041539136	16.19336757041219	15.43311095105667	16.19450306515488	16.134031423041968	16.29638855946747	15.670881269607014
AN005452|CL(16:1_16:1_16:1_18:1)	11.782541610899164	11.58893748865218	12.537463755467195	12.600113624022889	13.435385427648848	13.59839550878536	14.251918839312347	15.142718638758817	15.12562173533435	15.599712357277506	14.438278334828809	15.04040310680565	14.884032202635561	15.755528773874637
AN005452|CL(16:1_16:1_18:1_18:1)	14.260055214004955	14.103340525195241	14.843609183382389	14.853277056102286	15.265618516066908	15.290667960503718	16.37553180917135	16.849854817539395	16.90532351135212	16.898520386807878	16.465618653895778	16.78871736066086	16.70816770765486	17.108703391686976
AN005452|CL(16:1_16:1_18:1_18:2)	12.548807572439863	11.786988009782425	13.111178937341705	13.165825110848182	14.082845690674565	14.141924249452662	13.854697056552665	14.283659809176049	14.40845832157414	14.625477849437381	14.093578918862415	14.217074867248813	14.337707701796623	14.723710457509727
AN005452|CL(16:1_18:1_18:1_18:2)	14.49647182757465	14.133140090346314	15.120271911801089	15.160210614760254	15.520475500840268	15.501247401549444	15.361946585126825	15.509799976802844	15.697860587501529	15.438639015697234	15.615642632524748	15.631463042402743	15.583855718571163	15.586491118996243
AN005452|CL(18:1_18:1_18:1_18:1)	14.471864512790278	14.153735948340255	14.95850247373931	14.978226011111571	14.976400962609532	14.566669139819973	15.954535715570884	15.251932861539325	15.906704102718358	14.494121142391549	16.154688859068894	15.40973931582122	15.944591829784438	14.76507622025356
AN005452|CL(18:1_18:1_18:1_18:2)	14.67297916164265	14.22124710619458	15.216699447818518	15.175683809136629	15.401555718813752	15.162064396353239	15.111526740384974	14.743937183425546	15.196182915885748	14.51728936907447	15.386463590969726	15.128505703432454	15.148113887491549	14.484308367438752
AN005452|CL(18:1_18:1_18:2_18:2)	13.89711146519143	13.426863656157124	14.629232164006893	14.596839670471136	15.020999214296408	14.889158527477136	14.212012989934271	14.207421486464339	14.400367312157604	13.907718971118156	14.496890739176793	14.312320504923953	14.249147588174202	14.02670341703459
AN005452|FA(14:1)	18.656881444267793	18.733600251082994	17.42044021685547	17.1311379737725	17.16226290540345	16.51388991146911	16.393608672925147	16.247561320084095	16.264786535510623	16.44081545221648	16.233977681382097	15.949525432938833	16.24874938283048	16.032595630097685
AN005452|FA(15:0)	22.99169993431775	22.94151622298671	21.924485709045033	21.600079245040906	21.662268638155833	21.25092510866649	20.768290215535036	20.61723322412102	20.125934941082903	20.829422935877343	20.695154223706865	20.45697396980476	20.686672718022113	20.518934598301126
AN005452|FA(15:1)	15.285827253084273	15.061903391223575	14.317315217468218	13.779530082134762	13.966735193858069	13.520883021424671	13.056873271849577	12.868174029848925	12.85631909882308	12.88318143913071	12.817116878521368	12.716723673583097	12.935043839607973	12.734998826121904
AN005452|FA(16:0)	20.0013115978568	19.98314701104076	18.967153352816172	18.687543806171416	18.674830872421257	18.31367794489002	17.789585018876245	17.60746007905564	17.371205707987922	17.88685417588069	17.702887638471214	17.52477174070921	17.72812576427143	17.57900379831106
AN005452|FA(16:1)	18.30090312941272	18.328112117801044	17.472194377091512	16.60258223114723	16.683540409369044	16.090988400005084	16.03672340523909	16.000939687019095	15.770051061888703	16.17193427921024	15.879079406319063	15.870271519458614	16.00224105256307	15.844658943579555
AN005452|FA(16:2)	12.864940124405914	12.985101421257335	12.02993135700879	11.667124384253325	12.010385629020645	11.412500140059514	13.19307702662556	12.47697690167845	13.850690375609377	11.657268830912694	13.024390344934668	11.619243972847777	13.511394504891456	12.11145496685842
AN005452|FA(17:0)	18.87476013148271	18.776519952749815	17.795515575585394	17.487712767107414	17.482737446852912	16.9503199658753	16.590570305883464	16.3227049903637	16.345966805900385	16.822173652576552	16.462727714025828	16.11571928166044	16.56341083533437	16.281778030329804
AN005452|FA(17:1)	15.552354166818526	15.593200273317933	15.028577897726427	14.212125979936054	14.37076702786473	13.797790108452391	13.405740462794355	13.035616779426809	13.228974804857991	13.325548915718032	13.046617890864647	12.941527454141424	13.388003174904307	12.871131253188068
AN005452|FA(18:0)	18.874306736461943	18.85836211651146	17.907909297566732	17.579085497708494	17.558763028639838	17.16439145171412	16.66601804518946	16.528789221794693	16.258222749456575	16.701985230100682	16.55886417471145	16.403874957320085	16.612435240760128	16.386269902876297
AN005452|FA(18:1)	19.162585213459195	18.964539202930744	18.5072192660334	17.8546585824629	18.14683223503527	17.55527564651098	17.77578187327269	17.98571823420711	18.14542471699465	17.742051083592095	17.87007883272711	17.544529183617176	18.186780854844642	17.644662179169
AN005452|FA(18:2)	16.162009168924936	16.099348890691747	15.496673439091559	14.771883925551919	15.035264120305323	14.437930937691775	15.705105531407158	15.262934859377529	16.2097442328427	14.840947597270619	15.380245525598061	14.638618284115418	16.02182057137728	14.711803950645738
AN005452|FA(19:0)	16.409411653513672	16.09459963130077	15.334051451540786	14.896727853271281	14.852992514604262	14.478159298917328	14.049086299912204	13.927606281904177	13.779829156817584	13.957248488030046	13.937063242905374	13.736311397236548	13.946023573722387	13.774082220411616
AN005452|FA(19:1)	14.142650998456707	13.806098101106903	12.961091258302638	12.52643204943905	12.671847664750716	12.059012036174055	11.721773080469296	11.70160869407254	11.742980795343884	11.84059590200233	11.568169736739023	11.304510298539121	11.646593509808596	11.267886766544018
AN005452|FA(20:0)	18.123450472522325	18.08048059129651	16.985718662052566	16.77747540932737	16.832088194333853	16.368710516410136	15.831596716258963	15.816905431051326	15.665890422268772	16.070651933588692	15.605674870685341	15.63380239753367	15.777078943870372	15.635180486862993
AN005452|FA(20:1)	15.153414822167534	14.91414988619969	14.85761711221551	14.365292570060769	14.639293830233598	13.79668594206341	15.131518959418239	14.924136752925335	15.661717756275905	14.402467093640603	15.653423633279338	14.522431372291564	15.674010163712028	14.467277707635793
AN005452|FA(20:2)	14.20014043595402	13.836522876878883	14.050863924404789	13.427821558596932	13.980968406586797	13.112180360576469	15.370017844895775	14.643789423586751	15.877620737319369	13.908618242733555	15.66347039377343	14.16571857887976	15.81675092396224	14.15439771745814
AN005452|FA(20:3)	13.942638635889816	13.089683779682643	12.76091893857157	12.42246547340786	13.732560523520574	12.431192671422759	14.340897655185975	13.972940161099105	15.30563049455686	13.387642027610994	14.839544204002431	13.546404083680097	15.364125901115633	13.543163858607741
AN005452|FA(21:0)	16.747679979370943	16.767620357764283	15.744475195707714	15.288848529258972	15.55522992176573	14.69909738542146	14.471188885928058	14.483056282964734	14.280737786943916	14.532027316385358	14.454756999151675	14.052539720095593	14.597720743190218	14.406795426799976
AN005452|FA(22:0)	17.839465088058343	17.95587845072989	16.829381086095527	16.694675203232613	16.74757880308542	16.448375330693963	15.727474013723246	15.803774946099763	15.54829838855976	16.038373434135313	15.633887601309581	15.60764752517626	15.734277096081911	15.706256421683173
AN005452|FA(22:1)	14.133705545477525	14.15935963504814	13.34767105293708	13.047960541942688	13.271298853055384	12.655523767155342	13.147143138276121	12.950607326888521	13.359193054169703	12.989965223645719	13.43160626089076	12.731208981160526	13.326158680385364	12.60081181353659
AN005452|FA(22:2)	12.549528562827383	12.246440069363672	12.496727798636366	11.847191702110516	12.225994752429314	11.208614547734134	13.951573043827315	13.068751325723866	14.509086999478855	12.110889216960084	14.268987455993482	12.57298412731364	14.49678974429203	12.56096198475808
AN005452|FA(22:3)	14.187778349872412	13.059318465651435	13.645410049571533	12.561364412219083	14.090557674307236	12.758559370705106	16.0910693821727	14.15859188185801	16.50455060065573	12.835702973449571	16.240816072508714	13.446903610394495	16.756846014328683	13.416125915545331
AN005452|FA(22:4)	13.40504564050965	12.046141597409154	13.126906501772796	11.92326928118049	14.43934412192025	13.316380604417793	14.163477638304103	12.135992249083891	14.554842574199917	11.112206974018292	14.212258662801595	11.490859511239208	14.58380660153563	11.629971429260289
AN005452|FA(23:0)	17.503946811225926	17.584561952514306	16.457245346361503	16.0586269665946	16.366495785023094	15.717173711810906	15.269764787051933	15.064621856912547	14.945345631027735	15.059198771931067	15.125846169643054	14.858850671124335	15.304567142822515	14.992357278091967
AN005452|FA(24:0)	18.167661064274384	18.05900611349534	17.056197564875088	16.68745618406972	16.982324940316772	16.459128144607718	15.843863386504516	15.66321724802246	15.418367589051817	16.10018674103097	15.442164395754263	15.502202997706085	15.769023639391754	15.617576603989155
AN005452|FA(24:1)	13.187723129675668	13.553440010895287	12.759193559993058	12.947885541666935	12.729823666647283	12.808153378428594	12.577994577208031	12.898470001903187	12.88258658207574	12.654566599262791	12.84389746089167	12.531220683822582	12.394308204749157	12.436759111920054
AN005452|FA(24:2)	12.001479371329767	11.542411163336183	12.131578642241138	11.717786252004322	11.994107979057341	11.462633525318557	13.642449508437695	12.646444783871042	13.961256652522382	11.489793364997723	13.814031184505382	12.266070964035558	13.646028765156876	11.899997168462832
AN005452|FA(24:4)	12.072016919982358	10.488576888221502	11.858098656448007	10.650772161620525	11.821743004506722	10.585012924297585	13.788471288376014	11.286898502746078	14.055423126416239	10.096165837354874	13.6899829439318	10.864626505529536	14.120878829004388	10.723290638896495
AN005452|FA(25:0)	16.431611548999786	16.332757012141364	15.428521001642686	15.008965564831508	15.344818015263101	14.867748373569455	14.107838280567242	14.043275804760619	13.484669385241737	14.357566655966004	13.854559756594961	13.72258216055652	13.750617781315524	14.100493779055766
AN005452|FA(26:0)	17.184332625852118	17.207012281593403	16.14601660823772	15.774360704653082	16.108415547619757	15.621231747311603	14.999682792489338	14.781614803378865	14.541697819102831	15.287107424455945	14.778965850204619	14.620600393813278	14.93977199866888	14.74591608369218
AN005452|FA(26:4)	11.734928434229786	9.64995863839186	11.637320011618518	10.954673513119934	11.512103888314337	10.475192645947443	13.370085825212463	10.381563732664008	13.2950309002974	8.121331736053252	13.170062822958966	9.850185376179839	13.329117071385268	9.16742216172202
AN005452|FA(27:0)	16.51636800553942	16.604018888129332	15.86660482776859	15.494676234770024	15.632937762469714	15.103918064632074	14.459096963000087	14.57478954711979	14.417646092751918	14.784353312936597	14.263987538732684	14.244815462148622	14.361413831344981	14.452452896791813
AN005452|FA(28:0)	15.811226093626715	15.930559718441442	15.200533406409724	14.749035581509332	14.81604391722336	14.511717022759365	13.947805638783294	13.89759041188912	13.617518774453137	14.005428504762355	13.583578893265688	13.921703228287647	13.720544412251263	13.75094423022819
AN005452|FA(30:0)	15.359135882506129	15.325008373005254	14.257448169985159	13.969999088660032	14.131028569929368	13.796621417690062	13.386426112700219	13.132373777491019	13.158054591480306	13.468178559481194	13.34400380772666	13.067718090355529	13.298090375598578	13.123319769679428
AN005452|LPC(17:0)	12.578602541401471	13.69020025415175	13.050976813538528	14.028146173969928	13.094215643222855	14.318863865129211	12.402328017045521	14.042152446327366	13.191906499776145	14.225110770471792	13.16344156867867	14.062757440424557	12.587587289826262	13.964686938088006
AN005452|LPC(19:0)	11.00511613371585	11.982967174209932	10.973204079470172	12.088681233159683	10.863982778814082	11.922723036809373	10.389438396098805	11.888735660084734	10.38198716084535	11.956771900187524	10.616417104361092	11.75085281947536	10.08096694941396	11.88385490118939
AN005452|LPC(19:1)	12.12878518071453	12.51664685027812	12.109762735554495	12.840949840516062	12.342241206882358	13.147737764373682	12.882505799178205	13.845239628251333	12.738540934449745	13.960687072242697	12.826427695341915	13.64693665205838	12.76291380509629	13.939602620432092
AN005452|LPE(18:0)	11.782612379723389	12.122855189725664	11.715032054509976	12.393526194762687	11.993437828228656	12.624129808823406	12.038482671161816	12.655841412121426	11.937481673105163	12.53614377929101	12.323211176198233	12.813300301989988	12.068534126831517	12.58992802545856
AN005452|LPE(18:1)	12.419984780346047	12.49069506064285	13.031509152611568	12.715869013321202	12.553246257515466	12.877996014402475	13.014592177001882	13.359544272067387	12.933073046657917	13.185086708950843	12.954529493998107	13.526025798694548	12.944157623537249	13.318346504282607
AN005452|LPE(22:3)	11.761450432447873	10.69090063490364	12.636420523180668	11.143900794799201	11.37671163600391	11.289364282184172	13.447096615518953	12.230746414240015	12.972930167400383	11.699307115652239	12.880789271369538	12.634529746548962	12.721861694767428	11.633169137988311
AN005452|PA(O-18:2_19:2)	17.9673544936952	17.970731781448837	15.973322021726467	16.2310248183551	16.080334357393898	15.462798515135313	15.624587033908611	15.555556788636386	15.282968225834253	16.07633362881434	15.79503915271908	15.546375641255793	15.30652843691928	15.47206430827355
AN005452|PC(14:0_15:0)	10.272922164547204	12.09184726119733	13.02593368114814	14.781403631635238	12.389752962706437	14.287606271869604	13.646221052539197	16.761345239575046	14.301616806000277	17.202328651466516	13.805844709970833	16.526040013338367	14.060651091730392	17.34639590441952
AN005452|PC(14:0_16:0)	15.75345372549669	15.637205420950172	16.628121513287137	16.63037972139446	16.551802398709516	16.429402082327638	16.518536063419038	16.302385871793305	16.625141963298788	16.092543783985565	16.465878664687356	16.39648278205382	16.647304030894972	16.131732311448648
AN005452|PC(14:0_16:1)	15.505525563010274	15.30650263216352	16.42154122674606	16.58117827544895	16.103605004688415	16.50685085291481	16.775692474967993	17.377491028149354	17.193434888021248	17.47991954237821	16.888816994489535	17.366025839500548	17.062605180915508	17.373598940736443
AN005452|PC(14:1_16:1)	11.974851403927405	11.514632930142922	12.329985432544953	12.75016388922481	12.320438350112346	12.937170844010671	13.183723317549806	14.292056579804408	13.945818480935891	14.939258545632066	13.181667946740205	14.064375885253623	13.640731862834286	14.708237498042534
AN005452|PC(15:0_16:0)	7.969356216174518	18.10255730992189	18.267931161838742	19.531791111935078	18.32072334321284	19.253407053262283	18.342901208543477	19.658701600884992	18.536666896969418	19.526307129977297	18.273486212649413	19.534272772218817	18.425448937803893	19.737437352842253
AN005452|PC(16:0_16:0)	16.13720287514575	16.293131250171005	15.838351840979383	15.99974488449625	16.06345952515593	16.249704220521732	15.712428197702982	15.415168432611509	15.694959213348325	15.124124338196333	15.36950577272624	15.219592550222401	15.553012844920024	15.391041994515353
AN005452|PC(16:0_17:0)	20.317381445218665	20.162646047670435	20.179752425093863	20.404387420398898	20.632353331847742	20.6682406474207	19.82879139785768	19.350669560504972	19.709275507170606	19.050200082301334	19.720410113485766	19.36740730030758	19.69813051731757	19.134319860184938
AN005452|PC(16:0_18:1)	19.969006041802597	19.514314662366637	19.791564138851967	19.608266515553755	19.729074100420405	19.687634393771486	19.620113485658123	19.162337260467453	19.626262154484717	18.958961965937945	19.74720350992517	19.244800249872743	19.702262616995224	19.09294390684312
AN005452|PC(16:0_19:1)	21.918620342237286	21.688064498488675	22.091281397027046	22.15764835348538	22.007590897880178	22.003403845549595	21.834581915876843	21.802493280722157	21.608706762090474	21.615106070271896	21.758865095418958	21.741450595575714	21.779040419190892	21.56990980493264
AN005452|PC(16:0_20:1)	15.151188820918625	14.800925832404397	15.663853854068142	15.46500083482536	15.185078572531973	14.876006445969281	15.811684238054283	15.237612508430216	15.866507217464687	14.756569230232374	16.030933179127217	15.59557373386496	15.712495416468947	14.996502055931307
AN005452|PC(16:0_20:3)	18.229658791974114	17.768837625368743	18.681646314803352	18.332607257155107	18.351463204015186	18.26613421511907	14.818115736923161	19.427494673992765	19.384577682028596	19.410237887311478	19.41420475255479	19.40279814518414	19.442828097760373	19.39621457427233
AN005452|PC(16:0_22:2)	15.285492498823169	14.60811164181093	15.973636325626158	15.617758227207569	15.244754604444665	14.776330483612782	16.639895298942207	15.783192247728254	16.68609890498747	15.231848708904588	16.781614473637777	16.011586694330692	16.6308952120362	15.425850203477117
AN005452|PC(16:0_23:4)	18.525838686819796	17.76493676271542	18.703157127562363	18.5169560806451	19.070762091653616	18.747229650576482	18.387322433560826	17.984683485659883	18.198673815955086	18.015318330626787	18.29712110813792	17.6690843883799	18.299328762455506	18.09177064237427
AN005452|PC(16:0_24:5)	16.495468343303465	14.412585378161333	16.902966625833884	15.60727510550327	16.88196165671694	15.935211584221904	17.40168598030925	13.282018870444404	17.33565279062697	13.052741118963425	16.91586652486677	14.064868343344079	17.2644963689211	12.904787558547426
AN005452|PC(16:1_16:2)	13.887224156602022	13.094288159635164	14.22459810349393	14.300203525219182	14.211910950132143	14.4839081055459	14.37725038910587	15.029367337869372	14.79249976789579	15.474230548178559	14.432538301825824	14.780931524759424	14.661637145352245	15.403378121292505
AN005452|PC(16:1_17:1)	16.032834574303298	16.50534001723159	15.740137171452842	16.434658177319466	16.143899689998722	16.67492033708044	16.70971522315416	18.300117021175442	17.459939982922464	18.82898048756633	16.599201570686443	17.8955829125716	17.024695694175264	18.686112305434758
AN005452|PC(16:1_18:1)	20.44248420798442	19.69889019467606	20.64274725409575	20.10241095934305	20.22646679846411	20.003917950565665	20.62677823988201	20.617241739292233	20.641775120023205	20.48451010865989	20.68718214162954	21.02683198615526	20.80129966700893	20.448716077660606
AN005452|PC(16:1_18:3)	16.040800224852244	15.975031094627136	16.147181317494873	16.48435869554263	16.544530381724886	17.158320828185097	15.599232121506247	16.555349032909973	15.913783400935822	16.738612232236186	15.621407355846381	16.413245972114236	15.725927435346668	16.749276736007253
AN005452|PC(16:1_19:1)	19.4130039530446	19.02229133528763	19.631037177922703	19.780153216859762	19.876758060073318	20.06213513861553	20.166041581734987	20.455161839324813	20.374669514686747	20.658439458513243	20.170770049289235	20.385908741621062	20.117708777621445	20.566296819075177
AN005452|PC(17:0_16:1)	19.34999041140294	19.352503534706376	19.628728588572702	20.378554328767137	19.82975893969987	20.496002893158046	20.0465837572015	21.01482083250043	20.250845622211383	21.196587354234143	20.025586298454368	20.876107966813347	20.203701477624808	21.091596298706005
AN005452|PC(17:1_14:0)	15.611840271813142	16.006670490147098	17.126127403806354	17.37257445082666	16.94975750529847	17.549117237992228	17.166414176841368	17.975619425491075	17.17594967255151	18.553541833583683	16.707331236758236	17.690167717484982	14.242796189651552	18.534091927578867
AN005452|PC(18:1_18:1)	16.264780257530663	15.496638521180623	15.884760580016183	15.705394754341995	15.788043105616422	15.263868733417565	15.795170383023809	15.572845947658612	15.859640067486945	15.904022213784407	15.673527296065345	15.397089250330497	15.738684672540543	15.396314966938982
AN005452|PC(18:1_19:1)	20.41491488411307	19.686753098871183	20.32892248822825	20.236372980821248	20.347924451271037	20.01745389774898	20.615309175001723	20.588162279644756	20.385347724414846	20.720849855094656	20.590013822697724	20.511640677214118	20.589731452848877	20.467865794280982
AN005452|PC(18:1_19:2)	18.71846806441526	18.14656950849535	19.063784235526356	18.938420125702816	19.068718827346288	19.0729425910037	19.176678342399907	19.158570253427005	19.293920591463564	19.36540470162647	19.18689502812688	18.94564913100215	19.25852965618736	19.237427466492985
AN005452|PC(18:1_21:1)	17.635801418347416	16.860884101554007	18.166539762977667	17.907877764246454	17.613875986375344	17.17613313453899	18.39141123295155	17.96057394414967	18.138774667901604	17.84452151024011	18.51866895664713	18.038551953808163	18.2819800384482	17.77343433667745
AN005452|PC(18:1_21:2)	18.44186998717208	17.522008708325597	18.787415339202315	18.431209446527063	18.554509054048555	18.158885787251283	19.633142538194978	18.72687457029542	19.530496994053802	18.69408958593495	19.510971762500926	18.646795513769558	19.432480811774216	18.621221861875764
AN005452|PC(18:1_21:4)	18.049051328146618	17.477785971204295	18.340517476494636	18.26241404552766	18.99155636231272	18.974412731570798	17.34786936874407	17.152788645965497	17.295660691550946	17.104971725477778	17.344720868346485	16.95175318016572	17.214425262816984	17.195540656999096
AN005452|PC(18:1_22:2)	13.880867674066542	12.267972484514175	14.281595971090054	14.14635845176315	13.620785313187376	13.17154547213544	14.944459630119809	14.135372910896159	14.890619156374045	13.523749352022664	14.981615347318552	14.142815404623674	14.7870266226396	13.696571518474911
AN005452|PC(18:1_22:3)	14.26234807256809	13.867626490483884	15.054146358044967	14.893584600090236	14.428337838912682	14.361840419481966	17.151180508258232	15.422543443171179	17.137431225976794	14.545460377500532	16.972306637484845	15.504292805395659	17.1293287303424	14.796401019103685
AN005452|PC(19:0_16:0)	18.47406593778034	18.802805473466808	18.785031930825568	19.073688058640432	18.751300929222225	19.04367631335528	18.043976171796576	18.054582322512058	17.7480292795138	17.670681715747744	17.984546550124026	18.185445231460488	17.988063346877862	17.908035567538807
AN005452|PC(19:1_16:0)	18.138155214956818	17.729259497732766	18.338305737150506	18.288258577828326	18.11526904392917	18.609103056252746	17.944640530019665	16.45629075063299	13.622994577447287	17.44104195488591	18.01645210677702	18.84730520807984	17.897039988158536	18.82479509348615
AN005452|PC(19:1_22:3)	17.364774008454404	16.487725383809266	17.289700736662898	17.071895810292702	17.462422106738355	17.120223647128203	18.313786253285006	17.45283717888174	18.157534997164973	17.300547638487348	18.233666704402953	17.233315324387192	18.31347529993657	17.227305612734714
AN005452|PC(19:2_16:1)	16.168567024647718	16.124529001149124	16.335103812522735	16.850729005926983	16.531491672516285	17.318578924323166	17.00348813302905	17.403801991289743	17.368119375976946	18.083618179772795	17.150400227163164	17.097610985305437	17.08474551548313	17.952079030862972
AN005452|PC(21:1_16:0)	19.476755964902363	19.322623711125924	20.02283056405705	20.175219119495235	19.54361138016851	19.565387498130022	19.84329519424384	19.661581145366654	19.638956671334935	19.358384014759462	20.053039516204773	19.90600180926668	19.76088767507896	19.610565076835748
AN005452|PC(21:2_22:3)	16.30074029336795	15.107566549403336	17.413803987424824	16.936407606362454	17.27532384380463	16.52518726852932	16.251120807133592	14.839646219025463	16.029910489762255	14.43185257848255	16.176110217767803	14.669232276026355	16.147510923189447	14.51226802333534
AN005452|PC(21:4_16:0)	17.87924197678938	18.155716274116326	18.102581980157584	18.55851255025533	18.65312490160382	19.201705822601312	18.664008988504136	19.190380610065244	18.838782097948023	18.530889622172097	18.60057918615739	19.131159326830506	18.718203370751148	19.065712354626836
AN005452|PC(23:4_18:1)	17.848950719546547	16.921034967566822	18.129719717010662	17.993490988789745	18.416060646691125	18.145164161051984	17.09695898841215	16.147004412017235	16.841554315901927	16.24770673829669	16.980078097677463	15.961908265653086	16.88208933315698	16.171452368369426
AN005452|PC(23:6_16:0)	16.785207523358256	16.74285758605916	17.997963015411212	18.13957152335696	18.021343971520988	18.40601464835859	16.80634574552928	16.311477729899625	16.733936835347777	16.259535938494547	16.666283813663025	16.369880432360485	16.70855086057225	16.482051050577642
AN005452|PC(25:2_16:0)	14.955162256334178	14.550217258987862	16.05122423379879	16.16729790897777	15.393705050491008	15.35190979816283	16.05282424394261	15.267942468879554	16.191812644480923	14.76933688427602	16.35050390334996	15.506516663363483	15.962640236462969	14.963988447821658
AN005452|PC(25:6_16:0)	17.150057496546218	16.469827067968144	17.626989022377753	17.516785456754118	17.92728978645351	17.777066040089508	16.059914540546327	15.63497320793097	15.977576189472492	15.490086271823058	16.040322017863897	15.473488823309799	15.866587719471012	15.602727590298672
AN005452|PC(27:2_16:0)	13.734866086050808	13.663540675060519	14.766407349551734	15.40722684152147	14.057263114418793	14.311405734345335	14.6662536957281	13.623082150255192	14.62328034926159	12.401846157321037	14.603241651813539	13.818821718307454	14.203846055592109	12.966389250378002
AN005452|PC(27:4_16:0)	15.048818611395454	14.198410889920135	15.996918419886258	15.716217092475596	15.425032393209614	14.796647200266648	16.438199881681438	14.918606290191656	16.271110692576656	14.52661356443972	16.46450331242967	14.94082311847793	16.238305880947184	14.6064189935975
AN005452|PC(27:6_16:0)	16.306872862780036	15.01462716952829	17.20338288698701	16.759988003842544	17.263791927104567	16.602203100048797	15.728504271019935	14.421000600786604	15.456245735870503	13.926474043392027	15.647440400597231	14.311736810233787	15.624224139386413	14.209152652946118
AN005452|PC(31:2)	17.03509706484896	17.287507619580094	17.393162558913605	18.152583853990816	17.441228545379104	18.00931908880526	17.698770690887283	18.387136412634707	17.85669212915813	18.19195595279024	17.457519812536958	18.222656251895973	17.404019336691757	18.32049716017002
AN005452|PC(O-14:1_16:0)	15.137348132071523	15.758952435262264	16.567882061926696	17.19366315179105	16.132331607642456	16.712996233259947	15.296248009689437	15.87340925463019	15.636073378363646	15.279735415111936	15.740025263130661	16.102536607168386	15.635127764334138	15.465837351598617
AN005452|PC(O-14:1_20:1)	16.301175067297	16.321709474810678	17.20129223656667	17.89899064339792	16.464327827491633	16.57902918584598	17.017930604888907	18.194295267338585	17.049284615008823	18.413169658225573	17.404571087533725	18.438096729433987	17.036352967459397	17.985843887358893
AN005452|PC(O-14:1_22:2)	16.616423963994105	16.466101374685195	17.33083836095827	17.868672059738074	16.613070277008934	16.817639540147823	17.43417162213659	18.313172912896786	17.716283855187502	18.593050141354713	17.662298789235322	18.55167727886193	17.556192695748916	18.438858567877087
AN005452|PC(O-14:1_22:4)	19.542540336717735	19.430257191565307	19.969467848422966	20.22510460345851	20.270932461034025	20.482836607997672	19.347293395447647	19.439570364443863	19.32290451088442	19.646182048112394	19.36664231274447	19.364358233499207	19.237199529267986	19.557487571130533
AN005452|PC(O-14:1_22:6)	16.590831290474867	16.483078627788306	16.53219968310211	16.929068792553696	16.783444525366516	17.363165452676594	15.11622770969621	15.110621037798277	15.40614679647671	15.40844768451177	15.340879264127045	15.19112034250306	15.186150785181333	15.421066801166324
AN005452|PC(O-16:1_16:0)	16.279744635833453	16.75417956167694	17.411932574539417	17.993614558045905	16.743728037493366	17.20979661159466	16.789152416378837	16.963336986286723	16.525747641044262	15.953758747942766	17.069938088751275	16.935299346781274	16.598008330666644	16.563902103781846
AN005452|PC(O-16:1_22:2)	16.094274572192163	15.72077135355598	16.688913356444555	16.679578126906662	15.767650450552845	15.672104232891146	17.238386907229636	17.35391943337869	17.09912299066507	17.129228891854897	15.053526928363363	17.636075022597844	17.14855225557834	17.49965817406095
AN005452|PC(O-16:1_22:3)	17.95541304091624	17.672818632918457	18.310047792790233	18.395069718328404	18.183529058131374	17.729072147599354	19.85421911607533	19.677774833376862	19.633404181661337	19.177665436449043	19.97304566549579	19.765004069789846	19.664564808053843	19.60703586615152
AN005452|PC(O-16:2_16:0)	18.365278418414857	18.353830171203374	19.112228210979904	19.433338513376487	18.666991162619066	18.96570052500339	18.656932925686665	18.857494658258563	18.80878819573593	18.93342543518013	18.834304303577074	19.233105538620773	18.541783444408626	18.802889563173498
AN005452|PC(O-16:2_18:1)	16.78962499815616	16.372743329517927	17.343260614397042	17.46057044016283	16.89499496186356	16.845513963382743	17.37720975735372	17.944410306581897	17.496002856876796	18.40249943945187	17.60638369705831	18.03144601441693	17.459985844742018	18.115721427215167
AN005452|PC(O-16:2_22:3)	19.073965389708324	18.676691983324044	19.56566607521472	19.455629969652684	19.533942259537387	19.436714540805824	20.3422742474923	19.458729995416192	20.225124862494436	19.262121719852008	20.22942442852103	19.373104866707425	20.269380288523468	19.485188353070058
AN005452|PC(O-16:2_22:4)	19.229415444647252	18.6343441800758	19.62505529023129	19.535573118223866	19.77379282597951	19.72590830933243	18.942547165838498	17.972874107610973	18.821136335130156	17.835017634921844	18.86052003214613	17.81613836841058	18.780413730712937	17.94721709493196
AN005452|PC(O-16:2_22:6)	16.50827171019449	15.785575347696428	16.08104364680519	16.154013762478286	16.505438003249782	16.602619426851817	15.245391437329587	13.881584954101363	15.279906221901618	13.737978859447994	15.311670585680849	14.181253099975399	15.133627699380874	14.249482338697169
AN005452|PC(O-17:0_16:0)	14.563995507306045	15.192637733383947	15.769548477601342	16.569025416784786	15.340797526396585	15.924784675332958	14.412905561873181	15.441277104898388	14.563511913140522	15.815786479745553	14.59924172145241	15.727553590586078	14.432414121692704	15.691821807702036
AN005452|PC(O-17:0_16:1)	14.055509212555359	14.198722262495993	15.3344663377918	15.94480109488588	14.37127234875174	15.285147846161744	14.527002889303594	16.08661388660998	15.004778632531414	17.221588064641463	14.84544769561167	16.0175014723055	14.801449837631997	16.798963253600178
AN005452|PC(O-19:0_16:1)	14.987026923172117	14.154511947145076	15.741007845043756	15.666868476371933	15.4893091765215	15.261810163693866	15.019532984786096	15.556030716585232	15.307687282374106	16.42829561625815	15.309496827267758	15.691404728875137	15.217049467838487	16.107411951757616
AN005452|PC(O-19:0_18:1)	12.430117855636686	12.031030272548065	13.719545969329943	14.362188726732063	12.651482041015365	12.968475114335883	12.881105859795243	14.520781999778322	13.199041555346936	15.162007399506928	13.356030169714147	14.493514979460679	12.99460353469386	14.919954893655015
AN005452|PC(O-19:1_16:0)	17.463778910160162	17.264615007671985	18.289360724857517	18.266505870740623	17.646228241446938	17.84048212012277	17.316564174787093	17.721151890782362	17.373402459976294	18.18362663282039	17.62001075211531	17.601685651811593	17.373021177923047	17.98340393099087
AN005452|PE(14:0_16:0)	11.442587409075273	11.885925804086554	13.28288396741128	13.624713121969592	12.745076359637885	13.502976154785856	13.339328662390344	13.903529772892767	13.702966305065493	13.463216486865429	13.532284047014722	13.939741933503726	13.621591673341603	13.782996482105906
AN005452|PE(16:0_16:0)	15.403133016854795	14.869607906458375	16.314061038178554	15.925324612860814	16.224474495737216	15.82973810770543	16.19158449691934	15.28021499061021	16.257154911286175	14.761838378132675	16.174628355506844	15.471415511167	16.345644017556634	15.01243421957488
AN005452|PE(16:0_16:1)	15.463360223119233	15.268880951289079	16.363173501000684	16.524493829913574	15.990803768111242	16.412635171299545	16.721998409671247	17.31646317755438	17.159436937049247	17.377291990694747	16.79589848676619	17.268954763032156	17.040090395379277	17.24405316035207
AN005452|PE(16:0_18:0)	17.66322749309418	16.982309572967782	18.128636378482298	17.477424351819092	18.01147425652198	17.455351476143075	17.625661412033793	16.04786520247008	17.357676669435303	15.16693171486232	17.542304076911453	16.56932920364068	17.671983923358194	15.589557103174817
AN005452|PE(16:0_20:4)	16.04756973142146	15.878202925399876	16.00314897903567	16.355266994983264	16.335407774603862	17.015638313649024	15.507862300734834	16.41519351116914	15.792052557279481	16.810042101834593	15.539933713930958	16.275180917888594	15.603539992391878	16.729774452743175
AN005452|PE(16:1_16:1)	11.975617130620606	11.508949938010161	12.291791244033305	12.718524907214146	12.334027675913921	12.936154168412981	13.112873380411159	14.16178560762309	13.786156237574014	14.979091805898681	13.24257577541794	14.059289871230876	13.65166740894425	14.720959388986698
AN005452|PE(16:1_18:1)	17.56477993930021	16.98811834157181	18.078311947287574	18.021197433425765	17.78169192251787	17.85639552701307	18.217077488347897	18.577340684562348	18.64666352827111	18.82475172331448	18.210118667557463	18.561434133762845	18.412911791320088	18.73322443302028
AN005452|PE(16:1_18:2)	13.871263700338245	13.089961518017779	14.213845430137477	14.279555117528497	14.14572241453247	14.482244392459437	14.377493958945813	14.978153035733898	14.804916562896684	15.397520974460939	14.4321024896077	14.756286788500702	14.663829998866504	15.366192493356735
AN005452|PE(18:0_16:0)	14.987237606923111	15.143609501338732	15.018631800757483	15.13477055406526	15.14548697469098	15.434240428134833	14.518998816127388	13.999858641689352	14.319111411258854	13.757531970756181	14.373002649545635	13.928940904664083	14.281199654262027	13.898429053054977
AN005452|PE(18:0_18:1)	19.562882919290477	19.06860285679153	19.54131733552017	19.24920289929724	19.352735867590297	19.234089297641205	19.208221983133228	18.742455726852842	19.137184129298216	18.428114937545335	19.411691779750402	18.914653460995734	19.575457236438208	18.804879914491032
AN005452|PE(18:0_20:1)	15.156260097676556	14.802898454206456	15.656973557040985	15.417959274859498	15.167769306699574	14.879739900939521	15.85402868737122	15.246386337389024	15.741384875497415	14.858594972483814	16.034321158923678	15.716135616315453	15.68716803971631	15.056608523719213
AN005452|PE(18:0_22:2)	15.295881760303118	14.62109458235008	15.93597839845682	15.647776353481873	15.263979339253725	14.844220454001709	16.676088739423022	15.758740056411689	16.784612799918524	15.194919792464093	16.760853566971956	16.187918703766567	16.677897125916342	15.459448939512916
AN005452|PE(18:0_22:3)	17.795680631428183	16.97641505911594	17.6438274997859	17.280666720302566	17.36787312919633	16.955021787179597	19.149922453493748	18.302244511416728	19.038893180164717	17.76382369814043	19.202389706716346	18.35403688870937	19.15285251556877	17.981795806347115
AN005452|PE(18:1_18:1)	20.354165723135292	19.611844810280775	20.31121976940231	20.049049066910428	20.157600229864226	19.861970564550884	20.561324190641745	20.546249866910536	20.575459014172008	20.376515785402816	20.646601628899635	20.672338620623048	20.77934425106263	20.36507919935325
AN005452|PE(18:1_18:2)	17.500535223309814	16.714746525966245	17.78468970545969	17.57222303138562	17.478438308754104	17.53176094790629	17.75946506997445	18.066709371292692	18.085191587183484	18.002163678480645	17.660436522418905	17.974939312412648	18.034649690461936	18.248438677107185
AN005452|PE(18:1_20:1)	17.800451806330585	17.124973385991616	18.23654497670068	17.900229985040273	17.528592237595657	16.99099079516812	18.562033261284032	18.13183103188569	18.44718672175109	17.966871744917615	18.653711787248607	18.507585785257543	18.38853795320667	17.67906550981681
AN005452|PE(18:1_20:2)	18.641724455920187	17.774625175468874	18.674185522844226	18.362149808917536	18.293174771989552	18.204865243952483	19.28543316098005	19.132776787240932	19.1878971528098	19.4232445101118	16.60934376860515	19.384238330537546	16.515818780296506	19.33416625563129
AN005452|PE(18:1_20:3)	19.38946477807193	18.852545589981997	19.046630069433647	18.98181850351175	19.593903798621685	19.684903751608317	18.84813479300422	19.429398202417282	18.933499135449495	19.37556698289454	18.920726317943632	19.263306923658586	18.88910706952392	19.398205285617426
AN005452|PE(18:1_20:4)	18.398272216409183	17.892550548160177	17.518631299382893	17.894336946337436	18.510549161224976	18.880653816802177	17.360021553687243	18.270969846707953	17.576430955769837	18.304901587022083	17.561703159374986	18.101882397371977	17.512407196631305	18.245355822348735
AN005452|PE(18:1_22:3)	19.47119174395929	18.519179404900076	19.10602210327517	18.470384130484415	19.514644153882774	19.266591958558553	20.294724954810896	19.15362744097827	20.076070111576296	18.68142324910895	20.172995242822534	19.214770981609984	20.165646836141665	18.883006334095043
AN005452|PE(18:1_22:4)	19.057617097125032	18.03160151866925	19.11159422491773	18.54621850210398	19.78410088005688	19.167131810331338	19.22122906930974	18.23779423664741	18.989756723778797	17.873563139801593	19.0060689400897	18.0693678730386	19.105667379666006	18.022018618399844
AN005452|PE(18:1_24:2)	13.880366407322398	12.267051486589674	14.280475066986101	14.146176774237292	13.621495652857952	13.157751614832506	15.036457867895358	14.182663344818584	14.911401092005994	13.49971507184569	15.28725821570803	14.38951952450566	14.996747702469875	13.696447082748518
AN005452|PE(20:1_22:3)	14.261975163582358	13.87070491933939	14.953798184757117	14.894525390982452	14.650200211491892	14.368700814130491	17.150296882428155	15.421881377278005	17.10567437635253	14.54513022684977	16.993876726495774	15.502056464069026	17.129693598934974	14.72873862275012
AN005452|PE(20:2_22:3)	16.559900235052787	14.399029155298608	16.90347573741654	15.577872516826725	16.87325744924445	15.938369874761817	17.343450338080956	13.28437854579611	17.237351214805685	12.990155490438829	17.07608665708507	14.09136034787918	17.122039429966673	12.904994686267438
AN005452|PE(23:3)	13.721440198092722	12.457640805339539	13.188749994439013	12.047502902664911	12.43894789590454	10.657065461631337	13.769342291682818	12.043473500562305	13.139592868417488	11.673868339569433	13.714628062730748	12.300591741728693	13.295161756355313	11.733837265243693
AN005452|PE(24:6_18:1)	14.57863685082628	14.139824319905733	15.6714225497417	14.953440500972874	14.244849661814671	15.790801258581702	14.466744865964893	5.974118645869196	13.971681737586517	5.607092575976478	14.25229005694846	5.549493264662435	14.28640162175897	5.287950772954726
AN005452|PE(O-16:1_16:0)	15.160422197857423	15.7589372120149	16.56917460325765	17.161167335388576	16.127433748461765	16.58602505180841	15.351936621772092	15.76335715200499	15.570594400517379	15.280395110987092	15.784030706185883	16.04360511260301	15.498755978295158	15.46393792093717
AN005452|PE(O-16:1_16:1)	13.437980839344503	13.557816301665335	14.919534719677278	15.292310117650034	14.481439247962038	14.895968040474452	14.583815252951643	15.406642720561583	15.371085636489683	16.119734939475958	14.83656352124923	15.701766853569703	14.971161035356316	15.896152591029272
AN005452|PE(O-16:1_20:1)	16.300134964635713	16.282973152359887	17.32156804896135	17.736414726844284	16.447630810021806	16.57799576930994	17.037830255716646	18.170135677333857	17.08173727835732	18.299980467443124	17.366089203832356	18.352578492747515	17.038066246819124	17.99215874731408
AN005452|PE(O-16:1_20:3)	16.275009679476618	16.23567313536762	16.576290960996765	16.98816042407906	16.377878470530774	16.47154129799605	16.72001101623123	18.055387805538896	17.101501852132234	18.561647680127702	16.885872068463527	17.784315183532648	16.999796227831954	18.324301962470795
AN005452|PE(O-16:1_20:4)	17.671849634244577	17.762666433584798	17.553227040344158	18.201105624105228	18.22862883905828	18.878001838597502	16.907623119209607	17.707204111440255	17.32550151481649	18.30369970682717	17.192199461139523	17.775228756704916	17.012521535729448	18.064534471375705
AN005452|PE(O-16:1_20:5)	13.053825358649993	12.99208031093017	13.086612228475845	13.63137132345505	13.567682715871454	13.993776613535566	12.415987125755768	14.07757329128283	13.134629650456148	14.818000294236198	12.904634301567121	13.99838646291633	12.680533439933583	14.341787226844602
AN005452|PE(O-16:1_22:2)	16.59352727658983	16.491321663871137	17.364384657263738	17.776552411635702	16.613956257962837	16.817882927736918	17.424922417543396	18.246199546942133	17.728006684111595	18.548335830030748	17.658979145294833	18.432149889594168	17.464851574465815	18.36325318020862
AN005452|PE(O-16:1_22:3)	18.425385046891464	18.412884309976413	18.996138669168484	19.28319325153513	18.458348628508173	18.70152330533414	20.12603814147655	20.371910163768252	20.306464648212568	20.50622454256703	20.335557905151802	20.480163299939687	20.269257937046163	20.490869024928173
AN005452|PE(O-16:1_22:4)	19.50776703863968	19.36239069070479	19.77124245071873	20.125597980283313	20.167329279866284	20.334231042762717	19.324698177722997	19.37426371390308	19.16119654972116	19.55036569554926	19.228442840209624	19.304699204273966	19.146052805939785	19.473424140819237
AN005452|PE(O-16:1_22:6)	16.605938657111544	16.409423797221127	16.486267865084027	16.764133769436825	16.759282666534315	17.30856731208557	15.101975353891214	15.127073087500124	15.323450263050162	15.408665576093307	15.317041101727687	15.17169816526812	15.137020419516872	15.404517599753637
AN005452|PE(O-18:1_16:0)	16.235707538609336	16.723665574254724	17.369254177688802	17.87404133584548	16.78855503995283	17.199805079824102	16.53051315562319	16.660704358576844	16.51861392835981	15.731916021919853	17.062566222173846	16.86231422052791	16.717226617960616	16.38803840173408
AN005452|PE(O-18:1_20:1)	14.502491189600647	14.702376903152702	15.52232306513522	16.079317687643627	14.687003644217318	14.802134313711365	15.638409538251345	16.851630919812738	15.930127548941442	16.89726953194321	16.218937146371886	17.119007382288206	15.610638050335558	16.89199279723621
AN005452|PE(O-18:1_22:2)	16.09573528492135	15.702398735806609	16.697710402889825	16.67994835232768	15.772350076330817	15.638404458919661	17.046206133548782	17.40522576514201	17.0531188202489	16.79992546273564	17.431156188085435	17.557277379114996	17.058360042780293	17.490171893229824
AN005452|PE(O-18:1_22:3)	17.845532995680404	17.479003007833573	18.323140327005593	18.202429263875285	18.1768772243676	17.018283284087406	19.841191391447907	19.62269496925038	19.666735229925816	19.163451617364192	19.844573121815028	19.71312874471467	19.592539410863946	19.518711422143642
AN005452|PE(O-18:2_16:0)	18.341522007517103	18.306816126759376	19.059387446143692	19.401432611758604	18.622090640821494	18.914247848497588	18.625888273873546	18.822986046560004	18.73642735484219	18.83253608487234	18.76830061727438	19.227812137670487	18.72114077329857	18.69293336037185
AN005452|PE(O-18:2_18:1)	16.718645420379357	16.387556216446917	17.305778066298185	17.446704292217603	16.92798477014965	16.80326840873597	17.308074047520975	17.885826663447393	17.466166439406354	18.347108818370874	17.649491916679967	18.05786117655128	17.386219806013347	18.025419001025863
AN005452|PE(O-18:2_20:4)	18.557485504042642	18.222922891008803	18.354903445982277	18.63588712143027	19.016036369790342	19.08587387251409	18.222825786775033	18.391593334991075	18.333988252566655	18.58257839627335	18.236938600079707	18.215156215029612	18.16272341520217	18.325744505752855
AN005452|PE(O-18:2_22:3)	19.069848319189138	18.69752488421646	19.55993963937784	19.47223587291619	19.413372469771186	19.45971874892229	20.270530609986384	19.357575602974887	20.22406408901354	19.167048904717532	20.169377184397664	19.305753528319016	20.32997578801155	19.485540904826447
AN005452|PE(O-18:2_22:4)	19.26183918996293	18.591105061367585	19.49143334237952	19.462996019774796	19.800200381500176	19.63212818579224	18.851847147632572	17.985255251609793	18.72781751883962	17.835944238418065	18.757474263115572	17.775920255662186	18.662586340725678	17.90963787403562
AN005452|PE(O-18:2_22:5)	18.02838754470803	17.512684887888245	18.08219144101473	18.339522096471583	18.35619908384999	18.39562566617976	17.133007929129374	16.506382109712074	17.124384457064718	16.457920041219598	17.09923364642263	16.47879722516762	16.884641529444327	16.42445237304626
AN005452|PE(O-18:2_22:6)	16.496273184174214	15.688865336961832	15.964507394928072	15.97506767957872	16.473267625852433	16.488266766555196	15.10957625503226	13.892222952474574	15.088973877683118	13.765194567580451	15.152751180320669	14.14632937754059	15.192328292953968	14.249388826182383
AN005452|PE(O-20:2_22:3)	15.238682312022377	14.466049142091826	16.104262801639944	15.902839598883512	15.572769381862594	15.224903682629536	16.450506446790197	15.39206564797602	16.465249548684834	14.823197790213811	16.61067535759769	15.476207450380377	16.356492508586992	15.233597888346061
AN005452|PE(O-24:6_18:1)	16.933358261242148	16.17149981459939	17.616491041406526	17.489411471927518	17.45063212115081	17.348681099205596	15.724484420344375	14.490151952717378	15.203193393619983	13.49739219644002	15.503124098991021	14.539950557966458	15.426167865593877	14.339684582823677
AN005452|PE(O-24:7_18:1)	15.189471523740394	14.722268829214821	16.132174677087324	16.037062732996926	15.949651152666348	15.768124121873571	14.761490316967974	13.72262090884592	14.398496777173515	13.430525479484556	14.614159872761308	13.702418354023978	14.458215836660935	13.653445414331825
AN005452|PE(O-26:6_16:0)	16.673199310771434	16.262309587908703	17.50078366789874	17.52690945101401	17.247021222512625	17.079799551069403	16.279542166869007	14.594629972522824	16.0793696870883	10.735335370343128	16.113412941966953	14.401796308385054	16.11637932959906	14.464637048971566
AN005452|PG(16:0_18:1)	15.600972753380459	15.279498774243244	16.270679848541324	16.278960797720845	16.623833641170066	16.387217290839136	16.48894702670815	16.93008785607012	17.109924463654703	17.232181246659138	16.390503934439558	17.07377024958346	16.53951391789366	17.139275919087755
AN005452|PG(16:1_18:1)	12.122808153958054	11.13862978288629	12.356556491736077	12.121041849230478	12.678008430051724	12.688005682637446	12.698839077694686	13.336943528419717	13.452285075588904	13.53329631792122	13.10005573660593	13.202346434732336	13.085750083089783	13.514954065384096
AN005452|PG(18:0_18:1)	16.9710232875745	16.477370706502636	17.018088234725756	17.232961595897866	17.247883448455152	17.28103664157621	15.655745165241292	17.13002513201855	15.878557237569558	16.608584645731437	15.79290262004259	17.50526982768601	16.11057975622983	17.768013310513588
AN005452|PG(18:1_18:1)	15.385980528584787	14.571045135094737	14.67397032511046	15.084895916468675	15.392335192556878	15.56576958284717	14.411965403304995	15.0980936948917	14.990059331080852	15.126572395225958	14.848948555889883	15.188152543126002	14.662358598360006	15.30183245593613
AN005452|PG(18:1_20:2)	10.373778494371962	9.754774605825574	10.57168563060641	10.481945511044932	9.664434449943924	9.29523027388442	12.654035712466795	13.911399708129942	13.108649003581133	14.061353093691274	12.935739230806632	13.963035299434571	12.723372657578203	14.153213809855155
AN005452|PG(18:1_22:3)	7.801982657684015	8.460549025488927	8.477492295413127	7.238014160888878	6.750715331274137	6.341717995375283	13.132618489217379	13.176286135915056	13.642168938484618	12.958921772481334	13.412094597602424	13.62284829484848	13.39230797030064	13.649578092643106
AN005452|PG(18:1_22:6)	12.11300934821063	11.337720068467844	12.860186825200238	12.879942544928573	12.992043868775385	13.212287484422694	13.277635030466035	13.080324872160167	13.140342803030576	12.03783931980003	13.7506855285871	13.319355602608129	13.514470757190944	13.136631999831044
AN005452|PG(22:6_22:6)	11.058002807840857	10.86481887941043	12.451007545364261	12.629464645105807	13.658948832987512	13.876245041168417	12.697152963350405	10.437522536825185	11.91889277472283	7.954320941920571	12.870807415988912	10.983005049201472	12.716731345074555	10.28793713593535
AN005452|PI(16:0_16:1)	10.322977322415674	10.676168522383293	12.452539210183522	13.400140339766807	12.22489661584543	13.328617366943996	11.397284992636159	12.80425652445041	12.227256091847806	13.659452747125357	11.752916171609153	13.018664268333666	11.993679730997798	13.568142934081905
AN005452|PI(16:0_18:1)	14.975436867963685	15.520593158984354	15.342772007312234	16.1332080358569	15.681650992254424	16.454152434331096	14.500475542038913	15.707090549127921	15.500162302769438	16.430679931950824	14.879122434214388	15.943214484262837	15.05515609045561	16.325439697471896
AN005452|PI(16:0_20:4)	14.15549482153876	13.93739050956566	14.601786109594189	15.150465916001819	15.150681678974692	15.744629977048803	13.737243197392301	14.476064348237392	14.243563477645894	14.838108266657287	13.88470542350266	14.389357074236914	13.926103613774385	14.800323370086312
AN005452|PI(16:1_18:1)	14.362105647749438	14.026324585655402	15.0412278744884	15.145876230672613	15.088259427900516	15.357280152757278	15.017143121302093	15.790057059687987	15.963033145931982	16.187841507632683	15.358032818014516	15.758969960184018	15.39235665439611	15.991332155565415
AN005452|PI(18:0_20:4)	16.15723179577767	15.534984795290006	16.497809342514785	16.305114867953115	17.04705327092319	16.617224588308066	16.915081702472822	16.50552343094352	16.300667705217485	16.388127317465024	15.658461623193459	16.70053297788466	15.866636792205915	16.666961417508812
AN005452|PI(18:1_18:1)	16.234165893833936	15.674668393020037	16.79942135549807	16.572041978831816	16.60884520031141	16.38644384102571	17.087232823353997	17.469891016870953	17.67011141553166	17.75367499315517	17.283738817876255	17.442025812343715	17.292927842397603	17.587645686959622
AN005452|PI(18:1_18:2)	14.626852771814688	14.189230854638515	15.042767218756083	15.292076190511693	15.010976677023171	15.282109257890406	15.55422872644786	16.52140300440824	16.345905870337955	16.878928513496472	15.707934706877259	16.38596202647746	15.853569775352959	16.82496566688887
AN005452|PI(18:1_20:2)	18.670295734860105	18.128420344285914	19.033937184716063	19.368918237220843	18.619952455344585	18.710370530217617	20.294134642473434	20.710751628178215	20.42870696235208	20.566396863068288	20.274171794572975	20.577101335070314	20.38130344388978	20.668278358772376
AN005452|PI(18:1_20:3)	19.5588714463796	18.90421733688945	19.93536948421708	19.957134200730447	20.31562730165408	20.27615828338354	19.78210341145021	20.102634297052507	19.974813573699468	19.924607646415637	19.889016464315894	20.03249986229824	19.705714327562898	20.055103121763256
AN005452|PI(18:1_20:4)	17.745663078328963	17.20046687551786	18.240652298772954	18.32769178241751	18.74229227462652	18.796651920897336	16.95642399083795	17.244633432022763	17.242818234072733	17.317163918344676	17.16376887646066	17.226882485906568	16.882013729025697	17.267514958588617
AN005452|PI(18:1_22:3)	17.33079111406793	16.567770426160404	17.856334359930543	17.833643771359093	17.881443133133686	17.80304910405827	19.19772424521982	18.287078419119013	19.34796780251538	17.77045562522581	19.1027309007345	18.39219861649116	19.084851629246156	18.030238332347892
AN005452|PI(18:1_22:4)	16.141354529637244	15.731676944909324	17.392433084169113	17.45614852091756	17.53116256916773	16.825581708885167	17.633215573880687	17.136254797091897	17.903126075387323	16.81623477733363	17.658854625008207	17.068876186175274	17.520295454829704	16.930855507741907
AN005452|PI(20:1_22:3)	13.11057419881014	12.491534882694367	13.741263503335611	13.526302106674434	14.03073261321436	13.360457745824734	15.374684445729827	13.747806860039404	15.37845564045451	12.980492302350887	15.344458923164703	14.113316181037789	15.143677893520055	13.327970487263244
AN005452|PI(20:2_22:3)	14.104529970528588	13.192569553210854	15.066865779715583	14.75609171465927	14.955575399294256	14.471123051246769	16.13141116244803	14.634090653382122	16.352713348979886	13.804687905108437	16.117622406896846	14.806172067536567	15.96430387111249	14.194986243188445
AN005452|PI(20:3_20:3)	15.703874313396717	14.870889354334059	16.217474968141882	15.77462690779676	16.410981892090494	16.406720247765367	15.744411104464355	15.4304249248095	16.01152366647731	14.575460102088124	15.786329234583542	15.420684972125377	15.596698146437033	15.240817812762408
AN005452|PI(20:3_20:4)	13.83307153493818	13.220375410976295	14.27908013580881	14.212307779780106	14.711850030740933	14.77058622712246	13.030532364829625	12.80804073085667	13.366610666873415	12.288781451460915	13.281862831235614	12.752911152996171	12.951296953873145	12.715804789752875
AN005452|PI(20:3_22:3)	14.07160428230035	12.72374195419796	14.908891942556103	14.663590964456558	14.922050913188135	14.67900667957547	15.101552236545295	13.907527350651167	15.619019639786352	12.943911445107759	15.064008731025107	13.764917509687637	15.225408527539125	13.409714541409942
AN005452|PI(20:4_18:2)	13.243335893081953	12.397836843866983	13.702415332465662	14.183810303820954	14.49476091946156	15.031559054299995	12.76298881290443	13.303169058200893	13.319351303911299	13.522160750741575	12.908234205325561	13.118853079830254	12.700162835375957	13.350380987752208
AN005452|PS(16:0_16:0)	12.775116078348274	13.514637011468812	13.745855698683537	14.833656722872725	13.321620933371223	14.445306435100385	13.666098441774842	14.39185886638109	13.953026055853329	13.091986699597031	13.384091325394332	14.214853129582224	13.560635212839124	13.89056485738436
AN005452|PS(16:0_16:1)	11.033105663681674	11.007763797443205	11.863331437090219	12.886836279613041	11.152043220288121	12.484372049700873	12.169652893786699	14.693226207258832	12.809060206356982	15.30873072386646	11.997998384275933	14.252255492899833	12.248947546302135	14.961645888404894
AN005452|PS(16:0_18:0)	16.436554909889548	17.264520531663365	17.858339845988482	17.839256346115494	17.416228008874693	17.82128017151265	17.33943771510297	18.384135102944224	17.382369347956942	18.674775639968846	17.037990611969406	18.222274804888105	16.35832217102804	18.670197391149596
AN005452|PS(16:0_18:1)	16.861015266210924	17.251161816459348	17.482170148217424	14.90579409474263	17.44165351254696	17.996450075806166	17.578117484637975	18.404980589956768	17.835927991892557	18.17216380413582	17.444064508878018	18.250916145865787	17.34888989272588	18.220951775122423
AN005452|PS(16:0_22:1)	19.45727499521779	19.125437987937495	19.67006544761357	19.849017319755585	19.91933957154853	20.123347265324316	20.245170830169382	20.5637151565499	20.464885030896312	20.797719150275256	20.25008568154775	20.457342821721305	20.301691828823376	20.707239769012983
AN005452|PS(16:0_22:3)	15.563695658962866	15.685130135791608	15.548034128001248	16.244911281339313	15.804944153505923	16.44878478336938	16.68422595671329	17.330270358614612	16.941561663040122	17.15613426716905	16.565889976281273	17.2184596207404	16.5991701380614	17.473941444270228
AN005452|PS(16:1_18:1)	13.499612813559915	13.71647289270057	13.751402197137116	14.252566257490232	13.703752865504812	14.190423337810456	14.444930706297749	15.657787355979027	14.804337952106122	16.10570998783798	14.070471877952762	15.364050443041007	14.291418354449688	15.984987702928548
AN005452|PS(18:0_18:1)	18.76144324839858	19.230604305835698	18.653245798843095	19.23852779551838	18.96197062309766	19.50556293392967	18.52356933187526	19.985163825691	19.15022133728385	20.06958316770456	18.63262928536854	19.750254089306093	18.857994238125062	20.158769525051284
AN005452|PS(18:0_20:2)	16.258373584360246	16.495032987355682	16.43386065212588	16.88991272623666	16.507166576951306	17.21235059129431	16.87248991128035	17.5760236239646	17.21157216033592	18.00359660819636	16.940599038785297	17.206597169273376	17.09476426335473	17.863005783359313
AN005452|PS(18:0_22:3)	19.019829867763075	19.338274855098025	19.178745261176825	19.57551437552509	19.717851709418603	20.216193857034256	19.14868144904332	19.86438482237024	19.444730144133928	19.660750169005066	19.002851646928274	19.58588713545284	19.562895336089955	19.99106479411445
AN005452|PS(18:0_22:4)	17.917078228554416	18.225143172829437	17.911510984564668	18.626848458600215	18.64738318637465	19.270326666491	18.368401761955003	18.574320044827715	18.331708951178666	18.1244851818995	18.104081754958266	18.466858150406704	18.199391408598476	18.488579725262507
AN005452|PS(18:0_22:5)	17.08632194308065	17.450655626774832	16.825650137632618	16.87679827801287	17.544130456165078	18.25369145309104	16.67766852262953	17.409229362959987	16.791139406853958	17.354683490663806	16.47231757355442	17.279713242646	16.50494953524376	17.359168733853387
AN005452|PS(18:0_22:6)	15.669553501960706	16.12744086132288	15.327982189494527	16.39183064123478	15.9806600559672	17.042871523033536	14.467738543072771	15.292760213786627	14.550665503937191	15.353764424750151	14.354385834947772	15.365306987191302	14.417397144344235	15.380005040418864
AN005452|PS(18:1_18:1)	17.295753913561324	17.354064815874185	17.143478612022644	17.563117964810626	17.15395187692295	17.32257499225315	17.206158896128148	18.154750719913736	17.385118998127478	18.400594659398298	16.888035067571703	18.094536130219836	17.452152294068124	18.361187712175166
AN005452|PS(18:1_18:2)	13.758933197886948	14.093603435312898	13.937158204384488	14.111036483559891	13.9256872700483	14.502514426443708	14.288919655951355	15.035500793718128	14.667705347854083	15.262527141410393	14.027402021223594	14.760143487513176	14.319713700923765	15.1927387514037
AN005452|PS(18:1_24:2)	18.525762612575978	17.7658153474876	18.717066350432834	18.485165703079332	19.009922844128344	18.758584811533737	18.41200132876872	17.98556749233954	18.21492732156278	18.022992976312878	18.260631167894577	17.669807962805766	18.34658382400698	18.09223128427286
AN005452|SM(d33:1)	13.733391568493717	12.672415424997853	14.361655150339686	13.032872915470596	14.845628004339254	14.236002017875935	15.240256712953732	13.962794020410257	15.163654937890877	13.561334167686352	14.981923292220353	13.956286017534635	15.214778056636595	13.960296348867729
AN005452|SM(d35:0)	17.269637774556315	14.971026885645996	17.252395358305975	14.223716964496445	17.395345603425394	15.23804924555982	17.585465260275303	14.223134805870624	17.356189463455287	13.482769089250572	17.241952848935387	14.14933282410567	17.346488101184942	12.0514035878645
AN005452|SM(d35:1)	18.910151886621822	18.430992067259627	19.53663062041498	18.43749170056473	19.58917284663679	18.98037173381218	19.98119122370308	18.325003269429512	20.022551686325716	18.077591976093515	19.88026645741438	18.70338989563758	19.832751067991605	18.101674519185902
AN005452|SM(d35:2)	11.692979808403955	11.472543651270888	12.185176364878627	12.06120028246734	12.094053361980807	11.977181852409862	13.491048743683807	12.472880665090704	14.323882358912263	12.370041128984496	13.741907921934787	12.68739270155782	13.802152048371134	12.397932334551124
AN005452|SM(d37:1)	16.661015563111967	15.380578566720652	16.90759174714569	14.655960706753163	17.000837678952326	15.873057390451459	16.852415222866924	14.475585690020964	16.525162575465583	12.228698065724872	16.867721097218464	15.043648317482281	17.02177211548247	14.635212541926165
AN005452|SM(d43:2)	17.055691782086203	15.67135120863671	16.94478180155558	15.54107934464261	17.060339284576255	16.10668246909049	18.14005763537632	15.914666326959209	18.275409994251046	15.60865151050781	18.27753822638599	16.46936131390019	18.10425336009189	15.721008725560466
AN005452|SM(d43:3)	14.777394037194293	12.746751319462248	15.014873085944615	12.888518936146582	14.730360669182629	13.633063927200453	15.651051293399142	13.061448107921999	15.529283988764073	12.7136509563133	15.6704661607767	13.23890845142813	15.66506725630917	12.549033435505969
AN005453|AcCa(2:0)	15.571965577149077	14.883944365422437	15.773916640865194	15.412625563375768	14.557048309758258	14.762314226882998	17.086062802110987	17.881318166911992	17.40951066662871	17.459710035498258	16.47429867116605	17.44515878289266	16.59478856622361	17.341215879680746
AN005453|AcCa(21:3)	16.277556406226072	15.78630660879957	14.940122901913421	14.547033268871914	14.586079018022815	14.058304622856985	13.381942173046019	13.223152759355676	12.890862442568286	13.518564535028707	13.271506460291667	13.192290176241329	13.292035660587358	13.100368984202605
AN005453|AcCa(4:0)	12.967527484550033	14.47633676417842	14.90077647407464	15.690611605907625	12.939651989170565	14.34997722505762	14.246501619247255	16.274180795877346	14.3304740381313	15.963324086205565	13.87148441128276	16.08893745709899	13.927895075204342	15.812764288549436
AN005453|Cer(d16:0_28:1)	11.590809024028431	8.683254118158201	10.668613791703649	9.57728328333853	12.391521330745794	8.782177290367352	12.69384944820179	10.417027125150893	12.348412268949012	7.493680684981563	12.599310278696876	11.359371510706803	12.013704247574163	9.081685180322053
AN005453|Cer(d18:1_14:0)	13.64597278923685	13.29130766715191	13.927325406636568	13.976260854681057	14.737445496261103	14.405878215204462	13.632195387150169	13.330733296091795	12.986006914956777	13.616673839759914	13.53491740417086	13.406286502891357	13.354842739106495	13.473678398172611
AN005453|Cer(d18:1_22:0)	13.68776707336327	13.41816013488917	13.687634375505203	14.344079395250185	13.954073223210173	14.834568672755879	13.901885172898067	14.20854716871744	13.80639542750866	14.495671526930517	14.093130908322031	13.921397566456031	13.647920428615409	14.654544357526774
AN005453|Cer(d18:1_22:1)	12.511614016964232	11.062203905585875	13.174697718848009	11.417461655348847	13.3797745914174	12.29962909691753	13.343661360992414	12.729407578668676	13.329855179295658	12.778481085496615	13.530539783912877	13.120721990916932	13.153189390441662	12.935286534947986
AN005453|Cer(d18:1_24:0)	14.949985038421554	14.682916223183136	14.563580560214874	14.804579952215624	14.765852468417387	15.401286858013185	14.523856087300201	15.340169752650198	14.443696031845382	14.933721531145919	14.946349775499945	15.432682911805855	14.486265501502634	15.320080930801568
AN005453|Cer(d18:2_24:1)	13.757806815020956	11.774243404676497	13.842258881087226	13.479573369248959	14.074843005825981	13.718102714925893	14.099713767584888	13.477336982613359	14.240797157020507	13.253926984731828	14.14631072287937	13.549932458255197	13.763835214590117	13.366621098485064
AN005453|Cer(d20:1_24:1)	13.462468114536597	13.177998530744121	13.150324790446904	12.910268318003276	13.112262361052657	12.967204649035684	12.583053563833474	12.075426459580818	12.523033166079957	12.337704584557246	12.394645241322221	12.475042734984044	12.353705598035454	12.118037538698529
AN005453|ChE(16:1)	8.28832358371888	7.762499531122191	6.952058068120249	6.562338521884217	6.629754474562223	7.577087885219288	5.504569068466246	12.580020276639905	6.322675401102484	13.43856359703311	5.414683969185812	11.958082515370004	5.311738109103191	13.003901909392518
AN005453|ChE(18:1)	8.28832358371888	9.506653951058397	6.952058068120249	10.00011416810464	6.629754474562223	11.371581335579995	10.387686590401712	16.17558804123945	12.116427513322273	16.569407934884882	10.87851153476245	16.028797473187648	11.259436402504614	16.71440568484999
AN005453|ChE(18:2)	8.28832358371888	9.935616389465784	7.874652035564703	8.440870207976102	6.629754474562223	11.557027128139717	10.489017798153531	16.657179874892467	12.479923733389226	17.129317400906093	10.858206389053146	15.632693414014978	10.985364135018232	16.751159443677043
AN005453|ChE(18:3)	8.28832358371888	8.348401536949304	6.952058068120249	7.070727470341947	7.192346933694327	10.71454604620026	10.11409933308252	14.965129085759358	11.437147215758742	15.957656270603891	10.3936151424127	13.689580151808975	10.98166273915149	15.076477566168677
AN005453|ChE(20:1)	8.28832358371888	7.762499531122191	6.952058068120249	8.026831823187187	6.629754474562223	8.772642394232667	9.189534906465147	14.326588006860995	11.107928483890426	14.504021107459941	9.56567104216132	14.315085576883606	9.901487933022539	14.490038130931476
AN005453|ChE(20:3)	8.28832358371888	10.296250323562205	7.802489575050245	11.229148600902255	9.84652516209457	13.179258412152764	12.708676027044993	17.43250800862563	13.638386545224535	17.604750393932907	12.63084492312339	16.712716288895013	12.991707762162264	17.52752803133323
AN005453|ChE(20:4)	8.28832358371888	10.87352720808108	8.339498736525917	11.246977290210909	10.648904502578445	13.803488904121423	12.229223920676537	16.750269710472804	13.308771729337934	16.989219171653342	12.297869813360629	15.839842529462336	13.01696265742199	16.872469543446158
AN005453|ChE(20:5)	8.28832358371888	9.350538648523823	7.512226201837703	8.850314766636584	7.9604170774271195	11.979221645311448	10.410202132795632	14.42814405775023	11.656907495709438	14.901932628577434	10.48550755278944	13.637002785575815	11.457141108030685	14.526521221113846
AN005453|ChE(22:1)	8.28832358371888	7.762499531122191	6.952058068120249	6.562338521884217	6.629754474562223	8.444983505981531	7.901567593663134	13.08189990889611	10.045780936900162	12.850740747330596	8.59710527753309	12.713319431587797	8.92402992375139	12.88863865961329
AN005453|ChE(22:3)	7.853310662594866	11.786974605668206	7.418065384847317	12.127350690073575	9.385196179743774	13.597415212039449	13.494804302432067	17.761667033822928	14.272770552638638	17.193501757322178	13.299450067871048	17.1971735362947	13.884358576760214	17.289364829000338
AN005453|ChE(22:4)	8.97041741812285	12.271316761882723	9.504985722485008	12.713910250197133	11.196945817390265	13.102323030577892	13.435760991230845	17.803813338023765	14.126927323093897	17.445481553269673	13.027712911928814	16.89967614949524	13.589762211295316	17.464734666047487
AN005453|ChE(22:5)	9.503713709595502	12.771999010188303	9.525918632211175	12.900941388655822	12.061190802049131	15.627158665729622	13.198210152125187	17.329634686807847	14.364640570949383	17.040853572212598	13.24319189355667	16.503519275657833	13.507719230707314	17.084976219230132
AN005453|ChE(22:6)	9.122433784290882	12.58592682897821	9.551147084594776	13.304898691884768	12.430588814918373	16.20298201622775	12.416694158529216	16.689479915019643	12.95744504982236	15.98293741106609	12.16923239399639	16.067034442301463	12.86038569150358	16.55397676047592
AN005453|ChE(24:1)	8.28832358371888	7.762499531122191	6.952058068120249	8.664450268107577	6.629754474562223	9.551161368183992	7.2627404388225365	12.896890590581942	8.846296473764015	12.403119352547428	7.013131697618946	12.23939155524135	7.104707045074986	12.212844970758775
AN005453|ChE(24:2)	8.28832358371888	10.217629579576103	6.952058068120249	11.306877651301713	6.629754474562223	11.93024899520752	11.063899148586883	13.460445228104197	12.210518164885082	15.18819323451538	10.647296544774788	14.993642830264491	11.310149503445897	15.16795634746905
AN005453|ChE(24:3)	8.28832358371888	11.221659720613578	6.952058068120249	11.854220897267089	7.357911386775588	12.850526377594251	11.140691158834253	15.963944763432329	11.826132164533918	15.502076349652514	10.784460993357639	14.986707973463709	11.320817562891998	15.286855413560469
AN005453|ChE(24:4)	8.28832358371888	12.162394772992359	7.686228653523618	12.798557032173923	9.720318108537688	14.063711641266105	12.102472252138176	16.355020082576193	12.73184493351584	13.558650862166289	11.546602580068468	15.92686380375868	11.940470352959863	14.110903704208352
AN005453|ChE(24:6)	8.821302528326386	12.775529922523328	9.234628741385487	14.276058883708208	11.655266356613764	16.12970235286383	11.400756091209535	16.171704858692415	12.027324593834985	15.366975456876672	11.389837923085741	13.640171645347051	11.932829915202298	16.09830938029769
AN005453|ChE(26:2)	8.28832358371888	9.767896808232873	6.952058068120249	10.79908908998957	6.629754474562223	11.45747567109965	10.340602347440216	14.100428520212175	10.674052932598974	13.609236477033432	10.052776096773423	13.61413731707573	9.994010689107908	13.61261074007873
AN005453|ChE(26:3)	8.28832358371888	10.158567082575017	6.952058068120249	11.497661601155729	7.029755163236179	11.641397976217528	10.18970855370423	14.328324485096216	10.712202491964574	13.836363427985708	9.538608566072055	13.456141086993272	9.654771912121616	13.647173875885548
AN005453|ChE(26:4)	8.28832358371888	12.276610704138774	8.875631056363481	13.319260453728264	9.678683790888146	13.574539996125685	11.693574497760117	15.373441938086506	11.88946684534862	14.186266974539668	10.84736290327965	14.868292039059185	11.300157040742635	14.73159739216976
AN005453|ChE(26:5)	8.809604076678987	13.12064576990521	9.98593642733958	14.7344952527677	11.369136146478795	15.978718041584633	10.204271683712664	15.240571866935133	10.442016061656197	14.128908780517392	9.304874943427393	14.099898421448858	9.848343622492596	14.41168953495715
AN005453|ChE(28:4)	8.28832358371888	9.884330360672374	7.38541311371317	11.541161511602766	7.718492387153032	11.392424391898965	9.491091694385622	12.888471432355756	9.187231163003702	11.712422113651284	8.715726685943237	12.290715648903323	9.236059219102152	12.310022088520325
AN005453|ChE(28:5)	8.28832358371888	12.671363062368203	10.607759649325791	14.531331630271445	11.427200698716712	14.949463482121269	8.530440465938097	12.76844247362982	8.554454463190785	11.680713285240365	7.792989702952984	12.059433201942765	6.351014110379018	12.235560267387733
AN005453|ChE(28:6)	8.28832358371888	12.615826008874977	10.488410229680474	14.497648893557288	10.318412878908928	14.38294437057089	5.504569068466246	12.20136909415148	6.1516624590437585	10.858194691003428	6.342740276019821	11.369590782562518	6.290739888373701	11.719510711694594
AN005453|ChE(28:7)	8.28832358371888	11.536111142659978	8.576153684279424	13.247459789143248	8.895134066844689	13.112274478617444	5.504569068466246	11.400889094626281	4.9656385693908005	10.102358087748955	5.414683969185812	10.654886086101856	6.347823709625529	10.967142217378793
AN005453|ChE(30:4)	8.28832358371888	8.327415031314827	6.952058068120249	10.256124306944734	6.629754474562223	9.798645063963853	9.014754365917343	12.047445747965421	9.648831272240756	11.624606332364072	8.723255365795891	11.92556565568347	8.946536061125263	12.056252275927188
AN005453|ChE(30:5)	8.28832358371888	11.275149426864445	9.084325055466584	12.646564333867204	10.061971668763716	13.310668189707824	9.1497703926973	12.632847677589167	9.339343807648829	12.316125946623655	9.059860046313231	12.19886518631265	9.66411089507581	12.463124249982515
AN005453|ChE(30:6)	8.890362849064088	12.345057374582728	11.161003198068316	13.93474667317538	10.866068273153957	14.33266908172334	8.90402444095056	13.052759195540633	9.486166758356882	12.200435083864017	8.9462885638871	12.57103445615691	9.288434314253868	12.651987672262967
AN005453|ChE(30:8)	8.28832358371888	11.236129712989806	9.907413605024162	13.847520797502147	8.682138494787079	13.25537775812983	5.504569068466246	10.608884492091818	4.9656385693908005	8.969034683390765	6.067223131846309	10.070348280369217	5.311738109103191	9.262043186707423
AN005453|cholesterol	15.364578734128408	17.067321883159725	15.133260815264826	18.016225305469778	14.684764713066729	19.296237104214857	17.256978677220204	21.91199397552082	18.07543778547416	21.951967216742702	17.130600465688627	21.464929058945064	17.482159939265248	22.138763840125264
AN005453|CL(68:4)	11.852112165817568	11.182682643705121	12.384344699687661	12.165109517486906	12.930281890755028	12.804252383402464	12.929909905475526	13.23070858974989	13.144283871129465	13.422755129069541	12.822465083816311	12.971375346598697	13.130525276598995	13.577727172467393
AN005453|CL(70:4)	12.93110910384909	11.598414424545814	13.547714345075788	13.099464963190089	13.748212517706186	13.467295867541871	13.415135381278276	12.974149633988285	13.138143838084046	13.248908857106246	13.416179098992295	13.367107505036868	13.010222155382932	13.164468767445479
AN005453|CL(70:5)	12.079160778039054	10.983347888050174	11.217504530371038	12.507015423400452	13.179247841426893	12.954557132615093	11.932148685488306	11.60958296286865	11.51838384481539	11.786804506507039	11.886569487184909	11.618036484234807	11.810785530635073	11.428020026914512
AN005453|CL(72:4)	11.81429113053997	11.561767479944264	12.5818799282849	12.453103744561503	12.59512444841594	12.405200489249752	12.540847422223825	12.21989025369615	11.664084351463629	11.376551050283775	12.444017389530842	12.308445446162622	12.350028754844393	11.611572781642392
AN005453|Co(Q10)	15.176531842570062	14.556450017034665	15.542896176519518	16.055271140309628	15.29375952474688	15.837317344752293	15.454549012473043	15.997244233021908	15.591638128172505	16.130484522614726	15.611188573825785	16.16784943318097	15.62168042174782	16.06710339896532
AN005453|Co(Q9)	8.942065645050233	10.285908407884625	11.99466924183759	11.410165365703177	10.184780674405502	7.532365170145451	12.221608596480971	11.030626673663471	11.502032163131815	10.37287408043934	12.369096648948684	10.74186453204024	12.143770749298241	10.721371455640094
AN005453|DG(14:0_16:0)	13.789097149044961	13.37078479752959	12.845350926606983	13.777282700728952	13.126304192448393	13.251090677959608	12.10642316511345	13.166274165564948	12.65130407301222	13.773087658777586	12.611576062051583	13.80320106352321	12.792265422165826	13.618003105861527
AN005453|DG(16:0_16:0)	15.646106724962854	15.001340254639176	14.943445424541181	15.580639655991034	14.987910626487533	14.901320802036693	12.336269780604654	14.727859672228123	14.647962216054955	15.2692844474128	14.640829967387758	15.523154882772557	12.515544661712402	15.167603785213075
AN005453|DG(16:0_16:1)	14.697345661000698	14.100493353403522	14.581697073860733	15.051386066703081	14.775563531598964	14.791397723862808	14.687634526480673	15.133692900871615	15.210539607211004	15.377780935092986	15.052277658267636	15.474645645331686	15.2157742639898	15.154416953310546
AN005453|DG(16:0_18:0)	17.198040052047116	16.385571366161354	15.975839711905024	16.208181730903927	15.87694027691886	15.697942014219151	14.971422821978548	15.101961998732621	15.752826140131342	15.590651336457888	15.827772094911486	16.147970827507923	15.877340770907685	15.898554595871952
AN005453|DG(16:0_18:1)	16.78462802728065	15.28626897308024	16.900181402181122	16.672239780352395	16.792635657686407	16.1695868097044	17.473830180492374	16.848813666928702	17.421521446732907	16.59240712760476	17.58833459256579	17.17931871204569	17.74108426928927	16.686163132512803
AN005453|DG(16:0_20:1)	16.117523138158642	14.729000201908798	15.607996686253179	15.266002351208769	15.205724487480474	14.478484317901916	15.771096431724361	14.756774188804728	16.233562220938573	14.509534616421675	16.32564752979665	15.459512728517447	16.30777924602866	14.714610659928463
AN005453|DG(16:0_22:3)	15.784042521246633	14.05004830166896	15.576408114430713	15.254563675171505	15.188115664328699	14.436608855417768	16.30221209638694	15.100495303910705	16.917729543135803	14.20970226800795	16.752220264174056	15.246889690173775	16.657673061753957	15.018136270007526
AN005453|DG(16:0_22:5)	15.262214996193594	12.955490877273041	14.985169652927729	14.756324481304425	15.499291101401013	15.055647791035675	13.37503926116475	12.265447380240872	13.777763483311096	12.343590048806243	13.892739109091146	12.373112427663791	13.446322779148325	12.215630830778695
AN005453|DG(16:0_26:2)	11.404561419718107	9.050191280872243	12.299997962612707	13.047518736392094	11.508190455871647	11.759697678472802	12.11476639194632	10.848390856319545	12.211849287638382	9.904277876253417	12.197302914745691	11.492443669962705	11.995686925879555	10.329312858427306
AN005453|DG(16:0_26:4)	12.464252510814932	10.687809144825152	12.610956866581233	12.047961928715354	11.991171531275773	10.911730975693724	13.417054081734584	10.215207777764485	13.344424051799832	9.21293503667931	13.250571923793961	10.586074008979834	13.443415231178037	9.626159400987554
AN005453|DG(16:1_18:1)	15.37490735609295	14.11341910028821	15.064811698077717	15.129480247247825	15.368128735121095	14.94389116512365	15.626486920449594	15.436566500466663	16.106266041179197	15.402604114396631	15.988244350041171	15.590173471138769	15.964328975841944	15.179348871136241
AN005453|DG(18:0_18:0)	15.910954989723765	14.684411544592336	13.984465379385794	13.778931660220799	13.773209846349312	13.4520097361389	12.733508660629502	12.46975095664366	12.05889754968168	13.003295415100688	12.741755839728897	12.681020484847638	12.581034038866825	12.481667233041252
AN005453|DG(18:0_20:4)	16.615622023344677	14.563456776407989	16.30858357419849	16.11613960210788	16.564118177594775	16.019524123449383	15.721323488417198	14.589835884993718	16.10125294020329	14.409408840331716	16.05622547028388	14.614855899937815	15.966739052780712	14.48029069252692
AN005453|DG(18:0_22:3)	14.125799292231598	12.461384933873523	13.713879525621815	13.212477275881191	13.234511093149814	12.465512376128986	14.740402646235543	12.755107946726653	14.939287157545373	12.196972243037536	15.058347375992218	13.50131919161	15.041628387796779	12.4259217223249
AN005453|DG(18:1_18:1)	16.119178704653862	14.474560051453677	15.651109118444277	15.246978499282788	15.633874413941001	14.70428821939898	16.592690818165497	15.635705933654952	17.04141655666567	15.200229894750715	16.978029732464666	15.807915853308677	17.104122716083207	15.565170115871583
AN005453|DG(18:1_18:2)	15.05979128177801	13.56371442403974	14.657161415906087	14.302416657721828	14.760145948107713	14.000042374568329	15.408451588950934	14.353532775525801	15.718729187059514	13.99543052851803	15.6606800047892	14.274025953762234	15.676329776160491	14.114662865915614
AN005453|DG(18:1_20:1)	14.660150007464738	13.740311916336756	14.362560607756444	14.023997152112564	11.660781736652625	12.668072979936953	15.017622289075588	13.702473564170816	15.261455014436521	13.304328594220246	15.435743375149201	14.457575438668316	15.33430730583047	13.44854412545453
AN005453|DG(18:1_22:3)	15.319416804818168	13.065423401770063	14.830329911063435	14.23539854012572	15.147560195278885	14.278216470633867	15.448294181188066	13.249706454433719	16.017207204804375	12.651866445433804	15.901659790865835	13.636413284682504	15.87858411200844	12.931038067176383
AN005453|DG(18:1_22:4)	15.124984913337935	12.220951466627477	14.885399468646606	14.232283965954059	15.213446525491532	14.407292865267033	14.367700524739702	12.415585351678478	14.72763795744816	11.972164533095368	14.656508637773017	12.40295907385429	14.442845588884483	12.306803574696502
AN005453|DG(18:1_24:2)	11.042212970023646	9.93741494315745	11.90523594969556	11.49639277190797	11.275317414202775	9.296990491760985	12.50870577631026	10.38161754328807	12.373339652364026	8.952346321530548	12.50433878794468	10.49840507801583	12.448436107708558	9.290502714632405
AN005453|DG(18:1_26:2)	10.973561313843136	9.627874178091687	10.870836847486087	10.377135060292742	10.212978645750319	9.120989399008268	11.234530325479563	9.170420242911122	11.359341652510997	6.505788634864071	11.424951488939563	9.621972455554607	11.118924462389165	7.991326155739081
AN005453|DG(20:2_22:3)	13.444624274461887	10.888338449488595	13.764076758962418	13.18564215108625	13.773893391138069	12.549558359849094	13.496930193700713	10.297746490389324	13.618976871402795	9.436012921740705	13.380673306511616	10.549417348442121	13.517128347153859	9.989951933970618
AN005453|DG(34:3)	12.926192732180475	10.714931040621124	12.401072062643722	11.977826492512927	12.716375434497605	12.228366080479766	12.627465712670272	12.33977860981562	13.625024318876976	12.321739536480251	13.424107621433066	12.493016588922154	13.247077970551523	12.124799649550019
AN005453|DG(O-15:1_20:1)	15.02249519364628	14.229419270653244	13.22482880417327	14.484665944241064	12.76961925686696	10.597591209800635	9.824231369291216	9.416807453463003	9.617080821356767	12.657843002918243	8.424095150172636	10.937027531519517	11.304367142126068	11.257071762654647
AN005453|DG(O-15:1_22:1)	16.390710417088616	14.969079777190379	13.571140241500041	14.907287235138336	13.416322341633704	11.564435466206382	9.116915022306527	10.324562439117605	7.0268761427484	11.42196795578951	7.049554477721724	5.408607561366982	7.330510011739373	9.046361312981306
AN005453|DG(O-17:1_17:2)	15.180496242459428	14.410448008043039	15.36383737249676	14.794507689707801	14.73854871675446	14.440168091868443	17.108834662917946	16.170736188926444	17.101072357471804	15.960893376598749	17.101911326877847	16.225455711594027	17.491983563101634	16.32172173666159
AN005453|DG(O-17:1_22:1)	15.410541503010228	14.530294370495398	13.619593551948498	14.981165274650872	12.978581463350366	12.108693087996295	11.776467216959055	12.370686981106834	11.786922445043892	12.796227732089706	10.271071120416671	11.666922365257696	11.941022168704649	11.502325241016985
AN005453|DG(O-6:0_21:5)	17.1210756667564	15.143083839018468	15.872013542255049	15.515634386170744	15.423064625695119	15.068062601134892	14.294746815494625	14.153053256743286	13.709403597220529	14.429149845100122	14.24712377118687	14.093244121418829	14.113693053865875	14.047383886923468
AN005453|DG(P-12:1_22:0)	16.10411354844541	15.186624926898219	14.409260623022925	14.402920092566228	14.5104141908727	12.49276619858127	13.694999937918482	13.428254934622105	14.094774545546356	13.80182503891824	13.771980650288809	13.99265308470009	13.809329807322607	13.86473481775085
AN005453|Hex1Cer(d18:1_16:0)	16.42699377363456	14.166337669235856	16.9954136045652	16.042257366340724	17.0689612354755	16.25222016572417	16.506102795268063	16.42751914016097	16.218438661386216	16.560818102850572	16.736957828788068	14.44111933119583	16.34882551410791	16.29265123972345
AN005453|Hex1Cer(d18:1_18:0)	15.8207275101491	14.561079752005014	15.789670291744633	13.87774927878946	16.268669487370406	14.489953119894317	14.666099240792727	14.113019014589097	14.035983906710035	14.293310156783193	14.840637496062696	14.385554659577659	14.737085957280483	14.07987620327255
AN005453|Hex1Cer(d18:1_24:1)	15.55064248979248	14.675644211516735	15.552857374588674	15.014308658018104	15.787575271632456	15.673155894472805	15.943394695603333	16.40494823625726	15.771188532719215	16.335026666984266	16.002044995156478	16.62138943642897	15.458091289265836	16.05116952570825
AN005453|Hex2Cer(d18:1_16:0)	16.202924105301207	15.178216426672144	17.047436605248983	16.50314127494032	17.005392016353138	16.4320182280574	16.937942443871037	14.681589048957045	16.842973885283186	16.376216692051244	17.181722274664804	16.765533508308312	17.040006035461975	16.452006189160997
AN005453|Hex2Cer(d18:1_18:0)	13.039525334432133	10.717290046183232	14.911415078957058	10.892783981238212	15.332240022940075	9.676568775179298	14.5409159691095	13.029405961348639	14.223192514079836	12.239090954495046	14.849596423984897	13.722876524662484	14.651298772026328	12.631703927268745
AN005453|Hex2Cer(d18:1_24:1)	13.60358571843067	11.099926589444435	15.269665382271242	13.723696760570819	14.77098698247836	13.7728442460498	15.441106994187594	14.685362195144151	15.411323698652346	14.544984404985778	15.80987634461483	15.359833024680144	15.37664450913345	14.715130945431405
AN005453|LPC(16:0)	13.600245008054594	13.768399089276647	14.428453618122612	14.355923947515313	14.090694475957223	14.77572035207317	13.985806208394074	13.968141310751605	13.629169946674045	13.716713798246962	13.566940208363297	14.217045930073354	13.437805071605048	13.82930393257906
AN005453|LPC(16:1)	9.413114188108304	10.663009321079173	11.439683875596778	11.826162375895372	11.69115298903427	12.706365919831027	12.178636121394604	12.92852384448655	12.04883282676115	13.719941656262051	11.785531664675636	12.734759644073781	11.780798078999496	13.367077803343205
AN005453|LPC(18:0)	11.42583386155822	13.14183533571426	12.594565213514421	13.512349550033102	12.272512945253078	13.382930321671987	11.614848925113797	13.042628459677305	11.507307899666607	13.195790601612027	12.052654601678169	13.035102529433795	11.61508172902912	13.053976456759512
AN005453|LPC(18:1)	13.946719256309661	14.08575737357733	14.844868630431222	14.985687547623982	14.809451391713074	15.392320965561462	14.751474985705025	15.41390070614969	14.320163321556626	15.582373125256458	14.555738847278318	15.409386794090336	14.409019776101253	15.623664429749041
AN005453|LPC(20:1)	9.78737061448598	9.995132791022392	10.7720167529028	11.38423165845694	9.880310713131117	10.308913040216124	11.210210691575432	11.588987635879072	10.967572848860959	11.453505599350764	11.10691083374337	11.78346138220756	10.774272407574577	11.38722233169105
AN005453|LPC(26:0)	10.064295176802169	11.689965184505539	11.841741703618185	12.307908868270296	13.289448758682544	13.731253448868166	11.61270854638685	12.171343457255647	11.855633545651308	12.290715969524504	11.85783213356717	12.214897069171485	11.718766988716446	12.208291140605809
AN005453|LPC(28:0)	12.402326648833899	12.137530456733982	12.51188050642501	13.243566654863926	13.216273495393201	13.849285360048205	11.775003321588514	12.891565304509518	12.071089537237254	13.45182506705138	11.950746477168233	12.48875976446206	11.727052738760873	13.102071790626619
AN005453|LPC(30:0)	13.522208956924196	13.949021288024133	15.20742021114143	16.59077367255861	14.700353576022925	15.77256126600946	14.45802840421697	16.837745555933974	15.096699585595756	17.47830459507939	14.863201212283306	16.99951781659288	14.773827617101198	17.46465906667218
AN005453|LPE(20:3)	10.653450925780051	9.26754171414382	11.634653770142657	10.337421324161115	10.601367447174256	10.47550494869649	11.614217598308171	11.52174868589467	10.84992343254123	11.287006868934535	11.010096928584261	11.742952167598224	10.712600304348195	11.49600473867536
AN005453|LPE(20:4)	10.43197500751412	11.594620566534608	14.071197177439148	10.319091679538825	13.818324345530597	13.70530743313636	12.101645931037368	10.819678697707156	10.994924662489368	11.044767963099522	11.510068436893134	11.746554172869537	10.94238022734307	10.960380578660596
AN005453|LPE(22:4)	14.874584105336895	12.755337189326717	15.189863557043532	13.621313270442036	15.021414991951247	14.50656046712138	13.183366262603409	11.5253998086031	12.08997536576993	10.734051153667039	12.449873609045644	11.668343973815157	11.971809927789353	10.981452857260058
AN005453|LPE(24:5)	12.503167534885096	11.129611509277202	13.482422833528418	12.18289637016418	12.753349930909883	12.204404122971278	9.09899702709829	5.910832106872632	6.800774136573204	5.570756473717894	8.339754752042662	5.761516266110899	7.456722681065514	5.192899968014454
AN005453|MG(21:5)	17.018953743608808	17.083609355935124	15.576288345428424	15.363592580466028	15.374495115562773	14.908313144674059	14.65947019648285	14.175640939380997	13.246970114287649	14.151675281822085	14.07356694531056	13.65508126173907	13.688141139462443	13.831829241390828
AN005453|MG(O-24:6)	13.385564618278766	14.162175429563531	12.71946520633096	13.003712096994045	11.418068097747456	11.427577172777417	11.01583076121397	12.888989089049835	11.172870836415186	13.512419970330443	10.471990092257355	12.070000528290677	10.739209741318206	12.60984108771026
AN005453|MG(P-24:6)	12.257868295938946	13.826111717592335	13.232001870434486	13.256233936412642	11.65824544288928	11.810882977547998	10.327616009655161	13.7529941402356	11.928771713343972	14.259520883013913	10.871295098410249	12.419246103944262	10.589475346432641	13.335557636813013
AN005453|PA(22:5_18:0)	20.15223629345081	19.153782820787182	19.676681011167616	19.625060819819506	20.171343435807767	20.268440423835234	18.94591299960212	19.629791519645966	18.940432917299066	19.70793341914528	19.05606727712711	19.53780382824397	18.983945294961412	19.64565439501759
AN005453|PA(O-18:2_16:0)	15.910303545452052	16.17366800857053	17.34054667752298	17.931130667697506	16.87112985275468	17.279098964186005	15.824066088658425	16.35836935894613	15.91438035315179	15.963152254958283	16.057410799762874	16.614231547192592	15.871689446644998	15.838009267089916
AN005453|PA(O-18:2_16:1)	14.51736570066862	14.164813477609819	15.46974026515712	15.92469324754658	15.080025212923687	15.243771362039995	14.884269518666429	15.748673793032358	15.03697994670499	16.291292485143586	14.932482704149342	15.690238093994026	14.930182377205758	15.791425630112862
AN005453|PA(O-18:2_20:5)	14.127691631757003	11.786636603023027	13.756174125303803	14.303626613506824	14.120517714846768	14.586644666245709	13.006332143917703	14.382328268432188	13.307322657307425	15.05031833329312	13.182214513317177	14.250969085467785	12.947379392555696	12.13208357854739
AN005453|PA(O-18:2_22:6)	17.37094482651016	16.93133514351237	16.774851687517327	17.217206506325738	17.155031050447466	17.43199259460999	14.816025770498717	14.948862634236036	14.957105318250825	15.636234564148822	14.983513753862406	15.190215024464761	15.146248599682417	15.216622585325796
AN005453|PA(O-20:2_16:0)	16.583417572028626	17.252180694777838	17.833919718902226	18.260873381338467	17.03429002221647	17.755776675483744	16.86515412784144	17.263472010744167	16.703545487602536	16.62635683176359	17.096766635627223	17.4496632713797	16.65600836279475	16.813491278873446
AN005453|PA(O-20:2_18:1)	17.175246618220317	16.888192446502156	17.819465094765395	18.236437265806774	17.02205370011905	17.301519544687512	17.3841569293245	18.46747290693069	17.36745277383378	18.778082558461147	17.67998473795298	18.854415635641455	17.251997174379557	18.38686890190724
AN005453|PA(O-20:3_16:1)	16.08396787352734	15.117215561717549	16.439086305421014	16.600041076041535	16.184343026500272	16.12106454494904	15.714245643587864	16.201534860237068	15.866839711998457	16.83563946662201	15.786610888746445	16.19309990562566	15.806901556388965	16.43058440398
AN005453|PA(P-12:1_16:0)	12.805622806618942	12.812606662186104	12.134981022534125	12.482183594131342	13.723721320167817	13.790176488717393	10.84717362872131	11.459584987326231	11.468071155603914	11.641175719491011	11.052693592715741	11.694761409178456	11.093774759377132	11.346322876292364
AN005453|PC(15:1_16:0)	21.097752499859197	19.880310716578048	21.402016421635626	20.81122913058123	21.03179291603216	20.708649165862806	20.766294705827985	19.876737439536143	20.574478331771616	19.6034087046394	20.663699353077906	20.145174770037084	20.686409573217976	19.61884476348388
AN005453|PC(17:2_18:0)	18.44956370562049	17.22271194766654	18.687076245888957	18.335651354914773	17.921288428331444	17.44076730272226	18.79227285149859	18.49679994574261	18.676229494256077	18.07945361717288	18.93138057669122	18.859910272013533	18.684260011242085	17.804584663501263
AN005453|PC(17:2_18:1)	19.381110318847572	18.225683189245352	19.196049812060508	18.850404238210118	18.992178717661535	18.69626935682957	19.586073530010434	19.77919897764476	19.666692824454902	19.640651693882248	19.679261715642184	19.796280935961324	19.615263897386257	19.682679038266226
AN005453|PC(17:3_16:1)	17.342059487787747	16.633712426057212	16.624484335671593	16.89297809336136	16.9896179257184	17.643308864091992	15.72960284048417	16.78735032404236	15.902872221142546	17.007065381864695	15.86666848004712	16.510520398487355	15.966870148228843	17.0098903985878
AN005453|PC(17:3_18:1)	20.170730354033306	19.189830296975263	19.692586357815802	19.62303638972557	20.188230456478745	20.246594030820244	18.971426196038937	19.648301914230785	18.91626254006731	19.702497817513574	19.073998044738076	19.54835915776611	18.979980459482533	19.635470591917294
AN005453|PC(17:3_22:1)	16.0096402186182	14.67903919441639	16.216903376756704	15.683058641393735	15.692078577299581	15.076841527960601	17.43923047084324	15.87972482894556	17.18471247308219	15.032498027121946	17.318304317246767	16.09338661396575	11.99972607836645	15.254968631985099
AN005453|PC(19:2_18:1)	18.254681462470195	17.31553481818381	18.059937504792575	17.642882390786585	17.838269444732877	17.395214210132966	19.350641687362643	18.608564733417328	19.190684013651488	18.119808353776893	19.479795971647665	18.710631200630022	19.38212038767541	18.2883398280362
AN005453|PC(19:4_18:1)	20.582962085274296	18.96550134828676	19.91368435699246	19.492163826239207	20.497457803686128	19.941477015760007	19.511671589012384	18.864014382018016	19.206031108457157	18.4818870105277	19.3747871503586	18.683154975163426	19.322331783281737	18.49742147381941
AN005453|PC(19:4_21:3)	17.812265884848646	16.89483319385133	17.607358326774996	18.03316294133748	18.634316184396962	18.946943650500764	16.699488977363814	16.3810537232435	16.399628549795057	15.9304202800554	16.67259803234555	16.290653814204603	16.570563507871423	16.341378666078377
AN005453|PC(26:0)	8.28832358371888	8.76138253629793	7.839056461286731	10.413128078148647	7.370910515333615	9.875195091571696	7.8557852858430435	12.286255511388617	9.22723720511076	12.724779286744623	8.609608549106275	12.160486821971707	8.564943411306627	12.611173071110372
AN005453|PC(28:0)	13.64885501964244	14.119905754091613	15.024490656144303	16.704217007042164	14.486271208289773	16.04996148649474	15.196014568275787	18.563969638097188	15.999377587673502	19.0673980080399	15.473221480631608	18.462739116512665	15.653873758931494	19.22096675881851
AN005453|PC(28:1)	8.28832358371888	9.677793655371564	10.352287324711275	11.710505773009736	9.93621173477734	11.409587366340693	10.370441943814171	13.998559015319595	11.499744658049055	14.734152618975875	10.78923272361755	13.734916627728	11.092817212570168	14.504890540021904
AN005453|PC(29:0)	15.640991717321356	16.059520626302636	17.1198803610357	16.781604974491845	16.884675499729365	16.523758395339016	16.2964808824505	15.763755926909331	16.6026687390257	15.678751811942206	16.39384135058994	15.93560540917695	16.298738164945505	15.766183179973673
AN005453|PC(30:0)	19.54338368132883	20.59270787776325	20.638317909749897	21.63318466747748	20.549787206170105	21.804068888155495	21.263256161749162	22.10812774093893	20.966154232835915	21.994121527963042	21.013115151415885	22.188797405839484	21.117011387175975	21.965488819551908
AN005453|PC(30:1)	16.11341344923368	16.03581031109999	16.6406583413377	17.77644887806039	16.48983885641773	17.658016343752816	17.19620323039779	19.901691398448122	17.995586063850396	20.533590808718078	17.37744735041278	19.60437917148329	17.68336844682641	20.525376089014397
AN005453|PC(30:2)	12.404637131380307	11.648133304191504	11.701727169886013	12.845428561341686	12.415703692146101	13.321446268786977	13.191949707580214	14.960855682817916	13.776285133614115	15.721897455496729	13.319742400686911	14.226903316889748	13.462626776245791	15.44807289298461
AN005453|PC(30:3)	8.28832358371888	9.954838253557558	10.511249685745325	12.150736557995549	9.591527604153102	11.488799728496993	10.616992921821916	13.738805539418117	11.248731620370299	14.246324144630181	11.04755447494091	13.5389719408878	11.118759697917675	14.24507707183684
AN005453|PC(31:0)	18.578061104680867	17.240232286125075	19.054114470828555	18.52945679566351	18.79888272478726	18.270148414133363	18.233699571893723	17.205812005084287	18.117670443769004	16.723932570072872	18.376494866672303	17.486839374998635	18.313597770254873	17.057847777638724
AN005453|PC(31:3)	14.444553973875054	13.580821481739124	14.635580521812429	14.595098175248948	14.398648498706203	14.824376617092552	14.512003658097825	15.118726124887216	14.816842534363545	15.51723520284253	14.442471316465715	14.85284409497003	14.647249159593441	15.396284114084677
AN005453|PC(32:1)	21.301411982285543	21.087793074010516	21.618276767062024	22.46311701838199	21.86485747129666	22.64430772572182	21.99742480443797	23.25757558936404	22.361488372416886	23.32439001479615	22.088979433626065	23.179753578293965	22.17764583529237	23.3259164674962
AN005453|PC(32:2)	17.524397249564633	17.16650452338381	17.297935795769003	18.030211247516032	17.91129948879556	18.516638233396517	18.100467712139046	19.98543693996969	18.991812893309078	20.6667599596426	18.38834970521377	19.700891778348236	18.5257377598854	20.441067597080984
AN005453|PC(32:3)	15.532648360317092	15.552438423133916	15.651001568089171	16.63577601319987	15.13628340606732	16.616959004637074	15.250750689237295	16.206133722793663	15.395101722712349	16.825677235794448	15.282134979450056	15.549519491240694	15.317913938828733	16.628157847550252
AN005453|PC(33:0)	14.83407230419663	14.819654165822477	14.979992377382048	15.269512022176471	15.124773499982474	14.88976736588703	15.067161442989823	14.936921652910906	15.432331159241789	15.076081249556006	15.101979369594034	14.755148672201065	15.128217611361018	15.006044922109504
AN005453|PC(33:2)	12.591127368896762	12.731840636579621	12.259641317484801	12.060281612880482	12.254283034250449	12.519757484372702	13.436311206960648	13.566684398595982	13.90159762133459	13.918036867794617	13.303501665681557	12.728673921062821	13.539413097380828	13.95410251879616
AN005453|PC(34:0)	20.843931544432497	20.955407079747527	21.235191179929345	21.48461942456748	21.41668334664688	21.654411980609126	20.651048092070557	20.659275637439162	20.535283503343695	20.05853775775121	20.658130663116992	20.891120701800734	20.561362171919505	20.397309150544448
AN005453|PC(34:3)	18.596511560834543	17.908488530143917	18.349717527231252	18.28736799563016	18.326108056115753	18.88767213204485	18.30674923811865	19.31868481769816	18.86434383186656	19.687259796335788	18.398353213567663	18.942366798917345	18.580127110887638	19.715610346512943
AN005453|PC(35:1)	16.697681906564462	16.087830103696813	17.018068155427674	16.99572039654424	16.392182811722453	16.234312030612273	17.29268605806238	16.928621419799825	17.390729036652058	16.697188158144186	17.3907773044449	16.97055496714918	17.239583014046612	16.709900524302927
AN005453|PC(35:2)	14.767486244707987	14.145824397798691	14.93919765487835	14.209292544807004	15.185766413491356	14.987683136164556	15.697243702657774	15.369645688171607	15.865219323093227	15.451772693501916	15.515162973227332	14.932538663375455	15.57864970138513	15.539546110562535
AN005453|PC(36:1)	21.846447395645452	21.180366643687833	22.385207779807462	22.415676001833663	21.976313191442156	22.01655208139054	22.202043998121606	22.00528346726225	22.087385753053592	21.72616974880248	22.265024855829186	22.33363576527766	22.039166623168853	21.792743956884994
AN005453|PC(36:2)	22.897480128928112	21.64571840933074	22.812971630088583	22.728359382308664	22.86391231179906	22.588983405119865	22.976358873955636	22.98909572053145	22.929447234979374	23.078743162781752	22.965385095893822	23.005974979944412	22.89195992817723	22.968370739432842
AN005453|PC(36:3)	21.022901933681464	19.941452711988898	20.825457437777604	21.154835848966982	21.04766543773971	21.36962747826117	21.269711365911572	21.1491393669171	21.427412572643817	21.487419981905806	21.23695351346858	21.166821296847115	21.445938751993385	21.523975381536115
AN005453|PC(36:4)	20.746742982973753	19.9937607968548	20.33519218476311	20.549855305264078	20.747497610819394	21.28975080787886	19.32747067465915	19.69720633673225	19.351908324722103	19.750481077504336	19.178609463775327	19.33920265997509	19.246762252635914	19.776259813671455
AN005453|PC(36:6)	14.204807448137382	10.984551067222794	14.588688781194511	14.662559324141379	14.752465988115935	14.612094556164996	13.686437499603697	13.902792596112633	13.682526286686022	14.305365058166311	13.447534022507611	13.18973458316171	13.807986026057259	14.441531144816357
AN005453|PC(37:2)	16.253953011302453	14.913496760717075	16.53998470926995	16.285920498858868	15.840660487383637	15.542197174171323	17.07275881822635	16.190581999677878	17.00862253253869	15.734794285365439	16.359331379781157	16.47906345886866	16.168268644768393	15.832461115996852
AN005453|PC(37:6)	19.755282486243818	18.369303504374844	18.918311107624714	18.51851925049959	19.58914057038986	19.26193055220701	17.734671718367096	17.375717886692996	17.425581185698018	17.18647017187961	17.64544111501173	17.298714635052747	17.5568980347979	17.274758412153975
AN005453|PC(38:1)	17.160758277065867	16.603313921416063	18.02984651844012	18.174575736152025	17.661113286524998	17.444373145815742	17.903818652519714	17.26044846829204	17.873986919073943	16.60471286904266	18.030332810776045	17.518507660005962	17.674324307471554	16.95157856396341
AN005453|PC(38:2)	20.042283138882528	18.953670398073616	20.516015058527472	20.31697688457003	20.010335744641807	19.694219443335843	20.80888359540037	20.431369133479492	20.788311521794277	20.19788546202761	20.996034200607486	20.735806878831117	20.643154892190843	20.261190192189243
AN005453|PC(38:3)	20.609719050126362	19.56240884417683	21.103299167340893	20.780997092311868	20.90415325053933	20.5455136805852	21.81402129809938	21.151256091236974	21.751671721233254	20.978008402473606	21.714061666929183	21.17791814366716	21.852885672006607	21.026954119735546
AN005453|PC(38:4)	20.908395191581363	19.70013445911881	21.136597497711204	20.956737795812234	21.57788388048053	21.25355970836533	20.796547010337495	20.3921908979073	20.65365883536014	20.512975626770473	20.724659073104107	20.154910985509666	20.620145105512563	20.42693225142484
AN005453|PC(38:5)	20.65171296082767	19.73199251953037	20.912098860989826	20.72824637272691	21.521121145339844	21.4714651791478	19.615311155109385	19.629554803443824	19.571771013131983	19.63011684921682	19.503857701491945	19.253135623997725	19.42875080341713	19.527622187880453
AN005453|PC(38:6)	18.278330170672238	17.881124211518394	19.475632025260087	19.781247519589893	19.880072170844965	20.30880385151107	18.119413430288272	17.23264745684834	17.70507177614819	14.460085542416564	18.177561879163537	17.418097330817844	17.929069488310333	16.986663639860094
AN005453|PC(38:7)	15.313924552908858	13.876227717417779	15.574757118255134	14.369008072441794	16.29854022393914	16.624239563118785	14.276772785058597	14.070612179240632	14.37261103835675	13.92518153613351	14.289913713314172	13.79655850100633	14.393770003969037	14.246859526735037
AN005453|PC(39:2)	12.860538034442143	12.240071142761726	13.660552637909747	13.870761072699693	12.828447241466371	12.748397771726971	13.29237915701357	12.052328599440202	13.222654238758333	10.786091644399363	13.208750417691114	12.586179168902367	12.948210354281557	11.079115923388136
AN005453|PC(39:3)	14.330353181355806	12.715341251930022	14.834292178632296	14.400570810359923	13.885773430334133	13.409035260772223	15.081579411457987	13.839984076971954	14.888026855273765	10.67764730122484	15.160429464236486	14.235873664691859	14.883231889118186	13.057617137799758
AN005453|PC(39:5)	17.856993376393564	16.28135620303657	18.0144187792198	17.399272023895413	17.905971600007557	17.480678014984907	17.856473011602684	16.442594306487923	17.709179602681946	15.549656864461975	17.697253472405915	16.288963549736525	17.66591013911088	15.75719300885
AN005453|PC(39:6)	18.586243028505404	16.913683729166703	18.45253651927285	18.004991417307355	18.564437417645895	17.92728198078945	17.464121256051527	16.275806839826583	17.249520659667795	15.785960546352653	17.264303209909837	16.161988453218733	17.348593403735148	15.85262565976708
AN005453|PC(39:7)	17.88223364968928	15.025557804354301	17.068568969665197	16.382568192887714	17.735343703231862	17.26482940989936	16.327678594944434	14.186303272588622	15.53071168668167	13.113192739961093	13.138206972126772	12.646018007913968	16.212338575214023	12.970748535455849
AN005453|PC(40:1)	14.394982104656696	14.91308179233589	15.507762469477578	16.51194916756523	14.691447891670203	15.555911631200798	14.308450045864404	14.547449142157694	14.5829917315495	13.56154159130375	14.32409698383522	14.569253475597302	13.70678041029501	13.951437718564312
AN005453|PC(40:2)	17.068844754763855	16.215887422616273	18.053845666904902	18.237334583477292	17.37540742671743	17.261412022258668	18.192706198265945	17.329006529510394	18.08313946939612	16.592996342510144	18.165235025705524	17.433420301996787	17.909453218398202	16.80630919195752
AN005453|PC(40:3)	18.127951789932457	17.14486149241505	18.62331555884241	18.40622612722916	18.276617613431693	17.880969030542037	19.473373940146157	18.964968700237865	19.452402065465396	18.614153131685075	19.536478727306843	19.013542303020426	19.239889809834878	18.85681961116265
AN005453|PC(40:4)	19.644231654162144	18.364928909802643	19.630301308355186	19.376356531726326	19.725267501128567	19.519595904215052	20.64275085377312	19.92726755578811	20.577293765853558	19.536990804971335	20.637108718788387	19.801286251324843	20.672082515835807	19.639625084363242
AN005453|PC(40:5)	20.211850757305417	18.840963190773934	20.459731070994774	20.234481760584426	20.946602743688477	20.508797847658418	19.43912678966981	18.710092493768126	19.285504774632855	18.626124906394214	19.32196797875676	18.543157808413355	19.22210994631647	18.71818249692812
AN005453|PC(40:6)	19.633917443784743	18.332617707307033	20.033022337820473	19.92192050960926	20.34087486809202	20.159022521467307	18.329302561327165	17.951526194064453	18.176935895016445	17.828015642825765	18.214756996846774	17.64678964456093	18.03694487557875	17.899252452927996
AN005453|PC(41:6)	14.940137669335185	12.457713308385395	15.469408605127384	15.052211059696083	15.139218271084317	14.527761430491054	14.995551404810874	13.160624180113814	14.727731960215857	11.955842220153292	14.911560645947285	13.077238139519466	14.74166969193368	12.516995655207928
AN005453|PC(42:1)	13.20960587728336	14.245080088440593	14.495816273073181	15.839910048574616	13.511108812438513	14.693056303981166	12.49690885775963	12.959167818224296	12.69630548551506	12.105738767387159	12.466718580166784	12.98541980215649	11.696235666250127	12.21424517698229
AN005453|PC(42:10)	13.472256061650809	11.424367320814548	12.486782782435244	12.306597265787701	13.370780658748371	13.928003891516866	10.646385407721349	11.525705024045264	11.377628661420474	11.96577669829515	11.302613921631668	11.414526251566329	11.04568882556991	11.438755318253357
AN005453|PC(42:2)	16.00869002017031	15.659780329610697	16.807800049703946	17.306889790323527	15.928112436909148	16.197522605560366	16.35483624304671	15.194132439969323	15.965905146279667	14.103152784492702	16.143254001171098	15.450433379909164	15.569775117163887	14.411198430441248
AN005453|PC(42:3)	15.912308948040632	14.84191408795237	16.494637613686848	16.68583568106864	15.874076043221564	15.617252458696262	16.998181590463236	15.796146985937563	16.866805070436786	14.913034373492843	17.00333271660084	15.878621486132149	16.60464692140997	15.271537404366507
AN005453|PC(42:4)	17.07959471982166	15.829981472724773	17.89931921960763	17.653740600581717	17.35725265442137	16.717229723655237	18.496870419596398	16.964490998286568	18.31604502499311	16.413861146660363	18.369014502160702	17.124715399130512	18.09525415867356	16.560809819264033
AN005453|PC(42:5)	18.728425533973258	17.06640383486293	19.844206454465695	19.505000332042655	19.75731350810321	19.016296808966384	18.731795797945626	17.331209219182863	18.553127128643975	16.75524152070588	18.648362125459574	17.289069440088205	18.555313281917694	17.004835579899776
AN005453|PC(42:6)	18.521054361719735	16.97927898067059	19.392018142242495	19.187817086191874	19.581651392444307	18.91945061162738	18.0474254084069	16.78934540015931	17.84306454085083	16.325996543216288	17.853532508357947	16.694874267272	17.82713637510776	16.72747343706286
AN005453|PC(42:7)	17.89422409559229	16.28989846198408	18.093608571314075	17.714951555045875	18.444420750628076	17.98789225709918	16.837691413075188	15.846042368859543	16.383917892885652	15.337057924554061	16.54387429598775	15.470955897992072	16.529076111884834	15.574373233398958
AN005453|PC(42:8)	16.027903735579653	14.56744275040216	15.512221070019493	15.71299507110026	16.875287624979695	16.60157180262314	14.627841414766577	13.972849040788581	14.611685998680452	13.428225920471242	14.49353521950713	13.730018581710281	14.475334110847351	13.852679927025102
AN005453|PC(42:9)	14.702289129785278	14.130379250354457	15.947650599015889	15.867047027110806	15.555876016755525	16.688507307870108	14.013564446373657	13.504963506722982	13.069161516962112	12.497764325363534	14.146645202629161	12.530100629388748	13.983586321707932	13.68753885805355
AN005453|PC(44:1)	9.71724055736731	11.1145837166273	11.606723943778855	12.87071347906462	10.447933932382002	11.519438309781776	10.335821329954767	11.06105141018653	10.714617909787691	10.426787439448264	10.331015503538197	11.284248664375687	9.627165368651225	10.360603509859263
AN005453|PC(44:2)	12.585775994349286	12.802074037119839	13.59526254298475	14.613862183839103	12.664004064368116	13.204948467107677	13.008978861519664	12.571124070154498	13.020598608692069	11.977904531553124	12.902669697905798	12.7896888060385	12.413746917361108	12.020398850954622
AN005453|PC(44:3)	14.549857331869616	13.327213918327116	14.694827725085366	15.061771463788824	14.22384034771043	13.992373927883492	14.965954488944355	13.659830932479949	14.890656781504868	12.73090700619415	15.055713552353765	13.965515337283287	14.337376032072592	13.21228973569093
AN005453|PC(44:4)	14.39905414011649	12.980505744762587	15.304683736092356	15.167163019107761	14.47335744428103	13.894945619443215	15.400589079010247	13.684358897104042	15.229791666844676	12.921738517820993	15.22604300464281	13.797386416252257	15.046183663894425	13.2228016188673
AN005453|PC(44:5)	16.20871631644334	14.58923929267362	17.393819154218033	17.254960485061613	16.989763416437626	16.14397638151332	16.853859826602676	14.568973610584182	16.55431685211008	13.592047742173051	16.66291503085294	14.657498846118182	16.392260558191044	14.12268168587253
AN005453|PC(44:6)	16.911735735312334	15.042589089860419	18.07839117582119	17.66904425631617	17.943420721164266	16.928735728054075	17.275289528153632	14.833540513458578	17.2859966486088	13.812539824733806	17.042442967394745	14.770604909170933	17.151720293600754	14.36293284886279
AN005453|PC(44:7)	16.369482812320527	14.49569329934446	17.352339737014056	16.88196481173817	17.381500540797983	16.474481690814155	16.447491291469323	14.192330515344521	16.103368494027873	12.996285580932309	16.251091497608996	13.89212135873653	16.184149598692482	13.569799705812564
AN005453|PC(44:8)	16.42399797930383	14.144017239434149	16.471251047452675	16.140525437294073	17.043495367492586	16.269757121318097	15.543207377904713	12.119497538143312	14.360836158673933	11.722738488084332	14.479234656794617	11.927896390712911	14.83974920932389	11.984965964441997
AN005453|PC(44:9)	14.771709319913862	13.085944785272877	14.942980910752746	14.401877551929479	16.373050474798692	15.786442726877715	13.662146678453809	11.217837093832904	13.059480339966738	10.551521157470466	13.710515144324281	11.466288597174058	13.343530491837486	11.222799841420612
AN005453|PC(46:2)	9.679380882796353	10.347535303770039	10.850144169954243	11.7127443557422	9.682046409357078	10.08921113428258	11.179117780667214	11.486087261529022	11.375193268237254	11.487855179046896	11.283349331943107	11.76293645853391	10.747541050402035	11.08603073356857
AN005453|PC(46:3)	9.734564410105584	10.729776929305219	11.737158254739372	12.445805364223128	10.915207980911482	10.626200854450621	12.282410212994483	11.716482949975648	12.252924962059431	11.514466371771126	12.274161775489285	11.974717372790394	11.842120082486908	11.41945054497891
AN005453|PC(46:5)	13.832134873320319	12.88876680281867	14.923723481206887	14.901383618024775	14.27949040770733	14.101333599877094	14.489626865177007	12.804531874455108	14.254213846734887	11.626140550954856	14.25072813668148	12.740705499496336	13.998597036496205	12.282960755974273
AN005453|PC(46:6)	15.034045006764456	12.800627916373381	16.242142058389845	16.20024554728106	15.893580075894834	15.180831616739104	14.340897930244829	12.416673990012702	14.062681140953439	11.397352693283887	14.168064907385405	12.519708867480249	14.164787748599005	12.131072588534636
AN005453|PC(46:7)	14.721425298432353	12.54027184502714	15.765088953499623	15.591763411943488	15.573237748790916	14.80904132669447	14.496160980426588	11.430277793347528	14.076186004659595	9.522973700237104	14.270193344314885	11.834985895897105	14.340480545240831	11.451133472426742
AN005453|PC(46:8)	14.966800958269099	12.54668547585498	15.522958746194055	15.23092159022619	15.542335428784208	14.607173433970196	13.932295372724347	10.58442979576639	13.07934798649928	6.87519018503887	13.640360628579957	9.999615238221422	13.469937384782193	10.209674931529499
AN005453|PC(46:9)	14.5934434863486	12.334563015561487	15.051884032859356	14.799701365405044	16.017000469241026	15.088399277287309	13.162673744735061	7.05684254451667	12.0509452248588	5.570756473717894	12.634114581171993	8.57994922503262	12.775101128325074	8.138454004764144
AN005453|PC(48:12)	13.461168494674743	12.93982883158803	13.843326151147656	14.68813517784558	14.914412412924728	14.070085257957146	17.06181345613574	16.028848867432504	16.838771832125193	15.587041391558358	16.982102320761673	15.998344895826511	16.974050137094718	15.609510998386597
AN005453|PC(48:2)	8.28832358371888	8.365829725780591	8.628748656030233	9.49751162362107	6.629754474562223	7.7901110749574825	11.343243797601929	11.381294634165679	11.445249342971856	11.28387086022668	11.324176927289793	11.721839881583705	10.653908363737472	10.736192852799682
AN005453|PC(48:4)	10.55961935103862	10.6845565905591	11.830066754722225	12.236046769677307	11.142924370224355	11.089355964521962	12.881590765558352	11.897484454509799	12.97871821967542	11.415805227813857	12.893219690644287	12.284802220584465	12.58641501261892	11.409732327079519
AN005453|PC(48:5)	13.497902991902416	12.01259223149708	14.088572120152177	13.844343520236613	14.045447752577104	13.82831481774676	13.740482653699575	12.139614087710866	13.616431077518035	11.59168976335169	13.70952678115357	12.406792694589065	13.413486423957849	11.86771646466911
AN005453|PC(48:6)	14.414363028505548	12.37956296509009	15.46595410274307	15.16785016556391	15.032323403859166	14.608692313389676	13.886803618117128	12.151100994594232	13.624878212974535	11.390205669989696	13.653733666023152	12.396089996816366	13.573701128981208	12.053117732392643
AN005453|PC(48:7)	14.1451560095529	12.091885327893417	15.226092986528021	14.83876330599548	14.874570041972248	14.044455017261003	13.97316641606743	11.6562767404952	13.496639572391741	10.532652538331442	13.656654641513148	11.666828352013122	13.62783485331663	11.618562111070844
AN005453|PC(48:8)	13.423953570096801	11.789997175102735	14.815943032226068	14.584105675528818	14.498767376793708	13.711922651766821	13.137751322332278	9.113547588798367	12.485536941175758	5.570756473717894	12.782778991360908	9.361337745339037	12.821263772482482	7.705294690522048
AN005453|PC(48:9)	13.694254848450564	11.502471540391193	14.638085600150298	14.272224369285018	15.000849678751626	13.877740626037847	11.892411851978906	6.79247203879968	10.725022060003996	5.570756473717894	11.27719654415737	5.228219917791146	11.32907898257775	6.602229120925986
AN005453|PC(50:4)	8.28832358371888	8.304225183349027	8.578583922982494	9.546399975259796	8.274860737572206	8.582265008486495	11.995667962702194	10.873684534923056	12.348485462557827	10.766330865361626	12.163945960825567	11.652799824844607	11.692049126022818	10.502770201537233
AN005453|PC(50:5)	12.080608053926326	10.81964760683985	12.21698885471389	9.663655336426498	12.285204307012682	11.733625795647653	13.310827147035234	12.122031419024168	13.61887799165312	11.931621386161737	13.567336999427686	12.556422195470192	13.221173649968042	12.022025752761577
AN005453|PC(50:6)	13.653808319139317	11.684610363768988	14.444638404234567	13.823877499904663	14.470115159450637	14.07073822336361	13.524160344888182	11.93222097134519	13.650287273641638	11.283573870613077	13.56023161681095	12.453056315038642	13.393018518041053	11.769691662736923
AN005453|PC(50:7)	13.878982370055601	11.954274869542987	14.547768424765003	13.99993383286008	14.482443683419618	14.016775472926247	13.61136472999055	12.180255820088158	13.562599120951168	11.607275764125243	13.611015091552183	12.44911939898241	13.446676460811162	12.19099276691098
AN005453|PC(O-13:1_20:1)	17.023912148110895	16.782703555704746	17.743585151713905	18.15224768000022	16.945131530623932	17.19552421806569	17.342490387827066	18.325159835185904	17.238172771359235	18.683617894026455	17.547712873228733	18.74597094886667	17.138800309316814	18.254388823461237
AN005453|PC(O-13:1_20:5)	14.134295673098935	11.790184844215851	13.762021901341361	14.335272976124706	14.124344318286495	14.57042572995036	12.98426823094483	14.3820777820792	13.297893102961558	15.046345662945896	13.18197875902647	14.227549004048308	12.93312500181334	14.554974996392994
AN005453|PC(O-13:1_22:6)	17.376537765229067	16.966430515494025	16.868447242757924	17.288984765517483	17.145387166517473	17.305086510006294	15.07254173726372	15.449811520254913	15.104611434212181	15.958403038578647	15.096803449913837	15.532528154615221	15.151436655707863	15.722068504349432
AN005453|PC(O-15:1_16:0)	16.581829832612463	17.251232485224346	17.833460806136955	18.29084076219144	17.03252543572093	17.75786953419134	16.88163646251668	17.26164158797464	16.703055008010324	16.626129661105605	17.12769824763603	17.510631319977676	16.69869487571007	16.851695230507648
AN005453|PC(O-15:1_20:1)	15.09869475362619	14.997878657724579	15.971339164851464	16.61837864372322	15.30255735715244	15.6149536438395	15.861479245722435	16.840480764240038	16.079996999997594	16.902288779817052	16.192870694512674	17.197786716150734	15.638413880361789	16.811603674436068
AN005453|PC(O-15:1_22:1)	16.303726510912643	15.375969995159686	16.91576419157121	16.80429719783186	16.404718677617026	16.21233415579061	16.779529582445196	16.086892198080125	16.61291372542539	15.732600857340124	16.825431572268567	16.522898130756555	16.631770491525547	16.050392379346125
AN005453|PC(O-15:2_22:2)	18.667468294406863	17.76634417478954	18.968225365780718	18.669469742729664	18.71264096130244	18.468410731801757	20.15486540569678	19.86807427391182	19.799543574921724	19.3345337979331	20.09661869819251	19.915596046085685	19.927155966841795	19.59636023037983
AN005453|PC(O-15:2_22:4)	20.08664884362574	18.990744074860192	20.24773982014004	20.149250327721564	20.395499765291504	20.25923628792462	19.158115377847068	18.216455839767026	18.83649546382475	18.096468690959814	18.954585999096864	18.06149282848784	18.841289088798465	18.06452569590799
AN005453|PC(O-15:2_22:5)	19.418676722186515	18.49990826752602	19.105619299288026	19.291640679619817	19.295068930588503	19.185351855823956	17.976630060437607	17.515526530194506	17.61253540675669	17.712222787039902	17.677468818156363	17.239624072404006	17.60843553483142	17.373981607853633
AN005453|PC(O-15:2_22:6)	17.312746365774675	15.91774527088974	16.435136357496788	16.269732924845396	16.58002141918232	16.441839074702752	14.59923143821714	13.347034948605886	14.177379271569336	11.246187874059453	14.58756311079028	13.793918989969384	14.558208869001048	13.69908914728093
AN005453|PC(O-17:2_22:3)	15.815371912994697	14.767510829399642	16.48444206856494	16.247500702951985	15.34214396414039	15.782939546367635	16.69066959578559	15.64797548431004	16.628911167669592	14.960079128417247	16.607499718956365	15.74530883679055	16.41384049516323	15.469148784668652
AN005453|PC(O-17:2_22:4)	17.475203928108865	16.57954639749488	18.18244320856104	18.256960741516554	17.94489730094707	17.71106480425506	16.520187665848137	15.415314706798418	16.423210266499314	14.73276399175847	16.58355325754307	15.358581260029368	16.533502811929214	15.21008736322297
AN005453|PC(O-17:3_22:4)	17.773859391850994	16.593982991539818	18.364631996073626	18.233486314521688	18.225508085234377	17.809112555931478	16.054929982833553	15.719574521658984	15.362050697720981	15.541174070180583	15.779233094441539	15.617976793849202	15.777574161464988	15.514519904855073
AN005453|PC(O-18:2_18:1)	16.251945848603125	14.836323801485435	17.130648730453064	17.066021703056066	16.658103382882206	16.411352245461234	16.333846856972908	17.38942265240266	16.715102464218997	18.167104436638983	16.865848837015847	17.57801530088407	16.647598754167397	18.02812198184593
AN005453|PC(O-21:4_23:4)	11.757961598624084	10.75294344028265	8.784443690032333	9.347414484818119	12.25914111717069	13.895989915937506	8.540464847872963	7.914678264682003	9.33503022692532	9.292049262807828	6.607067581510635	9.294891092366038	7.665411239240815	8.218301590070233
AN005453|PC(O-32:0)	17.34937863761794	17.442871341082196	18.518375886058752	19.38220815060046	18.13434765550733	18.768613199330876	17.1533254905217	18.32250985141972	17.695623214162428	18.603254944101455	17.387650639329976	18.494804753532915	17.232793593761183	18.686146519730034
AN005453|PC(O-32:1)	15.767165140912079	15.65387983584336	16.92490365610857	17.635875811783027	16.55983924047102	17.091569486810226	16.50317286734651	18.462055020092937	16.998147404862053	19.536870811379714	16.705901293885752	18.042338698461347	16.673788549671333	18.980356994651924
AN005453|PC(O-32:2)	9.202756637899999	8.322367893003841	10.348867568414427	10.220659688455578	11.595568248390725	12.55349326996654	12.357277104401938	13.471171784886977	12.764926104937091	14.585930320536768	12.028421310232721	13.26452720449033	11.908604492514934	14.107869448516292
AN005453|PC(O-34:0)	16.081235945651866	16.032746448812592	17.107271702321153	17.56949603373471	14.354030785414315	16.823164031158488	16.164881438790758	16.92360999080265	16.3363050778762	16.8594193800251	16.542701094145695	17.26819507796789	16.182455030622883	17.19908935481458
AN005453|PC(O-34:1)	19.96049062861589	19.32450390235945	20.76263719126018	20.81457522829393	20.447796675734864	20.55534443717836	20.03090119968464	20.50977438857362	20.122424990003626	20.751310897836987	20.19617290897526	20.554497472299246	20.03799939180996	20.720769668334643
AN005453|PC(O-34:2)	17.513342671444008	16.561276755778213	18.41257549626504	18.732435370457967	18.14792502757557	18.434743274076865	17.644713029808266	18.34886262165003	17.87968820044348	19.103098858465664	17.95678614089083	18.30204373539869	17.82741396480053	18.71794164080394
AN005453|PC(O-34:3)	14.630561603728713	13.772886156898446	15.51130353975234	15.139638452233086	14.788147343746632	14.754764465503937	14.386918407594372	15.424209930938725	15.134430718647016	16.35020292085834	15.002586466173272	15.466017367691109	14.90951311427745	16.107593848710298
AN005453|PC(O-36:1)	15.042150848033016	14.64499590762628	15.989483221322246	16.43361015743143	15.236332730673775	15.26036426065177	15.625426163759165	16.885405671411387	15.615428507068438	17.469867385022646	15.74879127744488	17.136943944646635	15.3817144107594	17.449495816208103
AN005453|PC(O-36:2)	17.035573516564853	15.756090168672278	17.5054085646087	17.433122121798306	17.041037427906677	16.869793179438975	16.798363961457685	17.680460199579716	16.75820223988836	18.242414586487683	17.16776136960004	17.615084894628833	16.79305726572245	18.229985594605825
AN005453|PC(O-36:4)	16.30971520331689	15.117210654485504	16.109824661446225	16.541642630751202	15.74315721108986	15.781749073579284	15.213041746460311	15.982003401614188	15.656282969729011	16.892624896575395	15.596583444671245	15.547904145141565	15.376546651194403	17.207524320434956
AN005453|PC(O-37:8)	16.832352005505278	15.998368173944788	16.239801111097115	16.166512120979473	16.175065370560343	16.247710370626134	14.135808617406383	14.501389020059152	13.46647521663557	14.90760508761492	14.121570601332992	13.954687028483862	14.065578320384569	13.255916668256054
AN005453|PC(O-38:1)	10.616365857102423	10.729993868046906	12.026533547637884	12.410511761851224	10.955625290175043	11.106388984419402	11.947426386076138	13.561467122347267	12.545001939448264	13.845148043869942	12.447858311057878	13.782341602567072	11.71234183717221	13.913451551225988
AN005453|PC(O-38:2)	11.433942692455105	13.087396367820439	14.986244735089931	15.30928729142019	13.857150542937424	14.028005912463527	15.377445771322177	16.497199972935594	15.758123370873014	17.117341481811295	15.660761826859462	16.71577382300808	15.130885923870332	16.9925259371279
AN005453|PC(O-38:3)	15.088235634352225	13.960924511111267	16.146273746066633	16.046484807045854	14.813408637788362	14.748239611819471	16.974827962526728	17.37538217772465	17.43908072557535	17.82309173441428	17.09031878203461	17.40523627957877	16.905908836960034	17.927458874841246
AN005453|PC(O-38:4)	15.580242672118517	14.671109161154343	16.3998185010602	16.52711845201604	16.553097123883816	16.5355468332223	16.272686321631166	16.875568441702047	16.404995914993332	14.57966126193051	15.699070037117338	16.30937592971758	15.505709186481283	17.323473402094738
AN005453|PC(O-38:5)	16.64422568041447	15.34029950120634	17.071037282440983	16.669680223351833	17.245225672043905	16.940437190806204	16.279877239755045	16.264457035990777	16.532736747464867	17.32930017472229	16.45468588465475	16.306180415696495	16.223785642345742	17.04184481442995
AN005453|PC(O-39:3)	12.278765981956534	9.318867061644951	13.650044686239177	13.336390465644719	12.459663148512265	12.422808118085621	13.357650876959363	12.984666359905043	12.914906892790226	12.70455812773014	13.402586838111631	13.153835921771888	12.989078387448407	12.964037197303474
AN005453|PC(O-39:4)	14.212723818477935	12.87782058550732	14.61991028505498	14.67229597818232	13.944178274538745	13.511472671410866	14.573517190792083	14.13862520923621	14.349858811400509	13.52348756465553	14.554257118493949	14.251547733053883	14.331891125889916	13.753830309343002
AN005453|PC(O-39:8)	17.338151445546583	16.32232684785467	17.566747900997413	16.960402709064955	17.470739963659675	17.23345364487172	16.334073351541775	15.762844754407629	15.72280622206704	15.6634433828997	16.089302350794572	15.414558254169615	16.121280893888414	15.47430157980102
AN005453|PC(O-40:2)	11.062329526105017	10.783440818254276	12.350324158893955	12.74080725336715	11.235090237717396	11.30898017604495	12.68412201249881	13.555294237320652	13.05213785408934	13.745059754632381	12.967520759562284	13.689975182687336	12.19259129253237	11.445571572183553
AN005453|PC(O-40:3)	13.303259266741277	12.091575572286375	14.373592126692913	14.18147983480756	13.218062140165195	13.147559651789193	15.35999018214134	15.424863249038717	15.50289935984255	15.465053530754796	15.658330564870674	15.53897454802663	15.213914635473275	15.76362570262124
AN005453|PC(O-40:4)	15.653238469438216	14.12465322068914	16.154514397370065	15.736814722803958	15.625946461318977	15.028459147222526	17.038242834869916	16.610277127815774	17.48822423118835	16.753250982981324	17.168405678397573	16.783923731504704	17.06666701031013	17.011241576404743
AN005453|PC(O-40:5)	16.510334805393786	15.13877273921709	17.45137737442126	16.06563268669689	17.104075148929947	16.519359074825143	17.118994404424203	16.150308554251634	17.30477724334533	15.609272747114089	17.249070583512427	16.060747462458394	17.10209824234898	16.53180674000671
AN005453|PC(O-41:11)	14.360993364948834	13.12899604216073	14.58927236116942	13.999498097582132	14.511706585717825	13.70940911362296	13.17307802929371	13.261802240634083	13.110450044045374	12.868284120074948	13.19624764717876	13.242154404509867	13.423534184792379	12.94822632922701
AN005453|PC(O-41:9)	14.399043656362016	12.588043798115379	14.784310448526169	14.650491060230886	14.477212695058887	14.127624610933161	11.917969635065766	10.722201959983124	9.971190333152999	9.476955133133883	10.947119216853864	9.726919074449086	11.487330998854302	9.744592231681333
AN005453|PC(P-13:1_20:4)	14.130360820361787	11.779749715723403	13.755070039511518	14.302857789038747	12.363801365950735	14.587080358267253	13.00539660214176	14.381248204626935	13.307038776160681	15.048253117373733	13.181717981508193	14.250839330243982	12.947520024513658	14.556561796319931
AN005453|PC(P-15:2_20:4)	17.339459207905833	16.922408510784518	16.858439187562677	17.270935736366685	17.19563784203105	17.362252813392995	14.806692428425231	15.027204455822938	14.942093440147687	15.626020869997127	14.988246917020605	15.19630077315554	15.157291697271612	15.242238845874652
AN005453|PC(P-21:6_16:0)	16.771296137002903	15.911517529430535	16.372947178739107	16.843965844475267	15.97562586042271	16.381581715515303	15.818873351584521	16.117466784714853	15.46711275258297	16.437848685503216	15.666006279494416	15.267760786295193	15.677796932648947	16.022409321464153
AN005453|PC(P-23:7_16:0)	16.80510636529255	15.696039459811566	16.60364732236714	16.234252705591043	16.373852404681983	16.181340087156105	15.647902434392927	15.155345092096523	15.06462054064069	15.264336780053299	15.420853466889064	14.79906287181098	15.573402957598212	14.951335216519249
AN005453|PE(16:0_22:4)	20.011785210573304	19.154395383961138	19.692586357815802	19.6414566574697	20.162049441062823	20.253414640718365	18.971426196038937	19.65567102638784	18.91626254006731	19.702497817513574	19.075404946935887	19.549895181856794	18.979980459482533	19.576336790321896
AN005453|PE(18:0_20:2)	18.435589616989343	17.221774541825955	18.661095353296165	18.329032928040125	17.87505233230254	17.44080454248857	18.81870071353751	18.49680971324446	18.696037421192646	18.080126018444343	18.89919715985115	18.86048925584311	18.684052688368762	17.80422310934067
AN005453|PE(20:1_18:0)	15.732023444152466	14.975686144490654	14.101029930929736	15.9069850895167	15.688953534662838	15.135920173550483	16.037231837215383	13.606596666444155	16.025903892542107	14.871845923753176	14.15888102687383	13.810113498358659	16.05931629081702	15.107209442138307
AN005453|PE(20:3_16:1)	17.347268784888385	16.59696381251152	16.708239316623363	16.999891995622452	16.98234231793834	17.600459429595322	15.696076615540532	16.795202089399567	15.973860977705344	17.005586379180045	15.847998271293768	16.513578842296226	15.971871380722286	17.021767051218635
AN005453|PE(23:4)	15.058196923834315	12.992644451106239	13.507020273165125	12.570126575494342	13.876492738525371	11.735230205809737	11.443732435439832	10.18286617351089	11.149264056737074	9.706977458067074	12.050407109348592	10.14917722489858	11.123131645352169	9.531133645215746
AN005453|PE(30:0)	12.875132250292955	12.748892680199454	13.515274807883594	12.578644960408496	13.267316319651194	14.078272714031996	13.479664117907882	14.005435794261986	13.695198999759414	13.883241211848038	13.52586077534445	14.032721055069473	13.658371896062876	14.024240485635202
AN005453|PE(30:1)	9.916634903867093	9.725261087547935	10.529559209151472	11.34321454048906	10.363460567979766	11.466205998922623	11.217521526682416	12.56744952542592	11.827504179665754	12.982429961449478	11.239994092961632	12.664794330507446	11.575649855018503	12.941128490260617
AN005453|PE(36:4)	14.485053786663093	15.142811434227218	16.802968946339448	16.248566125929006	16.161713608981486	16.347385023630192	14.267726680731847	14.743164226958084	14.502190634851901	14.765997397530613	14.798760153616973	14.2265712841196	15.137599740309412	14.344723228594797
AN005453|PE(40:2)	15.957503681735384	14.637138407464128	16.326963063557276	16.06472416401471	13.40603229585121	15.265306887999444	16.798798302547883	15.815608819578314	16.621159421166357	15.258203046470312	14.592943660199316	16.230450703834595	14.429906333822563	15.363345693540802
AN005453|PE(42:2)	12.917385476147437	12.227863072728473	13.752996597872317	13.937046832707713	12.868113742519839	12.746547372058808	11.311821468302247	12.077918116754121	13.32872977033029	10.780986993867964	13.368794697101281	12.615163023189742	13.044530937080495	11.070757569015413
AN005453|PE(O-16:2_20:3)	18.691761653369245	17.76980316390152	18.368659583416186	18.925241875892894	18.829947733404698	19.14285897540417	17.053333899609076	17.730288892581843	17.139200875473666	18.38589569104197	16.98334908717641	17.666493105180745	16.97381170276924	17.910718022672622
AN005453|PE(O-18:2_14:0)	14.520043605577944	14.206782559993727	15.557059003085719	15.958885195976492	15.127812232588619	15.41096297995482	14.877828171372363	15.732185362247932	15.055745859350617	16.27225687059419	14.886621061035589	15.689849933300943	14.94056310727838	15.785165077931902
AN005453|PE(O-18:2_16:1)	16.02620370171502	15.117312470114967	16.44005465219278	16.53846560110327	16.21699216116244	16.076497949277854	15.732410744730908	16.181990510884685	15.899607001402307	16.80760123103376	15.748101413859333	16.194021175768626	15.803669022930046	16.4194762758583
AN005453|PE(O-20:2_22:4)	17.489639737699182	16.482391447063794	18.195048139858386	18.244044290651445	17.838331391827566	17.696548430417835	16.5769207808307	15.445946424755425	16.399139512114015	14.763589228876427	16.599301654311947	15.38953694995486	16.480464513080392	15.284755448350987
AN005453|PE(P-10:0_16:0)	12.807440611527731	12.812136513485612	12.136557657784122	12.480732715297117	13.748438150140402	13.95721956412631	10.81558953848481	11.459199455852314	11.480871775027362	11.64388327897038	11.052761057894978	11.695622128505233	11.095891554531944	11.428863419670583
AN005453|PE(P-16:0_16:0)	15.950066828501017	16.09522426439409	17.335815198388044	17.886208124962927	16.808499584407414	17.264080648408374	15.826506043043858	16.290148012130803	15.918152031566741	15.74549653609617	15.989832400344461	16.598285757026822	15.773762681107945	15.786688779283315
AN005453|PE(P-16:0_16:1)	14.521471664370516	14.208106270862459	15.582508422692234	15.9242061703092	15.122263523638951	15.41128843509536	14.884449793589283	15.665530154845362	15.017368784257037	16.1673974880219	14.864922701173915	15.60116780513979	14.91692117417013	15.6862132285148
AN005453|PE(P-16:0_18:3)	12.337541591399804	12.863496710717483	13.001453216682265	13.270006567144215	13.104014113223664	13.369641164726739	12.242961806427852	13.666096119014313	12.863790110761142	14.851729286983295	12.524630380934113	13.164462284091712	12.399339098527811	14.233919229531962
AN005453|PE(P-16:0_20:1)	17.021888945679198	16.77586302335121	17.765472006346673	18.18566218835055	16.975300668665096	17.189550703659183	17.342048074744582	18.409481067226334	17.317122126210098	18.641223152219293	17.64796376570033	18.803411764871992	17.187744560370042	18.332130851163715
AN005453|PE(P-16:0_20:3)	17.069907277393398	16.43069896733506	16.679349554068306	17.613963005325672	16.86049276950573	17.00638409882262	16.933948426916988	18.41702594712334	17.135952316590082	19.082358865737003	17.074038827161974	18.12077829029618	17.155115167437028	18.600202016728364
AN005453|PE(P-16:0_20:4)	18.587370433217476	17.704229295442758	18.212906949796224	18.681911548727484	18.743689813903043	19.08621159125582	17.07055825084118	17.63128442075995	17.002749339313016	18.246214124883085	16.972828526894734	17.657526298039812	16.78979487865792	17.732393330469762
AN005453|PE(P-16:0_20:5)	14.13050260190507	11.75662637198086	13.739162326989499	14.292557121396316	14.123295041306916	14.5863683130817	12.986650949354384	14.38199453197357	13.288405249409676	15.025037114862362	13.182323473476172	14.253024237723338	12.94808725449766	12.10936569521291
AN005453|PE(P-16:0_22:2)	16.949675879524037	16.48448878201762	17.861718446699985	18.113130207898624	16.93087971894769	17.188786773906486	17.714886133752486	18.663722487595262	17.894564274758697	18.79705055833242	17.94007141567104	18.878486298787696	17.568463793465767	18.61481494600807
AN005453|PE(P-16:0_22:3)	19.773734728061108	18.767004489825144	19.771197678540293	20.031664788234604	19.22918399971189	19.301046902694267	20.507283515162044	20.96861314621073	20.673871633035542	20.960318957730887	20.519672977617123	20.968591719712908	20.542189948639358	20.963789372095462
AN005453|PE(P-16:0_22:4)	20.236797584770446	19.63226024793909	20.437978898593595	20.670054617542185	20.581397052713545	20.813197054007897	19.467231722832867	19.729067275665074	19.38705045930767	19.892586232148314	19.456533273358275	19.602741061079495	19.21254608399968	19.656634448268434
AN005453|PE(P-16:0_22:6)	17.288313985015588	16.874575438521905	16.733960080865455	17.071335673380215	17.119236223810713	17.396465065856443	14.817327060878448	15.000867249668834	14.950807282472653	15.67758203147118	14.982154360081937	15.205240658370407	15.175721174086755	15.25784802917031
AN005453|PE(P-18:0_16:0)	17.696090116957002	17.994503002361085	18.84544170901287	19.281132670542274	18.438690886810974	18.627355199539654	17.85371867607415	18.169859950119864	17.68024033905542	17.434610511917892	18.045711400080737	18.512580028867806	17.629565853054615	17.819774211410415
AN005453|PE(P-18:0_20:1)	15.111811171846718	15.02681193753464	16.06471995811368	16.877739444930416	15.305602080295715	15.6130505050392	15.965108377587631	16.959219779021357	16.018797552324713	16.960787390183402	16.128779497415188	17.234507253307687	15.68374739977486	16.83973024788639
AN005453|PE(P-18:0_22:2)	16.529223786168398	15.614087177153701	16.950762591315588	16.823834493489898	16.152397315391863	15.677032197860044	17.31407529477013	17.303773708801543	17.187828428145583	17.0944974022741	17.203620302008478	17.486990226554685	16.744535291269425	17.103186773732272
AN005453|PE(P-18:0_22:3)	18.684820475145614	17.78012071523434	19.090384833767718	18.81899660392175	18.71380620927472	18.85086384717735	20.21037961150192	20.035322849026468	19.987271544990076	19.503485734067336	20.241072643216352	20.143008624277318	20.085920511103776	19.780531319136198
AN005453|PE(P-18:1_16:0)	19.475891053301982	18.984236428306545	20.030208482430112	20.181978451431522	18.911284731202045	18.803837164727945	19.270790385537207	19.462204835301417	19.446134985380706	19.505730875962588	19.401652387773556	19.877204967545364	19.225236205617588	19.358407648455273
AN005453|PE(P-18:1_16:1)	16.071121149270393	15.1176501144783	16.438075328761418	16.566381648472955	16.22509374699079	16.08672459996823	15.637731070188375	16.12582380145409	15.860674539645425	16.817622199200482	15.787530085048425	16.178485137693173	15.720111941470833	16.37827982481586
AN005453|PE(P-18:1_18:1)	17.515782725228917	16.958039733262265	18.05233097107254	18.177956671730445	17.460574955804567	17.375868606977562	17.55886025892796	18.28298564479545	17.667236567575646	18.69579872539647	17.81741247100838	18.54585179557986	17.645889975217955	18.41349189894339
AN005453|PE(P-18:1_20:4)	19.430229487853012	18.567153573189973	19.02968754945796	19.1634518590402	19.61496656820786	19.655217311120456	18.09475220549001	18.029057458176975	17.97263094001107	18.66762581999656	18.215579643843427	18.11485414749507	18.083468239191223	18.240101623354374
AN005453|PE(P-18:1_22:3)	19.597382779568946	18.597068287217553	19.968253614763597	19.883971250196993	19.92538541379307	19.856817628018117	20.609042044270208	19.80597571988567	20.352290731317662	19.544913360170654	20.390073091916566	19.723958890881345	20.40525290325852	19.691790593776954
AN005453|PE(P-18:1_22:4)	19.950228139527933	18.937278060214727	20.04330867246786	20.042310252319187	20.273544220461954	20.0765342321524	18.976450233888727	18.2344487618634	18.829430900976732	18.127644573634058	18.91079563103563	18.085392271830358	18.757959351997183	18.071691067793953
AN005453|PE(P-18:1_22:6)	17.31148135289283	15.880285040219869	16.41210781630657	16.1663189314271	16.677699261238345	16.473312354997176	14.86934715859919	13.350072751897912	14.178057554338281	13.965309413118291	14.618321083865212	13.789377147453829	14.715749528552456	13.665464194804507
AN005453|PE(P-20:1_22:3)	15.79705787753818	14.838554104547876	16.485077360797963	16.247683482508496	15.692344680007677	15.793484005389908	16.637835918260723	15.65416857104843	16.458633558003832	14.94065061504309	16.4591868501267	15.773995684466405	16.25759407004273	15.284477501089777
AN005453|PG(16:2_16:1)	10.716436589416178	11.311346361961574	12.032835495561804	13.435254652522929	11.373453920662465	13.016997183290783	12.444797042846881	15.083240416484719	12.918543272988941	15.693175525579266	12.26183261945706	14.632956201104529	12.568903416656832	15.452926127060353
AN005453|PG(16:3_18:0)	17.15543622803138	16.971567274909603	17.321695996415887	17.746389320801246	16.955705634254702	17.43483015940171	17.06627114848818	17.70077364931402	17.12318510440926	17.568217549447382	16.76500913149533	17.6632943261104	16.911368133694683	17.648150639691984
AN005453|PG(16:3_18:1)	14.036141929935999	13.43653325893733	14.118041701721753	14.617092772992377	13.907603064300785	14.495545041848013	14.461407463636625	15.860296711493623	14.781445090007042	16.28178507472118	14.186619418971894	15.509227497632807	14.449319650632342	16.236173384164363
AN005453|PG(17:3_19:0)	13.73429611475234	13.67414164382886	13.003298784465903	13.517988546309352	13.180923797079593	13.591218388506613	12.38061756960252	13.211571310776952	12.368250596579115	13.158413751966014	12.40146334328933	13.232240694179858	12.338207385300473	13.18770065801271
AN005453|PG(18:1_16:0)	14.36303649700779	13.184240971572725	14.470945109533773	14.157727063278609	14.317833866936532	14.088258447861056	13.907384115048501	14.337086255625428	14.460914696073237	14.567730719938567	14.008137471140602	14.445853162479414	13.900605433875754	14.43158652676365
AN005453|PG(22:5_18:0)	17.19312164348157	16.872595035734005	16.598518980585865	17.1289007515709	16.17323118965686	16.456648631685173	17.724969128896795	17.93621964670343	17.309351240413818	17.745361090264325	17.40076077474014	17.771532607581808	17.383727222386344	17.71537365340593
AN005453|PG(22:6_18:0)	18.30199327220812	17.94672486721592	18.20068044098835	18.791194479778685	18.86722564028838	19.21165367081208	18.07236892892429	18.18961616641947	17.753535442953265	17.766185402468945	17.84928550119581	17.967921881871973	17.828271191270005	17.839968272908212
AN005453|PG(22:7_18:0)	17.495788685769288	17.14241272524203	16.98358964068439	17.50522850979049	17.68251311320694	18.299244009144974	16.08911801534246	16.835926079715144	15.953482288703782	16.57013513443185	15.86957818038617	16.606475735030838	15.914288099081455	16.668947593245562
AN005453|PG(24:7_18:0)	16.466445326258704	16.119470900588418	16.53376895013732	17.106337639844295	16.679672870736223	17.019784304059552	15.132643312422688	14.599848121735183	14.537188662152191	13.993574654549976	14.870226002856304	14.685633160626528	14.845646531234914	14.1764401395287
AN005453|PG(24:8_16:1)	12.733634553156135	12.465360284061944	12.593377273728763	13.676098897906533	13.0413487124366	13.013192038825201	11.144251717856733	11.887113532655627	10.680839854796005	11.731206254997803	11.07298797556342	11.962186369302565	10.695025521484538	12.224666135156488
AN005453|PG(32:1)	9.128424280936347	9.425880168851853	9.915491924942199	10.68845970726913	9.974471955159439	10.72959308687814	9.634984534452435	11.235457590248636	10.40748465979038	11.398298000171303	10.05554364601969	11.282262044538214	9.968296278930302	11.52966232483969
AN005453|PG(34:2)	12.011308252190505	12.118911202140012	11.494460344918286	11.322629350499112	11.939801249113492	11.711724254653676	11.427040493100728	11.99915809887325	12.048049786475318	6.994258460270898	11.864691133034496	11.979223271720796	11.876108294208064	12.236472404980868
AN005453|PG(36:1)	13.379464381992397	11.90272150458726	10.829396318859303	11.450413595999294	9.339663900319414	11.683592179206487	13.378075323808943	14.234897957162028	12.878725442748788	13.783601880734151	13.58438138886786	14.58122789478566	13.845589477209268	14.385444195238556
AN005453|PG(36:2)	12.37843037534014	10.587349507428746	11.973868023287253	11.04470298280399	11.881889088910361	10.620399653454156	11.798196035556638	12.042847562942685	12.389666372157928	11.847578091347797	12.238267827612098	12.037181495710206	12.141770417595444	11.844842278041794
AN005453|PG(O-16:3_17:0)	12.389416278473119	11.52555909774509	12.341478815332485	13.00590140316305	12.379660678013158	13.1502339925408	13.794674168375522	14.564532276675003	13.986626718536366	14.106711997050956	13.972701586362286	14.661398662139257	14.050027491438485	14.35834947603525
AN005453|PG(O-30:1_20:4)	15.491408268380582	14.895488292792459	13.967066660920066	13.648491284172515	13.68637647338683	13.23517360661078	12.61784805331854	12.608410690547965	11.731043076990458	12.780707633499944	12.732504315678147	12.438043026521328	12.400489978680616	12.399502671662027
AN005453|PI(18:0_18:0)	15.703982566080038	14.722240479269194	16.059736503633747	16.188912332846552	15.698900071011963	15.592421063611704	16.734249188403243	17.017809900321183	16.771567126804737	16.847705229619976	16.71579367026412	16.890007302344824	16.7847890837246	16.89446922460481
AN005453|PI(18:0_18:1)	16.889749821842766	15.63736538901837	16.68622409647142	16.664365473001247	16.989792238492935	16.533167039210582	16.154274408209314	16.582987637940022	16.131591171993218	16.465667865577714	16.182876767337408	16.54403699647499	16.109307729662092	16.454110451050514
AN005453|PI(20:2_18:0)	14.45139600097493	13.63324740681619	15.544482037407647	15.697985600661328	13.721903079339855	13.759487456364951	15.713882471464226	16.007444753708594	15.530550166328814	16.09292253869366	15.799109118015345	16.06019046750819	15.61676841836425	15.64434504538528
AN005453|PI(20:2_18:1)	17.311500806689516	16.34474268826927	17.449667765080623	17.442437658956067	16.904914885098194	16.81156238088187	18.08798673776356	18.331938144600336	17.9952851965941	18.208767757134172	18.17303751907551	18.289329848330127	18.174144948628598	18.28330876400467
AN005453|PI(20:3_16:0)	14.211125112811862	13.06255777696335	14.404879501816453	14.695517266095628	14.290258727410702	14.402782630589924	14.462354342112667	15.376787303975354	15.017447516353663	15.832061864101513	14.642552171923205	15.322198936554976	14.70901110890302	15.66693675608334
AN005453|PI(20:3_18:0)	17.651726383311004	16.651670269204583	17.700995980041885	17.71009304675934	17.113795991600632	17.014336516967255	18.21510532669579	18.456961737825022	18.098978183289642	18.343680778821007	18.297917156025516	18.370096028875704	18.295558429056953	18.388535216065033
AN005453|PI(20:3_18:1)	18.9863113498852	17.9044917392813	18.768964744530265	18.83792297333783	18.941500554419225	18.79167224082392	18.199148392982732	18.485456933118964	18.206696503770754	18.431026668333214	18.260802129303336	18.46638339139812	18.133372590669772	18.475382464407414
AN005453|PI(20:4_16:0)	14.14822048416334	13.234050233732022	14.187490945800931	14.832172071899711	14.730670427955216	15.27540371872744	13.156082201099004	13.899673051164356	13.512370878826802	14.200217311749803	13.227912688655499	13.742168714128406	13.34010525597977	14.07489599466288
AN005453|PI(20:4_18:1)	17.971668499737582	16.915989221606015	18.161686380511412	18.187715712674205	18.33177186887527	18.301327172990728	16.40107715033014	16.687743120735494	16.467879067332003	16.752992241981076	16.56159486742595	16.62778134736178	16.219741198888286	16.601319741951844
AN005453|PI(20:4_20:1)	16.196370349307422	14.653027501080805	16.305226356878705	16.126310438414414	16.508260872530347	16.145366251053318	15.936056538683543	15.326409170764387	15.994674103156571	15.023906260038991	15.840482312217437	15.245442640291607	15.694093395012786	15.04349354397057
AN005453|PI(22:3_18:0)	15.453573564498944	14.466840935349962	15.726452015589864	15.485373330810022	14.742317376429185	13.792401648860595	17.593393574331404	16.434166326709388	17.14095548258214	15.781989262788855	17.42192129272954	16.437083253943488	17.399917315208196	15.948751741515421
AN005453|PI(22:3_18:1)	16.439810656553156	15.145316440186903	16.846822038607918	16.682629396987373	16.829554978053256	16.356805538198465	17.49986803255047	16.615556751993225	17.37153012802848	16.154419235798624	17.587109002513262	16.591410684392066	17.387795388231662	16.142047616338548
AN005453|PI(34:1)	11.851999962898555	11.035707160569741	13.249866222538442	13.40755500610576	12.323270710873167	12.483403934217298	11.675211950887402	13.272846658479423	12.792085192629708	14.209924214968645	12.570414689476143	13.485946725285695	12.705258667804882	13.992506665922198
AN005453|PI(34:3)	9.236893860091413	9.919499023480407	10.335014069445068	10.739213647812283	10.889454797526048	11.516167770605923	11.010460426300169	11.767090361018154	11.535853942474008	12.274742489805321	11.297032019581565	11.61785122408025	11.162875297238068	11.971956664729452
AN005453|PI(38:0)	13.296485058879298	11.71948291196366	13.829298594340543	13.59570210727866	12.65940666482883	12.341062167734199	15.500136910283738	14.35079967066037	15.34077392828957	13.800463101643246	15.489985716640177	14.304679618470795	15.441122794163263	13.91633472404864
AN005453|PI(38:1)	14.51459553513685	12.988120952120383	14.889879437991041	14.860174206558748	14.98768395678742	14.395014634567067	15.613659492471141	14.77214899851207	15.442351959694184	14.171451731533628	15.613204176067002	14.773851427302773	15.497534152350918	14.268250793836197
AN005453|PI(40:7)	16.612601177745002	15.592216245592757	16.32670570872623	16.379009490024853	16.420283603497186	16.21422459807195	15.178690195473067	15.177493306290975	14.796216508294064	15.273391540726259	15.160804352413274	14.93491322904943	15.089324719688477	14.808033160626797
AN005453|PI(40:8)	15.246507297551096	13.890282954947489	15.255949203343045	15.201117670569156	15.371227405379017	15.24612671308527	13.484906894857263	13.578555065238445	13.32833426998427	13.545163955971468	13.55689595299881	13.425129501639885	13.167877208117039	13.31734726111148
AN005453|PI(42:4)	10.780416376162377	10.002475443871893	12.171577389149425	11.160239081252916	9.517208654951391	8.649921291727376	13.183616468561157	11.699059221317343	13.023181156214141	10.461019479798285	13.208902415773068	12.011718155385873	12.990854158759353	10.720834586450882
AN005453|PI(42:5)	12.597375007860634	10.80283780208792	13.608751772505096	12.987071579816728	12.949441544973334	11.917635056699948	13.92155042906405	11.876552569562378	13.645931036341066	8.83393232396883	13.675070570268112	11.805814809571139	13.636735213090844	11.166334671042739
AN005453|PS(20:3_18:0)	15.278129962299511	15.506299116479175	15.840762985003318	16.229374856207055	15.871133240170957	16.23250150968587	16.301625027739362	16.89650914584882	16.264189548122413	16.94721397952931	16.19882021636479	16.728338571904494	16.173677285809944	16.79103726261376
AN005453|PS(20:3_18:1)	14.846398988611673	14.646479466823623	14.124533027629601	14.660235784215866	14.251442367053613	15.068150548793234	14.530956198178972	15.151191804827022	14.502673640725249	15.593384977121419	14.077579298926816	15.340561357609381	14.551624887720337	15.640432175604635
AN005453|PS(24:5_18:0)	16.33312653993632	16.1413152867174	16.64323336219107	17.08555764956058	16.671070151884845	17.044681145341926	15.13643202682539	14.561533773485914	14.53864099586531	13.993841227260594	14.869379639364874	14.67829850098351	14.848324169209933	14.176352444415933
AN005453|PS(24:6_18:0)	15.506439327464017	15.291352339963543	15.837991649650847	16.644979641503266	16.21116347362822	16.63790987597103	14.270733481130875	14.250310432085685	13.970079669253048	14.117108696563676	14.096040768456978	14.343358594270791	14.019378946584942	14.279915691352036
AN005453|PS(26:7_18:0)	11.152559977069549	11.055794030003545	10.701609813887536	11.165011588746182	10.952254181947787	12.519165753270082	11.128572220507998	10.386452163106194	10.268321817038508	8.864369565755167	11.192740062786434	8.232056592609949	11.117822970578061	11.878764475992156
AN005453|PS(30:0)	8.28832358371888	8.31189596536157	8.864956378245639	10.833575061165476	8.00890875664363	9.393291864935513	9.064475499114728	12.172949340054068	9.697555523336952	9.383839197316538	9.09086030096888	12.053962189230683	9.379513521993172	12.034527494715414
AN005453|PS(36:3)	13.924392638812838	13.82369420931856	13.97981977253716	14.213339301161042	13.777576016648728	14.236112818633742	14.02668427441688	14.64580963450382	13.900470575967988	14.925934464428586	13.641487302605682	14.3997592759125	13.918810042262947	14.928463299796837
AN005453|PS(38:5)	12.507959694871772	9.133678774031225	13.221370889760616	13.775010432351534	13.268726171718384	13.865496390863592	12.090311493778188	13.134366078137264	12.2149315913805	13.197946300009013	11.880913611955064	12.961095146396396	11.838475910557165	13.322796431912721
AN005453|PS(38:6)	13.879303464748148	13.69250722208175	13.793517095723352	14.670315121144933	13.697380564241314	14.378598050219717	12.369734627449882	12.573493357442045	12.01948055773957	12.459879504881817	12.08550887566872	12.116019959373697	12.292685674623344	12.247429593488993
AN005453|PS(40:3)	12.505328369881658	12.453082943744029	12.145927097986663	12.466569632877418	12.027559355036457	12.052649050941534	12.852205211385902	13.320150222724061	12.881638459852953	13.074678386733785	12.93222302608391	13.299992418351108	12.910854967139855	13.101518301641299
AN005453|PS(40:6)	15.964435029689454	15.769584847771762	15.426297636165728	16.046611760672118	15.898033914878893	16.57264990091399	13.31795634121548	14.725358143572455	13.526274500128402	14.716898459549183	12.980497261126835	14.750990639472436	13.429664055835744	14.808703423036624
AN005453|SM(d32:0)	13.74240636151375	10.991728480599043	13.41308119770057	10.719718209778812	13.909317795865093	12.228567391866685	14.09079426944495	11.712202011009508	13.699588974766087	10.789413835830436	13.329940335757792	11.580888390362999	13.74369424728152	11.02694921802965
AN005453|SM(d32:1)	15.648953239366348	14.304695975943323	15.999721530774508	14.444465012146132	16.390859197877184	15.63869709526125	16.614485188978374	15.327243982173712	16.365632667205507	15.016116624448065	16.314457307275422	15.426651682549087	16.422533754873694	15.381020021416111
AN005453|SM(d34:0)	19.128528236403362	16.371103148413127	18.969326515328245	16.112269907399007	19.151611092061614	17.139792291143433	19.46127066327711	16.157868897332516	18.992524896316734	15.201199742444635	18.95170048326293	16.302065193928797	19.044675303950992	15.11513479996937
AN005453|SM(d34:1)	20.496309422108688	19.42593973343304	20.833155645607487	19.68136254604525	20.909686595408754	20.357441861273987	21.177201945169728	19.75689835305783	21.185035974866334	19.4197998401857	21.203675215100386	20.045171595533784	21.201979873048696	19.490556856969906
AN005453|SM(d34:2)	13.318116030252822	12.942179625123797	13.652464746669827	13.664544606863258	13.57927501683326	13.460955125052406	14.633046592083312	14.117168839094788	15.787869093950022	13.862918702815406	14.814206452135315	14.237944097510345	14.996871639588909	13.991581592489359
AN005453|SM(d36:1)	18.85013265173069	17.097089917003924	18.99293716882254	17.149773255877793	19.43449793830568	17.9458142771262	18.985078949149322	16.96875516194968	18.57797173476819	16.32837837351128	19.008488098755894	17.447864626250208	19.042897352767557	16.823105863243857
AN005453|SM(d36:2)	14.702610553558536	12.546317211655436	14.893903298895431	12.829857724249814	14.921270795365652	13.762160651083093	15.088900589698058	13.8109876689948	16.12706213787763	13.453853157082698	15.65555186609483	14.21707601108381	15.448859769053398	13.748268243978773
AN005453|SM(d36:4)	16.861354264947014	15.737930744075475	16.75943033190188	15.44194026488936	16.30264177799303	15.804534103743515	15.40699332350175	13.275981023727804	12.254939309177624	13.960602140161676	12.743588486024498	10.74071132924989	14.283755923334384	13.475861767329155
AN005453|SM(d42:2)	19.3000695874857	17.679078745615723	19.434401076626784	17.854655964616857	19.465212770667904	18.210974991151293	20.203040499677012	18.18290590971365	20.08994229114375	17.66046037451353	20.03971713584185	18.674965820115727	19.85363174892781	17.719374726862586
AN005453|SM(d42:3)	16.834791722243892	14.686048934723937	17.026326778360655	14.87881909151256	16.894059105968676	15.832124153477968	17.85251049306534	15.357046683647738	17.900381022707553	15.068080100309436	17.782212418067846	15.5703491100316	17.74861614222625	15.008624432277792
AN005453|SM(d43:5)	13.805075172213572	14.472339280145398	16.509583369214386	16.885201171916112	16.565776462713814	17.301370721212475	16.16582526317163	16.257070839731522	16.16647392295511	15.210708644425592	16.26125698602908	16.56475860804395	16.157104242368803	16.01500787601822
AN005453|SM(d44:2)	13.364504742725726	11.042516334309687	13.241574450354626	11.964949761953525	13.209893048411125	12.345947794029236	14.358851603421385	11.936683196560423	14.297583319800895	11.534953022206224	14.196647096269032	12.476330204626004	13.90434448107076	11.442845152515401
AN005453|SM(d44:3)	14.58147892190773	10.843725638285148	14.471527768530164	11.481672639847048	14.329901399367921	12.263461931418277	15.64037132633599	12.376530256616242	15.73287411068798	11.671151561054891	15.583154886886255	12.838375635310378	15.39258318463591	11.641023416692974
AN005453|SM(d44:5)	16.326728786921592	14.251190293339482	16.508704519089054	13.439569673028677	15.635230536464407	14.32529082130734	16.756121601026	13.306913700352771	16.34574877001462	13.171737156065214	16.435763933691376	13.52615898944552	16.82831408013001	12.770934217207447
AN005453|SPH(d18:0)	14.095612782446182	11.638637328365078	13.387105833200435	10.702491873172724	13.246499751051468	10.605777035614537	13.815546205350778	11.572192885443584	13.355955333353451	8.698503669010954	13.709959586007914	11.580655116275807	13.439095360869127	10.988567928767239
AN005453|SPH(d18:1)	14.342084024522682	13.506860476923373	13.927611879474378	12.85918179182669	13.645532367832027	12.746950713529257	14.137425431625346	12.547215198994495	13.561164580953104	12.594478894509663	14.078559240821948	12.710872163296456	13.592566344176035	12.251216766242075
AN005453|SPH(d20:0)	10.950874335447496	10.616361539943872	10.072493320747597	9.847205144047335	9.54143967435582	9.656987800627691	8.565465495681595	8.566985009800469	7.3756201404600565	9.132755945777914	8.561778811601373	6.957461481144846	8.112570952656599	8.289681033864905
AN005453|TG(12:0_12:0_12:0)	14.847229055265672	14.470035654718766	13.567983726970231	13.188735487793593	13.581997719426843	12.829399359638307	12.03457247672631	11.902890276366085	11.238776228048797	12.15502001061674	11.354701028158011	11.692009210643775	11.586202543469609	11.698246062667588
AN005453|TG(12:0_12:0_14:0)	14.806205267904213	14.31531504329667	13.46096066809738	13.112947069689843	13.531118987485103	12.818491258670448	11.832109243761286	11.825160561542745	11.086511012060326	11.880285239670158	11.411255473321608	11.451088534874996	11.455131761659281	11.423257788555253
AN005453|TG(12:0_14:0_14:0)	14.604677949478793	14.06329405156739	13.219880785576771	12.872530425295137	13.507166007108802	12.623505714107068	11.595829333570776	11.915756373601857	10.984107237638275	12.165327106952816	11.4359551575562	11.654827543949928	11.651834597650264	11.61967050930336
AN005453|TG(12:0_14:0_16:0)	14.80240601553497	14.574937873169558	13.541415402629516	13.271822868485339	13.696295249901103	13.253226794482316	12.402298173045885	12.673666003770828	12.111600099052687	13.119400656507276	12.051381945659033	12.633695442384534	12.124656510226005	10.628340859763634
AN005453|TG(12:0_16:0_16:1)	14.316840493352458	14.209332192647205	13.299492058201144	12.85669101387999	13.646329362516814	13.398587574170122	13.101525209664189	13.484976096197904	13.257159411424041	14.034122855252987	12.475952529720976	11.524892070069745	13.153835048355356	14.109867998807479
AN005453|TG(12:0_16:1_18:1)	14.534439469281336	14.271115446176887	13.414487767527753	13.138287561483857	13.942430984183721	13.632015388709391	14.016480424097544	14.00778820715638	14.471123617025407	14.505155140202634	13.53870310855748	14.15760521807158	14.584295829312309	14.602203447295837
AN005453|TG(14:0_14:0_15:0)	14.670868286784513	14.382525981703955	13.457380813801423	13.041098508253713	13.571603467279992	13.271641412869982	12.26606967130226	12.044303302400872	11.822023466727133	12.421809397892142	11.885509106042008	12.154442720552906	11.992542617479819	12.152266103973426
AN005453|TG(14:0_14:0_16:0)	15.99072020952471	15.517963454265486	14.629352222055159	14.346265224240682	14.873420330885148	14.484949918234895	13.85437549576766	14.265610581265891	13.827767836044538	12.483015549959992	13.375929811965173	14.181497768234172	13.88775761920816	12.596962923543032
AN005453|TG(14:0_14:1_16:1)	12.673086241785503	12.546266486386399	11.584590438805924	11.103680711344817	12.255952630724982	11.773035263616462	11.515137491149538	11.517678250062202	11.556994238732885	12.04133890850941	10.707818988622362	11.358915768666272	11.524315781505825	11.881536972427732
AN005453|TG(14:0_15:0_16:0)	15.966409714653793	15.531434981093561	14.664609077728379	14.285666504228345	14.778010767113566	14.620204235913763	13.720215579330853	13.50359894193752	13.361908250513364	13.997870716045563	13.307328123984613	13.589797896309568	13.740444147438957	13.50208059493304
AN005453|TG(14:0_16:0_16:1)	15.397979157465251	15.260977897799622	14.643314601775126	14.511045103590973	14.943143597138858	14.971761867071718	15.554215922863582	15.880724986296388	15.833011061086504	16.004534354268603	15.165792456171722	15.93637461275848	15.876591806200699	16.29757066277171
AN005453|TG(14:0_16:0_18:0)	16.860297424111362	16.526423281521375	16.013218996142793	15.800825825366113	15.888403798403402	15.671370497303284	15.523448994952743	16.360703553333245	15.62944688966977	16.626688419375977	15.631532968828708	16.39013831546116	15.911141280228536	12.80564435530291
AN005453|TG(14:0_16:0_18:1)	14.136190862782138	16.210694865171362	16.23560736730127	16.182349052744435	15.96243634855361	16.290515442140066	17.759348594297496	17.745311388739367	18.053068333612604	17.704290861860468	17.608137590074715	17.756605847440508	16.402428538807175	18.083010000106214
AN005453|TG(14:0_16:1_18:1)	15.582873383335894	15.472706766523073	13.06582359946524	14.956321831766004	15.335444869555827	15.33331890845289	16.612097501537757	16.217542056186527	16.90918372916548	16.608652271047273	16.514361311252294	16.414018721380344	17.407104336809724	16.71407264545775
AN005453|TG(14:1_16:1_18:1)	14.115911884133672	13.89956525909212	13.222634970390095	12.809368279509187	13.379338703325056	13.467634521536056	14.379894421783698	13.693901396420566	15.06499993541174	14.194983382146845	14.20149833625905	13.780631800271442	15.090104393117025	14.374112503671093
AN005453|TG(15:0_16:0_16:0)	16.455179949273823	15.97952459186878	15.164960467778696	14.740376676373655	15.358899679194158	14.966199110684064	14.215250430824161	14.108192073097854	13.958876809441941	14.431308483589183	13.906591284338852	14.084310857165272	14.206314223842801	14.111826010642938
AN005453|TG(15:0_16:0_16:1)	14.92368432533849	14.441133561178185	13.785242504257278	13.270430599695901	14.527612816082717	14.132537299759454	13.342140292043311	12.939483444041313	13.21791470390689	13.351951449930986	12.221323155460405	12.999948823953178	13.07131834304439	12.942127501040652
AN005453|TG(15:0_16:0_18:1)	14.599673348739648	14.213044047137815	12.049399340032716	13.14908162578641	12.563747022497173	13.889427531171492	13.882472461565987	13.330362138586786	13.90230618554025	13.643116040056873	13.259366641742062	13.217560400543457	13.908789366069717	13.398064810245389
AN005453|TG(16:0_16:0_17:0)	15.507098913163922	14.949966100865858	14.327899862834533	13.793923332622752	14.306706530301662	13.77513322788883	13.319258914085637	13.422602316120981	12.945826535224114	13.561004671963843	12.9233005458581	13.251282255220426	13.115288225560162	13.411104521154499
AN005453|TG(16:0_16:1_18:1)	17.213666436002846	16.638987616902515	17.285071061370303	16.75832705277772	16.730708859144883	16.738225691975035	19.25546166109528	18.334011320276456	19.557417301723774	18.451473780387833	19.116769931764903	18.31982236537768	17.887822047896883	18.57628189181152
AN005453|TG(16:0_16:1_18:2)	15.659509745478397	15.00473377084451	15.129738194154138	14.588215661145897	14.998013226002925	14.954979555646611	17.195716946018276	16.189883441485108	17.929510456862726	16.534373862618168	17.135626961116532	16.350321905918694	18.13232390340376	16.7882213436006
AN005453|TG(16:0_18:0_18:1)	15.692527156256554	16.451820057219393	17.236911636571246	17.379762995602636	16.28517917829446	16.846556390586578	18.693601835390965	16.392649837747317	14.929723184825198	18.530601583814686	18.82154632490293	16.456184127095128	19.147248514023556	16.731492928684485
AN005453|TG(16:0_18:0_20:1)	15.104115514232115	14.718176674307712	15.221600547844005	15.793552069313472	14.614981702094937	14.678925077906266	17.107961475877634	16.69066063813219	16.375803512978802	16.01018287514764	16.75669991283164	16.558394286987834	16.930108231593554	16.0520250926784
AN005453|TG(16:0_18:0_22:1)	12.610068109747722	12.55022252950598	12.401547224843247	13.581494972895188	11.251939472835153	12.41149991320988	11.991297341854747	13.511066034197514	11.814511199863935	13.571163448268358	12.606539159010127	13.695997042085194	9.296298622511477	13.564971253812422
AN005453|TG(16:0_18:1_18:1)	18.503976568456505	17.453522231186525	18.914948091570377	18.0281209839552	18.175128789090518	17.702572814544038	18.84651300832436	19.780121990642304	20.939357938912902	19.506835425806518	20.84719806865043	19.778566003241327	19.19809700756035	19.99282123325442
AN005453|TG(16:0_18:1_19:1)	12.459776428606569	12.129524288956475	12.00379479549544	11.65638050717194	11.801902328332774	11.392904812157711	14.497350994949143	12.846541476833002	14.82230634054867	12.860931730817095	14.324619619626787	12.691046020873822	14.804043549896562	13.12388634603127
AN005453|TG(16:0_18:1_20:1)	17.584870966386603	14.49432981966747	16.13658683874462	17.335391913096323	16.834684123545404	16.534562240517925	17.92126032565531	18.49910299708807	16.091052146892665	16.30980847769604	19.976719757009885	18.747702001853966	18.141894319477725	16.624779852761485
AN005453|TG(16:0_18:1_20:3)	17.54035282730851	16.239286377700267	17.20779130696214	15.95067464804969	16.800640313136103	15.92165240688855	19.407287606864326	17.229307162719177	19.85829278144919	17.25687677138885	19.42372119082225	17.55723773840511	20.169229982060763	17.65907224833254
AN005453|TG(16:0_18:1_22:2)	16.93742031759091	15.339009620206461	17.174437107556827	15.863338565958502	15.840834808510351	15.106363736436583	17.586405380419436	15.375416830530943	19.496494159803976	14.781203771645979	17.463364000010795	15.619072578037517	17.649691898197997	17.81774046388991
AN005453|TG(16:0_18:1_22:3)	17.56481193547587	15.995303988141034	17.474172382838187	15.936711767380833	16.561792120338957	15.529407262407368	19.81259825076732	17.128230217381304	20.018713706097785	16.938412805945944	17.786887930263106	17.49082023543168	20.236979226643182	17.37029121412226
AN005453|TG(16:0_18:1_24:1)	13.706922753143985	13.741310163172136	14.158077226608647	14.983784010174686	12.839904530568733	13.548238518074333	16.088355915969704	14.768052964228731	13.516614700793724	14.09792416701346	16.0565662767611	14.950114674013774	13.77827571439861	14.601541511967447
AN005453|TG(16:0_18:1_26:5)	16.637179456623027	14.794776937837542	16.85074185183133	14.13669352109774	16.040428292214518	14.49807123713324	18.00954070884923	13.884151758745574	14.201216281047804	13.251795872846925	17.993792941438134	14.437157141325406	18.453441928984585	13.933179816532062
AN005453|TG(16:0_20:1_24:2)	14.287887749235557	13.792779645908887	14.714216018722333	14.563851911935485	13.171171603257614	13.220847980045079	14.752306730428053	14.336181416725095	14.978674362839902	13.462784935664814	16.727667222162815	14.507968300617684	15.202414856695697	13.856108628167357
AN005453|TG(16:0_24:2_22:3)	13.857126017629454	12.899588363339069	14.279922744005257	13.38980836574335	13.045818281123209	12.241831985329265	16.46357357700186	12.514109960571036	16.673239459224508	11.660553109688971	16.50159781219796	13.022462045685208	16.63579644605983	12.14887672418272
AN005453|TG(16:1_16:1_20:3)	14.014745815131953	13.057820186576373	13.28600467764898	12.780211886085203	13.80603049209949	13.408149233753718	14.553884000326741	12.762947234406553	15.503965509580176	13.210791086769428	14.570301238952252	12.792693986044796	15.55019762240409	13.405483657492463
AN005453|TG(16:1_18:1_16:2)	13.616530628698682	12.88343764589334	12.862320344263756	12.298495867200083	13.009229453845597	12.87334096188895	14.57360790067016	13.347778129096211	15.383315844246894	13.665411776641236	14.461688280751213	13.25027169267006	15.33942327366732	13.84437398714716
AN005453|TG(16:1_18:1_18:1)	17.519052750898897	16.538011007809743	17.32813319544172	16.42487683649129	16.869482594106856	16.467461557494932	19.63290295180183	18.157090184704206	20.089544782628973	18.305480479692577	19.515292654443353	18.16679644662592	20.210006765767506	18.541827081894166
AN005453|TG(16:1_18:1_20:3)	16.735198014023965	15.381046287064647	16.045587738551585	15.026237469475495	16.273959506917222	15.388402419579457	17.57695970831521	15.048516979158194	18.31233989657003	15.220266841945678	17.681892258825986	15.283837070277777	18.44408275870424	15.604566951049074
AN005453|TG(16:1_18:1_22:4)	16.636338932984575	15.26669879130727	16.2932108697925	15.130953031527582	16.879904394806854	15.775882375217186	17.259821940953177	14.136867297663962	17.752937456005142	14.290935848652007	17.306888153324675	14.407941005726341	18.078080704779698	14.633046804336644
AN005453|TG(16:1_18:2_20:3)	15.202902340135003	14.234370885950076	14.625976832015818	14.224410293417217	15.330693537151811	14.953375092494825	14.902321905331348	12.362382361750681	15.629578730427674	12.94150617218058	14.939663621566472	12.835006124143797	15.863467259335323	13.142265470001869
AN005453|TG(16:1_3:0_3:0)	22.49557171950327	19.057101091221366	19.451801196691417	19.70941455356568	11.986106146464751	10.439331958228346	18.678271253108317	18.171945375477193	10.061045375127298	11.24883506857457	10.678909422833783	10.950145372162067	11.474754057352	9.502403020582744
AN005453|TG(17:1_16:0_18:1)	13.725272949521445	13.085958754776447	12.81087239415073	12.270704280372406	13.162748294043894	12.749813327432813	14.385991586615384	13.029808646708082	14.755278075307544	13.236367860761733	13.965002779668344	12.90763158248334	14.675064264058323	13.360234889592997
AN005453|TG(18:0_18:1_20:1)	15.471764983833955	14.49533722891749	14.347026100562084	15.980005021863064	14.845954906544305	14.333918855186132	17.95529772149658	16.75173240079336	17.69297752455514	13.70549954010262	18.18720054091034	16.564799333890605	16.053787108011345	16.024506336946576
AN005453|TG(18:1_18:1_20:3)	17.35630597513376	15.766927243076104	17.212623649622554	15.554939187650618	17.097626636514597	15.884756490764945	18.943300187801768	15.976817371075512	19.353774341610777	16.090412038970296	19.026191740647388	16.51598607175016	19.588050295363264	16.646009910821345
AN005453|TG(18:1_18:1_22:3)	17.160140646131946	15.36489663907272	15.085239655473947	15.472572999326275	16.406042194249423	14.771489671818314	19.104750788380965	15.725994315100158	19.33481016482207	15.38292904752691	19.095050786311237	16.133780557382387	19.61899614078145	15.725312646881642
AN005453|TG(18:1_18:1_24:2)	14.799976870700872	13.499262440418761	15.153928827944215	14.234051089899728	13.89211499866939	12.846089982389032	15.471716867633925	14.169179165937832	15.868446441374019	13.38157792149907	17.27253990726906	14.486728485630977	17.500459654106425	11.640717755639779
AN005453|TG(18:1_18:1_26:2)	13.352646110581125	12.629543279299428	13.678728413751848	13.1232496861427	11.146685829014219	11.44990024099897	16.049105492662083	12.79646072110557	16.129209691649567	11.694488421956322	14.61873225580941	13.244948742552054	15.873138182622862	12.362225007641813
AN005453|TG(18:1_20:1_22:3)	15.839422772466081	14.197518289652303	16.05242669909754	14.865360371842655	14.856442068734816	13.572912576640974	16.174454517644893	14.275493245165599	14.074522014287973	13.467403556980322	17.886890065727936	14.545253201429125	18.274516867483687	13.933730551696167
AN005453|TG(18:1_20:2_20:3)	17.123904313793172	15.545537904943918	17.16979293514026	15.500196122232637	16.96533391017798	15.316022760919642	18.05764806870291	14.50655519167106	18.489353259082296	14.459543687378156	18.145969546775568	15.06534318538398	18.672769794078494	14.955076711043665
AN005453|TG(18:1_20:3_22:3)	16.540151499512877	14.64231537338099	16.743702660791836	14.949290910847644	16.361042795062563	14.522557379012012	17.251108097094445	12.913291736245796	17.425934990555866	12.64422538896541	17.40651457447115	13.537808249809379	17.827937519315764	13.361076904406184
AN005453|TG(18:1_20:3_22:4)	15.886241592671311	13.79082544454827	15.765796683423602	13.827261336520133	15.791687978557968	13.76729006742935	15.951375030445133	11.33891512384186	16.32604458844491	11.385908741001394	15.871835605283097	12.049374862395844	16.49762195025904	11.989022207716284
AN005453|TG(18:1_22:3_22:3)	15.841388690678988	13.918220182449803	14.02686637983686	14.569638730821106	15.31755165670009	13.400072722943484	16.955222069268125	12.009300124433722	17.221580179438458	11.342113747016136	16.922501286799875	12.540614642501891	17.395726042954948	12.025641899543666
AN005453|TG(18:1_22:3_24:4)	14.52762360075456	12.827559044270336	15.178455179432632	13.641976132760616	14.205777644911661	12.448953274783655	15.618742878495539	9.850173536130171	15.563210494287626	7.520849841532246	13.549532615421809	10.598016043544531	16.00063398885303	9.780160807207558
AN005453|TG(18:2_18:1_22:4)	16.61407173697008	14.86611095362577	16.47362955280906	14.98640265273683	16.68071914302105	15.19321077110824	16.81177609422748	13.199507337777932	17.204279172610622	13.13729400038342	16.817192256098316	13.54586410460353	17.450572951016525	13.635295098362773
AN005453|TG(20:1_16:0_26:2)	12.01260650410707	12.297077669412294	12.591948960502004	12.994960552554984	11.224999614935301	11.239885955796174	14.573863894216009	12.458487481354844	14.206564769292536	11.340901658790235	14.453283226281215	12.721133401005579	14.4092365684456	11.731742602260084
AN005453|TG(20:1_24:2_22:3)	12.08430852740599	10.410966770232443	12.539686636757489	12.001028212224492	11.259723067972851	10.342440620495642	14.209075316616572	9.44678550581227	14.124240827302492	7.638051576142703	12.762942692093995	10.027934549247748	14.224335754660052	9.035225348376603
AN005453|TG(20:2_20:1_24:2)	12.464924303599666	10.61033471434442	12.545046430169675	11.988964719530694	11.406492495140563	10.645412389397604	14.68442002477672	10.807685134989873	14.972218557239914	9.507715002862893	15.00388442905811	11.388786655923923	14.946819166827341	10.133760844676749
AN005453|TG(20:3_22:3_22:3)	14.722901303120764	12.748809027094888	14.771133943888193	12.842236652050628	14.35686794254739	12.108322437844768	14.773318640608144	8.128588261627064	14.877603820108684	6.572963533758688	14.645995280626936	9.497091524321947	15.222650026172673	5.192899968014454
AN005453|TG(20:4_20:4_20:4)	15.23952047593921	14.91470930369308	13.938174593440474	13.768047721993092	13.598328004952618	13.270491486655848	12.680637691083767	12.54778541616237	11.744653865653335	12.804064271727212	12.656384126479253	12.493483272143214	12.254769257059534	12.396066209542015
AN005453|TG(21:1)	14.9900765698533	15.71138555852393	12.506729179485852	12.621651744135173	13.209035901314586	13.275610749167138	11.327831920188572	10.911331867105753	10.395643268926753	10.134759260451311	10.847412441807451	10.65695656376736	11.888028520642521	11.182027867839535
AN005453|TG(22:2_16:0_26:2)	11.22149032992345	10.238898102484178	11.657619017178673	11.47579732449284	10.117856711578625	9.162007393233223	13.07010362837579	10.667662544270973	13.664616451413751	9.663250986629672	14.107111380681772	11.135731200806708	13.608000959859735	9.633702189710014
AN005453|TG(23:1)	18.58446990317402	15.282308466321178	15.050092625470974	15.334852378378768	10.215297113679059	9.245132181244381	14.701228687357814	13.851684035836875	8.82861176982871	9.534096562911051	8.933321896820901	9.015723938558176	9.149480470263901	9.077665153623283
AN005453|TG(26:2_21:4_21:4)	12.723560722426766	10.45959092345822	13.317180618410147	11.513076598095864	12.299919758050292	9.780074535991131	12.463486202971978	6.465399415436084	12.551192781943167	5.570756473717894	12.14451749329582	5.228219917791146	12.770048710246746	5.192899968014454
AN005453|TG(28:0_18:3)	12.007249279896714	11.817202009674654	10.986941595169823	10.782625786403946	11.584173796385189	11.26297497178466	11.446103435230341	11.308415382607338	11.910381633386692	11.909822592025089	11.044632187600675	11.387059298084806	11.97410271415209	11.750228899909189
AN005453|TG(30:2_18:1_18:1)	8.827046739114456	7.762499531122191	9.422788727620073	9.290887921617127	7.004354010716431	6.701516721179726	12.34301030731001	9.049280823534758	12.512070974558197	8.64357945690313	11.978514387105454	9.70211652325787	10.7348334228557	8.446692300087022
AN005453|TG(31:1_16:1)	14.181554669532824	13.378668009029616	13.002266100347422	12.112892454260127	13.509215863789139	13.06122870586797	12.467452587163315	11.873805361568026	12.041069558365846	12.35749838103226	11.120256662972466	12.000703219222025	12.007280621659888	11.723894619543657
AN005453|TG(36:2_22:6)	15.514941801409341	14.154164746107943	15.175802352519673	13.578993786446915	15.62012321401428	14.141959574964794	14.653276175460753	11.062305237906832	15.224872108706398	11.308670348535122	14.87322620243261	11.771299664452103	15.411458458308005	11.612145133186791
AN005453|TG(41:0_25:5)	9.619123326250236	9.315316979553147	10.264012964901962	10.562933578749842	8.353863331497225	7.541638647468244	13.232326430281802	9.310648338645423	13.3140830698377	8.381631672265327	12.844750773219943	9.65780894117084	13.291426451047535	8.794624411540395
AN005453|TG(46:5_18:1)	13.766815074726528	12.403907599376872	14.10994131831169	13.377440246964758	12.978825841320395	11.978100522904287	15.723272453146132	10.766713064445709	15.409712571950523	9.58174534663979	15.699761413675589	11.157691132008027	14.30104739467541	10.520921502501762
AN005453|TG(48:7_16:0)	14.406477986234146	12.813635458013932	14.847007761257236	13.971663261831125	13.939114332971002	12.430535394826881	15.756649888527585	10.332892490203383	15.818385035791572	8.030780273630745	15.760146385387651	10.98954319644544	13.921586282277474	9.909157046505353
AN005453|TG(50:3_16:0)	8.28832358371888	7.762499531122191	7.614692374960313	8.112959337118935	6.629754474562223	6.239356758314315	10.739368345182044	9.285310427200976	11.166087530137368	8.900823314839455	10.81927110694371	9.707942761065757	10.084376624053098	8.525130079292934
AN005453|TG(O-10:0_6:0_22:5)	15.245759691517852	12.947391611512037	14.975021554797948	14.82854479241576	15.597318327601954	15.199021761564085	13.375615746944058	12.284697551983655	13.820982575051074	12.342676716119238	13.912326809282229	12.414692384640517	13.512634303416291	12.260925115634405
AN005453|TG(O-13:0_16:0_3:0)	15.645448141458644	15.126106511335687	15.063546621207017	15.616823885296453	14.974064250029857	14.958369247935584	14.581230856808896	14.731208937328132	14.786443932686572	15.324928106550075	14.776076212472306	13.222325791743778	12.623332594881605	15.141349161883277
AN005453|TG(O-16:0_16:0_16:1)	10.521383333878802	9.898610784775046	9.686120003199832	10.50284443697428	9.715166919557992	10.335076110298544	12.151072682167445	13.25360539064787	12.408118237157174	13.883767766264446	12.123018683376642	13.28196786897116	12.375198516657749	14.112348415831534
AN005453|TG(O-18:1_16:0_16:0)	10.865265548133342	10.77254622025977	11.484531520390428	12.188499737655734	10.465568923580653	11.428979450336323	13.654150667165878	14.666161799245264	14.089536231138617	15.257402628730782	14.023642202703769	14.870814343412071	14.185643346795535	15.640527818432773
AN005453|TG(O-18:1_16:0_20:2)	11.099738285124994	9.390619959111833	11.476324733161215	10.895697913533388	10.597206150796437	10.487692417494126	14.234089011647603	13.609081308669976	14.419773549138581	13.643445443796145	14.559026020012345	13.828103738154015	14.556738480829301	14.142128663388336
AN005453|TG(O-20:1_16:1_16:1)	10.555934926495928	9.74311073894381	11.76905855571662	10.96052371537023	11.069412413572364	10.687185193136974	14.138815302675122	13.831268232181976	14.36469988785656	14.220367411710974	14.356512621947138	13.930069175171797	14.60358914821979	14.408734257762994
AN005453|TG(O-24:0_16:0_12:1)	11.075081899755608	10.777003383136517	10.956185772847936	11.5375156485238	9.951682180416151	10.27099130670643	13.377905323767246	13.130632503707211	13.162902649211778	13.12663097879139	13.564763847050807	13.055530135486	11.759867632140468	14.721428564301513
AN005453|TG(O-34:1_22:3)	11.194848386697736	10.312219875642432	11.401902035201116	10.644955577254162	10.528506770386803	10.247604035367596	14.125436483785185	13.444003719099593	14.58550893079591	13.49474460027713	14.381887342619121	13.401955826894863	14.620223949592438	11.987488280326
AN005453|TG(O-6:0_12:1_18:1)	16.08481740759308	14.49005493086581	15.694873047733383	15.186957335511913	15.61575168999132	14.820764704351305	16.60649921556867	15.627865529403435	17.10611641704745	15.27214277509644	17.092241869056775	15.9302370752492	16.96041591034809	15.551489029329892
AN005453|TG(P-10:0_8:0_18:1)	16.08952915602555	14.497039824497408	15.691525161901454	15.199972378810559	15.64089058751088	14.786193152721944	16.6225143114826	15.608633008738954	17.10694604660525	15.358504575027135	17.05637677655824	15.929349804890789	17.128153122004523	15.493648014786858
