feature_id	AMC A SV P1	AMC A SV P2	AMC A SV P3	AMC B SV P1	AMC B SV P2	AMC B SV P3	AMC C SV P1	AMC C SV P2	AMC C SV P3	AMC A P1	AMC A P2	AMC A P3	AMC B P1	AMC B P2	AMC B P3	AMC C P1	AMC C P2	AMC C P3	PMA A SV P1	PMA A SV P2	PMA A SV P3	PMA B SV P1	PMA B SV P2	PMA B SV P3	PMS C SV P1	PMS C SV P2	PMS C SV P3	PMS D SV P1	PMS D SV P2	PMS D SV P3	PMA A P1	PMA A P2	PMA A P3	PMA B P1	PMA B P2	PMA B P3	PMS C P1	PMS C P2	PMS C P3	PMS D P1	PMS D P2	PMS D P3
AN005452|Cer(d18:1_16:0)	15.002103564560981	14.966313506319867	14.738021195699123	15.309008821168062	15.629626136751908	15.442020258105988	16.09317919787089	16.13484806670768	16.038321109627717	15.58848000732916	13.236809701668685	15.368991604823195	15.881857080798062	16.36483991469359	16.132689516275082	16.137286411070804	16.231114554517355	16.447979675799772	14.955174110913173	15.293093519049904	15.64461201681892	15.176742652247233	15.14018234453133	14.955938744263891	15.479801474049273	15.191173109448938	15.730888919486025	15.271592355767286	14.936538827057076	14.99611110605185	15.482354772040152	15.518844851449726	15.467999587472043	15.424225049488916	15.450039469441723	15.447862721290495	15.333724012673592	15.637470116706051	15.758822623838467	16.024905893837136	15.556858974756851	15.926443402754053
AN005452|Cer(d18:1_18:0)	12.81138579364515	12.043232275833867	11.904955736294351	12.846194649078772	13.046926285669677	13.561404118901724	13.944450676907898	13.989592385330205	13.689481755231508	12.215012882097158	9.98615408171738	12.253303642174078	12.976981670687575	13.002467885582051	13.145209116681851	13.637935104776652	14.010556158918387	13.69630057088187	13.257608203141462	13.58688871352478	13.589145344846822	13.081917100510763	13.330704138718822	12.97602487737992	13.800009937408648	13.582581706098509	13.785668899327234	13.789258631178965	13.622610801695886	13.033110533120158	12.831611781716894	13.076491467147656	13.032427101269928	12.801937454339669	12.735586631625335	12.30599736211055	13.161041121957554	13.37736380214675	13.402970865387976	13.754071851821193	13.07506933876273	13.229147178982153
AN005452|Cer(d18:1_24:1)	12.348254500134274	12.173891784142835	11.88868000677993	12.53754585667824	12.562461482600044	12.722228211838122	13.188653652393741	13.206413949059655	13.196304234724892	13.14927042175935	10.82425937349192	12.885313275351722	13.35749822317293	13.535766191192119	13.233841546734022	13.501174979003087	13.820778540612475	13.934210886028726	12.525700998126503	12.933159655948547	13.35377567029553	12.937907143643427	12.881426435941787	13.05082133330724	13.350297908018291	13.359941638152012	13.555961431961858	12.945446305403781	12.846485353687562	12.883540254888246	13.600749344684594	13.735463292586994	13.640726770122761	13.542760240400854	13.272820471389938	13.081796666432624	13.35820486101799	14.004259196858953	13.866031564922844	13.70408996603828	13.656217403103959	13.637556686406578
AN005452|CL(14:0_16:1_16:1_18:1)	9.95385646254974	9.442131825955673	7.850808797283336	10.666759828822842	10.947586718315918	11.199078175756286	11.636946170819538	11.574347939969874	11.395508338125303	9.671313104936369	9.247688864377604	9.716951645180824	11.453323385110881	11.73550511860696	11.138020474251467	12.273350662327848	11.989505687872853	12.245799345750324	12.723033557791712	12.895048221891477	13.102833357744439	13.487371802022054	13.573434476994036	13.795950647014704	13.188934511267561	12.872846584873967	12.918336558318464	13.595177422948973	13.372290590458647	13.450999269782413	13.648450820802417	13.954084936280733	13.762317442924601	14.062152773211038	13.762647009236403	13.744159419838548	13.56163458676388	13.742451132371635	13.67245342648287	14.4018875555779	14.05126201488119	13.98450855951678
AN005452|CL(16:0_16:0_18:1_18:1)	14.070357980705742	14.01934941134208	13.511498992611187	15.013545811595277	15.358858610931934	15.404394077381106	13.817193589464118	14.140711759585471	14.356377566430734	14.653620300095758	12.374133164102297	14.52726693641002	15.967913769514261	16.008417925078284	15.802555897687474	14.741450334721963	15.034701439906792	15.032770305235662	13.971100725569167	14.152699327377594	14.081962791293293	14.146060212197337	14.365634083375223	13.9595676808651	14.050114570063366	14.048327957987553	14.196092948838704	14.088857972141565	13.870517483266687	13.833836097520335	14.335584045658337	14.494162795195695	14.29088160321785	14.631320890711821	14.294579055115538	14.322364538205854	14.575074813588085	14.683653757738503	14.689318571985268	14.743681002887666	14.3863385743434	14.2332625346411
AN005452|CL(16:0_16:1_18:1_18:1)	14.48179477882882	14.219781961367385	14.193720126424108	14.957583970477302	15.133844926819842	15.334067568432163	14.796931122292824	15.163004722606157	15.100920932244142	14.608534084076556	13.075182737981404	14.624616111430226	15.522819255321643	15.40170621967683	15.522393898669915	15.07813956978565	15.39469876447851	15.562788931235332	15.874136543794714	16.09727692276178	15.73488551786156	14.22250684905006	14.460095502920826	14.476170782700732	15.813457175924318	15.738245872290715	15.770469338110018	14.699375206521976	15.633167418899202	15.607708845857845	15.85309064280298	14.647038870335464	14.779343046978452	16.067555201612365	15.759287518454755	15.462561451984708	15.985227466589023	15.22372023499898	14.995875597564664	15.837476714020552	15.780488832011319	15.744060050059893
AN005452|CL(16:0_18:1_18:1_18:1)	14.97309143554487	14.810479895796771	14.487691475529328	15.44245102719249	15.817331887389976	15.840507106630891	15.313467596747792	15.264675045038285	15.204194269101178	15.212372880148516	13.746501379926178	14.937081732464058	15.841387770218804	15.814841591681445	15.757821563698007	15.086974459650495	15.31613482548926	15.44811850256067	16.22616086365033	16.255093567010483	16.04959604224908	16.252432155014404	16.32669408997078	16.00097646625138	16.51716506695566	15.866823868708947	16.19952025980004	16.220677947331588	16.374204921750078	16.294282809320737	16.01013561057356	16.16743933404746	15.885467179996384	15.74405916185177	15.480455369191235	15.074818322127006	16.182151245717613	15.967223969214146	16.252719054194145	15.594840492333233	15.668929579322818	15.748873737164992
AN005452|CL(16:1_16:1_16:1_18:1)	11.830795805557777	11.710970714049184	11.805858313090535	12.325826837112599	12.633267760051774	12.653296669237218	13.425409987201826	13.409442607077214	13.471303688667508	11.765669272767182	11.09880822874538	11.902334964443982	12.621721638987944	12.723074018660435	12.455545214420285	13.430256241746575	13.635528822315898	13.72940146229361	14.14854492386632	14.17895126735838	14.428260326712342	15.218624506227568	15.042099940555444	15.116140759220041	14.429893185062632	14.405148941149161	14.479792878274633	14.8268818406478	14.850296219861479	14.974918547397412	15.092796712994488	15.240785806520108	15.094573396761854	15.754613614945033	15.525806064785309	15.518717392102179	14.708298074953527	15.21370616961111	15.199205075852312	15.855707002540345	15.6801424742057	15.730736844877866
AN005452|CL(16:1_16:1_18:1_18:1)	14.36321509269223	14.319013090092282	14.09793745923035	14.698152972129154	14.951211577567122	14.881463000450886	15.297461463930595	15.233335692980138	15.266058391289993	14.383630545026994	13.697883961221894	14.228507069336835	14.915647862788521	14.846630384828407	14.797552920689935	15.199126752725585	15.241919295195991	15.430957833589579	16.267345953557864	16.325841751037462	16.53340772291872	16.865637411552182	16.912281398407526	16.938051724096646	16.52139089234124	16.324705969381586	16.55075909996451	16.883757693171706	16.593378220498405	16.647367209294465	16.816744712849435	16.846065306220392	16.88675443354836	17.05794617802731	16.838661898233685	16.798953084162637	16.683434518383034	16.93016621194317	16.75255135165638	17.367299821846423	16.93109485187529	17.027715501339213
AN005452|CL(16:1_16:1_18:1_18:2)	12.87020720332963	12.701597641642188	12.074617872347773	12.939258445501531	13.164190847217649	13.230087519305936	14.090527736381201	14.122018513242237	14.035990822400262	12.691790460820444	10.093921398546348	12.575252169980484	13.247168840624004	13.086745208681403	13.163561283239138	14.002389855577933	14.198883283094386	14.224499609685669	13.585177245294222	13.892519048343626	14.086394876020142	14.29907607269898	14.400652968911965	14.525645923111474	14.013238997692165	14.06829879717689	14.199198961718192	14.317135145276328	14.208889098200709	14.487098861912827	14.350807603734925	14.30632018502256	14.19385163877066	14.778348846174099	14.58340720764133	14.514677494496716	14.055445970115665	14.329455370087421	14.266323261543354	14.705990176363441	14.721522803705886	14.743618392459856
AN005452|CL(16:1_18:1_18:1_18:2)	14.63059932239933	14.578290296699487	14.280525863625128	14.970695172679566	15.207441883911132	15.182678678812566	15.582490174480098	15.518451043082317	15.460485284958388	14.783298479111531	13.026149785184852	14.589972006742556	15.158895299870833	15.2543810761469	15.067355468263035	15.401939085366893	15.5642417611953	15.537561358086142	15.264642717702817	15.334227390650035	15.486969647027626	15.620617405386453	15.722740480292138	15.750223876825993	15.632102790147899	15.520362722147752	15.6944623852786	15.660626180136285	15.603176015242541	15.487764960334662	15.454767433246381	15.549162811804186	15.525469685357962	15.551633995547292	15.44548938756614	15.31879366397827	15.49985243652639	15.773410100259241	15.621126590422595	15.688821418503071	15.51568566126723	15.554966277218425
AN005452|CL(18:1_18:1_18:1_18:1)	14.770012729623302	14.447945138708397	14.197635670039139	14.585408189802212	15.157278162077132	15.132821069338588	14.929319194123611	15.01170121544906	14.988182478255922	14.66779235106359	13.266465449556788	14.526950044400385	14.954762470864091	15.036865154131599	14.94305040833902	14.494201668084937	14.523054206895273	14.68275154447971	15.886229153039567	15.931331384607468	16.046046609065623	15.910510095457878	15.998367320594733	15.811234892102464	16.19427929749569	16.042941050027927	16.226846229683066	16.006606569185823	15.995817281972093	15.831351638195397	15.138710746708115	15.317886726306329	15.299201111603534	14.604108299594856	14.476290879618098	14.401964247961697	15.419878925446685	15.476733257777575	15.332605764239398	14.936962707262138	14.655406421256165	14.702859532242373
AN005452|CL(18:1_18:1_18:1_18:2)	14.882008256113208	14.78456448231246	14.352364746502277	14.956456506876913	15.406168233107094	15.28747360347155	15.38569490826776	15.50473664923711	15.314235598936385	14.86177988641067	13.124706676820013	14.677254755353053	15.125101844299412	15.195379153642927	15.206570429467547	15.098190621534176	15.177488247260538	15.210514320265004	14.995754800055341	15.097380364232556	15.241445056867025	15.103895991063425	15.208143145500484	15.27650961109333	15.41192421223259	15.325687856141883	15.421778704534702	15.130144488106955	15.244221572542141	15.069975601825556	14.693283975045505	14.828168997478741	14.710358577752396	14.620430534583479	14.508849340652624	14.422588231987309	14.94842676959748	15.29018645965866	15.146903881041228	14.493635175290642	14.50665728950053	14.452632637525085
AN005452|CL(18:1_18:1_18:2_18:2)	14.076279370979712	14.083650574416142	13.531404450178439	14.36042310637935	14.79438201533111	14.732891370310222	15.066993040614719	15.017760516292675	14.978244085981826	14.186751533329883	12.021432062890904	14.072407372250586	14.59681150205903	14.670219418260873	14.523488091093503	14.785970709895455	14.847310605487408	15.034194267048548	14.089784067717014	14.269139796959463	14.277115105126338	14.288169919789752	14.471755838223071	14.441176178459983	14.522584149670553	14.417853252840958	14.550234815018868	14.308373785147955	14.24798444718169	14.19108453219296	14.256721942301189	14.17384112454537	14.191701392546458	14.011020421701469	13.924537679133191	13.787598812519805	14.256520762065916	14.33516994881059	14.345270803895353	14.166331198138314	13.881907639762126	14.031871413203328
AN005452|FA(14:1)	18.50989397810928	18.666517319469676	18.79423303522442	17.83313914463475	17.099325112160486	17.328856393771183	17.501480520108025	16.98157447109889	17.00373372500343	17.531981901053225	20.42928479668237	18.23953405551338	17.278371162807467	16.955215102788504	17.159827655721532	16.79752695013733	16.36932717011198	16.374815614158017	16.894355495541912	16.17954728877561	16.106923234457916	16.527181057167137	16.25627317166617	16.01090537769856	16.218159685864382	16.365281465002834	16.118491893279067	16.530663179378145	16.088575893613594	16.127009075499696	16.460871693408027	15.84021094469929	16.44160132214497	16.18409554391789	16.268203948299874	16.870146864431675	16.38229048280981	15.543487253886532	15.922798562120153	15.825952450657548	16.246710810356827	16.02512362927867
AN005452|FA(15:0)	22.67429690362351	22.824675126740324	23.47612777258942	22.180111119926618	21.830544067363647	21.762801939844834	21.625135622689186	21.621636569343185	21.740033722435133	21.99701196087795	24.367527749939875	22.46000895814231	21.63576696600127	21.33682107535897	21.827649693762478	21.46443715413322	21.14020179725022	21.148136374616037	21.128912665148377	20.713970587245978	20.461987394210755	19.60945665785733	20.36248996496124	20.40585820043014	20.67246512865662	20.75661186299492	20.65638567946905	20.528624783489594	20.650132993591104	20.881260376985647	20.715293435916962	20.506472545094777	20.629933691351308	20.63817864505664	20.918232738749055	20.931857423826337	20.820526440195763	20.216943594500172	20.33345187471834	20.180414257118077	20.742461710051476	20.63392782773382
AN005452|FA(15:1)	15.12432703610568	15.01135117322883	15.721803549918313	14.466425140774588	14.086632259082753	14.398888252547314	13.872840796477533	13.898429973453515	14.128934811643157	13.930535634267008	16.782716900647333	14.472457638756387	13.642885570903104	13.55978817663794	14.135916498863248	13.693442639872838	13.376416628006183	13.492789796394987	13.34002859393833	13.038491989176114	12.792099232434285	12.674010036857956	12.606002641550294	13.288944618060993	12.84905294950735	12.846485205586138	12.755812480470617	12.911488791275483	12.856944344245209	13.036698383303229	12.980907443485718	12.762078080364516	12.861536565696545	12.577864659706806	13.17384586972678	12.897833787958541	13.0847527180191	12.434932925315774	12.630485377414416	12.351257016689374	12.96156567274824	12.8921737889281
AN005452|FA(16:0)	19.62512760730367	19.870682228088235	20.5081249581785	19.16852487268297	18.9840077416887	18.74892744407685	18.57076706734212	18.613195369895244	18.840530180026406	19.080228508885707	21.45913199571766	19.410080528518915	18.741809568093775	18.421041946141717	18.899779904278756	18.50876142645485	18.23938696017219	18.192885448043032	18.200470885489413	17.71118088617573	17.457103284963594	17.437263974576695	17.2985629356868	17.377790213700266	17.665481459800272	17.732982247578448	17.71019920803492	17.537292056315103	17.74938215167939	17.8977030848198	17.652659717047115	17.59361700219128	17.57610351792853	17.641050770724707	18.05028831332047	17.969223443596896	17.812473650885412	17.380892415795092	17.380949155447123	17.244730627566238	17.818157352908074	17.674123414458865
AN005452|FA(16:1)	17.84933837973737	17.607230915300242	19.446140093200558	18.255421184268098	16.50492380693194	17.65623814007449	16.595423976376612	16.62711631934594	16.828080932384584	16.67954498874935	20.713258023976884	17.591533340676904	16.447508206504892	16.600609185300055	16.759629301636743	16.275510546432645	15.955897354409737	16.041557299172872	16.227237636358275	15.99775151159294	15.885181067766064	15.12984919804167	15.204150733133556	16.97615325449088	15.820562204010976	15.862325401973857	15.954350612972354	16.33087565042875	15.302517283704281	16.373330223556177	16.125089969487505	15.967313514817622	15.910415576752161	16.024249699178718	16.32959199492666	16.161961143525346	16.025195331051616	15.797536966321221	15.788082261003003	14.956436579267274	16.293485196848554	16.28405505462284
AN005452|FA(16:2)	12.624574394442575	12.924972495877784	13.04527348289739	12.155692119908265	11.596245394027779	12.337856557090326	11.934544347156047	11.963280564135625	12.133331975770263	12.245887400976866	13.93696565737513	12.772451205420008	11.401822767553865	11.84221266156292	11.75733772364319	11.534459977360443	11.239255829465364	11.463784613352738	13.020529645131637	13.320008771730647	13.238692663014392	13.751729481857325	13.871143527194894	13.92919811777591	12.95573333734381	13.054058173368078	13.063379524092113	13.581209157369212	13.577942178574123	13.375032178731031	12.412532732134984	12.570371039819147	12.44802693308122	11.608759326177621	11.910949111138056	11.452098055422402	11.558907867116483	11.893354447948996	11.40546960347785	12.188797849285656	12.051508145305426	12.094058905984175
AN005452|FA(17:0)	18.6093029796904	18.66623754135782	19.348739873399907	17.901293797611206	17.814053441986925	17.671199487158056	17.413195263874403	17.49684487427619	17.538172202408145	17.766771482894466	20.32558781242875	18.237200562926226	17.628873839365188	17.010388881429435	17.823875580527627	16.951205552700483	16.900770702281452	16.998983642643967	16.965405184490464	16.531061883760795	16.275243849399132	16.40433347514386	16.18619720844959	16.4473697341077	16.44154556132768	16.616184469827544	16.330453110922253	16.553106553081054	16.59409339511228	16.543032557809777	16.570119307747884	16.108823384242434	16.28917227910079	16.71574667871371	16.901371270561068	16.849403008454875	16.65179927933326	15.609847797928186	16.085510767719875	15.952269171101022	16.484023908661474	16.409041011226922
AN005452|FA(17:1)	15.289538454010719	15.244199958449366	16.123324087995492	14.992756544647964	14.472568024293036	15.62040912423828	14.016007334743154	14.49399280699154	14.602300941859497	14.203588653050714	17.178184944237774	15.397827222665311	14.414426724922484	13.734468466917681	14.487482747968	14.108939427732517	13.356604089602536	13.92782680802212	13.761878969007075	13.108595433888114	13.34674698548788	12.791162744131105	12.612158894423862	14.283602776019006	12.947690036529641	13.427307013173804	12.764856622890496	13.565595542488342	13.12246543034797	13.475948551876616	13.373026595709302	12.553706104480321	13.180117638090797	13.19943123842007	13.640286650728758	13.136928858005268	13.390757992072812	12.297377084849503	13.136447285501957	12.698929050888616	12.984710899109754	12.929753809565836
AN005452|FA(18:0)	18.719904629567782	18.47542422566516	19.427591354152877	18.20877105380471	17.769987603217178	17.744969235678315	17.39526209781273	17.536614539379617	17.744412448727168	17.82731535770392	20.468601724618058	18.27916926721241	17.446498000796723	17.527616101326828	17.76314239100193	17.346493020887785	17.094591780190044	17.05208955406453	16.9741483634703	16.603267121773523	16.420638650324562	16.265889402490327	16.19534584783641	16.313432998042988	16.531948039597083	16.612043159657706	16.532601324879565	16.353407135494155	16.587695844855123	16.896202741931106	16.63020851024709	16.498558956927262	16.45760019820972	16.504615983809437	16.86633045088877	16.735009255603835	16.707544354881456	16.189151363886303	16.314929153192498	16.00520329721564	16.623018206148178	16.530588205265076
AN005452|FA(18:1)	19.216805690055324	18.948007887687773	19.322942062634485	18.47231669629103	18.244827150847396	18.804513950961766	18.113963144513843	18.150006850541285	18.17652671005068	18.005064292744763	20.309132966315538	18.579420349731933	17.73362217342138	17.6607097802417	18.169643793725612	17.7194608979642	17.372277763105775	17.574088278462977	17.91213395208421	17.661641709964194	17.753569957769674	18.034416023826083	18.051451836941176	18.350406290216696	17.960238065184885	17.827582810636162	17.822415622360282	18.336149885740532	18.137494003048573	18.086698675744824	18.133380233026966	18.090801844091374	17.73297262550298	17.553000146084976	18.099120364889206	17.5740327398021	17.72003004342654	17.429891839780627	17.483665667644356	17.46768070033777	17.69057145264321	17.775734384526025
AN005452|FA(18:2)	16.117789345657943	16.09336728554061	16.274870875576255	15.197634708620674	15.062832335650137	16.229553273003866	14.857978643278258	14.979400580731975	15.268413136905739	15.293762123673803	17.39219008450471	15.612094463896735	14.824702961491992	14.474236313723885	15.01671250143988	14.63063543572975	14.242167806740825	14.440989570604751	15.566377244720483	15.82864958027161	15.72028976922938	16.034417426529593	16.27823519898427	16.316580073014233	15.442953900165925	15.36718485629889	15.330597820329364	16.125387817141082	16.008388032511327	15.931685864479427	15.417308954768298	15.414418880676427	14.957076742687864	14.710619770030293	15.119594048778284	14.69262897300328	14.775206210192763	14.521243522143655	14.619405120009835	14.708013638268474	14.695262700025172	14.732135513643568
AN005452|FA(19:0)	16.438199626237346	16.194519676405797	16.595515657897877	15.514653518126039	15.018540534834775	15.468960301661538	14.506504463717084	14.967837383549197	15.084635696546503	14.639452960008859	17.81411513836255	15.830230795530913	14.928448827238501	14.634040874269783	15.12769385830556	14.63040007496571	14.239907958490074	14.564169863296199	14.498717860707416	13.97545293049357	13.67308810853563	13.86747412832649	13.717013523876043	13.75499981825022	13.97610008521371	13.980537763223197	13.854551880279217	14.030598956951987	13.855654688780268	13.951817075434908	14.115646796488704	13.727219624418591	13.93995242480524	13.908984123446784	14.352764141423528	13.60999719921983	14.097354732303483	13.453845725087561	13.657733734318603	13.419205401347188	14.075950703817536	13.827090556070123
AN005452|FA(19:1)	14.031260251957521	14.062946574987603	14.333746168424998	13.00477346633229	12.901721493936607	12.976778814639014	12.581318572871508	12.467639530536864	12.966584890843775	12.64595933811617	15.35030080860665	13.42203415659789	12.416758637458203	12.59164582852145	12.570891682337498	12.11749283207268	12.189698713511426	11.869844562938061	12.14750820933813	11.376768946699563	11.641042085370193	11.626220645033639	11.634265350264888	11.968456390733127	11.491193169946042	11.472162028196577	11.741154012074446	11.692354997143742	11.42441818286263	11.823007349419424	11.757671740727686	11.638026986853864	11.709127354636069	11.628250449477461	11.802081354438725	12.0914559020908	11.751368041585085	11.116794397711873	11.045368456320405	11.155294672524146	11.303736916241032	11.344628710866877
AN005452|FA(20:0)	18.00971430329112	17.963076906965977	18.39756020730988	17.254255348666067	16.822168682294155	16.880731955197472	16.862095815166672	16.792853768723305	16.841314999111585	16.997644629976072	19.644006576340452	17.599790567573006	16.614370725863594	16.750360167591317	16.9676953345272	16.584089785409073	16.202777332369905	16.319264431451426	16.219611049291462	15.693101208329058	15.582077891156366	15.736318997583773	15.64153485242079	15.61981741680175	15.701340896883067	15.627627677466638	15.488056037706317	16.00970479735244	15.608240481886968	15.713291552371707	16.08099939670412	15.722333301867792	15.647383594582069	15.794428690210296	16.390537174970465	16.026989935585323	16.10172341000517	15.309899453936158	15.48978432865968	15.164741078049637	15.935258731976635	15.805541650562704
AN005452|FA(20:1)	15.151112738090614	15.000437392657572	15.308694335754419	15.024712592944093	14.717962264321717	14.830176479380718	14.685164657584872	14.62649242244344	14.60622441067248	14.139337698145178	16.090393708897228	14.512718251556661	14.34285175289409	14.30542639825854	14.447599559029678	13.795544907143382	13.680684771810574	13.913828147236272	15.039186116625823	15.180788457624663	15.174582304004236	15.571883843054374	15.69227917707807	15.720990248695275	15.613108716225776	15.636308169762211	15.710854013850026	15.822835197681151	15.671638859857879	15.527556433597056	15.029106208699023	14.968769013195132	14.774535036881847	14.366253901484821	14.619209566486948	14.22193781295004	14.484389122501398	14.58600069545186	14.49690429892144	14.35690892543696	14.409040560127794	14.635883637342625
AN005452|FA(20:2)	14.133686885773914	14.175636549458106	14.29109787263004	13.999287247216671	13.991136473487979	14.162168052509717	13.972541939627046	13.95329161473937	14.017071665393974	13.325539289134156	14.65239447415406	13.531634867348439	13.501108350181852	13.384770516720886	13.397585808888062	13.048044374212045	13.084990477396431	13.203506230120928	15.259119339791688	15.412679464449912	15.438254730445724	15.875843765442955	15.883283910818808	15.873734535696345	15.602562583397976	15.691817326600525	15.696031271321791	16.007411962059077	15.785702607248206	15.65713820257944	14.67265130114901	14.66775946435191	14.59095750525933	13.868880048447004	13.910378996788147	13.946595682965514	14.101832835794049	14.278381000960884	14.116941899884347	14.295917204889339	13.95702404029103	14.210251907194058
AN005452|FA(20:3)	13.997383001436528	13.925893395041243	13.904639511191677	12.817899968181301	12.877513883088787	12.587342964444614	13.650831094074293	13.635086304113338	13.911764172374086	12.960979663803213	13.221502158157742	13.086569517086971	12.566255636934628	12.296565243930775	12.404575539358174	12.436560603954781	12.32801286041064	12.529004549902856	14.074771453766408	14.422273147787221	14.525648364004292	15.169602723788097	15.271218553454888	15.476070206427597	14.812032093726472	14.851448550647216	14.855151967633603	15.363653391627762	15.400531444678567	15.328192867040569	13.924416532730135	14.018766344332667	13.975637606234516	13.329580887646706	13.199673452720873	13.633671742465406	13.526629019002971	13.626556366634412	13.486026865402904	13.480528587465594	13.243554037232393	13.905408951125235
AN005452|FA(21:0)	16.488388075355875	16.602252533355387	17.152399329401568	15.876692108940023	15.525039103529341	15.831694374653777	15.388485950345737	15.480758569209883	15.796445245741568	15.70575515270226	18.33927869411225	16.257827226478337	15.344761286059768	15.002018292586923	15.519766009130231	15.206937884753076	14.432888223188932	14.457466048322372	14.796916762872462	14.430364598546223	14.186285296365494	14.431864671461671	14.296235533416146	14.114113155953932	14.417579610648481	14.405357011478191	14.541334375328349	14.782194139520943	14.496827308751934	14.514140781297778	14.685522185029935	14.26320333231132	14.500443331552951	14.491858132405003	14.186296070520324	14.917927746230745	14.017602853515125	14.0270682243696	14.112948082402053	14.138901081992856	14.600864914422829	14.480620283984242
AN005452|FA(22:0)	17.651462624696407	17.72664333866947	18.140289300809158	17.055195315576956	16.705276175910946	16.72767176679867	16.80966037997482	16.695579461274967	16.73749656800648	17.03491648093342	19.323938226103024	17.50878064515323	16.654328508944673	16.571080872627874	16.858616228125292	16.65175099291747	16.357709423765	16.335665575399418	16.05464393778959	15.671519380860012	15.456258722520138	15.66941116585387	15.451613155932558	15.523870843892851	15.623218470501124	15.677927843437974	15.600516489989646	15.802127433416212	15.641975262278692	15.75872859255083	16.023187204627042	15.615704087524534	15.772433546147708	15.7284481738145	16.297078127381017	16.089594001210415	15.959321298675027	15.33472946218727	15.528891814666482	15.244779254208275	15.940937390305924	15.933052620535323
AN005452|FA(22:1)	13.950327263097549	14.090220515749081	14.360568857585948	13.575910105264049	13.185569888317174	13.281533165230021	13.673405433195027	13.14991344320705	12.99057768276408	13.301057791734886	15.52949466356832	13.647526449841214	13.121033404794344	12.902681624683243	13.120166596350481	12.785520710100691	12.595949835262278	12.585100756103055	13.123657047222018	13.017834976861797	13.299937390744546	13.35638783291474	13.39652891094709	13.324662418647282	13.417767588427937	13.369539539158382	13.50751165508596	13.334136504454563	13.23240074078484	13.411938795916692	13.09130119976534	12.938054606446064	12.822466174454153	13.227919766440564	12.94008420721486	12.80189169728173	12.775984994289319	12.802573899367724	12.615068049824536	12.553790027800488	12.648639748609869	12.600005664199413
AN005452|FA(22:2)	12.471796129505526	12.445925080604313	12.730864478372311	12.618350120648074	12.435535653959766	12.436297621301257	12.374955528415676	12.190649037093172	12.11237969177909	11.506921724036264	13.192678458318582	12.039720025736168	11.926341112386428	11.744766942662869	11.870467051282256	11.076349630475415	11.31142147924682	11.23807253348017	13.814540207366761	13.988048048807554	14.052130875307622	14.565108606415219	14.459661721829656	14.50249067019169	14.25805488854886	14.244240470321955	14.304667009109627	14.639631648536236	14.538907143743756	14.311830440596093	13.016959378325378	13.14368148457931	13.04561311426691	12.102046484402974	12.19273761702764	12.03788354944964	12.553452708489784	12.686127691685291	12.479371981765851	12.62662821306174	12.379062489396699	12.677195251815801
AN005452|FA(22:3)	14.306831452274055	14.358926910973182	13.89757668637	13.711318038640997	13.686411326909578	13.538500783164029	14.219186151516755	14.028872250836617	14.023614620568338	13.075889585669792	13.028250940548665	13.073814870735841	12.714983940509532	12.458988167238774	12.510121128908942	12.619118642048385	12.766063062284971	12.890496407781963	16.003809478070185	16.09056986223136	16.178828806216554	16.50314268480268	16.56587230098435	16.444636816180154	16.20336949000695	16.235839299990126	16.283239427529068	16.947703487285747	16.7989736459919	16.52386090970841	14.169822005442603	14.106637807456258	14.199315832675175	12.77280994237391	12.805313419679289	12.928985558295517	13.37594176090864	13.497564992947451	13.467204077327395	13.551804095093056	13.148998280834556	13.547575370708381
AN005452|FA(22:4)	13.322217836534428	13.61689551627067	13.276023568723854	13.151045041080202	13.241730944801262	12.987943519436925	14.505926071084469	14.492839919282368	14.319266375393916	12.624340292429881	11.289001946706238	12.22508255309134	12.154588820366111	12.003808895850447	11.61141012732491	13.207319909382782	13.264329479153796	13.477492424716804	14.021915431761954	14.214205093841535	14.254312389308824	14.46495718182159	14.63912693324581	14.560443607532347	14.182521479685994	14.22978741570338	14.224467093015413	14.66953274496778	14.614113882779472	14.46777317685964	12.14858673979825	12.136534007708034	12.122855999745392	11.078704794312536	11.078680227493479	11.179235900248862	11.430529562289967	11.610502454935835	11.431546516491824	11.770273581977891	11.369698038443767	11.749942667359212
AN005452|FA(23:0)	17.265448549274197	17.365343775087833	17.881048109315746	16.69474225955996	16.316398539363675	16.360595240160876	16.464328799954902	16.239863940272866	16.39529461484152	16.60577296033498	19.000560863541992	17.147352033665943	16.148403784259877	15.650002318252003	16.37747479727192	16.07533706727824	15.845002640656187	15.231181427498285	15.628269798692035	15.178415110638479	15.002609451825284	15.096295210019724	14.89229384277687	14.847447840286609	15.097774312843608	15.211886214241227	15.067877981844322	15.383085560432352	15.174592431770028	15.356023436265172	15.305924436372843	14.556214258129437	15.331726876235365	15.111237410777992	15.646936529236667	14.419422375778545	15.362745482386618	14.595244123080198	14.618562407906186	14.530417559284421	15.279735218495027	15.166919056496456
AN005452|FA(24:0)	17.962564782311564	17.97586720339136	18.564551207120235	17.267385688430945	16.811328517084533	17.089878489109783	16.97883881272412	16.986020250364735	16.98211575786146	17.146261502921995	19.416258197794303	17.61449863976972	16.684455860559375	16.343783376555127	17.03412931509466	16.727793098047286	16.33711061980844	16.31248071596743	16.18546334264641	15.844552480715173	15.501574336151968	15.539902754269999	15.326989134613989	15.388210878271458	15.39472445963102	15.424485099309017	15.507283628322753	15.87589205195133	15.581051093658193	15.85012777256574	15.916610109346763	15.488768391584838	15.584273243135778	15.781739078204348	16.47344799193683	16.045373152951743	16.044904507520922	15.154755707352223	15.30694877824511	15.10533743646657	15.821302998012408	15.92608937748849
AN005452|FA(24:1)	13.254875220764905	12.921450918441229	13.38684324982087	12.771650832250026	12.863933461933998	12.641996385795148	12.995900713316825	12.488516211024653	12.70505407560037	13.193421931267538	14.395736260391988	13.071161841026328	12.990128044256895	12.905988358730886	12.947540222013023	12.743620878675557	12.804000264358631	12.876838992251596	12.570640538030082	12.563224132804857	12.600119060789153	12.853282647905798	12.837133309217226	12.957343789104204	12.709168390262214	12.850805756264862	12.971718236147936	12.866100202098082	12.191925417845932	12.124898994303454	13.006635986056887	12.9712698258868	12.717504193765878	12.563185495725191	12.938316971517295	12.462197330545884	12.505892007135596	12.610569883126868	12.477200161205284	12.365043212950443	12.390512746386362	12.554721376423355
AN005452|FA(24:2)	12.17046244122124	12.294024560445648	11.539951112322411	12.211051543571216	12.085028024039785	12.098656359112415	12.072005162981558	11.877163196204984	12.033155577985486	11.41525649228332	11.978263612265238	11.233713385459993	11.821591266971028	11.799662898136491	11.532104590905442	11.314895431237927	11.404701365834798	11.668303778882942	13.469517843884535	13.65937453686673	13.79845614456182	13.898319748969547	14.087600470513651	13.89784973808395	13.693229419321364	13.835831136385018	13.913032997809768	13.822732692788561	13.632757869014515	13.482595733667548	12.65092827101732	12.593952721867295	12.694453358728516	11.746246893274911	11.511037107045832	11.212096094672427	12.132156258710626	12.402445336497063	12.263611296898983	12.044778342657088	11.567813513251417	12.087399649479991
AN005452|FA(24:4)	12.056694090632382	12.185034707290134	11.974321962024558	11.853360128335964	12.060024133628097	11.660911707379956	11.76852643871321	11.961316336239175	11.73538623856778	10.870869154894768	10.083451283072296	10.511410226697443	10.706823868320795	10.591152900375779	10.654339716165001	10.378274786175094	10.644875790217547	10.731888196500114	13.64257357649258	13.856133148306881	13.866707140328577	13.975560812360662	14.137630767834267	14.053077799053789	13.672474944933766	13.733618165451203	13.66385572141043	14.144711698678304	14.245010660820425	13.972914127514434	11.281622593122192	11.300326457727111	11.278746457388937	10.123865208059886	10.161721351434668	10.002910952570067	10.747262581448217	11.030524069387484	10.816092865752907	10.856756812890065	10.594218821895382	10.718896281904037
AN005452|FA(25:0)	16.211592170122525	16.24113811176192	16.842104365114913	15.591663496099244	15.347525908712644	15.34637360011617	15.346461899517651	15.387453066896153	15.3005390793755	15.408316681286054	17.672983667822777	15.916970687315263	15.159036244692944	14.479172277231172	15.38868817257041	15.057884056417306	14.82774763571974	14.717613428571317	14.479125397486875	14.101950332206606	13.742439112008238	13.480240353756622	13.446240406259745	13.527527395708846	13.790581673847257	13.759478457552394	14.013619138385232	13.099113318709742	14.027101428069045	14.125638597167788	14.491340655094955	13.850262077900277	13.788224681286623	14.00397005507991	14.909715932013405	14.159013980804692	14.455111971187781	13.228642946793402	13.48399156368838	13.849789032569538	14.325108994614887	14.126583309982871
AN005452|FA(26:0)	17.032947627111124	16.97908145420894	17.54096879623629	16.31774795471621	15.988375269529564	16.13192660046739	16.025056000814622	16.10508449717457	16.19510614487008	16.19611596960166	18.647407702261614	16.777513172916933	15.854542536426418	15.298552791292652	16.16998678624017	15.714174998071812	15.607177336787068	15.542342907075925	15.457002352239881	14.881375429994215	14.66067059523392	14.641956611516846	14.52874986126354	14.454386984528108	14.86107351474076	14.773733687944572	14.702090347928529	15.044151198942616	14.894318558954422	14.880846238109596	14.88509834204292	14.640981435782546	14.818764632311128	15.066904272132856	15.52923018182141	15.265187819413573	15.065084381917911	14.38559498442035	14.411121815101575	14.287026424094234	15.024002106568645	14.926719720413654
AN005452|FA(26:4)	11.529866814632845	11.893882707511347	11.781035780545169	11.766048550123772	11.691235032788047	11.454676451943735	11.639245938175474	11.445284186389506	11.451781540378034	10.517199953760905	8.12173822813283	10.310937733281847	11.102883770762313	11.000767144559221	10.760369624038267	10.255251417969792	10.575812154918912	10.594514364953627	13.220225616680171	13.33648454635552	13.5535473126017	13.32615437160366	13.306794490714081	13.25214383857446	13.064529515429276	13.199200492821133	13.246458460626489	13.508043366878745	13.290130145146138	13.189177702130918	10.447518080086745	10.387652096506955	10.309521021398325	8.073259409925887	8.157795027866149	8.132940770367721	9.834225104464572	9.913132653147299	9.803198370927646	9.410025266565718	8.646235027149569	9.446006191450774
AN005452|FA(27:0)	16.148484987758497	16.272922309187674	17.127696719672084	16.200412188205103	15.726506799992814	15.672895495107854	15.747888170500453	15.376586511690737	15.774338605217949	15.82722037053358	17.5236075545963	16.46122873925812	15.62655760243937	15.344280434257735	15.513190667612967	15.15109860532283	14.962235789140726	15.198419799432662	15.313231248846124	14.202804775344985	13.861254864809151	14.598914972853322	14.486908116966136	14.1671151884363	14.008115311345296	14.73376328762538	14.050084017227377	14.229159811303717	14.109398935028793	14.745682747702432	14.746838477043973	14.28550646035235	14.692023703963045	14.859588555467772	14.78999900963824	14.703472373703782	14.855873004601236	13.989837320831924	13.888736061012711	14.029109279508067	14.656990957058419	14.671258453808955
AN005452|FA(28:0)	15.496005720673825	15.670449954883617	16.2672226053227	15.54670204250876	15.001913152637508	15.052985024082897	14.907499462408609	14.77346780052486	14.767164488736608	15.032630846038609	17.107426141859527	15.65162216742619	14.790584199564234	14.465672324799012	14.99085022016475	14.688406238900962	14.591587399798378	14.255157429578757	14.323621769883552	13.825418444988077	13.694376701478248	13.969768701043192	13.366763458830745	13.516024163485476	13.48493662186007	13.835266241485082	13.430533816451911	13.623795084334025	13.531302239273383	14.006535913146376	13.778317245913165	13.92066497306241	13.993789016691784	13.860459018560697	13.933595892702721	14.222230603023648	14.230424863213164	13.934127608727799	13.600557212921979	13.394765494065588	13.842885965234819	14.015181231384158
AN005452|FA(30:0)	15.057867645404796	15.069308205700445	15.950231796413146	14.494819535069515	14.314522232218003	13.963002742667955	14.363389976217043	14.039564285067911	13.990131448503151	14.477803793417628	16.75141603471697	14.745805290881163	14.057364492868391	13.790933384923798	14.061699388187906	13.932766442990005	13.63107267325262	13.826025136827557	13.68765546000123	13.407259204741385	13.06436367335804	13.323936375455025	12.937707716109085	13.212519682876808	13.482690256418795	13.251774978370864	13.297546188390319	13.24312893574147	13.218126344687875	13.43301584636639	13.096030002411231	13.225353763632754	13.075737566429071	13.354097948328626	13.662820766279795	13.387616963835159	13.523540807946823	12.89262771712155	12.786985745998217	12.86480255871421	13.14488551063403	13.360271239690048
AN005452|LPC(17:0)	11.875262681178862	12.5894193113458	13.271125631679755	12.220936127513799	13.453804831176774	13.478189481925014	12.480823188267934	13.507165600265557	13.294658141135072	13.810643096287496	13.87566916744356	13.384288498724196	14.049746094101648	14.121284456118179	13.913407971689956	14.216039315284482	14.305862754688354	14.434689525414804	12.922603679826201	12.254830818700846	12.029549552609517	12.992428586589057	13.270025127890325	13.313265784849055	13.177083331648081	13.106660651009676	13.206580723378252	11.83473073958363	13.041044471767464	12.886986658127693	13.971167601339305	14.076033986465983	14.07925575117681	14.404916045972284	14.167638898970116	14.102777366472978	13.886194837579058	14.204304832144253	14.097772651550365	13.923254865635284	14.004952699885237	13.965853248743494
AN005452|LPC(19:0)	10.950843302876462	11.262414730075381	10.80209036819571	11.018033238367657	10.967039991066285	10.934539008976573	10.820498596522063	10.873816564793438	10.897633175126742	12.264674282201169	11.62414595938877	12.060081281039853	12.115454867635904	12.15750059405286	11.993088237790282	11.895536602713657	11.92796414324155	11.944668364472914	10.287658158686153	10.501796324046573	10.37886070556369	10.26004158903639	10.423654896494204	10.462264997005452	10.516128722354734	10.566558938826232	10.766563651902315	10.220420687713988	10.103256088858247	9.919224071669646	11.714634156698875	12.05010836100556	11.901464462549768	12.091288521964888	11.867802859176564	11.911224319421123	11.650346842209288	11.845509243854748	11.756702372362039	12.161551385282705	11.810006748233754	11.680006570051706
AN005452|LPC(19:1)	11.97660768676091	12.347069134896802	12.062678720485877	11.977414880788107	12.219712677314611	12.132160648560768	12.004470034363843	12.656520982918217	12.36573260336502	12.69580984507388	12.306559470125853	12.547571235634624	12.883500328626202	12.998328611766102	12.641020581155884	12.977895486727952	13.306061240262638	13.159256566130463	12.617498313551305	13.040231888349032	12.98978719563428	12.580957691143748	12.79238950208433	12.84227561012116	12.914626384091754	12.663058068732578	12.901598633201415	12.780627791773858	12.796283908240389	12.711829715274618	13.790022026192648	13.953787424731132	13.791909433830218	14.06496162512402	13.911314956939425	13.905784634664645	13.564609336802139	13.867712600914729	13.50848801845828	14.141488059921645	13.877569693971033	13.799750107403602
AN005452|LPE(18:0)	11.832749801111685	12.073136495205558	11.441950842852924	11.774732084362347	11.644364653820627	11.725999425346952	12.005992156348833	12.10140522623663	11.872916102100506	12.419610262088556	11.497194885366751	12.451760421721689	12.340895445881968	12.419604572849321	12.420078565556777	12.479924646323212	12.675826941980326	12.71663783816668	11.911381122799064	11.963444328446045	12.240622562240336	11.846710219527479	11.987597071524075	11.978137728263935	12.349765701882806	12.206101161385066	12.413766665326824	12.179343958830477	12.175914210904777	11.850344210759301	12.656443971768342	12.69924220312005	12.611838061475888	12.635172036056106	12.44643780240583	12.52682149941109	12.700233003799834	12.93345218872896	12.80621571344117	12.779278328653946	12.462873554106363	12.527632193615366
AN005452|LPE(18:1)	12.41513994779156	12.607889649170854	12.236924744075722	13.308903676405555	12.884159456650087	12.901464324779061	12.247014585319674	12.791846101637294	12.620878085589434	12.598825362525075	12.489132481064171	12.384127338339301	12.494072884072027	12.891289086821674	12.762245069069898	12.64982693894451	12.928090241424407	13.05607086283851	12.653022823952606	13.221294511923809	13.169459195129239	12.767280972188107	12.892440992655187	13.13949717513046	12.899398222630136	12.812088493817583	13.1521017655466	12.934882177566493	12.935054685608625	12.962536007436627	13.236838961481078	13.527612637697985	13.314181217023096	13.326351557275288	13.200258531544076	13.028650038033165	13.392178721214885	13.736150662486184	13.449748012382575	13.473840360177924	13.248307657192669	13.232891495477222
AN005452|LPE(22:3)	11.548135704781382	11.926098804743432	11.810116787818808	13.207397804400776	12.384774041921506	12.317089723219722	10.976698550109827	11.509268316229821	11.64416804167208	11.159093288085206	10.298991353078236	10.614617263547476	10.853202530146573	11.157097381983256	11.42140247226777	11.229959629347025	11.325853201969151	11.312280015236341	13.37093056432231	13.61576272502935	13.354596557205198	12.991347634482567	13.154594535636953	12.772848332081631	12.681959397560563	12.970993775627827	12.989414640920229	12.611592488861072	12.8451661088967	12.708826486544512	12.377091046614286	12.226408098336144	12.088740097769614	11.66458130725111	11.751179649163763	11.682160390541844	12.67199867482724	12.812078827578596	12.419511737241049	11.462719321605947	11.421632160387658	12.01515593197133
AN005452|PA(O-18:2_19:2)	17.759577441528897	18.034999384260814	18.10748665529589	15.628656560636786	15.97493777045678	16.316371734085834	16.007517326291165	15.910737878039077	16.322747867851454	17.103301789408263	19.4786173955662	17.330276159372048	16.11534963858715	16.142577696784052	16.43514711969409	15.82235279816966	15.46932260580473	15.096720141431552	16.143647865917018	15.405732474465259	15.324380761343557	15.458853133561142	15.597094267442486	14.792957276499132	15.6323350769257	15.97030034311869	15.782482038112844	15.911949847151245	15.260442747702083	14.747192715904514	15.572206279636939	15.248397927104984	15.84606615916723	15.905208049217816	16.05460634462795	16.269186492597253	16.04743179812668	15.267517383273717	15.32417774236698	15.300535759118443	15.480838223353738	15.634818942348469
AN005452|PC(14:0_15:0)	10.415398827782845	9.888427098781005	10.51494056707776	12.982476286972709	13.028362416725898	13.066962339745821	11.946661927503047	12.688323340701686	12.534273619914574	13.205957212022977	10.155041048548977	12.914543523020036	14.71722502861999	15.018712742242828	14.608273124042894	14.302274099113921	14.256391862617008	14.30415285387788	13.545246852249507	13.68791698045048	13.705499324917602	14.278551826499486	14.355389382415497	14.27090920908585	13.832336254413553	13.687075225169409	13.89812265032953	14.137211674382268	14.122457790295654	13.92228381051326	16.68939493198169	16.801667130683573	16.792973656059875	17.29783320806575	17.155168485675674	17.153984260658124	16.372275696694167	16.6750982726317	16.530746070689233	17.38744018080382	17.310097504472484	17.34165002798225
AN005452|PC(14:0_16:0)	15.800791331822543	15.827249248400626	15.6323205962669	16.65213528450114	16.640051416354748	16.592177839005526	16.526730092622348	16.517882354798896	16.610794748707303	15.835740166955445	15.039081002732848	16.036795093162226	16.72863751994914	16.514814928239204	16.647686715995025	16.374358587204608	16.47351150328772	16.440336156490584	16.602522393001664	16.438044567240226	16.51504123001522	16.542628602984006	16.80847618285143	16.524321104060935	16.486515987634775	16.493001329107138	16.418118677320162	16.709784930456127	16.623149650793543	16.608977511435242	16.438497066589555	16.08211925919067	16.38654128959969	16.09614551672371	16.00999333317497	16.171492502058012	16.46847597019794	16.46531015709507	16.25566221886845	16.03860868200076	16.153211312400593	16.203376939944587
AN005452|PC(14:0_16:1)	15.576572910961824	15.654395839566494	15.285607938502503	16.34414284486051	16.507435938171064	16.413044897206618	16.079397534683437	16.079270645123135	16.152146834258676	15.88262023809184	14.24631765266002	15.790570005738694	16.64111985598125	16.59076883622622	16.51164613413938	16.38848913996456	16.6048339801231	16.527229438656768	16.735437737243643	16.79829227676045	16.793347410899884	17.166727057462285	17.197208818278273	17.21636878832319	16.871625832387608	16.794895319054213	16.999929832026783	17.133322284050788	17.06443708071915	16.990056177976584	17.2763489587279	17.490365736837507	17.365758388882647	17.550645334644535	17.424578439033027	17.464534853457067	17.300513639941684	17.431588126293015	17.365975752266937	17.429113528376053	17.393320633913476	17.298362659919803
AN005452|PC(14:1_16:1)	12.084237453117446	12.293894868864669	11.546421889800099	12.373538606169609	12.218832157771487	12.397585533693768	12.463630948130707	12.327799506679673	12.169884595526652	12.758282303077204	9.247688864377604	12.537927622973955	12.795866047576164	12.899017831164512	12.555607788933756	12.542871655888298	13.050545963459616	13.218094912684094	13.038878326774974	13.080371570848305	13.431920055026136	14.125168859331291	13.807144246954689	13.905142336521692	13.11818924396918	13.207630006462049	13.219184589789386	13.665916275901452	13.72771316818378	13.528566144417626	14.3136218856858	14.14522230670633	14.417325547021093	14.913281027191623	14.988328120210943	14.916166489493635	14.066737078546323	14.154719016680852	13.971671560533695	14.77269541266447	14.62059195201509	14.731425129448043
AN005452|PC(15:0_16:0)	8.269942821934432	7.680846552594055	7.957279273995066	18.11492283454205	18.38019135126785	18.308679299706323	18.317743217000437	18.343977464246034	18.30044934839205	18.48873229645513	17.466762493052013	18.352177140258533	19.50154289702202	19.68264087716942	19.4111895616138	19.290616779651767	19.2836370980977	19.185967282037378	18.294685579169748	18.395917242243538	18.338100804217138	18.338136554733993	18.579639834360247	18.692224301814004	18.213664274568977	18.15996490173396	18.4468294616453	18.436521100306123	18.50200979118739	18.337815921918164	19.64572047310164	19.628978361721725	19.7014059678316	19.54369770304571	19.454373396907194	19.580850289978994	19.665345182275143	19.46811257659032	19.46936055779099	19.62671326851682	19.744731459868095	19.840867330141847
AN005452|PC(16:0_16:0)	16.32961402146629	16.151816096235923	15.930178507735036	15.981832804236578	15.787294978576204	15.745927740125367	16.276436351500006	15.96115089666925	15.95279132729854	16.186219996681206	16.165884253524265	16.527289500307546	15.97160508039494	16.038659472937038	15.988970100156772	16.010431279843292	16.236287044169075	16.502394337552825	16.167006291079783	15.450600638388766	15.51967766364039	16.002803353394803	15.83559069830344	15.24648358834673	15.410448763349908	15.363974126579203	15.334094428249607	15.472588120564417	15.744063437389181	15.442386976806478	15.288176976579813	15.169133595921615	15.788194725333101	15.13769850864714	15.06093721528522	15.173737290656636	15.62892960009375	14.963930923062382	15.065917127511069	15.551002565990968	15.18208325511506	15.440040162440026
AN005452|PC(16:0_17:0)	20.460115392597622	20.421005545994397	20.071023397063975	20.274210447348672	20.057471861329713	20.207574966603204	20.919645595655204	20.546558891576808	20.430855508311218	20.401106048313302	19.772287776779535	20.314544317918465	20.294950298400586	20.29167136677288	20.626540596023226	20.64168357701739	20.504471706084423	20.858566659160285	19.86211918700183	19.765746321921743	19.85850868464947	19.718292780010554	19.877423553488562	19.5321101880127	19.64621034514941	19.64256689568206	19.872453099625826	19.611048329158198	19.8332740156538	19.650069207140717	19.39869342509828	19.21234865188562	19.440966604531024	19.083835374235992	19.177820938240767	18.888943934427246	19.674537907049196	19.226903916718616	19.200780077154928	19.183300308978474	19.00377067826912	19.21588859330722
AN005452|PC(16:0_18:1)	20.181556393088485	20.031309157343205	19.69415257497611	19.882510028054224	19.59612340744173	19.896058981059955	19.778599635403584	19.56797287598433	19.840649789873297	19.84341434223976	18.567356469840096	20.13217317502005	19.744223512456156	19.56726503373218	19.513311000472928	19.725381122636144	19.6805692535212	19.656952805157108	19.776450722820016	19.60798674434903	19.475902989805324	19.67328860697278	19.670139005032578	19.535358851448795	19.69925526310598	19.739415556429538	19.802939710239993	19.71418810748571	19.738358313871863	19.65424142962809	19.25033792543964	19.011938234643917	19.224735621318803	18.792230813891365	19.006791003775025	19.077864080147446	19.36884327942917	19.244995947316283	19.12056152287277	19.186132543124643	18.96460405407768	19.128095123327046
AN005452|PC(16:0_19:1)	21.99820112423717	21.925173353507297	21.83248654896739	22.159435802291025	22.09810122586131	22.016307162928797	21.96864678114689	22.030748963847486	22.02337694864616	22.23931593595629	20.66508761828712	22.159789941222616	22.158883342561367	22.125602253671968	22.1884594642228	22.0884319756479	21.93821289681748	21.9835666641834	21.873558710985122	21.925733141537144	21.70445389510827	21.728121374885585	21.4771322129682	21.620866698417622	21.580124871529012	21.929330285908335	21.767140128819534	21.826162161565854	21.727295512762897	21.78366358324392	21.857827697368702	21.81938672113612	21.73026542366165	21.53838915800024	21.56818680341086	21.738742249404602	21.770470167904147	21.775965786949502	21.6779158318735	21.514616470153204	21.59180661575717	21.603306328887545
AN005452|PC(16:0_20:1)	15.490938964992157	15.244216738700302	14.718410759063413	15.57671349226579	15.544099158560321	15.870748911378312	15.224872845576614	15.228261745276216	15.102101126743092	15.212469715067563	13.874840411364545	15.31546737078109	15.496879221719107	15.473927595597525	15.424195687159452	14.978087979219039	14.89568485087893	14.754246507809878	15.62794639586499	15.709544140090145	16.097562178207717	15.63666236122289	15.999748252537325	15.963111038633848	16.047636657287068	16.150562894677538	15.894599985417047	15.767395612935454	15.668916715169702	15.701173921301686	15.25998140105918	15.220444468315879	15.232411655915584	14.717743685235142	14.749304946379969	14.802659059082014	15.549390688296802	15.654681298253461	15.58264921504462	14.841010963905243	14.903925810839581	15.244569393049101
AN005452|PC(16:0_20:3)	17.570313546547666	18.69768617260294	18.420976656771728	18.72084583163696	18.678012433694544	18.64608067907855	18.380247560465694	18.28907649207978	18.38506555950008	18.462148574539153	16.574675546643817	18.26968875492325	18.4402917550206	18.341487550289322	18.216042466155393	18.183288983717915	18.262680940613144	18.352432721026158	5.959784003460145	19.392992365727103	19.101570841582237	19.523781643659543	19.18115609796972	19.448795304456524	19.38525825224703	19.420209476892623	19.437146528524725	19.391316859912973	19.486152648836317	19.45101478453184	19.381763737745064	19.4279954291492	19.472724855084028	19.44679605414134	19.326789458326704	19.45712814946638	19.483879433436773	19.311216926031285	19.41329807608436	19.361438183564626	19.32562441287416	19.501581126378206
AN005452|PC(16:0_22:2)	15.347856450344043	15.37059299108761	15.13802805503786	15.857089444048118	15.894005599401062	16.169813933429293	15.310394188992012	15.31601805982917	15.10785156451281	15.352810714684765	13.09864826699326	15.372875943754767	15.70385511388057	15.690966355737334	15.458453212004803	14.662088107966461	14.810266031089983	14.8566373117819	16.620762876197478	16.697828875050284	16.601094145578852	16.793991308794975	16.387758658318155	16.87654674784927	16.963209248919323	16.625649121233824	16.75598505076019	16.749303697025454	16.44080700714098	16.702574931942173	15.78313379359249	15.716397120553376	15.850045829038896	15.357423695584027	15.274279567207783	15.063842863921952	16.050890909629718	15.906372494312679	16.077496679049684	15.465593772722015	15.358082922901426	15.45387391480791
AN005452|PC(16:0_23:4)	18.630031938432627	18.54968932038792	18.39779480163884	18.680595510666297	18.763160753610958	18.66571511840984	19.13360248253504	19.04010864942097	19.03857514300484	18.493964384594765	16.296398051580876	18.504447851970607	18.422458077568873	18.546073455276304	18.582336709090132	18.83919820922049	18.689100182798956	18.713390559709993	18.382248872746448	18.42335801263589	18.35636041530014	18.264562206822287	18.1737383241817	18.157720916861273	18.161593708227862	18.394911433314373	18.334858182871525	18.294729281688728	18.247287478323138	18.35596952735466	17.959800900925952	18.003676609444813	17.99057294660888	17.99178213259152	18.112359808659296	17.941813050629545	17.733399966522928	17.698792108587572	17.5750610900292	18.043638007023592	18.055320680477678	18.176353239621548
AN005452|PC(16:0_24:5)	16.426219346512994	16.706061432110197	16.354124251287203	16.98079220415999	16.976298050822844	16.75180962251882	16.943316622945282	16.81550008997317	16.887068257232364	15.822078167000152	11.554009440776412	15.861668526707437	15.825352914307647	15.170509223588624	15.82596317861354	15.586273189712719	16.096103991865157	16.123257571087834	17.499935683056737	17.30213498400628	17.40298727386473	17.289498504311158	17.336302388548283	17.38115747902147	16.49550646799964	17.18674803281912	17.065345073781558	17.35389108515381	17.152661920696797	17.2869361009127	12.446264602646359	15.362807649527642	12.036984359159208	12.20793132673678	12.399965087664333	14.550326942489166	15.112582798514948	15.42848003387812	11.653542197639172	12.319106108814962	13.812826726083106	12.582429840744211
AN005452|PC(16:1_16:2)	14.08736089779815	14.046203149624535	13.52810842238338	14.126270298451988	14.217662829681343	14.32986118234846	14.334466300172659	14.099427325366639	14.201839224857133	14.138228253047481	11.163553905800114	13.9810823200579	14.376703000533164	14.345636396313736	14.178271178810649	14.418706336783545	14.555649112347352	14.477368867506804	14.288643799302788	14.410408700063128	14.432698667951696	14.803928480989015	14.681149359250236	14.89242146344812	14.397140686137648	14.486444439977532	14.414029779362291	14.659487982080902	14.70416495989559	14.621258494080246	14.951239427411029	15.077950494278289	15.058912091918799	15.540931395655642	15.416480741108195	15.46527950777184	14.706626453011118	14.926828587363008	14.709339533904144	15.40074546354607	15.379479575808558	15.429909324522885
AN005452|PC(16:1_17:1)	16.128735366904177	16.14571654104399	15.824051814961733	15.591384102222875	15.888710832680145	15.740316579455504	16.271739487158225	15.96845547268893	16.191504110149012	16.77674563183057	16.411012482142915	16.328261937721283	16.445138400077393	16.517989252778662	16.340846879102337	16.360886531184345	16.881826554538556	16.78204792551843	16.21893006080064	16.87146509297781	17.03875051568402	17.47483637251869	17.48520784551856	17.419775730730134	16.449902648905802	16.359607033405155	16.98809502974836	17.14341629288742	17.203961709997344	16.72670907964103	18.233329443993735	18.24764001172853	18.419381607804056	18.908514114897542	18.829444022734258	18.748983325067197	18.00040861740595	17.945677216136968	17.740662904171888	18.76817836228561	18.609435796965162	18.680722757053505
AN005452|PC(16:1_18:1)	20.551436345274084	20.55820174534306	20.21781453333612	20.270963661759463	21.260727977096426	20.396550123431357	20.246134437882198	20.295003694279377	20.13826226323075	20.384120585389617	18.297435604963304	20.41511439367526	20.218080131394036	19.986947281182882	20.10220546545223	20.093219915297258	19.919278001203793	19.999255935195944	20.621102681113104	20.678897742216126	20.580334296316806	20.74359113583751	20.512510293067592	20.669223931164517	20.72656238191719	20.57612394974418	20.75886009322724	20.85718335604444	20.73444164408919	20.81227400089316	20.58363467560818	20.51962875956858	20.74846178269994	20.400121680810248	20.601789447427365	20.451619197742065	20.862877921695	20.760050920640627	21.457567116130154	20.545483108036013	20.560274506718816	20.240390618226993
AN005452|PC(16:1_18:3)	16.221308770048743	16.121454143147364	15.779637761360624	16.084300972911283	16.155322396503827	16.201920583069505	16.583127906808716	16.60606965435577	16.444393584010164	16.828884146688665	14.390265678622155	16.705943458570584	16.359281969275173	16.702606888138465	16.39118722921425	17.142667809899617	17.3276515124065	17.004643162249174	15.56149277507242	15.671522120125472	15.56468146932085	16.03144145436484	15.818193856183695	15.891714892258936	15.605017849613562	15.671175829999555	15.588028387926029	15.75749415477633	15.640316270861145	15.779971880402526	16.527448515183536	16.617295478454462	16.52130310509192	16.70231207694366	16.80880848081166	16.704716138953238	16.394204054148364	16.50027447278222	16.34525938941212	16.73316408474651	16.758021506153668	16.756644617121587
AN005452|PC(16:1_19:1)	19.611052550990188	19.429696517529905	19.19826279061371	19.549751597760636	19.677510302766375	19.665849633241102	19.9060618019699	19.863287781124175	19.860924597125877	19.9101073069064	17.465130927696823	19.69163577125967	19.808497681361608	19.766358049011206	19.765603920206473	20.020740623194584	20.238635929752107	19.9270288628999	20.14705082398028	20.107785240326834	20.243288680897848	20.411732935572125	20.46776206576803	20.244513542720078	20.196788451379778	20.118860939178283	20.196660757309637	20.192721690472702	20.124858691910063	20.03554595048157	20.506187011157202	20.375647377555993	20.48365112926124	20.659039191012166	20.656904861451796	20.659374323075763	20.39615189882325	20.392028780991282	20.369545545048656	20.639938673247638	20.509831952826865	20.54911983115103
AN005452|PC(17:0_16:1)	19.53438107697419	19.42718737040382	19.088402786830805	19.630878524106674	19.562288873125436	19.693018368486005	19.841109213462566	19.753698338022627	19.89446926761443	20.15967754508337	17.887051281130454	20.01078177790531	20.422747598926474	20.43201659450545	20.280898792869497	20.48713164369196	20.51064957185357	20.4902274639286	20.06518150523214	20.017083201064633	20.057486565307727	20.213353428547116	20.420978596562176	20.11820484152486	19.990378212222094	20.047267373543846	20.039113309597163	20.242029080410774	20.188016245376605	20.181059107087044	20.956306733344032	21.078815101284768	21.00934066287249	21.17399125294626	21.3028494252804	21.11292138447577	20.86982097299309	20.92673425220416	20.83176867524278	21.084860843301875	21.110425087606227	21.079502965209908
AN005452|PC(17:1_14:0)	15.76214181292277	15.726782001867708	15.346597000648945	16.29804859576881	17.50190538514916	17.57842823050109	16.94761414085434	16.97126485125255	16.930393523788524	16.66001785862044	15.289194704411232	16.070798907409625	17.326754740299247	17.585679252750797	17.205289359429944	17.41708527907428	17.676177702481382	17.55408873242102	17.15838902171381	16.86676053528054	17.474092973529753	17.206835616587828	17.246094987500303	17.0749184135664	16.84618498948984	16.612734740392828	16.66307398039204	9.648004965054392	16.117853558367823	16.96253004553244	17.942300610063015	18.017697666108536	17.966860000301683	18.595055179976605	18.519196962679604	18.546373358094844	17.618124799813444	17.763649962015087	17.688728390626416	18.63984049420678	18.46076366204862	18.501671626481198
AN005452|PC(18:1_18:1)	16.35994098294058	16.537026164019508	15.897373625631904	16.120378719009867	15.808500600026408	15.725402421012266	16.137266859219793	15.684417220392657	15.542445237236818	15.972914430509569	14.282600047485662	16.234401085546637	15.91619344212829	15.393712034589896	15.8062787863078	15.24736807505695	15.150306613548842	15.3939315116469	16.131182005733983	15.803053251439481	15.451275891897962	15.787019862071471	16.170898330069125	15.621002010320241	15.633910001376929	15.574357528991284	15.812314357827821	15.937750105454771	15.718936872835597	15.55936703933126	15.417944651175626	15.652088329575275	15.64850486222493	15.675772870279024	15.874199355682093	16.162094415392104	15.435891774274362	15.358321644779371	15.397054331937758	15.433179863225382	15.478997240357591	15.27676779723398
AN005452|PC(18:1_19:1)	20.550498523375005	20.515547577964025	20.178698551000185	20.383316547769407	20.30802493046112	20.295425986454227	20.330329064555002	20.443297066852406	20.270147222405704	20.36660583504901	18.239142683936	20.454510777628542	20.24043593993127	20.185857282652773	20.282825719879707	20.101631560294553	19.987781555597294	19.962948577355093	20.742530128117483	20.551714568206716	20.551682828680967	20.375463796292536	20.482143927188535	20.298435449763478	20.549065295641352	20.705030124587715	20.51594604786411	20.492804077834396	20.655211487120358	20.62117879359187	20.63205469655955	20.53138739209611	20.60104475027861	20.64529902603405	20.678778234886014	20.8384723043639	20.695315452475725	20.459703644092254	20.379902935074366	20.387280920654312	20.612245373272813	20.404071088915817
AN005452|PC(18:1_19:2)	18.818254160795604	18.775238613854217	18.56191141859596	18.98384699886255	19.0494435748727	19.158062132843817	19.127709716335065	18.917900477157335	19.160546288546467	18.817536114523936	16.935926582662756	18.686245828299363	18.916717315324796	18.948026536551925	18.950516525231727	19.016353392487318	19.157116748243645	19.04535763228013	19.26161388310691	19.185295486693445	19.08312565739936	19.207387587722575	19.382310756969453	19.292063429698672	19.154953815570558	19.226466742034045	19.179264526776045	19.318848941074076	19.29942300652099	19.157317020967017	19.161801179679127	19.15374054619586	19.160169034406028	19.325280490590046	19.405064866978968	19.36586874731039	19.036666319817606	18.936334156504056	18.86394691668479	19.13126694550032	19.33559397482079	19.245421479157848
AN005452|PC(18:1_21:1)	17.835284880696985	17.6769462904147	17.395173083930562	18.238536469449468	18.057855477565667	18.20322734191786	17.69909683604203	17.522018286691804	17.62051283639219	17.579531584658646	15.48406667487199	17.51905404513138	17.888657290293413	18.008208200548058	17.826767801897898	17.24765348027151	17.184167548770947	17.09657837457452	18.550422697565118	18.39216183261178	18.23164916867775	18.258145533666717	18.011521654361285	18.146656815676806	18.627702003089073	18.430879549249735	18.497425317602577	18.31535907038166	18.274583549440525	18.255997495522415	17.977886204727252	17.888490192683363	18.015345435038384	17.94666027034111	17.854411610146467	17.73249265023275	18.144514768699334	18.0891256510529	17.88201544167226	17.79767886593497	17.599318966759586	17.923305177337795
AN005452|PC(18:1_21:2)	18.596566675261005	18.624934555166842	18.104108731088388	18.755266101777558	18.732493977410837	18.87448593841855	18.405172284767062	18.581328521378424	18.677026356000177	18.35787853310917	15.923174563470262	18.28497302839736	18.48394563508276	18.358429806935476	18.451252897562956	18.062074695006935	18.243258572597743	18.171324094149167	19.79869650627946	19.76898030881533	19.331750799490155	19.65673397190797	19.419960174760035	19.514796835493396	19.59468269427572	19.55551789807145	19.38271469515561	19.364411837881327	19.53464534485524	19.398385252586074	18.704981750367928	18.62357164084083	18.8520703196775	18.58304018411763	18.787093196941356	18.712135376745863	18.87036599595293	18.58453343849845	18.485487106857295	18.591455834043884	18.491153375114752	18.781056376468662
AN005452|PC(18:1_21:4)	18.246722909752485	18.131400676414216	17.76903039827315	18.228755400039812	18.406914169887195	18.385882859556904	18.876090003405608	19.009191851138137	19.08938723239442	18.336572245927442	15.914473855491568	18.18231181219388	18.192035551503235	18.33184416094278	18.263362424136965	18.984945083637893	18.950497133834293	18.98779597724021	17.23882064218265	17.337816277001224	17.466971187048344	17.308074626735788	17.25900732628697	17.319900121630084	17.283727369642243	17.35364727252018	17.39678796287703	17.212217952317502	17.30093978993671	17.13011804619675	17.178641654090857	17.185889296730608	17.09383498707503	17.05775439330432	17.163238848030506	17.093921935098514	17.053133257005573	16.95356476842991	16.848561515061682	17.30496133203868	17.02025524951583	17.261405389442775
AN005452|PC(18:1_22:2)	14.14401952705157	14.005257551901288	13.493325943246763	14.298200880411017	14.204147753286657	14.342439279572488	13.621883342891039	13.58906734454897	13.65140525212212	13.777462675891716	9.247688864377604	13.778765913273203	14.045256845625854	14.226632451440373	14.167186058223228	13.052656332147675	13.293715658412024	13.168264425846617	14.728332926642988	14.830367726881633	15.274678236834806	14.60962679858907	15.049582804517065	15.012647866016005	15.12363549201023	15.106137599876536	14.715072950068894	14.778450983554489	14.829719007154168	14.752909877210138	14.232674216444362	14.228924899388536	13.944519616855581	13.590924725648163	13.439477367307983	13.54084596311185	13.325137161984982	14.557808188250345	14.545500863635695	13.764374780199375	13.728596644882447	13.59674313034291
AN005452|PC(18:1_22:3)	15.58524712888537	13.496452720370081	13.70534436844882	15.627624180288135	13.7538012439543	15.781013649892465	13.834092940791866	14.285467544776125	15.165453031170056	14.808771850751661	12.754823836050456	14.039283784649536	15.075527690839087	15.057945344990648	14.54728076444097	14.33672636388152	14.324550976561877	14.424243918002503	17.11031918305259	17.177850003079236	17.16537233864287	17.22587110765664	16.95342884819372	17.232993722080025	17.04514081566537	16.841816778792147	17.029962317997015	17.08316306721761	17.164240747442516	17.140582376367078	15.625040303442294	15.205006358172177	15.437583667899068	14.615015783859079	14.668501822094772	14.352863526547749	15.54871492556985	15.702140927797647	15.262022562819483	14.798944659543867	14.966410921584693	14.623847476182496
AN005452|PC(19:0_16:0)	18.537390121411523	18.598123294677745	18.28668439725175	18.783651656830813	18.917906135420843	18.653538000225048	18.70397842345677	18.883654962516133	18.666269401693764	19.12661776095585	18.30806272032489	18.973735939119685	19.15767348766816	19.096900956260136	18.966489731993004	19.093284194138988	18.9641271433932	19.073617602533663	18.107172815772728	17.96408572825757	18.060669971359424	17.690787731927866	17.684643193890427	17.868656912723107	18.120719229809847	17.822657920525902	18.010262500036326	17.882119015364754	18.01666211039596	18.065408914872876	17.982258084130066	18.098932809496006	18.082556073910098	17.665059314248317	17.537541949174035	17.809443883820883	18.16679842124444	18.08712873280243	18.302408540334593	17.899187914438446	17.907590518625433	17.91732826955254
AN005452|PC(19:1_16:0)	18.336052271228493	18.22420265269984	17.85421072094212	18.814578147361363	17.443579163935755	18.756759900154403	17.68008177083598	18.31262226386227	18.35310309708926	18.464831766778858	16.724302233016374	17.99864449340306	18.26457150611872	18.58034368836159	18.019860539004675	18.622512759218452	18.68890054333613	18.515895866203653	17.941762844245737	18.038312688890635	17.853846056922627	17.999772915481163	17.796209743996027	5.073001072864672	18.069410617524504	17.97800400067209	18.001941702134463	18.28575483362709	17.196124440220885	18.209240690627627	11.512035293351751	19.599275037943865	18.257561920603365	20.049037085829703	12.734077565159188	19.54001121366884	18.454173722313342	18.15668307388925	19.93105882803692	17.990447977630172	20.016865577135576	18.46707172569271
AN005452|PC(19:1_22:3)	17.401601670618604	17.60068298262866	17.092037372115957	17.287680832538584	17.278505495736027	17.302915881714082	17.438105476988703	17.474773064741804	17.47438777848455	17.41425952354042	14.972966495638348	17.075950132249037	17.07488503576479	17.0219138155006	17.11888857961271	17.08358635079961	17.173256399292267	17.103828191292735	18.467088678305473	18.116868326223223	18.357401755326315	18.040499784578394	18.343242194204947	18.08886301271158	18.39461522283411	18.194047847210662	18.112337043164086	18.32803308695176	18.189368754197798	18.423024058660157	17.52065823937995	17.337635740486864	17.50021755677841	17.272071235825106	17.22928690476499	17.400284774871942	17.15677086390594	17.30220849924657	17.240966610009067	17.368324658964482	17.11386498907819	17.19972719016146
AN005452|PC(19:2_16:1)	15.981110010120268	16.20759303380237	16.316998030020518	15.863810735275534	16.249722201896063	16.891778500396615	16.979394532029012	16.35603287698236	16.259047608537486	16.31986659115799	15.328137611719375	16.725582800570002	16.96697238182017	16.522125756236935	17.06308887972385	17.148107776428855	17.419094777509546	17.388534219031094	16.280515517901616	17.30076127663681	17.429187604548726	17.2225272731171	17.08503634773886	17.79679450707488	17.47242228035373	16.57185134204312	17.406927059092638	17.3449599408958	16.796598105522673	17.112678500030913	17.524103837339517	17.367878417876135	17.31942371865358	17.822639752060045	18.466160103541824	17.962054683716513	17.12632273454327	17.161801276982374	17.00470894439067	17.748119819115253	18.323668450005403	17.784448823468253
AN005452|PC(21:1_16:0)	19.54859519923156	19.567491498645722	19.31418119682981	20.036002973051932	20.0058642578319	20.026624461287312	19.494329415292277	19.537324507520417	19.599180217692837	20.09399012219782	18.050563193172206	19.82331781800774	20.049533051838377	20.165578212006505	20.31054609464082	19.485555242361887	19.58118943073874	19.629417821289433	19.91257780396893	19.93186319353489	19.685444585227703	19.698283943452385	19.609213543132377	19.609372527420042	20.04963494789008	20.103949590932146	20.00553400979209	19.803337708390593	19.722255940911865	19.757069375934414	19.703458357976885	19.58008024482838	19.701204833294693	19.344746753371442	19.36403181748306	19.366373473423884	19.960541928004016	20.000436674584257	19.757026825211767	19.634410537084026	19.446298790659682	19.75098590276354
AN005452|PC(21:2_22:3)	16.39615277226495	16.433027131562937	16.073040976275966	17.418010197173377	17.447941036815035	17.37546072828606	17.342248000969974	17.215103403085703	17.268620127358222	16.102497352407052	13.394653574592656	15.825548721210298	16.817495976038938	16.936698614248407	17.05502822880002	16.594399204053527	16.547503876935963	16.433658724598462	16.303672569967752	16.31106866676942	16.1386211846636	16.302126472799785	15.996459300343833	15.791145696143154	16.122565876319896	16.146556902195602	16.259207874787922	16.089599495121863	16.11342732357611	16.23950595087036	14.954975751704708	14.846219254924941	14.717743650446746	14.39449421325034	14.465064304539856	14.435999217657452	14.808257414074284	14.646524452836521	14.552914961168259	14.568611759078397	14.369424788163917	14.59876752276371
AN005452|PC(21:4_16:0)	17.897479065897578	18.031134275441723	17.70911258902884	18.01106590728331	17.965944816665527	18.330735216523912	18.60674495241178	18.7088088549728	18.643820897426888	18.574492392874628	17.647472631607645	18.245183797866698	18.417390890144908	18.753811971850546	18.504334788770535	19.228084368216773	19.162563751958526	19.21446934762864	18.246236360158864	18.756519452871196	18.98927115248235	18.63400937560557	18.78389900016965	19.098437918068846	18.425265247491783	18.621138359295053	18.75533395168533	18.81986514418072	18.790449975093207	18.544294992979516	19.19737659475128	19.14829350987087	19.225471725573573	19.007997637244642	18.691545952836414	17.893125276435235	19.163859768876765	19.23684407867544	18.99277413293931	19.170778810358783	18.782378041050837	19.243980212470895
AN005452|PC(23:4_18:1)	18.00525929918496	17.905241657357987	17.636351202096687	18.136564414086408	18.213205041396506	18.03938969554908	18.415690172713575	18.41224645334863	18.42024531401118	17.8302340904336	15.302385425052487	17.630485387214378	17.876283303698955	17.952423019742625	18.15176664292765	18.14927242166919	18.20370458009078	18.082515481395987	17.181475758611004	17.03927892819772	17.070122278427725	16.753722905077694	16.920680366381422	16.850259676246672	16.974849408964886	16.974557093227908	16.990827790839596	16.869030699363222	16.901983516777644	16.87525378333007	16.271278772914695	16.169349271077987	16.000385192059017	16.2351088434893	16.229022197059706	16.278989174341064	15.971292266516196	16.01984755190028	15.89458497854278	16.071758269880238	16.19796208293882	16.244636752289217
AN005452|PC(23:6_16:0)	16.832042052823255	16.764484368223727	16.75909614902779	17.885376314565303	18.020070774333984	18.088441957334343	18.095459718383605	17.971727997759015	17.99684419842034	17.717632325971834	15.498006233818455	17.01293419838719	18.070184394261155	18.22846787302249	18.12006230278723	18.16337740519692	18.62305390347613	18.431612636402715	16.71218706388362	16.748172060659382	16.958678112044836	16.722348725072145	16.727391835290305	16.752069945680876	16.641961577185974	16.697291667023755	16.659598196779342	16.882073112932353	16.656391205714527	16.587188263069862	16.462793985649203	16.364844470730034	16.10679473331965	16.40523679876741	16.231971314983674	16.141399701732556	16.311342989759044	16.434235661658207	16.36406264566421	16.575789034288565	16.342038505628302	16.528325611816058
AN005452|PC(25:2_16:0)	15.206575913244711	14.916826291663874	14.742084564093949	15.95031730077562	15.968149362995836	16.235206037624923	15.37212973064084	15.431876744675021	15.377108676157167	15.30621627847582	12.952228882280155	15.392206616207613	16.131022906516392	16.20912226343361	16.161748556983305	15.241022501493203	15.452094002408103	15.362612890587178	15.62864488352926	16.128574913471546	16.401252934827017	16.218259755218067	16.118137956671067	16.239040221553637	16.22900300966021	16.379386696532546	16.443122003857123	15.840232620326459	15.975577097226598	16.07211099183585	15.140322752117427	15.307963457307764	15.355541197213467	14.848644434193172	14.724219262899583	14.735146955735303	15.417446330977302	15.38143780175996	15.720665857353183	14.8838393721761	14.867374614490465	15.140751356798413
AN005452|PC(25:6_16:0)	17.262884321698305	17.254216912985427	16.933071254954918	17.534134997154432	17.70982914739897	17.637002922579853	18.017936835900212	17.9412108152117	17.82272170824862	17.290724831466008	14.9168687379815	17.201887634456927	17.450333193621166	17.615368570952725	17.484654605688462	17.777627710984362	17.921552159195457	17.632018250088706	15.979639618553922	16.165084875465805	16.035019127619258	15.906087576733993	16.03384206430444	15.992798927379043	15.987568148442122	16.039432458430024	16.093965446719533	15.941487510793142	15.78888756116014	15.86938808645975	15.652281742030851	15.689527370051314	15.563110511710748	15.451239501746006	15.431892032597851	15.587127281125314	15.4170068153971	15.529850751233639	15.47360890329865	15.634992943667354	15.708625176741556	15.464564650487107
AN005452|PC(27:2_16:0)	13.789634088999758	13.697993471803738	13.716970697348929	14.596744878260893	14.798399305941317	14.904077864452992	14.041655745539686	14.10829639278121	14.021837204935485	14.51032443602745	12.088575025372325	14.391722563781782	15.360343744568702	15.54191904104007	15.319417738955641	14.148494781878236	14.27606185226751	14.50966056889026	14.515461372189533	14.670515712636833	14.812784002357935	14.563134675742347	14.62885262844867	14.677853743593753	14.78883466448088	14.346098721859057	14.674791569100673	14.236665939953937	14.218010642090098	14.156861584732287	13.664860499571125	13.636666677159083	13.567719274035362	12.390859447019537	12.269144432344268	12.545534592599305	13.515802440500353	14.082889672513653	13.857773041908358	13.091433274776369	12.920956570096012	12.886777906261626
AN005452|PC(27:4_16:0)	15.121896773627688	15.136906853838822	14.887652206719853	15.776243763394264	16.107263041995253	16.10724845426926	15.403536748276938	15.463852497711368	15.40770793364054	15.175188527058427	12.53430391682081	14.885740225881172	15.643998147300406	15.835174101387828	15.66947902873855	14.722035267376567	14.759155444000246	14.90875088942313	16.55167057753535	16.459722026223254	16.303207041285702	16.352306359162146	16.222776815784528	16.238248902783294	16.56651286024464	16.28876012002789	16.538236957016483	16.241043677342873	16.081838209889035	16.392035755609648	14.920172773043037	14.86211690049213	14.973529197039804	14.624617071296129	14.490083832882636	14.465139789140395	14.975755652899906	14.890023003390455	14.956690699143428	14.666035106808678	14.481926265018576	14.671295608965252
AN005452|PC(27:6_16:0)	16.407005958642873	16.34579864763211	16.16781398206512	17.11068785686859	17.326398218241017	17.17306258585143	17.286098979752936	17.263980766354624	17.241296035206148	16.113533551559513	12.963362629925792	15.966985327099565	16.564341107084385	16.93531700208395	16.780305902359295	16.550146633645085	16.68010804499445	16.576354621506855	15.806304272547434	15.76304436957757	15.616164170934796	15.609073324613266	15.496554186875922	15.26310969612232	15.707761782054321	15.605808608263278	15.628750811474092	15.700415959399384	15.678459038691829	15.493797420068026	14.431571299390393	14.328878644733958	14.502551858235458	14.013484941379991	14.026725552045011	13.73921163675108	14.527713889876122	14.225041351173973	14.182455189651265	14.262278151576838	14.210490712084832	14.154689095176684
AN005452|PC(31:2)	17.053827620458037	17.044128473926044	17.0073351001628	17.441972757115305	17.519962762942484	17.21755215668303	17.531374901417216	17.41391177534785	17.378398959372248	17.733707487354344	16.861650668595544	17.267164702790392	18.087599810603194	18.254793065533484	18.115358685835773	17.892135506437338	18.11131448427003	18.02450727570841	17.550670507821717	17.663292358139834	17.882349206700297	17.861297643431758	17.856820445751016	17.85195829829162	17.47056390276776	17.365848446243938	17.536147088599183	17.305972270339943	17.461919692180665	17.44416604755466	18.36075075501132	18.376494744663624	18.424163738229183	18.281697797703803	18.192911593987514	18.10125846667941	18.126599624740688	18.335553823243842	18.205815307703386	18.40843917138297	18.23754174172589	18.315510567401205
AN005452|PC(O-14:1_16:0)	15.459280371993856	15.202453273425375	14.750310750795338	16.63075703874939	16.639609270795034	16.433279876235655	16.080833817078528	16.19252316082386	16.12363784502498	15.973811332754533	15.423588661096737	15.87945731193552	17.094747124605394	17.351872453501045	17.134369877266714	16.68871887072879	16.827949155097585	16.62232067395347	15.478632652209578	15.202686910890488	15.207424465968247	15.451689185668261	15.643093706635973	15.813437242786703	15.88275783777585	15.631683270127153	15.70563468148898	15.649897084577704	15.591226677541696	15.664259530883017	15.825193977459778	15.728975503708744	16.066058282722043	15.31177826404153	15.331266149875031	15.196161831419245	16.226202127005127	16.268561682935463	15.812846011564567	15.68351583041309	15.333767400148375	15.380228824234386
AN005452|PC(O-14:1_20:1)	16.401113987665383	16.499492635416594	16.00291857880902	17.170580464927024	17.12910639871135	17.304189846061632	16.439272695290832	16.548401863661407	16.40530892352266	16.890822615158203	15.150929637629725	16.9233761716441	17.884877037757516	17.755706171293436	18.056388721142806	16.652916978764942	16.56802636838033	16.516144210392667	17.11028046935581	16.91554206338075	17.02796928193016	17.00447459396979	17.149180573679736	16.994198677376943	17.462068992669963	17.45687660126476	17.294767668666456	17.08162276406424	17.10331398002179	16.924122158292167	18.363225163975056	18.204179799612763	18.01548083842794	18.50908405957359	18.353344275356264	18.377080639746875	18.510734852053705	18.384374725930694	18.41918061031756	18.02506451325144	17.91980728637485	18.01265986245039
AN005452|PC(O-14:1_22:2)	16.72397349844101	16.663145413583067	16.46215297995824	17.375206455152185	17.16767485168586	17.44963377603677	16.880782155099148	16.50060020215996	16.457828473767695	17.010969475413383	15.21785689166339	17.169477756978814	17.870263320786005	17.932574535657448	17.803178322770766	16.86635858859861	16.668875394960104	16.91768463688476	17.422138727127404	17.495061694204626	17.38531444507774	17.812174591568937	17.677607007157345	17.65906996683622	17.698475749753552	17.6272318785212	17.661188739431214	17.622118255063807	17.576279289133733	17.47018054304921	18.321815641360764	18.290025905118416	18.32767719221117	18.670126556281016	18.40175822712498	18.70726564065815	18.54440208318294	18.49067960286909	18.61995015053376	18.43247535804331	18.4495772523269	18.434523093261056
AN005452|PC(O-14:1_22:4)	19.653213860159315	19.69628042261942	19.278126727374467	19.800023967998808	20.19362727929822	19.91475229797187	20.29750861164762	20.444003797992004	20.071284973462458	20.196720967360406	18.11314377492862	19.980906832406905	20.278428006056128	20.127380503390782	20.26950530092862	20.468515977009048	20.416720173723775	20.5632736732602	19.40310012149235	19.279927070974367	19.358852993876216	19.211276670119982	19.358110238760002	19.399326623773277	19.383693845436234	19.29783750793602	19.418395584861166	19.190988711799445	19.227514997114078	19.29309487889044	19.400607252300542	19.51457446793892	19.403529373092127	19.739936571723717	19.46312445483324	19.735485117780232	19.350789990579006	19.371997091741477	19.370287618177148	19.653892965425555	19.498436992747063	19.520132755218984
AN005452|PC(O-14:1_22:6)	16.8590646055284	16.712009030237233	16.201420235658976	16.54476806550751	16.36747204674878	16.68435893705005	16.62499964038047	16.880145340394495	16.845188595324576	17.193919477440275	14.977557002969641	17.277759402955002	16.866888310530292	17.062589604986453	16.85772846214435	17.234565617256717	17.398774101150796	17.456156639622264	15.068433383856654	15.126828538625821	15.153421206606152	15.26908321972777	15.402279677000694	15.547077492701662	15.348386083265174	15.357102620869506	15.317149088246452	15.176066161503275	15.270926984501802	15.11145920953892	15.139642001024663	15.11113685220647	15.081084260163701	15.509384887232706	15.424067905666073	15.291890260636531	15.204705680251699	15.2672742631485	15.101381084108981	15.47254629561512	15.382047912070508	15.408606195813341
AN005452|PC(O-16:1_16:0)	16.424879396719355	16.42533329443142	15.989021216349586	17.35999161066409	17.33761098688591	17.538195126068242	16.70275261568001	16.73985693651046	16.788574560289632	16.993906600985838	16.25861412876888	17.010017955276098	17.903823211093307	18.292488456730013	17.78453200631439	17.07702804876888	17.253204615892585	17.29915717012251	17.27789992919356	16.695617048155473	16.39394027178747	16.577969981376636	16.538594841304374	16.460678100451776	16.859333635050326	17.402919753555263	16.947560877648243	16.590797049453137	16.54452618311907	16.658701759427725	17.285157019011905	16.673625228936228	16.93122871091203	16.032814074737583	16.094268546864665	15.734193622226051	17.131599262599867	16.714211485975316	16.960087291768644	16.35365256095653	16.185126258439286	17.152927491949725
AN005452|PC(O-16:1_22:2)	16.384249011645977	16.170777179699233	15.727797525231281	16.667898920203164	16.52160316653119	16.877237982599308	15.60097343259052	15.717981398910371	15.983996520157643	16.299225834008602	14.531825395629054	16.331262831030283	16.895667605358298	16.763851270402103	16.379215504959593	15.541791934734785	15.733662389343381	15.740858374595271	17.312036809049047	17.043218649090182	17.359905263549678	17.025744738180155	17.199858504216152	17.0717657295989	10.373139794529138	17.479041275384706	17.308399715176243	17.238429499537606	16.950836759747443	17.25639050744997	17.251463055081572	17.295192192729395	17.515103052325095	17.062721494923967	16.949552368663497	17.375412811977224	17.515256126188834	17.81337869070947	17.57959025089523	17.418679957761945	17.60220106791827	17.478093496502638
AN005452|PC(O-16:1_22:3)	18.34578972404928	17.618564047872276	17.901885350827175	18.204542166806714	18.531656832787153	18.193944378776827	18.199842991930158	18.09730671238198	18.25343747008199	18.348590428632896	16.392310402133752	18.27755506798872	18.365906025138393	18.517488423569247	18.30181470627758	17.36486160801844	17.98713436265575	17.83522047212387	19.742644056661987	19.779373477941903	20.04063981362211	19.63047615971773	19.6387244812841	19.631011903982188	19.89377018302242	19.95424604994337	20.071120763521574	19.61639877964128	19.728665139212982	19.648630505307267	19.622207702567284	19.738139317196694	19.672977480366615	19.379370149526157	19.092652703571737	19.060973456249226	19.63344934387471	19.759937621268442	19.901625244226388	19.543546135538513	19.648084881631767	19.62947658128428
AN005452|PC(O-16:2_16:0)	18.409359696401875	18.598009448504346	18.08846611033834	19.159331919809777	19.123595781738285	19.053756931391643	18.647311972458823	18.702210872339123	18.65145064305925	18.786051968741386	17.512533955558514	18.76290458931022	19.464922128136724	19.57815927598713	19.256934136005615	18.934213476259732	18.852828295127445	19.11005980362298	18.633943249933836	18.702202493145947	18.634653033980207	18.74442670396578	18.835747625445126	18.846190257796877	18.81682630148082	18.8746377674794	18.811448841771004	17.989498424777985	18.79055455670192	18.845297351745973	18.870392722175744	18.869061585708874	18.833029666891072	19.05310459238935	18.759276155554225	18.987895557596808	19.21461544262865	19.15887409464121	19.325827078592454	18.794812796125232	18.771912706100792	18.84194318729447
AN005452|PC(O-16:2_18:1)	16.949748980027515	16.85194076516514	16.567185249275827	17.26970568924092	17.32452962346381	17.435546530486402	16.904651018393167	16.887186514810566	16.893147352386944	17.121029732809262	15.029342333165616	16.967857922578908	17.455546014985114	17.49946906167132	17.42669624383205	16.943730952325712	16.873624695199915	16.719186242622595	17.37656601699808	17.371777548813252	17.383285706249833	17.529101935747413	17.59437780244257	17.3645288324404	17.65284537121277	17.56346382384394	17.60284189611822	17.609999318370882	17.407224211482387	17.36273400437278	17.97628524942583	17.941883581104044	17.915062089215823	18.357876079131984	18.489191409822407	18.360430829401214	17.998647942416593	18.13404449421821	17.961645606615985	18.211540896072226	18.034468651802506	18.10115473377077
AN005452|PC(O-16:2_22:3)	19.195355500583272	19.211281567727358	18.81525910081434	19.486028123460706	19.566622999540865	19.64434710264259	19.562954307935986	19.551595387603143	19.487277083073035	19.419857096318676	17.27229223151826	19.337926622135196	19.430690801537732	19.566248469417225	19.369950638003097	19.376114461471765	19.453023289494443	19.481005871451263	20.29332813006338	20.328532709402953	20.404961903010555	20.21280893994937	20.1004128368239	20.362152810710032	20.252981165966823	20.27047288814201	20.164819231454256	20.32922251958697	20.32671347218725	20.152204873796183	19.574070080559668	19.43082215321242	19.37129775247649	19.351719519719577	19.23589071535918	19.19875492447727	19.36200453518144	19.45902398959153	19.298286075349306	19.44651629411263	19.42883726390195	19.580211501195596
AN005452|PC(O-16:2_22:4)	19.284086764606997	19.34902694327829	19.05513262605647	19.62370960189344	19.720499399186437	19.530956869613995	19.725514957067947	19.72284609072773	19.873017430142845	19.38122833571023	17.250960520525368	19.270843683991796	19.505379331004228	19.600263379635912	19.501076644031453	19.766274483162277	19.648422141547464	19.76302830328754	19.001073981885153	19.118797137642158	18.707770377988183	18.78201162496564	18.826347461911997	18.855049918512826	18.77865890227029	18.87192515731286	18.93097603685524	18.837207463109888	18.73426027447797	18.76977345455096	17.985400099919623	17.908083774636054	18.02513844827724	17.902761751627683	17.790323792777656	17.811967360360203	17.888935649002562	17.921308786978322	17.638170669250854	17.972349791921964	17.909546039487857	17.95975545338606
AN005452|PC(O-16:2_22:6)	16.636734377243386	16.578578887195107	16.309501866144974	15.985666498015382	16.3522931223252	15.905171320074984	16.43703461270671	16.553380975524746	16.52589842151789	16.559457688308385	14.350430968561767	16.446837386219126	15.925554067178636	16.426531071471477	16.109956148784747	16.754305724786935	16.425658748717215	16.6278938070513	15.027041411457011	15.24635470757847	15.462778192953282	15.320846278527053	15.25950595623791	15.259366430939886	15.210562805588621	15.226507107404936	15.49794184404899	14.98487860186935	15.432746009012181	14.983258487261088	13.757341145683684	13.905602226926732	13.981811489693674	13.676631569923027	14.061576678569287	13.47572832985167	14.112409247128213	14.236003620153479	14.1953464326445	14.379149516479147	14.15028732236677	14.219010177245588
AN005452|PC(O-17:0_16:0)	14.559508966636336	14.724090429307779	14.408387125974015	15.807810576481966	15.88993133121592	15.610903525106142	15.286065740435564	15.377437391235452	15.358889447518743	15.56608078665606	14.622881248054426	15.388951165441354	16.57393821374778	16.46631563608867	16.666822400517912	15.996033498264627	15.790643085729243	15.987677442005003	14.331241804184184	14.411551238420438	14.49592364301492	14.54909225047721	14.826759988252189	14.314683500692164	14.523003593104809	14.552798492297061	14.721923078955365	14.463161730951795	14.370765831518323	14.463314802607997	15.389581569465966	15.596156713035027	15.338093032194168	15.75697306675507	15.661978495550553	16.028407876931034	15.726022731928667	15.684319819169206	15.772318220660365	15.624189288315529	15.70738030013695	15.743895834653632
AN005452|PC(O-17:0_16:1)	13.88210538440226	14.298738590791157	13.985683662472656	15.40340070328861	15.0590573660736	15.54094094401319	14.050957809738213	14.610373696943117	14.452485539573894	15.023238812140017	12.757562024040348	14.815365951307616	15.680179604561422	15.914880206471041	16.23934347362518	15.226779963810534	15.332353251923212	15.296310322751488	14.441786810524837	14.502118978373447	14.637102879012494	14.908739365657972	14.953344832184447	15.152251699751824	14.856003802740608	14.793682913607444	14.88665637048696	14.675367043347986	14.998922490822805	14.7300599787252	15.938915833189101	16.237278910570698	16.08364691607014	17.218350853271016	17.274568632447263	17.171844708206113	16.024171153872377	16.066031866846586	15.96230139619754	16.7739438554818	16.84967469218492	16.77327121313381
AN005452|PC(O-19:0_16:1)	15.056935331008273	15.132660996978158	14.77148444152992	15.631119399130107	15.769721889220634	15.82218224678053	15.18519799207803	15.543162322727103	15.739567214759367	15.372775636632388	12.09664724717	14.994112957632847	15.846511941006614	15.573296924987305	15.580796563121877	15.251164324627391	15.370153877112765	15.164112289341444	15.100909183396405	15.075295239487865	14.882394531474022	15.392372556290782	15.336916655145325	15.193772635686212	15.216662854403552	15.520731390434	15.191096236965718	15.01280026997633	15.311511561595237	15.326836571943897	15.613841905222765	15.55661889150386	15.497631353029075	16.430146210895213	16.45560976084863	16.399130877030597	15.756028187632223	15.591197613044335	15.726988385948854	15.994612213447278	15.996538832064855	16.331084809760718
AN005452|PC(O-19:0_18:1)	12.259555713329977	12.81420457500292	12.216593278577161	13.717815488368265	13.679137718719774	13.761684700901792	12.394753977744374	12.91481521379111	12.644876931510609	13.271683435180169	9.601576700662513	13.219830681801513	14.26308928999598	14.699867686353763	14.123609203846444	13.16101086464703	12.902328983564185	12.842085494796438	12.923147146624876	12.616988056320952	13.103182376439902	13.106721159259905	12.931491032769419	13.558912474011484	13.146904411844332	13.49738963473694	13.423796462561173	12.818225757227834	13.09363046389396	13.071954382959788	14.53845161774535	14.462686868212371	14.56120751337724	15.27624039868117	15.141184773191434	15.068597026648183	14.473396337232993	14.553613026855716	14.453535574293332	14.950233744117474	14.803793251811026	15.005837685036546
AN005452|PC(O-19:1_16:0)	17.47605511710729	17.627451393619552	17.287830219753648	18.377841227956296	18.079307636781337	18.410933309834917	17.27011875604124	17.857149458370685	17.811416509928893	17.859395215898875	16.049827785323068	17.88462202179401	18.33880538567545	18.10742523121699	18.353286995329434	17.751269350651835	18.04889072862731	17.721286281089156	17.376173993952797	17.57765169724347	16.995866833165014	17.614848855168912	17.312940251619395	17.192418273140568	17.416087717100854	17.873093297495874	17.570851241749203	17.233450594623626	17.387397526201067	17.498215412944443	17.812552594573773	17.532857110264146	17.818045967509164	18.08169075447924	18.33445962067241	18.134729523309524	17.746933749926104	17.440308596911446	17.61781460859723	17.87627455683569	17.926320479347446	18.14761675678948
AN005452|PE(14:0_16:0)	11.769080800263119	11.742225306387285	10.816456120575419	13.260331366650814	13.34526868049523	13.243051855087794	12.981443366903065	12.560551806169942	12.693233905840648	12.086847969101452	11.0736372691235	12.49729217403471	13.735651052965409	13.583042394857163	13.555445918086203	13.490036674766325	13.426279329321034	13.592612460270207	13.327209239053731	13.345263231522106	13.345513516595192	13.823620822261095	13.620543006489513	13.664735086445866	13.44681547148927	13.616418094052674	13.533618575502226	13.719161180100373	13.542240643684764	13.603373196239673	13.706252348486913	14.094726973678945	13.909609996512447	13.726796295556374	13.339672546044222	13.323180618995693	14.15011908940683	13.923899256324336	13.745207454780006	13.451049497997559	13.996798331613492	13.901141616706667
AN005452|PE(16:0_16:0)	15.352853607193921	15.481360819703568	15.375184623666897	16.3405465106116	16.316275548675765	16.2853610552483	16.110060701143002	16.235370570087735	16.327992215980906	15.112219054195224	14.209247371790601	15.287357293389302	15.978858227656993	15.728506561316092	16.068609049609357	15.743462678347568	15.864650239481797	15.881101405286918	16.243496077246398	16.10475192356576	16.226505489945858	16.19257808150072	16.447506438222014	16.13138021413579	16.238998395550784	16.156413093499467	16.128473577470288	16.39623570811292	16.339942802178076	16.300753542378896	15.464447419727795	15.073343677551602	15.30285387455123	14.928134240414577	14.575712809539402	14.781668084444044	15.653375181427295	15.251042334090716	15.509829017982986	14.928462122724817	15.074975561182951	15.033864974816876
AN005452|PE(16:0_16:1)	15.50681523273387	15.629709005001832	15.253556431622002	16.335884693332268	16.42755161825818	16.326084191411603	16.013434764090615	15.959155837882276	15.999820702360834	15.792842398794672	14.247526552055266	15.766273903017298	16.61118944928619	16.56102926807039	16.401262772384143	16.263875700916728	16.61135750646403	16.362672306517883	16.667203189060764	16.780258397680598	16.71853364227238	17.09615845087705	17.1725285195816	17.209623840689098	16.853698693755888	16.781331221171524	16.75266554537116	17.11164036483265	17.052543661760968	16.956087159544214	17.221494967724844	17.424792693085227	17.303101871853066	17.453011440022546	17.288183562192465	17.390680969869237	17.24721823953902	17.24770241936479	17.311943630192655	17.304942219345453	17.337592297713147	17.089624963997608
AN005452|PE(16:0_18:0)	17.88883594653009	17.74810180905604	17.352744723696404	18.121782928205874	18.290431541282537	17.973694665958487	18.28235434456506	17.973319018417712	17.778749406583156	17.43684540080156	16.412070896407194	17.098012421694598	17.409396873992097	17.627722810411107	17.39515337105407	17.699567709995044	17.394908310195362	17.27157840823882	17.616203592936007	17.60322214856987	17.657558494595502	17.399198405074312	17.362453976418962	17.311377626812636	17.447152835849856	17.611489880317883	17.568269514566623	17.66287530587967	17.62088181216553	17.732194652029378	15.983375375454544	16.14628066813487	16.013939563820838	15.336971257989289	15.025775143860606	15.138048742737064	16.533779437355722	16.689226647516634	16.484981526049687	15.488828236705308	15.596065353621785	15.683777719197357
AN005452|PE(16:0_20:4)	16.210314873812642	16.152132389980707	15.780261930471033	15.92649295813992	15.95450177777794	16.128452201189155	16.46149121473302	16.438783076084867	16.105949032993692	16.607588364999224	14.427836725536034	16.599183685664368	16.323605069946762	16.44009401901851	16.302101895984517	16.887970417409825	17.144720074283452	17.014224449253806	15.493938231053228	15.593782387409389	15.435866283741877	15.820326747707803	15.763383015639967	15.792447908490674	15.524923677949381	15.540222836290198	15.554654627553298	15.726675551866732	15.625285881304382	15.458658544004518	16.458152868732984	16.535040772424797	16.252386892349644	16.926091861444036	16.69251977657165	16.811514667488094	16.207784181555613	16.38994914685988	16.227809425250292	16.745271118561586	16.723038974127615	16.721013265540332
AN005452|PE(16:1_16:1)	12.084128899547144	12.293930240452093	11.54879225186258	12.295620275474812	12.190441806585145	12.389311650039959	12.453034210894758	12.389678757912714	12.159370058934288	12.741751908654633	9.247688864377604	12.537409040998247	12.794039698747843	12.774931782689412	12.586603240205186	12.543812694413562	13.048891782850182	13.215758027975196	13.034965758649296	13.08295173609622	13.220702646487963	13.880661852537964	13.749327299077375	13.728479561106703	13.132685923627331	13.263743521582601	13.331297881043886	13.70382155164237	13.72771134191355	13.523469333276834	14.146528873234184	14.185789205713336	14.153038743921751	14.94002379087377	15.059339225423363	14.937912401398913	14.095095457391395	14.242378427436885	13.840395728864351	14.718990527974675	14.716223030294572	14.727664608690842
AN005452|PE(16:1_18:1)	17.7377264175648	17.617620510716822	17.33899288961901	18.082980705417175	18.029719586269696	18.12223555017585	17.79081676536725	17.887742783238714	17.666516218947645	17.66700944171058	15.70722212385775	17.590123459147105	18.036971986353844	18.013344656548515	18.01327565737493	17.840548544257683	17.84852725316986	17.88011078361167	18.178067754741445	18.268982463261494	18.20418224704075	18.641582116209666	18.710626188322493	18.58778228028117	18.187625572997593	18.21073234277817	18.23199808689662	18.465622360560985	18.433888562800277	18.339224450599	18.56570728132884	18.647914291986737	18.518400480371472	18.799062818216008	18.89158020381592	18.78361214791152	18.538605954193734	18.631315614249885	18.514380832844914	18.744659521784474	18.78870297414597	18.66631080313039
AN005452|PE(16:1_18:2)	14.037144600238932	14.04850766584874	13.528138834927061	14.06129814459874	14.217090645268389	14.363147500545306	14.241942027863029	14.100250297270383	14.094974918463997	14.136095581827654	11.168515691566519	13.965273280659163	14.356306633414201	14.328908104351395	14.153450614819894	14.42113740010357	14.551522344985907	14.474073432288836	14.288729046219634	14.408950426090477	14.434802404527325	14.77266745656708	14.841798149228675	14.800284082894297	14.397270337455723	14.485021138448811	14.41401599291857	14.765020992605221	14.60456252347898	14.621906480515312	14.921352824478967	14.955813930435315	15.057292352287414	15.540733101740837	15.3920738916021	15.259755930039882	14.639704755748049	14.825149961105218	14.804005648648838	15.438123485698386	15.233861849032849	15.42659214533897
AN005452|PE(18:0_16:0)	15.113188547252692	14.895157901279388	14.953366372237259	15.246492927124487	14.99235364835447	14.817048826793487	15.089027069244963	15.016790473961029	15.330643380866947	15.259360746009346	14.807798493535362	15.36366926447149	14.985022551611921	15.114042184692412	15.305246925891447	15.426465060396746	15.44923008319218	15.427026140815567	14.721402382820862	14.281078567548024	14.554515498013279	14.36207806974183	14.422131038263766	14.173125125770966	14.533240445930684	14.0961810398086	14.489586462897623	13.97568644602914	14.521045510339537	14.346867006417405	13.9643321447427	13.735927213110616	14.299316567214746	13.955450871345512	13.784825360191645	13.532319680731382	14.285993859407432	13.818513878085247	13.682314976499576	13.991828300162302	13.709367922934444	13.994090936068186
AN005452|PE(18:0_18:1)	19.715432699148916	19.669214195016565	19.304001863705953	19.574023605509797	19.406705358047983	19.643223043002727	19.301101946375393	19.148660870156384	19.60844478623912	19.492908712285534	17.986655936032946	19.72624392205611	19.411174636422903	19.223301941956066	19.113132119512752	19.2362521786583	19.22228180252688	19.24373391173843	19.436199868349995	19.093708846222977	19.09475723482672	19.20791492996302	19.16957813087033	19.03405932706129	19.490027667472795	19.396405594914377	19.34864207686403	19.649465263700794	19.607890025039577	19.469016420574246	19.013226459749582	18.508273500126926	18.705867220682023	18.352302941923703	18.544092104732034	18.38794976598027	19.042532731314328	18.88220697447687	18.819220677196004	18.951487232126723	18.603899239770765	18.859253271575604
AN005452|PE(18:0_20:1)	15.49315267962057	15.257550074129519	14.718077539279578	15.618762189380396	15.59202582683253	15.76013265491003	15.224882182445986	15.134432686916904	15.143993050735832	15.215276784858837	13.877301940780153	15.316116636980379	15.354137308905061	15.476248409660954	15.42349210601248	14.978229260554741	14.898599263684577	14.76239117857925	15.640813991374756	15.957909422083906	15.963362648655	15.635063934744869	15.702135314647334	15.886955377100042	16.005530080964018	16.22401889314275	15.873414502664279	15.769553631640514	15.580121575259989	15.711828912248427	15.126342427006058	15.215031656849156	15.397784928311857	14.945263403305022	14.791405258114606	14.839116256031817	15.51876569849886	15.877849760656767	15.751791389790734	14.82789864511135	15.034242824052901	15.30768410199339
AN005452|PE(18:0_22:2)	15.343086386981998	15.40534812740609	15.139210766521266	15.860276881210151	15.791755893347029	16.155902420813288	15.149926189251357	15.305448181055619	15.3365636474542	15.364211255096322	13.097888206368243	15.401184285585677	15.749520951247215	15.724460256090305	15.469347853108097	14.877679496542218	14.792474293229606	14.862507572233307	16.7756075663132	16.652996459671193	16.599662192284672	16.776205069552496	16.5978477638292	16.97978556637388	16.910056390539282	16.604440123924295	16.768064186452293	16.74538731309754	16.635438918366432	16.652865146285052	15.686825498676676	15.741159092355318	15.848235578203074	15.334544336770232	15.184434714664064	15.065780325957984	16.26563313363291	16.120302581830046	16.177820395836743	15.556180592927301	15.36124693043362	15.460919295177826
AN005452|PE(18:0_22:3)	18.008575179346423	17.838575461011704	17.53989125392643	17.59893357325651	17.68716316519627	17.645385760904915	17.341994830572656	17.31063587363594	17.450988683380395	17.67865948680941	15.654116688904587	17.59646900163383	17.31966190100253	17.2770028340858	17.24533542581938	17.04555455377794	16.972980101165394	16.846530706595452	19.169310415861176	19.0277919931904	19.252664951429665	18.95747659558895	19.120953395600143	19.03824954930505	19.23545680977145	19.264812934600904	19.10689937577669	19.075943632012116	19.1805414320705	19.202072482623706	18.265280717280458	18.382818293075626	18.25863452389409	17.871745686069847	17.639647389338606	17.780078019012848	18.39593609992108	18.347165307159973	18.319009259047053	17.960047717528845	17.997773624321095	17.98756607719141
AN005452|PE(18:1_18:1)	20.397854466732838	20.492715346754675	20.171927355918363	20.192236550733064	20.404107558519847	20.337315198954013	20.170070454666615	20.230223196372926	20.07250703855313	20.290737941271065	18.217167485007142	20.327629004564116	20.154554963702278	19.974208473379015	20.018383763649997	19.847478140563332	19.83921000863407	19.899223544455246	20.547018145298367	20.64214389997459	20.494810526652277	20.645792503756525	20.455254437126836	20.625330101632663	20.71871102815865	20.49918799985855	20.72190585868171	20.81475141755636	20.70134402306972	20.821937312561808	20.50231524928199	20.452108972291065	20.684325379158558	20.222321501170146	20.547607895268907	20.3596179597694	20.743340494325878	20.675625705741375	20.598049661801888	20.482611194942766	20.467339205503716	20.145287197613275
AN005452|PE(18:1_18:2)	17.578089690534476	17.59510280820319	17.328413171191784	17.794064422249868	17.77888982227659	17.781114871852616	17.60099514362614	17.447542206805	17.386777575831164	17.40335836079691	15.406999156104689	17.333882060997126	17.601048000777812	17.561683323510948	17.553937769868096	17.486132621784964	17.64916979626609	17.459980425667815	17.68999444914847	17.88756753135043	17.700833229424447	18.078292547513758	18.08063818181172	18.09664403222498	17.6079798152299	17.685031955556926	17.68829779646989	18.196982567901085	17.982478296307463	17.92448820717726	18.06422597546828	18.12297385254583	18.01292828586397	17.58841275863512	18.195896588272	18.22218168853482	17.960501587862755	18.010564956597005	17.953751392778184	18.249446659334726	18.193001111354455	18.30286826063237
AN005452|PE(18:1_20:1)	17.862757614119566	17.956877877766264	17.58171992710592	18.164555408376227	18.296648673015238	18.24843084871058	17.542856047231616	17.568437586715756	17.474483078839597	17.7961581063875	15.901823621449596	17.676938430137753	18.00017155390384	17.813739620899174	17.886778780317805	16.97419115119741	17.00744191728795	16.99133931701901	18.63407444922513	18.485900464361457	18.566124870265508	18.42859114743346	18.431974606851746	18.48099441096807	18.69308173270882	18.64678806829671	18.62126556074028	18.483841468840403	18.27740044786865	18.404371942910956	17.992215915681463	18.263061311575786	18.140215868399814	18.038171608701123	17.85383460748254	18.008609018569185	18.464893679315328	18.499765293238763	18.558098383218535	17.44549324829493	17.796592639878696	17.7951106412768
AN005452|PE(18:1_20:2)	18.674118500536988	18.824541870290325	18.42651299693326	18.745734196716434	18.667099918586057	18.609722453230194	18.307946716241318	18.311197927044827	18.26037967268251	18.44931181647791	16.57296193436711	18.30160177556161	18.448782061549693	18.397354424055607	18.24031294114731	18.178143941535645	18.15680050343165	18.27965128689016	19.297248304152262	19.366642971081866	19.192408207706016	19.52498203541949	18.557890902180123	19.48081852082979	19.30931619716471	19.42044230215824	11.098272806492503	10.657784757081547	19.481174918170836	19.408496665637134	19.394574600453566	18.525226175718664	19.478529585550564	19.45217153011495	19.344835479262343	19.4727265209581	19.486931166074452	19.3173740240371	19.348409801501084	19.290239378200237	19.314553704964283	19.39770568372934
AN005452|PE(18:1_20:3)	19.535558764314747	19.483905643763965	19.148929926137072	19.047309087599714	18.995290518109087	19.097290602592135	19.506749860681293	19.50897312917048	19.76598840601328	19.572359864457976	17.472929083993847	19.512347821494167	18.862595381321164	19.05826055830284	19.024599570911242	19.64490760635526	19.68764552644305	19.72215812202664	18.832432145534884	18.82197458344292	18.889997650034854	18.873143585339648	19.05117542712256	18.876178393886274	18.838456322021084	18.924373505792676	18.99934912601714	18.887805692110106	19.005291358008183	18.77422415845348	19.415373654664563	19.486631117917778	19.3861898346695	19.376388206805984	19.37147175156725	19.378840990310383	19.29000490605699	19.26613109597081	19.233784768947956	19.420923688754442	19.362902403853994	19.41078976424384
AN005452|PE(18:1_20:4)	18.538201921223195	18.439581283612203	18.21703344439215	17.751488474272048	17.820262351893586	16.98414307198304	18.54845762203306	18.527413947285428	18.45577591435644	18.752862038872063	16.35548551749967	18.5693040881088	17.880954726073874	17.938110877481478	17.863945235456963	18.81891227243029	18.925810892881263	18.89723828509498	17.306946028071295	17.408213936346904	17.364904696643528	17.46617615855119	17.719534083819042	17.54358262493928	17.466831425662782	17.60329145195098	17.614986600511198	17.522328920552116	17.577424493045022	17.437468176296772	18.05735824858331	18.491770934752903	18.263780356787642	18.40650037608163	18.31955331674781	18.18865106823681	17.979142974185525	18.153949208435364	18.17255500949505	18.25295466790564	18.292379289229043	18.190733509911517
AN005452|PE(18:1_22:3)	19.575757156795515	19.617970803950932	19.219847271131425	19.185974432423727	19.052615331412188	19.079476545989593	19.50763742599354	19.500000890792318	19.536294144862463	19.110624002002762	17.433310646018427	19.013603566679034	18.55020537669056	18.480437867282372	18.380509147480318	19.29562642953467	19.147389679991186	19.3567597661498	20.26283671462641	20.16150466494928	20.459833484856993	19.99762449179104	20.1824726818032	20.048113161134644	20.234290656925683	20.120702390778437	20.163992680763474	20.175148665732344	20.15774804988768	20.16404379280498	19.203215337799406	19.164232598988885	19.093434386146516	18.65364062946633	18.80840467747568	18.582224440384845	19.114913140040386	19.3329183198724	19.196481484917157	18.941578650212072	18.839285026623376	18.868155325449678
AN005452|PE(18:1_22:4)	19.011887418706163	18.85486027847309	19.306103594195847	19.17805421493576	19.046412336097585	19.110316123719848	19.719344357935157	19.77219873735555	19.860759544879922	19.010196078366384	16.150449851947137	18.934158625694234	18.837932046945458	18.213013488025243	18.58770997134124	19.470088256576986	19.370442311262643	18.66086486315438	19.321623353429516	19.21904866925132	19.123015185248374	19.121867143469554	18.726676204613767	19.12072682325307	18.96419752624757	19.095789687728004	18.958219606293532	19.11789816964231	19.062756696442225	19.13634727291348	18.165824317271586	18.103511866530862	18.44404652613978	17.813064405792133	17.782184255321877	18.025440758290767	18.198076436146213	18.133445492236554	17.876581690733037	18.126909575008924	17.912452178941695	18.02669410124892
AN005452|PE(18:1_24:2)	14.177930193050372	13.95748093022843	13.505688098688392	14.297057880301782	14.202942059333857	14.341425261322668	13.620715940015499	13.589223419989727	13.654547598568628	13.775061069782291	9.247688864377604	13.778404525609124	14.046677029749556	14.224719435707092	14.167133857255232	13.012016866248512	13.297928355834873	13.163309622414133	14.868753586865417	14.999085463086315	15.241534553734338	14.76171482196938	15.049403708518854	14.92308474552975	15.54573264194226	15.104404134787243	15.211637870394593	15.201680372284672	14.904909368351772	14.883653366773181	14.233382080260512	14.368863611014998	13.94574434318024	13.590093219319842	13.405380732458966	13.503671263758264	14.071454739491143	14.555805579300465	14.541298254725376	13.764518719356733	13.728655281130441	13.596167247758379
AN005452|PE(20:1_22:3)	15.584922172492464	13.49548412984014	13.705519188414467	15.626444918413716	13.755026925769647	15.479922710087987	13.832386848565985	14.952807253470116	15.165406532439572	14.810085649944185	12.758321710416583	14.043707397657407	15.07575859785938	15.058975731678464	14.548841843409509	14.35678891946088	14.324786961541562	14.424526561389031	17.109952186227737	17.17675903854087	17.164179422515854	17.231632247868628	16.853663749927684	17.23172713126128	17.044143441812555	16.843123706306944	17.09436303136782	17.08406076952194	17.16480259970004	17.14021742758294	15.624060490478202	15.205713310453994	15.435870330901823	14.615059959304338	14.668605858035487	14.351724863209485	15.546146446602824	15.70176911052383	15.258253835080424	14.802841223895332	14.968332390046516	14.415042254308508
AN005452|PE(20:2_22:3)	16.629059794203265	16.698360975283997	16.3522799356711	16.980093140459736	16.97757214988012	16.752761921909748	16.94428198255777	16.8296519668528	16.84583839832278	15.79530624751199	11.540293946253243	15.861487272130596	15.734559004897823	15.170661847572617	15.82839669800973	15.585616611432593	16.095895074115003	16.13359793873785	17.502149922381722	17.13553465565562	17.39266643620553	17.134865855305872	17.336219698011092	17.240968091100083	16.99217989973206	17.18669399263546	17.049386078887693	16.99993720739034	17.151245042586826	17.21493603992285	12.453524322641776	15.362768446599441	12.036842868147122	12.206875254518874	12.217124939638913	14.546466277158704	15.113733949065129	15.42803116628749	11.732315928284917	12.320495045754273	13.8140743934767	12.580414619571345
AN005452|PE(23:3)	13.233332108942378	14.134499110654037	13.796489374681752	13.157703577875381	13.141424423923464	13.267121981518192	12.62576787747491	12.433440726159226	12.257635084079487	12.379753145466648	12.586911782040763	12.406257488511208	12.084526061806772	11.73188954526871	12.326093100919255	10.98734230582825	10.464827200203384	10.519026878862377	13.974159383326104	13.607964152449846	13.725903339272506	13.473366642416382	13.106727638527147	12.838684324308934	13.653990723212335	14.042532517258907	13.447360947721005	13.433828147602968	13.297954442601702	13.153702678861267	12.40162222121457	11.548597502459305	12.180200778013035	11.379933017510218	11.699096051803231	11.942575949394854	12.803598000357644	11.880564660446124	12.217612564382309	11.362413699727687	11.873383977545663	11.965714118457726
AN005452|PE(24:6_18:1)	13.840839286230528	15.843701080784566	14.051370185463743	15.710136312729002	15.745468087467927	15.558663249028177	13.310015760687486	13.93532167582817	15.489211548928361	15.132483082253012	12.000694292572804	15.286295584891377	15.31309144684698	14.128660396090064	15.418569659981578	15.78756797226879	15.821887285261404	15.762948518214912	14.548087880894107	14.411420623188109	14.440726093812465	13.880498821876442	14.04556498393161	13.988981406951497	14.092999577368635	14.26797831552307	14.395892277953676	14.536455739504559	14.228073845166342	14.094675280606005	5.502594058722234	5.273601632908531	7.146160245976823	5.399793439871061	5.649975021823794	5.77150926623458	6.602768600699887	4.989631638740582	5.056079554546837	4.966723628819166	5.522833691177654	5.37429499886736
AN005452|PE(O-16:1_16:0)	15.458747844864986	15.271979889408033	14.750538859299258	16.631948542754728	16.643696343454128	16.431878923564096	15.990728384695307	16.18991819528559	16.201654665404394	15.971907546418592	15.425120362483408	15.879783727142701	17.00733038890982	17.35388747054886	17.122284146707052	16.558766801083294	16.57648037790215	16.62282797643979	15.47894098181049	15.265082151498635	15.311786732007151	15.65311066252884	15.584263707554236	15.474408831469065	15.882666701384798	15.700948935809459	15.768476481363397	15.64921471741018	15.582802329692251	15.26425088778304	15.824752515581466	15.576486125212256	15.888832815221253	15.312006466547352	15.334118740493354	15.195060125920572	16.170495604939155	16.269784492277847	15.690535240592036	15.679096894087666	15.334557415253869	15.378159453469976
AN005452|PE(O-16:1_16:1)	13.628818464589543	13.341934841628454	13.343189211815508	14.846171360083398	14.822516100082257	15.089916698866178	14.587242834666824	14.392704355982714	14.464370553236579	13.943253654624232	12.493488732795045	14.236706517576724	15.235403637867492	15.36166677522778	15.279859939854832	14.828735150218582	14.929198285024713	14.92997068618006	14.53646787620538	14.550038577903049	14.664939304746499	15.067164228585842	15.555989531879927	15.49010314900328	14.694346628876222	14.90028775025144	14.915056184620028	14.984352595697585	15.075833825612683	14.853296684758677	15.288865973767592	15.380035281147364	15.551026906769788	16.239340535937252	16.030192983681378	16.089671298809233	15.600917779350782	15.73023123056445	15.77415155079388	15.954726140133175	15.920846232387968	15.812885400566682
AN005452|PE(O-16:1_20:1)	16.401490353050548	16.497677901108528	16.001236639748054	17.650475873224412	17.13363614901265	17.18059212464698	16.40860912305214	16.527283749725676	16.4069995572876	16.89114274591777	15.150056742757505	16.80771996840439	17.63919044793682	17.756281980443134	17.8137717521529	16.653247440892436	16.570340263101336	16.51039960393605	17.163101292249078	16.9215397098837	17.028849765017167	17.005356341802013	17.249678468285087	16.990177024984856	17.322786954956392	17.456170663037785	17.31930999350289	17.085317387305924	17.103503649687813	16.92537770346363	18.365687706833445	18.050785674738762	18.093933650429364	18.271765768218273	18.168454837158478	18.45972079695262	18.3446635555753	18.383163382206103	18.32990854046115	18.024077670738563	17.917504736207565	18.034893834996115
AN005452|PE(O-16:1_20:3)	16.2170957571033	16.50656159513861	16.10137168618794	16.528438028271164	16.62600572201987	16.574429132699258	16.399575163656696	16.499277663947044	16.234782583988583	16.85957171957935	14.972333679613714	16.875114006909797	16.95114230593845	17.059133044986922	16.954205921311814	16.403126889664275	16.524629620222946	16.48686738410094	16.728862786541633	16.646922183135494	16.784248079016567	17.074309448550977	17.26783755400045	16.96235855384527	17.068336079079337	16.630456871375024	16.958823254936217	16.981947663420733	17.09969007555817	16.917750944516968	18.161909637636047	18.06553760534904	17.9387161736316	18.484459577042482	18.605220976307393	18.595262487033224	17.796703847834944	17.947015225100632	17.609226477662368	18.50025943179173	18.22831558118298	18.244330874437672
AN005452|PE(O-16:1_20:4)	17.65393232307938	17.74380768146144	17.617808898192905	17.461251723961148	17.680528136254807	17.51790126081652	18.035616604096504	18.30468311090223	18.345586802176108	18.411640412719006	16.454783250687573	18.42157563734781	18.131331393263512	18.202657240770993	18.269328238281183	18.839495173490683	18.943074995025565	18.851435347276265	16.769362439460878	16.967174239581503	16.986332678586447	17.21571373649127	17.612547265836294	17.14824354212191	17.32700793997013	17.030789964698744	17.2188004787497	16.89766157394089	17.193657565044095	16.94624546820336	17.59885386896637	17.624461497187387	17.89829696816701	18.49813219456383	18.45628630959177	17.95668061632591	17.634549076072346	17.90579799722981	17.785339196812583	18.130634022933823	18.088954913978224	17.97401447721506
AN005452|PE(O-16:1_20:5)	13.380008229798015	13.12929163521302	12.652176210938944	12.891248859015795	13.143961956548617	13.224625869863123	13.608312901160854	13.660375602305308	13.4343596441482	13.784090744924574	11.287108047511001	13.905042140354935	13.69901841140324	13.670933608813169	13.524161950148748	13.944054903221797	14.028344846145593	14.008930091239309	12.208747607263616	12.755786529860124	12.28342724014356	13.026500009372906	13.427944593980854	12.94944434801468	13.147583911873493	12.80614364226682	12.760175350561049	12.538271020404096	12.741684739933765	12.761644559462887	14.015275272052804	14.20293698322926	14.014507618566428	14.73398045144676	14.86223160667469	14.857788824587137	13.839822739978922	14.128321209529016	14.02701543924105	14.216587040575943	14.449253043713949	14.359521596243912
AN005452|PE(O-16:1_22:2)	16.722544064392984	16.597989453622446	16.460048311754054	17.375885512960252	17.26841027599903	17.44885818283193	16.883798246190413	16.499533290067827	16.45853723763027	17.010334178636082	15.296234589318567	17.16739622365876	17.792367611990958	17.93001695575795	17.607272667158202	16.867347070280648	16.668253438431652	16.91804827449845	17.397899252207925	17.495887788435997	17.380980211986266	17.812344710375623	17.785867745997678	17.585807595961487	17.699150039710762	17.62668723513056	17.65110016104318	17.55750315670213	17.47690687794768	17.36014468874763	18.20156371607405	18.414192840914282	18.122842083838066	18.525703372916084	18.6409562874382	18.47834782973796	18.30795233260049	18.40742293270245	18.58107440347956	18.319773361424033	18.321751314171607	18.448234865030226
AN005452|PE(O-16:1_22:3)	18.593861959406112	18.49412559855852	18.188167582709763	18.91756824016632	19.04486119952965	19.02598656780949	18.34813722209868	18.51131636716586	18.515592296259975	19.020803928426968	17.171231475097763	19.04661752640451	19.217511734341876	19.417225775219837	19.214842245043677	18.550097793626357	18.840803988512103	18.713668133863962	20.28552690945215	19.935888396355686	20.15669911862181	20.31465226411742	20.459179120101776	20.145562560418515	20.470242983925484	20.20965834916834	20.326772382361582	20.36562580181167	20.163553987954376	20.278594021372438	20.431871527454323	20.276982199603843	20.406876764246594	20.35156754983234	20.582240957548354	20.584865120320405	20.6257594560861	20.309090507560914	20.50563993617205	20.413701542714783	20.548104017728104	20.510801514341637
AN005452|PE(O-16:1_22:4)	19.608476373627575	19.639605725386282	19.275219016905186	19.778871035138845	19.818449393740266	19.716406923277077	20.19937262909214	20.297572547034097	20.00504266347262	20.10367498372856	18.11384699506255	19.869650093323255	20.159043463447293	20.0489635394326	20.16878693797004	20.37172688346311	20.341295672925984	20.28967057189906	19.229370395332616	19.280970743040562	19.46375339479581	19.10828470379031	19.183335344080596	19.191969601292577	19.276372713480125	19.179958128716997	19.228997678431757	19.107018933634052	19.150525416838228	19.18061406734708	19.362097397426755	19.45174247822957	19.308951266052908	19.485438258613325	19.507315017930974	19.658343810103478	19.275759889689677	19.310825970446313	19.327511752685908	19.589028275361837	19.39384703456415	19.437397112531723
AN005452|PE(O-16:1_22:6)	16.858578570317896	16.757059297778866	16.20217810323787	16.543475975789416	16.231578410327373	16.68374920913529	16.943076246228813	16.561244904357594	16.77352684901654	16.970523612713965	14.981097440627645	17.276650338321776	16.74682024336102	16.788005734658977	16.757575330290482	17.227849241952438	17.241081002276005	17.456771692028273	15.061857863596659	15.077026310382115	15.167041887694872	15.268751348199583	15.403283185010347	15.298316255940557	15.296701005712745	15.337215465199264	15.317206834271051	15.17708229401072	15.270389549268453	14.963589415271445	15.139167205308476	15.147217997234856	15.094834059957043	15.51010760971643	15.423633505293997	15.292255613269496	15.184200763262455	15.332624315563724	14.99826941697818	15.453537336541942	15.381384811291177	15.378630651427795
AN005452|PE(O-18:1_16:0)	16.382856618753788	16.474300951804793	15.849965045269427	17.28613871434818	17.403305714385546	17.418318104332684	16.69888750337664	16.879339855357518	16.787437761124334	16.98982779027327	16.289387436365416	16.891781496125486	17.802229227494646	18.028793167731994	17.791101612309795	17.078702250349718	17.282716895783516	17.23799609333908	16.50113176144145	16.688430483102838	16.40197722232528	16.594920077568766	16.50014819757872	16.460773509931943	16.845820075102296	17.40267799400074	16.93920059741851	16.819995899927175	16.499355574388918	16.83232837956575	16.671823593703	16.668691002729357	16.641598479298175	15.794079699024719	15.667666759300829	15.734001607434008	17.133009709718216	16.639982986321193	16.813949965544317	16.2964807323755	16.055385209665083	16.812249263161654
AN005452|PE(O-18:1_20:1)	14.618303486802997	14.590194848652532	14.29897523334641	15.499627222538198	15.597498769165865	15.469843203701602	14.72953333497032	14.744264181134804	14.587213416546831	15.40001306886413	13.41345612469009	15.293661515903882	15.84051739464347	16.378298601792913	16.0191370664945	14.642290179464965	14.87115622456257	14.892956537106565	15.436282346287275	15.631336958110179	15.847609310356582	15.9727753097571	15.963514949708953	15.85409238735827	16.278266618723272	16.24770942280262	16.13083539758976	15.639665716194994	15.423472794008307	15.768775640803371	16.78150238825144	16.717021802672377	17.056368568514404	16.993254127833843	16.724975020730042	16.97357944726574	16.881360661134593	17.28611537367948	17.189546112050547	16.82873108383217	16.929584414766715	16.917662893109743
AN005452|PE(O-18:1_22:2)	16.384230030721834	16.17216254580256	15.730813278239658	16.67424756328982	16.521133272275947	16.897750373103705	15.602786270239157	15.717895305214117	15.996368653539177	16.296780923166573	14.572427475231349	16.237987809021902	16.897989481438128	16.763558902526874	16.378296673018045	15.542334435208993	15.731908271621155	15.640970669928837	16.674423117077847	17.103428602264017	17.360766681304483	17.021910754769113	17.239991560706503	16.89745414527109	17.513920024814308	17.47763246493084	17.30191607451115	17.031062790020638	16.94811730451945	17.195900033800793	17.39609362418971	17.302225550895596	17.517358120340734	16.991450138758264	16.923396613888897	16.484929635559748	17.42408361966915	17.813644244906364	17.434104272769474	17.41616929638349	17.576459330610007	17.47788705269598
AN005452|PE(O-18:1_22:3)	18.014588983091013	17.6184554812848	17.903554522665395	18.271722157782776	18.209115457160706	18.488583366073296	18.20031148433558	18.074294314761687	18.25602587400554	18.11014710260043	16.24324800348258	18.083613917417704	18.168012733963195	18.285105624198934	18.15416943346372	17.719832080611877	16.247110232114686	17.087907539535667	19.74684389468984	19.75300262279096	20.023727656862928	19.82769796676873	19.620612594741363	19.551895128267347	19.89116233473979	19.877263033969562	19.765293996735725	19.598046019704825	19.523550873873084	19.65602133901393	19.620666009212215	19.719168470512386	19.52825042802653	19.379698310503365	19.091429270442525	19.019227271146686	19.627001577448617	19.6115046321128	19.900880024582595	19.543910362607118	19.523226715681538	19.488997188142278
AN005452|PE(O-18:2_16:0)	18.42982958307993	18.455212105807863	18.139524333663513	19.006948410592635	19.117022213513508	19.05419171432494	18.61581175035701	18.70047087981701	18.54998929229046	18.75497620999904	17.512590239050116	18.652881931228972	19.46382435387357	19.357304020946795	19.383169460455445	19.001751449929138	18.71522962162076	19.02576247394287	18.671056956500383	18.61575298625622	18.59085487886403	18.75461723959689	18.6675933864912	18.78707143843848	18.753967667791656	18.812119930707293	18.738814253324193	18.534552532684618	18.783670444488887	18.8451993427222	18.85522647394551	18.910611479526832	18.703120186207673	18.858003450723842	18.688096468565	18.951508335328178	19.19816620524531	19.15970270253081	19.32556750523534	18.60697699429712	18.67021178638115	18.801611300437276
AN005452|PE(O-18:2_18:1)	16.928321864037404	16.661930286527284	16.565684110573383	17.270844531806485	17.195213776798507	17.451275890289555	17.00289185607108	16.882380198834717	16.89868225554315	17.1224177913155	15.068710216850599	16.971540641174656	17.45224178375185	17.402261973321835	17.485609119579124	16.82356866433321	16.95817025332249	16.628066308552206	17.283034826362105	17.251958824841648	17.38922849135918	17.4260201504198	17.688562791957274	17.283916375842	17.7966171652671	17.614163730932496	17.537694853840303	17.454072868324193	17.341889027951705	17.362697521764147	17.81443873935921	17.927653260547302	17.91538799043566	18.279501541526308	18.406841740566694	18.354983173019615	18.044099124269625	18.077850834683336	18.05163357070088	18.008064298435464	17.970688026062753	18.097504678579377
AN005452|PE(O-18:2_20:4)	18.82903069293146	18.648576729862405	18.194849089334056	18.276727393017524	18.313885634210916	18.474097310718395	18.98836519090509	19.065012130932235	18.994731787533702	18.991302535932277	16.806868610555156	18.870597526538972	18.651350856128747	18.673150652748387	18.583159855413665	19.0531504765393	19.11150818462124	19.09296295638172	18.15171992255508	18.2075620109552	18.309195426814817	18.39143910799435	18.169884128640874	18.440641521064737	18.14788165910934	18.251440333538163	18.311493807591617	18.1798977370765	18.256699256375622	18.051573252154384	18.451788667873462	18.427390885482342	18.295600451617428	18.7295214530374	18.575265969627353	18.44294776615531	18.16408368703404	18.31611261365147	18.165272344403334	18.30375447896788	18.369095691036442	18.304383347254245
AN005452|PE(O-18:2_22:3)	19.191549002049758	19.209900180269223	18.808095775248432	19.48508380056498	19.55165870658579	19.643076410982747	19.386849780885537	19.401570388478362	19.451697239949652	19.457287466204956	17.29575281279681	19.339534373647613	19.4309166283653	19.568319880708234	19.417471109675038	19.491493327978176	19.455452072655206	19.43221084613348	20.077579125212132	20.328721086331747	20.405291618415273	20.203699076539422	20.101913729120525	20.366579461380677	20.070205877818132	20.272894509711556	20.165031165663308	20.331839148391794	20.325135174382822	20.332953041260026	19.366436980695926	19.373835567162583	19.332454261066143	19.21613996541715	19.101448602989375	19.183558145746073	19.293812580649135	19.45639724439521	19.16705075991271	19.44678824901093	19.42830505152355	19.581529413944857
AN005452|PE(O-18:2_22:4)	19.380807702120688	19.350839540607414	19.05387032716069	19.453947257804273	19.528799238218713	19.491553531115578	19.752694166102945	19.77390708541054	19.873999892987047	19.332033362549154	17.25236327975412	19.18891854179948	19.4425175912527	19.575967579289618	19.37050288878207	19.64858372841562	19.63179422442974	19.616006604531368	18.998377286783054	18.91243032167135	18.644733834443308	18.709209397617958	18.596904297415787	18.87733886148511	18.829365840085412	18.73155126027913	18.711505688982182	18.666653428512276	18.551179150373052	18.769926443291705	17.991099326981306	17.911994826563912	18.05267160128416	17.9002188292254	17.78920121960548	17.818412666423317	17.887762987738697	17.62775753005553	17.812240249192325	17.974988397650954	17.733480441977438	18.02044478247847
AN005452|PE(O-18:2_22:5)	18.12002800169025	18.119870174014235	17.84526445841961	18.05888118368083	18.053577175106938	18.134115964256427	18.29350333515259	18.311235034678287	18.463858881719098	18.259546370133602	16.092207591925472	18.18630070160566	18.403841401712175	18.301588620682903	18.313136267019672	18.44991605792226	18.36573500412451	18.371225936492515	17.036010647003376	17.183786327003574	17.17922681338117	17.114019539686502	17.26944951787089	16.989684313636758	17.061418655630927	17.145343898751097	17.09093838488586	16.885642761674166	16.916306133553913	16.851975693104897	16.389921158521958	16.63633472637047	16.4928904442438	16.493924978113032	16.537006109254175	16.342829036291594	16.353025136603495	16.55613021733634	16.52723632156303	16.435018878995965	16.34098986723361	16.4973483729092
AN005452|PE(O-18:2_22:6)	16.63701292809723	16.552425953811998	16.299380670613413	15.98548207422453	16.05641608711946	15.85162402344023	16.349391291485013	16.54603060767409	16.524380978398202	16.31981226826652	14.301799312207224	16.44498443041175	15.92480581458485	16.04262930416787	15.957767919983432	16.55978418692801	16.37568911716372	16.529326995573857	15.000422230934262	15.08045334937006	15.247853184792458	15.119628537299723	14.974100936103614	15.173192159646021	15.211268039300755	14.997311164646602	15.24967433701465	15.161352854893604	15.432433415482611	14.983198608485692	13.75829683056245	13.905924384740185	14.012447642121082	13.680174490540606	14.092090803465803	13.523318408734948	14.062989912917082	14.181845041144918	14.194153178559773	14.380611304182157	14.149688929894165	14.217866244470825
AN005452|PE(O-20:2_22:3)	15.325884646909788	15.503446699191985	14.886715589965359	16.01966152332285	16.169993700930565	16.12313318066642	15.575174763006636	15.57471549516847	15.56841788741268	15.447173239135479	12.524870238220624	15.426103948919378	15.804676334153449	15.939159657739296	15.964682804757796	15.164887458849446	15.160671243004746	15.349152346034419	16.348310664015926	16.40866869350755	16.594539982847113	16.616109079831073	16.4382175511872	16.341422015036237	16.720113052363367	16.456395437700472	16.655517582729235	16.448471213082584	16.26612999926437	16.35487631341402	15.349056660049364	15.393007614440915	15.434132669437782	14.906622657553942	14.871916369435779	14.691054343651711	15.444807044371197	15.400273994239646	15.583541312530286	15.238819622858099	15.196916825999239	15.265057216180848
AN005452|PE(O-24:6_18:1)	17.05420134578842	17.1030711420175	16.64280229592052	17.64761945539161	17.48718433869151	17.71466933013646	17.388153370877227	17.39257580765906	17.571167184916142	16.919147754501303	14.63757914496518	16.95777254433169	17.47281177288648	17.601805471229664	17.393617171666413	17.275078105991447	17.430523488303184	17.34044170332215	15.748706533591713	15.695100952811242	15.72964577463017	15.209170821825552	15.279757572929034	15.120651786105366	15.505875934097881	15.452276890653943	15.55121947222124	15.49909684058512	15.404100098409463	15.375306657787053	14.490526530437796	14.645397440464631	14.334531887249707	13.095705152836874	13.476751017529557	13.91972041895363	14.605166523021389	14.510108890931377	14.504576259946612	14.62565056801498	13.923062487499118	14.470340692956933
AN005452|PE(O-24:7_18:1)	15.367858485009103	15.180214118943182	15.020341967268896	16.109574787581717	15.90349273919224	16.383456504488016	15.945184358967387	15.91583022187275	15.987938877158907	15.416160468651842	13.274311895064017	15.476334123928604	16.07808090862259	15.919158722577817	16.113948567790366	15.644225809890234	15.794507538293265	15.865639017437218	14.66669852368519	14.892305376902101	14.725467050316634	14.365628810401693	14.282628849958604	14.547232671160247	14.343175684749362	14.904357560503744	14.594946373030817	14.352645896576455	14.79954118290019	14.222460430506164	13.765661338091931	13.67711307921413	13.725088309231698	13.378897333606862	13.776508116061265	13.136170988785542	13.864594398212272	13.755906107041088	13.486754556818575	13.216016310736457	13.617175340813498	14.127144591445523
AN005452|PE(O-26:6_16:0)	16.92999638806936	16.73596952351489	16.35363202073005	17.5080023159855	17.48373884573425	17.510609841976475	17.372869803935448	17.234910362108728	17.13328350149369	17.0175521757574	14.819050164063874	16.95032642390483	17.523473059150096	17.496135249282148	17.56112004460979	17.026469512070612	17.115230251787104	17.097698889350493	16.391823482905444	16.22907548340323	16.217727534298348	15.962720665924463	16.157194340689593	16.118194054650832	16.08938988148079	16.0459142236036	16.204934720816468	15.982750714361359	16.177196497981683	16.189190776454144	14.411465196569482	14.631049830124459	14.74137489087453	13.643579605593924	12.79091723920088	5.77150926623458	14.70138421664875	13.991716966741269	14.512287741765144	14.512562683792625	14.202273676165735	14.679074786956336
AN005452|PG(16:0_18:1)	15.793613583320633	15.770545958234473	15.238758718586269	16.287955909836278	16.245842942484018	16.27824069330368	17.081549396829153	16.352042570999174	16.437908955681873	16.008140933876312	13.79518804933283	16.03516733952059	16.277701058545777	16.309280688907442	16.249900645709314	16.373622482560073	16.4289080509164	16.359121339040932	16.418043366106314	16.396008652180626	16.65278906183751	17.088367504423356	17.16393614649537	17.077469740045387	16.343601800934255	16.43888720324876	16.389022799135653	16.549362810445015	16.559612283398756	16.509566659837212	16.799450973974885	17.00151400631532	16.98929858792016	17.300726797416555	17.23502966047737	17.160787282083493	17.07843554638151	17.21985669199187	16.92301851037701	17.27098150599807	16.984709160168656	17.162137091096543
AN005452|PG(16:1_18:1)	12.00107700177261	12.483008743502461	11.88433871659909	12.232322473612651	12.478033667132555	12.359313334463023	12.750300974053006	12.729900478241403	12.553823837860762	12.36405359278515	8.869869568598197	12.181966187275526	12.139966645500456	12.276112189235695	11.947046712955279	12.677408823477837	12.692105006666644	12.694503217767855	12.543008212096032	12.712230509466892	12.841278511521136	13.412603459048503	13.472200970295054	13.472050797423153	13.04829860989407	13.113307050150318	13.1385615497734	13.15818360098637	13.128416531657638	12.970650116625336	13.284335380188159	13.382421916381283	13.344073288689705	13.652459818350534	13.467027739240311	13.480401396172814	13.115375857263894	13.280782994535569	13.210880452397545	13.700958368444795	13.413626910078602	13.43027691762889
AN005452|PG(18:0_18:1)	17.163497495919373	16.963639852417835	16.785932514386296	17.038188787407666	17.09719129360391	16.918884623165688	17.150435048462946	17.31444485233334	17.27877044456916	17.265597130871342	14.989673510134873	17.1768414785017	17.223564053045358	17.287998261370447	17.18732247327779	17.307345369863338	17.218530475911496	17.3172340789538	15.408475619825802	15.680806917539824	15.877952958358252	15.739371246573855	16.12036745781522	15.775933008319594	15.77671129125602	15.718548684451376	15.883447884420368	16.222348330588915	16.08398904871387	16.025401889386696	17.10152354394106	17.199061571307524	17.089490280807063	16.835680245060168	16.752103093180267	16.237970598953876	17.0898513506584	18.0790415331424	17.346916599257227	18.31191971949653	17.4617166591946	17.530403552849634
AN005452|PG(18:1_18:1)	15.530256425885577	15.323816655557176	15.303868504311609	14.939289983080503	14.973088983142711	14.109532009108165	15.277365917897924	15.422040943319418	15.477598716453292	15.426067729657968	13.047977915661361	15.239089759964882	14.957864860824236	15.191436206285314	15.105386682296478	15.639392861119566	15.5653801023089	15.492535785113041	14.155597134439152	14.452947574460893	14.627351501014939	14.933779231731563	15.041090702499815	14.99530805901118	14.882477915511581	14.688592971211751	14.975774780946315	14.76347322947639	14.704232250025159	14.519370315578467	14.93858469779759	15.175879659947448	15.179816726930065	15.270481496530092	15.06097620989551	15.048259479252275	14.932748829422774	15.318999252361564	15.312709547593668	15.520754671279807	15.191782124272818	15.192960572255775
AN005452|PG(18:1_20:2)	11.008341406775951	8.865317289234147	11.247676787105787	10.71376226741113	10.60895139423995	10.392343230168153	8.630886747911138	11.384233729911355	8.978182872009278	10.05377629660499	9.247688864377604	9.962858656494127	10.2628589930778	10.486208399329113	10.69676914072788	9.138761497191954	8.926316976888065	9.82061234757324	12.283431487201797	12.565410771222941	13.11326487897565	13.0276066830572	13.232406581846574	13.065933745839622	12.97596497169296	12.740419078468866	13.09083364225807	12.663261843956153	12.639074415400094	12.867781713378363	13.978462837312497	13.79896661469384	13.956769672383487	14.142949547565259	13.98351682843632	14.05759290507224	13.94549386458594	14.078462799977217	13.865149233740551	14.417336516495508	13.940584960753787	14.101719952316174
AN005452|PG(18:1_22:3)	7.8088772147256975	7.314975110119095	8.282095648207255	7.304152910239026	8.8511700406591	9.277153935341255	7.3395248965908975	6.380694455111798	6.531926642119712	8.154654804521453	9.247688864377604	7.979303407567723	6.445849779006533	6.164338013397574	9.103854690262526	7.149778799045779	5.95244859212784	5.922926594952227	13.217927884242991	12.842574924898178	13.33735265851097	13.593111471335524	13.698089255272214	13.63530608884612	13.368911395096257	13.356905848597636	13.510466549113374	13.529970236786479	13.397256807328873	13.24969686678657	13.038609647401321	13.112103432658415	13.378145327685429	13.353190229166039	12.958055526976919	12.565519561301045	13.37719277147267	13.921857613267479	13.569494499805286	14.015145110052861	13.326042642138754	13.607546525737703
AN005452|PG(18:1_22:6)	12.308757941707553	12.292998499258186	11.737271603666155	12.905772556276876	12.803352185563721	12.871435733760114	12.984342667658908	12.942955199153582	13.048833739513666	12.572326238026653	9.247688864377604	12.193145102999274	12.84471999509489	13.104114666557386	12.690992973133437	13.079913298311462	13.219242627322968	13.337706527633648	13.193326990073066	13.27739184773433	13.362186253590709	13.138210917440786	13.244470780094177	13.038346711556763	13.75928379202132	13.680553673657762	13.812219120082217	13.682814634456625	13.449406390879766	13.411191246236443	13.0505620396895	13.053810666259382	13.136601910531615	12.10885243164805	12.123440505174575	11.88122502257747	13.123946005324695	13.48944643979463	13.344674362705064	13.304156429486266	13.020340676815623	13.085398893191236
AN005452|PG(22:6_22:6)	11.278907366537332	11.32352502264039	10.571576034344849	12.350182879194714	12.514089168740814	12.48875058815725	13.729003005663888	13.635350851334808	13.612492641963838	11.70406911818657	9.247688864377604	11.642698655667122	12.697197736965814	12.674856931978988	12.51633926637262	13.87587753929001	13.823984255442706	13.928873328772536	12.596855137886209	12.684101593881001	12.810502158284002	11.966038074670328	11.8692415771053	11.921398672392865	12.840545814871625	12.850788674426695	12.921087758668413	12.749763886970227	12.785968800374793	12.614461347878649	10.397169331897514	10.519872893272948	10.395525385305092	8.167490607384659	7.708222238678458	7.987249979698598	10.737997524484657	11.268675708596179	10.942341914523576	10.499489412206017	10.15872735441738	10.20559464118265
AN005452|PI(16:0_16:1)	10.88379714244643	10.387929544365761	9.697205280434835	12.395390912559181	12.423404406328796	12.538822311662585	12.341725932485668	12.142203137397647	12.190760777652978	12.238377712318325	7.972601023693215	11.817526831138336	13.340888172919996	13.670236880468376	13.189295965912049	13.260352194241475	13.350920390581337	13.374579516009177	11.170188454414273	11.485375993499717	11.53629052999449	12.137616178115909	12.325862823503154	12.21828927392436	11.845435289181642	11.493987249482501	11.91932597616331	12.077026576818962	11.971470623059453	11.932541993114976	12.754633083649228	12.851013843418785	12.80712264628322	13.696400431911979	13.685134819328765	13.596822990135326	12.897549600603215	13.140353771826566	13.018089432571212	13.67924856580811	13.46940198167668	13.555778254760927
AN005452|PI(16:0_18:1)	15.360946895408901	14.740387866340116	14.824975842142035	15.196399005875769	15.337548827731808	15.494368188329128	15.751981013225315	15.660144392471276	15.632827571066674	16.3396057062694	13.967989221630582	16.254184549053086	16.167257644078532	16.207597476998178	16.024768986494	16.197066627803913	16.601684108235723	16.56370656695365	14.40542877831312	14.536492966107224	14.559504881696402	15.351107341388518	15.582300754840443	15.567078812079354	14.936832442132598	14.752891935761394	14.947642924749172	15.130609532375423	15.113242274440932	14.921616464550473	15.689709292731516	15.749367686245083	15.682194668407162	16.58068720625229	16.42346900545819	16.287883584141987	15.8252021914273	16.051738371079406	15.952702890281806	16.463094996167836	16.277055128982607	16.236168967265254
AN005452|PI(16:0_20:4)	14.468239846714155	14.277656497004195	13.72058812089793	14.58071439896947	14.580058308682577	14.644585621130522	15.167055999329227	15.165053166622426	15.119935870972423	14.826428888411115	12.233043560550248	14.752699079735613	15.139611310301408	15.25443772670096	15.057348711003087	15.6791438576705	15.781469467698292	15.773276605777621	13.65758283870352	13.802852055245257	13.751294698228124	14.268106463179759	14.253963894263423	14.208620075494503	13.826271381142215	13.850223910905445	13.977620978460319	14.004820126784738	13.901642991351816	13.8718477231866	14.372167545245867	14.609284516844466	14.446740982621842	14.892752979506303	14.830091049112896	14.791480771352656	14.389096987376377	14.535915331327107	14.243058904007258	14.943292620874557	14.652798220534809	14.804879268849577
AN005452|PI(16:1_18:1)	14.632893428000777	14.504957560183263	13.948465955064274	14.996286795286041	15.030540493157362	15.096856335021792	15.090564336378689	15.066041065251472	15.108172882071383	14.837046576678585	12.474443987647424	14.767483192640201	15.150132485786651	15.228290649241275	15.059205556989909	15.273943479480902	15.323941242578456	15.47395573621248	14.87778911856782	15.062936987774513	15.110703257563951	15.899253215205256	16.012581145839896	15.977265076750799	15.33030198191277	15.288368474761624	15.455427997369158	15.457831286897175	15.433025493182223	15.286213183108936	15.746043461145272	15.843689002970818	15.78043871494787	16.241344264729157	16.185116233233558	16.137064024935334	15.692131204885326	15.879235986506357	15.705542689160374	16.173310325498576	15.88390478711119	15.916781354086476
AN005452|PI(18:0_20:4)	15.856551585696858	16.87081092754014	15.744332874096012	16.332953406121824	16.822966625975344	16.337507995447183	16.351758137038946	18.327641437258205	16.461760238472415	16.12029279293781	14.087900297035079	16.396761295897132	16.074245010770515	16.285326726326673	16.55577286676216	16.975402198435326	16.547953930979954	16.328317635508927	16.642528287677475	17.670121552677294	16.432595267063704	16.179756240989185	16.899162583173332	15.823084291489941	16.159810123711658	14.821598887308344	15.993975858560374	16.51642408663824	16.205384907092593	14.878101382886914	16.37158926367423	16.79952896241721	16.34545206673912	16.406430607614773	16.54499947579099	16.212951868989308	16.23817549105067	16.639122886328952	17.224300556274365	16.904545049091425	16.675216907226165	16.42112229620884
AN005452|PI(18:1_18:1)	16.459594215129016	16.346566189839457	15.896337276533341	16.785164652628662	16.686050807159226	16.927048606706318	16.6715941078223	16.524699258926876	16.630242234185054	16.370058347334595	14.44988714796607	16.204059683759443	16.598669257534937	16.62515141622972	16.49230526273079	16.271974454488404	16.575830629391138	16.311526439197586	16.961010336440488	17.117145187782274	17.183542945839225	17.635025355281943	17.748687691385907	17.626621199927136	17.308475210102525	17.168874484370825	17.373866759155415	17.42642989288916	17.33424350885831	17.118110125445344	17.39405722024076	17.543434930948695	17.4721808994234	17.815554641111348	17.736836526434406	17.708633811919757	17.325862677364647	17.55485498409224	17.445359775574264	17.700173304154315	17.41060416268305	17.6521595940415
AN005452|PI(18:1_18:2)	14.614483554415132	14.724134181545619	14.54194057948331	15.057572777496073	14.976081241655107	15.094647637117069	14.975834897591602	14.932672584073785	15.12442254940412	15.049419774070804	12.556544805551244	14.961727984293494	15.215636061479461	15.423607675311565	15.236984834744053	15.101215813954456	15.399380513445157	15.345731446271605	15.303997786397748	15.491116511651056	15.867571881294781	16.317778159761612	16.366759188107476	16.353180263144772	15.61941165879312	15.601434469725817	15.902957992112839	15.991000674109312	15.846514156640794	15.723194495308773	16.519103610765185	16.571475916065886	16.473629486393637	16.93521881398021	16.899227995487102	16.80233873102211	16.242194419463768	16.501814467697223	16.413877192271396	16.947522338930014	16.80073338017349	16.726641281563104
AN005452|PI(18:1_20:2)	18.991777390333613	18.677810601338795	18.341299212907906	19.01603756232757	18.97354682113178	19.112227170688843	18.51441736311372	18.71586062750515	18.629579375414885	19.092414211609388	16.365832601851945	18.92701421939641	19.348339987925893	19.55738636675294	19.20102835698369	18.519352283714014	18.716233316413376	18.895525990525456	20.1080815246323	20.422943152697677	20.351379250090318	20.342682566774165	20.497722523471108	20.445715796810976	20.38081881880891	20.076278623074188	20.365417941835837	20.465218153678457	20.479471925031408	20.19922025295947	20.580201234360192	20.869935727059314	20.68211792311514	20.619783598036015	20.586373194062535	20.493033797106307	20.48807514127982	20.684476989851046	20.55875187408008	20.837195824023738	20.576323907696114	20.591315344597277
AN005452|PI(18:1_20:3)	19.76162252739164	19.691343188783538	19.223648622963626	19.80163950046393	19.95878547158708	20.045683480600225	20.338185614069992	20.337256763918774	20.271439526973474	19.88914942100018	17.19194176645126	19.631560823216912	19.97573764282285	19.95222315099879	19.943441808369702	20.082794038853933	20.403214087121896	20.34246672417479	19.634874916935914	19.871887310048898	19.839548007365817	19.91547521394843	20.001379075125627	20.007586432024357	19.83833051641744	19.800586989852576	20.028131886677663	19.839039500309767	19.67989632142103	19.598207160957905	20.08107856876856	20.081024954559737	20.145799367829227	19.936100195860735	19.930331943542278	19.907390799843892	19.91521330088321	20.077318259376796	20.104968026634722	20.22347646198259	19.903242575326978	20.0385903279802
AN005452|PI(18:1_20:4)	17.92144077470704	17.918063684971884	17.397484775307966	18.165393562345592	18.30205935333753	18.254503980635732	18.762179553499873	18.76284788103043	18.701849389349263	18.082686484394912	15.55141117309098	17.96730296906769	18.248670645042655	18.473218180232276	18.2611865219776	18.7095499279373	18.809652024749347	18.87075381000537	16.82862754273767	16.978582445432657	17.06206198434353	17.174741045384057	17.322295078563577	17.23141857827056	17.16789423278652	17.05943593721687	17.263976459378593	16.980340399831423	16.957547454613398	16.708153332632268	17.18017920109467	17.286803902231632	17.266917192741985	17.4280955013548	17.3163750670715	17.207021186607726	17.079803767097694	17.3569514267305	17.243892263891507	17.41246496915697	17.115018609004192	17.27506129760468
AN005452|PI(18:1_22:3)	17.59054954518588	17.475046973395944	16.92677682362196	17.777078753809167	17.82400842430096	17.9679159016815	17.886242999843848	17.86147516609006	17.89661123346716	17.35165533002689	15.158186493649337	17.193469454804983	17.72630773801444	18.07768440502187	17.69693917104097	17.68753597737437	17.81550691967226	17.906104415128183	19.01065072263241	19.22447931383112	19.358042699195934	19.274887866975476	19.38989477535394	19.379120765216722	19.151323408806025	18.92881679037951	19.22805250301796	19.135033981629682	19.131430529712752	18.988090376396038	18.239559300667928	18.364185730119328	18.25749022656979	17.870593475599293	17.76018020595168	17.680593194126455	18.243050365790214	18.540317997981095	18.393227485702177	18.21398466136397	17.88906502370294	17.987665311976773
AN005452|PI(18:1_22:4)	15.924611268234107	16.07527923540548	16.424173085272155	17.43080432435525	16.94596130222272	17.800533625929372	17.744674383693706	17.141795523071814	17.707017800737663	16.878930212331873	14.403875113064142	15.912225509331961	17.4539294507876	17.584624814124577	17.329891297840497	16.64481411929152	16.909593304320857	16.922337703043123	17.3618602093732	17.713495871355025	17.82429064091383	17.923445486854472	17.966151462132046	17.81978127717545	17.649572297447072	17.488984054280408	17.838007523297144	17.61338293805588	17.582933952693192	17.364569473740033	17.06707921735867	17.156936215420856	17.184748958496165	16.785300945640845	16.850392934448887	16.81301045191115	16.95241009404579	17.209324372251437	17.044894092228596	17.078229447635035	16.803544038490205	16.910793037100476
AN005452|PI(20:1_22:3)	13.797460750276556	12.877154577856478	12.657107268297379	13.717156305590512	13.785247768236031	13.72138643618029	14.156854274965303	13.738014202321592	14.197329362356182	13.186295452519076	11.318696357689111	12.969612837874909	13.796856122740385	13.45306938360847	13.328980813674445	13.525532018685615	13.228658625792331	13.327182592996257	15.196774017137148	15.381175660626324	15.54610365942601	15.480179775078094	15.400032106444774	15.255155039840657	15.209703910825983	15.242962927181951	15.580709931486174	15.124324143367296	15.265481331948845	15.041228205244023	13.583220812933027	13.82989155452492	13.830308212660263	12.848803381716797	13.160044472126108	12.932629053209757	14.25759473985332	14.156016193860012	13.926337609400035	13.457319429767248	13.151127571761393	13.375464460261094
AN005452|PI(20:2_22:3)	14.333474583319033	14.112486225545117	13.867629102721612	15.035724398962076	14.962908251435213	15.201964688749456	14.952352511015254	14.889562790059088	15.024810896808424	14.148481977240406	11.38006828943047	14.049158392961685	14.879705582786597	14.650369325505016	14.738200235686199	14.42791047114062	14.452060121866579	14.533398560733106	15.999002197520328	16.132380528528007	16.262850761295745	16.35617738530905	16.408705768373913	16.293256893256693	16.154558508662905	16.17330066366439	16.02500804836325	16.22689811420854	15.917269603348267	15.748743895780658	14.465459417306265	14.6983961027851	14.738416440054994	13.78213646476655	13.773083506210636	13.858843744348132	14.491071532780957	15.173871014558214	14.75357365527053	14.32356246675112	14.25496176236548	14.006434500448734
AN005452|PI(20:3_20:3)	15.846652820780463	15.838040872563665	15.42692924684602	16.204312290411853	16.1961655136231	16.25194710039069	16.343372051197917	16.46783397975852	16.421739645315043	15.853917721699476	12.947351537504243	15.811398803798452	16.000163878552875	16.176049161520453	15.147667683316953	16.340199841807184	16.44332072314859	16.436640178340323	15.59636729998617	15.755493115402082	15.881372898004814	15.913305081106111	16.171063241670293	15.950202676655522	15.742459193473819	15.737558807933937	15.878969702342868	15.670429628323234	15.660874516968489	15.458790294019371	15.369406241305267	15.455416308730534	15.466452224392702	15.141567471909573	13.61564504051365	14.969167793841153	15.316421360456086	15.460114409889291	15.485519146030754	15.399153408029148	15.116328273437963	15.206971756820112
AN005452|PI(20:3_20:4)	14.049972334856301	13.998841553876272	13.450400716081962	14.221444942516326	14.325490837299794	14.290304627610308	14.724925942416649	14.701206210485015	14.709417939321131	14.17511594445442	11.55645745331099	13.929552835163479	14.168101295939103	14.346433367691446	14.12238867570977	14.657917749328753	14.79679595253894	14.857044979499687	12.912723225483747	13.096938368888168	13.081935500116964	13.27063608191545	13.375043876449492	13.454152042255302	13.256958107120042	13.187460703924128	13.401169682662669	13.05554550538946	12.984869945462787	12.813475410767184	12.728046383512359	12.83648511247936	12.85959069657829	12.24356377738609	12.241717262117648	12.381063314879011	12.566692345241513	12.87009800070577	12.821943113041234	12.818992196713134	12.605593752164893	12.7228284203806
AN005452|PI(20:3_22:3)	14.270759122751281	14.201674207466448	13.742379516683325	14.852543677834504	14.883378483835228	14.990753665998577	15.087231395888528	14.892868393366818	14.786052950309058	14.026292306608735	10.642861370373383	13.502072185611757	14.632708826546141	14.84065973048077	14.517404336342764	14.559620449939617	14.65963583307664	14.81776375571015	14.889317015909594	15.348853923182604	15.066485770543684	15.627201828865491	15.507325520573454	15.722531569920108	14.84454709527289	15.290464185151185	15.05701491265125	15.592137121848957	15.17585798964674	14.90823047112168	13.964840283908924	13.843012974632336	13.914728793412246	13.070200426400117	12.9478487319535	12.813685176969656	13.61443106041075	13.916361711180675	13.763959757471484	13.48970133191184	13.437613454837564	13.301828837480421
AN005452|PI(20:4_18:2)	13.388467596397394	13.367195798967833	12.974344283880633	13.673970958693994	13.785060356565088	13.648214682137905	14.568069182440286	14.480314734234774	14.435898841709616	14.071944744373036	9.386503333279887	13.735062453948025	14.110085132710067	14.32491942526887	14.11642635348392	14.983531967516356	15.016534383690274	15.094610811693354	12.628771071626113	12.748686515061213	12.911508852025957	13.257829193687341	13.39170048380416	13.308524234242402	12.900196578371206	12.782703283005912	13.041802754599562	12.813633361250465	12.718456309408412	12.568398835468999	13.275539354197303	13.390664942682493	13.243302877722885	13.563856620814944	13.508658537858308	13.49396709355147	13.014470572508493	13.284104434885723	13.057984232096544	13.547572346123848	13.22188136956277	13.281689247570004
AN005452|PS(16:0_16:0)	12.73145523997219	12.771869303512576	12.822023691560057	13.815216355367971	13.689729764573714	13.732620976108924	12.74555593413879	13.619806037363851	13.599500828611026	13.818873969089106	13.25443569681819	13.470601368499139	14.817111534331373	14.961072025924791	14.722786608362012	14.345608976279339	14.43539768611955	14.554912642902268	13.570363009237742	13.529729314261557	13.89820300182523	13.967673355286697	13.871063698467504	14.020341113805786	13.39265909434877	13.35331580990594	13.406299071928292	13.54209731781838	13.66093118459637	13.47887713610262	14.271132395954398	14.427894707924123	14.476549495264749	13.224660557606729	12.97025389532973	13.081045645854639	14.346331130435129	14.153207857445718	14.145020400865826	14.166920450078335	13.662290907211851	13.842483214862897
AN005452|PS(16:0_16:1)	10.780216971573953	10.532485670200323	11.786614349270744	11.736746107052719	11.95664450803774	11.8966036961802	11.470370439120035	11.066690651227443	10.919068570516883	12.196939670490892	8.7531733438891	12.073178377949626	13.06326287819273	13.044996604182137	12.552249356464253	12.512829265876562	12.408929507048772	12.531357376177288	12.033921183623612	12.20578540404669	12.2692520936898	12.621837678258677	12.977571923502841	12.827771017309429	12.024679735051336	11.924280503985605	12.045034913790856	12.27714701441367	12.255337730723943	12.214357893768794	14.59903830366668	14.754829119365082	14.725811198744736	15.422037786213954	15.308136152211572	15.196018233173852	14.153466485156432	14.382381375878499	14.220918617664564	15.20000967373275	14.95920960634059	14.725718385141345
AN005452|PS(16:0_18:0)	16.400819846045138	16.650264158103095	16.258580725520403	17.234055431329228	18.161216780472863	18.17974732616335	17.538204774623015	17.3910070147898	17.319472237211258	17.541281669494406	17.16788448873152	17.08439543676417	17.558507693544854	18.17960112178373	17.7796602230179	17.562730896474676	18.038836171928047	17.862273446135227	17.165733485460887	17.145635931024373	17.706943728823646	17.567833295156746	17.409845046648673	17.169429702065415	16.931859011923752	17.02239800483566	17.159714819148803	14.299140326217197	17.75348740161893	17.022338785247992	18.429499956228344	18.423622628927053	18.299282723677273	18.74228421202623	18.639576082643526	18.64246662523679	18.14597166898613	18.24365620042728	18.277196545250906	18.828545016999122	18.546544319483502	18.635502836966168
AN005452|PS(16:0_18:1)	16.533417570771316	17.040732690365473	17.00889553749597	17.376604338390532	17.321416875366673	17.74848923089507	17.53047983578869	17.472273178166578	17.322207523685606	17.630184650039535	16.857810126262223	17.26549067307628	18.125511787368975	18.257549888292566	8.334320608566351	17.891333133195786	18.073163400309518	18.024853693913197	17.55134702167681	17.442530926494968	17.74047450574215	17.799904761728683	17.856364654080267	17.85151455986872	17.490034028001222	17.305740811161513	17.53641868747133	17.308345809927243	17.37195943281923	17.36636443543117	18.35861115502028	18.403873716151175	18.45245689869885	18.23563605714264	18.179749858754256	18.10110549651057	18.136852488124212	18.33112427641623	18.28477167305692	18.351081035686267	17.997316835820723	18.31445745386028
AN005452|PS(16:0_22:1)	19.640716021778882	19.488588341993502	19.242520621880995	19.59536801533967	19.7310875781794	19.683740749321643	19.94976577557368	19.91652905931102	19.89172387976089	19.983311761375486	17.664067559143373	19.728934643293627	19.838978167743345	19.892922350457546	19.815151441065865	20.092581481178094	20.15440298425641	20.123057330538444	20.195393935890138	20.196167594429884	20.34395096018812	20.465325686815124	20.54926234871016	20.380067057163654	20.33478565775796	20.18101373909157	20.23445764779371	20.330808634710234	20.30959180175313	20.26467505000676	20.57834229287122	20.55335229830332	20.559450878475168	20.74325116209746	20.902350393155835	20.74755589557248	20.473307316223188	20.4615897257048	20.437131423235925	20.717375853554625	20.688836855273895	20.715506598210432
AN005452|PS(16:0_22:3)	15.45969184129277	15.560374666310953	15.671020469284873	15.468565724990603	15.542638848443103	15.632897810570043	15.65853081971874	15.867379066619806	15.888922574179224	15.661050156187157	15.684640211213726	15.70970003997394	16.143701076298363	16.42506893792328	16.1659638297963	16.539171441541225	16.37228134383752	16.434901564729394	16.67129560149972	16.830727479488587	16.55065478915156	16.941847857200084	16.893963400864568	16.98887373105572	16.575860142259746	16.57932437733145	16.54248540925262	16.72442931400101	16.493748493987603	16.579332606195596	17.232378604285678	17.426113447295894	17.332319024262258	17.568056005115814	16.562017049749954	17.338329746641385	17.158943308173484	17.565019092079535	16.931416461968183	17.636860635565718	17.384751923927578	17.400211773317398
AN005452|PS(16:1_18:1)	13.237150266209266	13.46614599705009	13.795542177420398	13.626701787431317	13.860277559396435	13.76722724458359	13.736997407171442	13.716536753678701	13.657724435664296	14.131263244382055	13.130058020208764	13.888097413510893	14.1118834222874	14.451345724038688	14.194469626144608	14.216106450920318	14.15124818603342	14.20391537647763	14.253076310134649	14.647850506047616	14.433865302710984	14.84053437436969	14.878190248344556	14.694289233604119	14.040455265012056	13.96998583061875	14.200974538227479	14.446460461202163	14.354866225295702	14.072928376851193	15.514809054288284	15.735470657570131	15.723082356078669	16.25210461686968	16.061176464522255	16.003848882122004	15.286795920189858	15.451898930246099	15.353456478687063	16.05101847990146	15.934133661664026	15.969810967220157
AN005452|PS(18:0_18:1)	18.864173259814027	18.706361415981704	18.713795069400017	18.587207492722804	18.592806225546394	18.77972367826009	19.086854095580083	18.95063553110083	18.848422242612077	19.364758391568717	18.8975141024873	19.429540423451076	19.2320404483926	19.41624737016501	19.06729556799753	19.355661136212543	19.67572549904687	19.48530216652961	18.26825034468167	18.436447251723166	18.866010399220936	19.334995528448328	19.080667585546195	19.035000897857017	18.454959146221736	18.49072401901471	18.952204690869173	19.145745238482945	18.868078826163952	18.560158649728294	19.839860329907992	20.17538736637283	19.940243780792173	20.086527948312582	19.929256853218966	20.192964701582124	19.624867531079833	19.954137571223928	19.671757165614515	20.22337747284428	20.20627112917832	20.04665997313126
AN005452|PS(18:0_20:2)	16.158630945269913	16.2324709989836	16.384018808827232	15.976266164786496	16.375060574309632	16.95025521728151	16.820134003495234	16.432719559187234	16.268646168171447	17.102184268382718	15.555853122134465	16.827061571549866	17.048879266273975	16.609315601237217	17.01154331119879	16.82614426657159	17.44617077101125	17.36473673630009	16.43206299144607	17.32949974802062	16.855906994374365	17.363846915073825	17.185744654863125	17.085124911070803	16.616133084365217	16.763370739294434	17.442293292696245	17.252215378852487	16.83298196457961	17.19909544663209	17.597112405244616	17.57947334358617	17.551485123063006	17.906441940756192	17.964597802310806	18.139750081522084	17.26622477645005	17.348960571285087	17.004606160084997	17.966891029495663	17.722821223087635	17.899305097494643
AN005452|PS(18:0_22:3)	18.903225615598963	19.03550818443015	19.120755803260113	19.006986676584056	19.197824092022998	19.331425014923422	19.61436935651098	19.74424802923393	19.794937742510903	19.606341260702038	18.874915208634903	19.533568095957136	19.421551249438593	19.799806179442974	19.505185697693694	20.22956065490222	20.246310606716783	20.172710309483758	19.50274842546257	18.54461718316311	19.39867873850428	19.380535023203038	19.357675591472503	19.59597981772625	19.815863354469645	19.117230330711532	18.07546125560364	19.41153885473691	19.382804715481416	19.894342438051538	20.19624429026595	19.645870506143375	19.7510396707014	19.439648077530354	19.987944162914754	19.554658266570087	18.758745588988564	20.17555872599671	19.823357091373257	19.78212819061749	20.124659229473142	20.066406962252717
AN005452|PS(18:0_22:4)	18.07471802374101	18.070568655649776	17.605948006272463	17.93509778512528	17.844930437835306	17.954504730733422	18.739429120186465	18.660843653952927	18.541876784984552	18.653690921732732	17.402844069095934	18.61889452765965	18.61146104142323	18.752462006780238	18.516622327597176	19.16930406707219	19.36065120239987	19.281024730000933	18.26054963484534	18.378496612720145	18.466159038299526	18.301237095920236	18.417023533424405	18.276866224191348	18.040186015193406	18.11992562792765	18.15213362175374	18.322576479162397	18.177316398020317	18.09828134861272	18.598810079558497	18.485954106198378	18.638195948726274	18.220583223987987	18.108851536686576	18.044020785023946	18.318692052354642	18.63984550711602	18.442036891749446	18.624301427536825	18.346715376836368	18.494722371414333
AN005452|PS(18:0_22:5)	17.113538345368333	17.17817868628366	16.96724879758997	16.933827351630125	16.628030741336765	16.91509231993097	17.930532286530628	17.04257193511903	17.659287146845575	18.079806707663217	16.377013100592038	17.895147072069246	16.90038000874386	16.25076805641707	17.47924676887769	17.51620184329237	18.65426029878742	18.590612217193332	16.563320594446274	16.65672582932731	16.812959144115016	16.891359934079958	16.812560218513898	16.66949806796802	16.52459690399793	16.408819526478055	16.483536290187274	16.58245408869678	16.491489381523778	16.440905135510725	17.27316182382133	17.535026197798157	17.419500067260472	17.576858302882254	17.326261826330555	17.16093034277861	17.228435427503168	17.388424434907638	17.222279865527202	17.54898653581611	17.276461708631157	17.252057957112896
AN005452|PS(18:0_22:6)	15.657604011788614	15.757710238678102	15.593346255415403	15.22871731393099	15.501318674343823	15.253910580208766	16.081061146513253	15.960347547898099	15.900571473490245	16.8811664419832	14.764466773430701	16.736689368554746	16.54181427331073	16.490057888610483	16.14361976178313	16.913752148002928	17.26327026544949	16.95159215564819	14.370735600377957	14.521852981902738	14.510627046937621	14.42180780717764	14.628110473815351	14.602078230818588	14.208817430819789	14.377702056721791	14.476638017301742	14.204512951806901	14.528546768099567	14.519131713126237	15.17834966467692	15.441762261964637	15.258168714718325	15.418972427137549	15.283755311099812	15.35856553601309	15.355832318941648	15.450186441766904	15.28990220086535	15.417973280704233	15.251923139658492	15.470118700893861
AN005452|PS(18:1_18:1)	17.473469117393886	17.342533098664802	17.071259524625276	16.748345872966762	16.85383283018125	17.828257132919912	16.9274113257792	17.193220757533375	17.341223547456277	17.412659897532045	17.252756437011673	17.396778113078835	17.53150228166766	17.54351144256394	17.614340170200283	17.3644735482918	17.288149003604282	17.31510242486336	16.966601370296754	17.249063080176594	17.4028122379111	17.39575364509912	17.422320140954294	17.33728320832901	17.02102982086757	16.9156021895268	16.727473192320726	17.239193758974444	17.08124175347982	18.03602136975011	18.079321526858976	18.31191317732272	18.073017455559512	18.50159887195086	18.33728149973377	18.36290360651027	17.917357705151417	18.20718923911821	18.159061446389888	18.488862942073748	18.30013906825198	18.294561126199767
AN005452|PS(18:1_18:2)	13.744327803318473	13.82051249749461	13.711959292847766	13.652050916067115	13.754336177150893	14.405087519935456	13.807418177808831	13.792920469789468	14.176723162546605	13.934804455847832	13.922736960092115	14.423268889998747	14.000470860745281	14.298275480100228	14.034363109834162	14.778526528815139	14.234569575234527	14.49444717528146	14.030390148688044	14.345125850073934	14.491242969092088	14.63124604685478	14.69178832892271	14.68008166778476	14.074207104737011	13.871444007181655	14.13655495175212	14.567343778221492	14.323415150172526	14.068382174377277	15.028274592917267	15.057709684109794	15.020518104127326	15.318285224780842	15.149714496259989	15.319581703190348	14.782401204166204	14.775566613824925	14.722462644548402	15.243822222337055	15.083327028227764	15.251067003646277
AN005452|PS(18:1_24:2)	18.63137388776377	18.548952365103467	18.396961584860698	18.688600893567425	18.76273712683583	18.699861030895242	18.948307187716754	19.042329745723563	19.039131598944724	18.495479601828222	16.29491749762386	18.507048943010723	18.422440822931755	18.450590628329216	18.58246565797702	18.843866098816193	18.722234420127254	18.709653915657768	18.49501893738896	18.421969655332493	18.319015393584706	18.208941528960548	18.27425833599997	18.161582099727813	18.176621564264195	18.269311214008493	18.335960725411038	18.341201378608588	18.34192377677577	18.356626316636586	17.960442557876405	18.003753773213873	17.992506145928346	17.97914025833795	18.147080974241973	17.94275769635871	17.731398017177877	17.70017546254852	17.57785040869091	18.051052034777257	18.049093814362017	18.176548003679308
AN005452|SM(d33:1)	13.896027464978777	13.846766528805633	13.457380711696741	14.347384741874272	14.31393355427357	14.423647154871215	14.835132230297786	14.829851356229225	14.871900426490752	12.993515629240346	12.224968787877522	12.798761857875695	13.084818504784922	13.216190788358336	12.797609453268532	14.253469321239644	14.092125791158246	14.362410941229918	15.101449247557621	15.23606190309324	15.383258988210336	15.132299339596702	15.11877626088325	15.239889213192681	14.989684893489645	14.829108082642653	15.126976900528764	15.181903884018178	15.343481990055146	15.118948295836462	13.85407398385692	14.028237977407933	14.00607009996592	13.553104284487482	13.626103765116506	13.50479445345507	13.918826351989303	13.995284255658333	13.954747444956269	14.078130594130455	13.881623770879504	13.92113468159323
AN005452|SM(d35:0)	17.413132351298252	17.334897866865642	17.060883105505052	17.227560357012763	17.20398338248034	17.32564233542482	17.486063035884445	17.273557801319495	17.42641597307224	15.157503934366026	14.936982433061416	14.818594289510544	14.108818588289864	14.188249793416462	14.374082511783008	15.269802574810399	15.143405123597846	15.300940038271214	17.541151257886412	17.593349407545166	17.62189511539433	17.080711339367497	17.33733608756833	17.650520963430033	17.039044972893723	17.49646085951998	17.190352714392464	17.463355449498742	17.440046611387523	17.136062242668565	14.112255215486902	14.296886375606407	14.260262826518561	13.392704592517987	13.42911784028353	13.626484834950194	13.998834624329126	14.164118455555382	14.2850453924325	13.452676879218656	13.040062133775892	9.661471750598958
AN005452|SM(d35:1)	19.00824496703705	19.098378749405377	18.623831943423035	19.359160646237186	19.639141033153724	19.611590181854027	19.645137956340385	19.57108307405269	19.551297509517298	18.652314999304533	18.22924358864302	18.411417613831336	18.327453453818197	18.568040266405728	18.41698138147027	18.915918631736137	19.026388023280056	18.998808546420342	19.944889003207017	19.970317531508996	20.02836713639324	19.92927300615468	20.020337938952252	20.118044113870216	19.728082755000443	19.873610488999105	20.039106128243585	19.90944957475166	19.82705718869909	19.76174644052407	18.281397980502962	18.38206921057484	18.311542617210737	18.223402581759604	18.032477738041422	17.976895608479524	18.697357739326865	18.50366345634183	18.909148491244043	18.05187049879537	18.004283958482915	18.24886910027942
AN005452|SM(d35:2)	11.951888048921855	11.994716372916844	11.132335003373164	12.015623887522992	12.245597204263538	12.294308002849347	11.95983949257293	12.081516991526641	12.240803601842849	11.928168851703845	10.717574840652068	11.771887261456746	11.945083387126669	12.155369996939706	12.083147463335639	11.88906944615823	11.998136185203258	12.044339925868092	13.360808555613518	13.526741426269108	13.585596249168793	14.28205264441978	14.362815825011188	14.326778607305823	13.746292569078673	13.677721090549404	13.801710106176282	13.783923476847027	13.91908945863802	13.703443209628356	12.500868555843024	12.447304749979615	12.470468689449476	12.468358924794927	12.320302688496593	12.321461773661968	12.619234915999304	12.709084806211528	12.733858382462634	12.34815756264643	12.373978047967139	12.471661393039803
AN005452|SM(d37:1)	16.933354262802446	16.566579526611857	16.4831128999216	16.88006913393983	16.781152272106443	17.0615538353908	17.14687911468037	16.82345076157263	17.032183160603978	15.353565313448135	15.496648674335765	15.29152171237806	14.781904603017368	14.38891761485443	14.797059902387694	15.837195122002772	15.736494462359406	16.045482586992197	16.818421834951174	16.9753352221331	16.763488611516497	16.28919556994521	16.805585690321646	16.480706466129895	16.7223253053464	16.84962093611028	17.031217050198716	16.71889727857629	17.136133266125707	17.210285801745414	14.256488698565297	14.504137550792068	14.666130820705526	8.387332603791938	14.161513429351631	14.137248164031051	15.007805647932571	15.016240838148265	15.106898466366014	14.506289207066592	14.802187047996549	14.597161370715352
AN005452|SM(d43:2)	17.147790153627014	17.200877821794062	16.818407370837537	16.742411671436138	17.024458726018928	17.06747500721167	17.204516518252962	17.187372149867088	16.789129185608722	15.778646057883151	15.572481469993201	15.662926098033779	15.623964334213888	15.787720599403956	15.211553100309985	15.548229670591303	16.28729884006655	16.484518896613626	18.22006799993083	18.223011865227722	17.977093040970406	18.419794645990166	18.031237011751514	18.375198325011453	18.255946424209547	18.287286738152268	18.289381516796148	18.06052716261673	18.06152819583649	18.190704721822446	15.430635059081961	16.175499538927635	16.13786438286803	15.574852652843717	15.298517400782798	15.952584477896911	16.5236348116911	16.244132737452425	16.640316392557047	15.744599950149897	15.710045694904146	15.708380531627359
AN005452|SM(d43:3)	14.768977632242041	15.00630672646251	14.556897752878328	15.272082641580507	14.900624701502377	14.871911914750962	14.688126313747384	14.740221774971731	14.762733918828769	13.366368284685088	11.736409517272888	13.137476156428772	13.005870728078023	12.973806480509046	12.68587959985268	13.536867793230769	13.716371340378775	13.645952647991818	15.72022486430446	15.825596600747296	15.407332415145666	15.546802209242479	15.657238482649388	15.383811274400351	15.600714120843943	15.582194215623437	15.828490145862725	15.654770305518692	15.674172043745665	15.66625941966315	13.115291559801046	12.927224913603096	13.141827850361855	13.077142407478881	12.695217021793063	12.368593439667954	13.578020877761533	13.211398541953951	12.927305934568905	12.675999098517234	12.204609015950926	12.766492192049745
AN005453|AcCa(2:0)	14.212076454470381	16.24414013931265	16.259680137664198	15.72005817319641	15.75901331162983	15.842678437769335	14.394971737330636	14.561697036284798	14.714476155659339	15.81523729501117	13.222539071243684	15.614056730012459	15.541104182906606	15.197267970157405	15.499504537063288	14.545237426572227	14.771500093097707	14.97020516097906	17.118187540496685	16.969777250150415	17.170223615685863	17.510338387112157	17.307237166797773	17.4109564459762	16.664451666911056	16.19694164276406	16.561502703823027	16.805208347469144	16.546010354250793	16.433146996950885	17.960852218825057	17.69836713126327	17.984735150647648	17.610193609916823	17.405867157160987	17.363069339416956	16.96527276782387	17.63320092846759	17.737002652386504	17.53228994266489	17.028668089676525	17.462689606700817
AN005453|AcCa(21:3)	15.509485295651125	16.240558799614238	17.082625123412853	15.43337443850032	14.802441671733199	14.584552595506745	14.540957154908572	14.334403601861935	14.882876297297937	15.124272366769162	16.607127189392102	15.627520270237449	14.562723769076527	14.233094238109718	14.845281799429499	14.25031077824464	13.963006242590259	13.961596847736057	13.695408732522472	13.50647467090024	12.943943115715342	13.01820980191736	12.839787440304613	12.814590085482887	13.165004905484656	13.510211450766334	13.13930302462401	13.189182811350436	13.146856275838738	13.540067894572895	13.438175117236037	13.036016801503628	13.195266359327363	13.219648114224901	13.514593265090936	13.821452225770281	13.521180466784768	12.852943065511948	13.202746996427276	12.629027599450128	13.24270278815992	13.429376564997765
AN005453|AcCa(4:0)	10.949335371852587	14.337566030345593	13.615681051451919	14.669211444109077	14.986082772663858	15.047035205450983	12.692022680489908	12.91119127164096	13.215742015380833	15.233332093140923	12.653530886040471	15.542147313353865	15.805973967336923	15.668077952652666	15.597782897733282	14.077353597214023	14.37742199770386	14.595156080254977	14.186578402323088	14.208546983517497	14.344379471901174	14.337461359917546	14.362484360257097	14.291476394219254	13.866886863431963	13.672420777578498	14.075145592837817	14.26398036322115	13.926777063100575	13.592927799291306	16.505483584774385	16.169888818713485	16.147169984144163	16.202551522131056	16.024477238846725	15.662943497638913	15.522981935285856	16.35373546968356	16.390094966327556	15.951807983249305	15.561177366457773	15.925307515941228
AN005453|Cer(d16:0_28:1)	11.322634350627345	12.132589265974424	11.317203455483522	12.239159290979272	6.909112227800129	12.857569856331544	12.217280794029262	12.215757559942434	12.741525638265681	9.917351094225873	8.425235507845787	7.70717575240294	9.521754305063206	9.556373738994917	9.653721805957469	10.370364962717685	9.856520542969442	6.119646365414932	12.567372755332237	12.669746309576778	12.844429279696358	12.359299491728532	12.30759663074879	12.378340684369713	12.522364272142832	12.484114358254368	12.791452205693425	12.183327012582962	12.052055555569519	11.805730174570009	9.79720540311366	10.488828372283667	10.965047600055353	8.570391239648526	8.196038919491242	5.714611895804926	11.011957905032672	11.591301668195893	11.474854958891845	11.060350957808174	5.442934197578209	10.741770385579773
AN005453|Cer(d18:1_14:0)	13.658065190302485	13.55643062249951	13.723422554908554	13.887109954261064	13.928320410574338	13.9665458550743	14.833751779023927	14.63074277778834	14.74784193197104	13.83017495975228	12.268013253141225	13.775734788562227	13.938036330831975	13.912274712585173	14.078471520626016	14.581155861643378	14.263848209372453	14.37263057459756	13.7187641059936	13.585731975162512	13.592090080294396	13.061364494314551	12.912418438830505	12.984237811725274	13.654581594983362	13.379145393795936	13.571025223733281	13.347007932893241	13.25415828172493	13.463362002701311	13.135878180001248	13.385468263943736	13.470853444330402	13.560118142522011	13.694335414525547	13.595567962232185	13.499192667965106	13.315958046083775	13.403708794625192	13.425841905059437	13.578514212415506	13.416679077042893
AN005453|Cer(d18:1_22:0)	13.211515351515462	14.026202817851935	13.825583050722411	13.610161849994833	13.865508133935823	13.58723314258495	13.85232105936576	14.04705060918044	13.96284800108432	14.368137101236957	11.7492972129113	14.137046090519254	14.27311321344458	14.289829100238563	14.469295872067416	14.841496391526293	14.720754208742447	14.941455417998895	14.076251637431774	13.775818610112548	13.853585271149875	13.68700756648019	13.758101966405892	13.974076749639895	14.292265035363615	14.120711163752741	13.866416525849734	14.113341533783593	13.69085057018712	13.139569181875517	13.997702098371422	14.124448510818576	14.503490896962324	14.405639937452928	14.696573192803498	14.384801450535127	14.340764686353719	14.211972390066782	13.211455622947598	14.578505323287743	14.955404067969987	14.429723681322594
AN005453|Cer(d18:1_22:1)	12.524655983963077	12.39605572125753	12.614130345672093	13.221036151395653	12.810780444537427	13.492276560610948	13.332870437266475	13.276303340034104	13.53014999695162	11.602230084771646	10.155636353245155	11.428745278740825	11.584278315591547	11.190788436519153	11.477318213935844	12.044781621254074	12.13904217446043	12.71506349503809	13.171573915194415	13.555188381939505	13.304221785843321	13.24634904391279	13.267203457438022	13.476013036536166	13.36355412798061	13.649740312623823	13.578324911134192	13.12466952209676	13.206094230578838	13.128804418649388	12.775599683709482	12.72626657799759	12.686356474298952	12.933942255539424	12.73222515813237	12.669275842818054	12.684639430089435	13.111963434131352	13.565563108530009	12.942306590812066	12.882000427155157	12.981552586876742
AN005453|Cer(d18:1_24:0)	15.077505815379608	15.144630620650883	14.62781867923417	14.517830845887241	14.25864912663588	14.914261708121504	14.632570825803924	14.589257869713235	15.075728709735001	15.31128571924848	13.159338120224104	15.578124830076826	14.79913004269919	14.748289376501008	14.86632043744667	15.1385759261125	15.461872476556048	15.603412171371001	14.36544586309569	14.596741023180721	14.60938137562419	14.569030247143825	14.522989790705036	14.23906805768728	14.637538463850234	15.133751292370615	15.06775957027898	14.412773456209122	14.687926613881109	14.358096434417673	15.622887362725928	15.194047944628657	15.203573950596013	15.398396558019689	14.606166815037945	14.796601220380117	15.146203418280264	15.437779756187094	15.714065560950209	15.411636401102495	15.200589885068037	15.348016506234176
AN005453|Cer(d18:2_24:1)	13.854366387749437	13.7309711235306	13.688082933782832	13.863296339943737	13.725322794480226	13.938157508837712	14.274805783389908	13.93137185623053	14.0183513778575	13.549148675454804	8.425235507845787	13.348346030728894	13.399720338903288	13.375936095300066	13.66306367354352	13.707359848817626	13.486074748986091	13.960873546973966	13.927010486644225	14.154578865056124	14.217551951054311	14.19159140462476	14.271384474631091	14.25941559180567	14.086484946695386	14.235615606388869	14.116831615553858	13.816919584325179	13.897014369013913	13.577571690431252	13.471294931557479	13.46394935339879	13.49676666288381	13.238915091573434	13.361045078661316	13.161820783960737	13.405004245191453	13.613589036645223	13.631204092928913	13.534220073915101	13.281982997883057	13.283660223657039
AN005453|Cer(d20:1_24:1)	13.334106620606612	13.928905504584463	13.124392218418713	13.008499573776204	12.932695831294135	13.509778966270376	13.340665934455444	12.668508395128681	13.327612753573842	13.307956234577933	12.567550911015646	13.658488446638785	13.136130278784298	12.412815290898184	13.181859384327348	12.850765910403704	13.181192840374369	12.869655196328976	12.339609026334998	12.75630547736951	12.653246187795911	12.653034272476464	12.360860554872428	12.555204670890982	12.483177456878748	12.256817889668765	12.443940377419148	12.262479614365713	12.30441059098911	12.49422658875154	12.011028330401768	11.952757333212395	12.262493715128295	12.400009677797177	12.612708992053122	12.00039508382144	12.455190101971226	12.354166956864766	12.615771146116138	12.432567668575057	12.105099811746493	11.816445135774034
AN005453|ChE(16:1)	7.586332548863908	8.120288776325824	9.158349425966906	7.281188990910366	6.909112227800129	6.665872985650255	6.563630287333791	6.561511075862656	6.764122060490225	7.155087333117843	8.425235507845787	7.70717575240294	6.555656124110901	6.267867518539945	6.863491923001803	8.473429386728856	8.138187903514076	6.119646365414932	5.927735397573657	5.416528501637659	5.1694433061874205	5.0257075965073	9.020312622283175	4.922005984516978	5.3692561369377785	5.535833574144682	5.3389621964749745	5.051019569423464	5.237682019208903	5.646512738677205	12.511392576438611	12.623637475330625	12.605030778150482	13.111186875430459	13.608174793050633	13.596329122618236	12.034683454946192	11.960308988772335	11.879255102391486	12.82405175653842	13.096181993648493	13.091471977990642
AN005453|ChE(18:1)	7.586332548863908	8.120288776325824	9.158349425966906	7.281188990910366	6.909112227800129	6.665872985650255	6.563630287333791	6.561511075862656	6.764122060490225	9.802540003172089	8.425235507845787	10.292186342157313	10.042344757482178	9.928818946800062	10.029178800031678	11.322513073638437	11.409753055109212	11.382477877992333	10.234522582439322	10.495052947026736	10.433484241739077	12.154448470463665	12.275838340804022	11.918995728699134	10.903361328415896	11.45563127971682	10.276541996154632	11.512060206979756	11.33383843291385	10.932410567620236	16.119755947105315	16.013267571835286	16.393740604777744	16.459083447254844	16.59420487941855	16.654935477981255	16.135455084514938	15.953669641582637	15.99726769346537	16.65086265516295	16.720624356819684	16.771730042567324
AN005453|ChE(18:2)	7.586332548863908	8.120288776325824	9.158349425966906	7.281188990910366	6.909112227800129	9.433654887983616	6.563630287333791	6.561511075862656	6.764122060490225	10.5412360878522	8.425235507845787	10.840377572699358	4.5039579364615365	10.309320790844481	10.509331896622292	11.617180877246318	11.573398280752981	11.480502226419858	10.648670478933417	10.782081073272057	10.036301842255122	12.475587517349727	12.350875254173308	12.613308428644645	10.658286422200494	10.88044195815932	11.035890786799623	10.76610023444631	11.212211331692785	10.977780838915601	16.608711427269835	16.893585434655087	16.469242762752483	17.15499794831077	17.048029000032038	17.18492525437547	15.443967060253183	15.720458230700105	15.733654951091644	16.78587431481952	16.672020483185495	16.795583533026118
AN005453|ChE(18:3)	7.586332548863908	8.120288776325824	9.158349425966906	7.281188990910366	6.909112227800129	6.665872985650255	8.251407664730097	6.561511075862656	6.764122060490225	8.912793350599186	8.425235507845787	7.70717575240294	8.080822969484096	6.267867518539945	6.863491923001803	10.397312236316141	10.91432587659274	10.832000025691894	9.97405182906314	10.044252057945512	10.323994112238907	11.534231326862256	11.430430017315693	11.346780303098274	10.238495855714064	10.272405980337952	10.66994359118609	10.789382097879681	11.107735971007306	11.047870148567482	15.004226551756288	15.138418872231673	14.752741833290115	15.929125946551519	16.18641730258984	15.757425562670312	13.401264766390447	13.94013388450368	13.727341804532797	15.325130012435189	14.996715527990514	14.907587158080329
AN005453|ChE(20:1)	7.586332548863908	8.120288776325824	9.158349425966906	7.281188990910366	6.909112227800129	6.665872985650255	6.563630287333791	6.561511075862656	6.764122060490225	7.155087333117843	8.425235507845787	7.70717575240294	8.26935193895426	8.9476516076055	6.863491923001803	8.734497372021739	8.93606249188492	8.647367318791343	8.438292292973898	10.060765512636989	9.06954691378455	11.206372659616296	11.066589650199052	11.05082314185593	9.207502010380638	9.498234525834617	9.991276590268706	9.389501034785996	10.241661969480608	10.073300794801014	14.355684412892469	14.039896402136147	14.584183205554366	14.580706522465304	14.470846084986228	14.460510714928292	14.377411478769154	14.389337657472558	14.178507594409107	14.462782514090758	14.456847508227648	14.55048437047602
AN005453|ChE(20:3)	7.586332548863908	8.120288776325824	9.158349425966906	7.281188990910366	9.460406748590117	6.665872985650255	9.780550713190669	9.89358881151652	9.865435961576523	11.118080478578225	8.425235507845787	11.345434984262603	11.268769025193421	11.249272684354917	11.169404093158423	13.059193975625968	13.173609462211255	13.30497179862107	12.629744579782717	12.50380038531894	12.99248311603332	13.65397595588752	13.78961941057474	13.471564269211346	12.4693255089257	12.74719432488951	12.676014935554965	12.853237348168552	13.109239859654426	13.01264607866381	17.435280377141062	17.46603213530961	17.396211513426216	17.40588828237999	17.700753205286055	17.70760969413268	16.740729760634565	16.775422055716074	16.621997050334393	17.494824566736416	17.642887754663906	17.444871772599367
AN005453|ChE(20:4)	7.586332548863908	8.120288776325824	9.158349425966906	9.66656480427028	8.686058419657217	6.665872985650255	10.81466763067564	10.694910201279855	10.437135675779833	11.331968563214678	9.579689100525659	11.708923960502906	11.405365214618769	11.255961374565857	11.079605281448103	13.63531083300826	13.855422410189062	13.91973346916695	11.923011863920744	12.301419425040311	12.463240473068549	13.280358324369862	13.268036835587354	13.377920028056582	12.137260444497286	12.371085648637532	12.38526334694707	13.038086849862704	12.998658718598046	13.014142403805218	16.87767306754515	16.782365981975698	16.59077008189756	17.198119710370953	16.710019204322084	17.05951860026699	15.589965991180941	16.098242866746716	15.831318730459353	16.932854659510806	16.901662228380474	16.782891742447188
AN005453|ChE(20:5)	7.586332548863908	8.120288776325824	9.158349425966906	7.281188990910366	8.58961662895249	6.665872985650255	8.302354896668673	8.814774275122462	6.764122060490225	9.130350654796336	9.72670609533569	9.194559195439446	8.420862320698074	9.408449875929229	8.721632103282452	11.737434378813452	12.104390133018144	12.095840424102745	9.903567319627795	10.537220503673108	10.789818575085995	11.281480225611176	11.960525559034924	11.728716702482213	10.230596190432571	10.564278960428792	10.661647507506952	11.289401378314007	11.440029210785413	11.641992734992636	14.511122115451268	14.536675410152476	14.23663464764694	14.946602873162748	15.07938757179029	14.679807440779266	13.405382321128796	13.867734207798899	13.63789182779975	14.702834690217182	14.341269542300457	14.535459430823899
AN005453|ChE(22:1)	7.586332548863908	8.120288776325824	9.158349425966906	7.281188990910366	6.909112227800129	6.665872985650255	6.563630287333791	6.561511075862656	6.764122060490225	7.155087333117843	8.425235507845787	7.70717575240294	6.555656124110901	6.267867518539945	6.863491923001803	8.67610329914072	7.874399472001115	8.784447746802758	5.927735397573657	8.867805563735862	8.90916181967988	9.847315778581722	10.22147171823211	10.068555313886652	9.170890783165694	8.389110688041066	8.231314361392513	8.934092917874727	9.504378622864229	8.333618230515212	13.08892230289452	13.102797511272257	13.053979912521553	12.838337983705692	12.934538218903509	12.779346039382586	12.78968564602912	12.715936092714209	12.634336556020056	12.860256670631408	12.885368514644071	12.920290793564392
AN005453|ChE(22:3)	7.586332548863908	8.120288776325824		7.281188990910366	8.307134177981329	6.665872985650255	9.333782746295986	9.782676684945244	9.039129107990094	12.050709871507017	11.691212413274146	11.61900153222346	12.28473571306062	12.267790873329991	11.829525483830114	13.485241153582876	13.539203335657701	13.767801146877767	13.60595381896123	13.281301511847024	13.59715757648795	14.241195458241945	14.177871250505401	14.399244949168567	13.470819025163268	13.255856151765295	13.17167502668458	13.77812725835201	14.040813458428428	13.8341350135002	17.677781423440386	17.866217366402648	17.741002311625756	16.960204603575335	17.362652891130864	17.257647777260328	17.339137040692844	17.1380934610127	17.114290107178547	17.186336807905274	17.393626119993918	17.28813155910183
AN005453|ChE(22:4)	7.586332548863908	8.120288776325824	11.204630929178816	9.449702667107859	9.250414880773137	9.81483961957403	10.699772445243255	11.36923692895597	11.521828077971568	12.486541761399849	11.681551775181184	12.645856749067136	12.75813653612371	12.678300213470171	12.705294000997519	8.908730519671883	15.338197556544946	15.060041015516846	13.244921865865708	13.633695225933295	13.428665881893536	14.071194798928373	14.18076509727591	14.128822073077407	13.198749290854565	13.216877973447161	12.667511471484717	13.673627854254372	13.515075437835106	13.580583341796471	17.844103781645885	17.90385947179936	17.663476760626047	17.508415103196224	17.45941711291882	17.368612443693973	16.8959750955713	16.9710005805378	16.832052772376617	17.489796646190307	17.386880058058416	17.517527293893735
AN005453|ChE(22:5)	9.518015605923713	9.834776096895885	9.158349425966906	9.391351753221631	9.856366928768157	9.330037214643736	11.93301999271778	12.116670753485598	12.133881659944015	13.324651615708197	12.170752530021845	12.820592884834868	12.9308206994793	12.946716916908155	12.825286549580008	15.425952589295466	15.806639381159322	15.648884026734075	12.941097156547192	13.491249067455264	13.162284232373102	14.458741307343685	14.389777328670798	14.245403076833666	13.215230350358373	13.4156214207752	13.098723909536435	13.251597485447148	13.864452587240496	13.407107619434298	17.459246712369584	17.457672629255587	17.07198471879836	17.218829612396835	17.034800054414468	16.868931049826482	16.150995065725326	16.761625471229674	16.597937290018493	17.179774939414784	16.954631711673198	17.120522006602414
AN005453|ChE(22:6)	10.088663150579919	8.120288776325824	9.158349425966906	9.02120986111375	9.450973946383375	10.181257446287203	12.518557067992738	12.582742041303202	12.190467335459177	13.032694176995891	11.758916842686007	12.966169467252731	13.296289612277446	13.414441285387904	13.203965177988954	16.13679056652208	16.2893200724146	16.182835409746573	12.006968421150399	12.556881810472097	12.686232243965149	13.124755526639884	13.024544354502025	12.723035268325166	12.028241610758224	12.149842510434347	12.329613060796603	12.76593544101936	12.91892605414765	12.89629557934373	16.797716911398194	16.75755691265576	16.513165921004965	16.112116077950237	15.944416071095	15.89228008415303	15.674383316824843	16.398992899130086	16.12772711094946	16.654775542457852	16.453829958530175	16.553324780439727
AN005453|ChE(24:1)	7.586332548863908	8.120288776325824	9.158349425966906	7.281188990910366	6.909112227800129	6.665872985650255	6.563630287333791	6.561511075862656	6.764122060490225	7.155087333117843	8.425235507845787	7.70717575240294	8.935886859107995	9.102983133798162	7.954480811416575	9.135259334490478	9.470587164607089	10.047637605454412	7.628796450531392	6.513599872181562	7.645824993754655	9.026608999248833	8.944849448818974	8.56743097322424	7.861724651871598	5.535833574144682	7.641836866840559	8.00301758629963	7.664590810248123	5.646512738677205	13.110464281868305	13.143364021911761	12.436843467965758	12.529818332343474	12.563031182381922	12.11650854291689	12.06873409813286	12.301998460244791	12.347442107346403	12.05978154495732	11.966053868453779	12.612699498865227
AN005453|ChE(24:2)	7.586332548863908	8.120288776325824	9.158349425966906	7.281188990910366	6.909112227800129	6.665872985650255	6.563630287333791	6.561511075862656	6.764122060490225	10.337906734730048	9.667075691410458	10.647906312587802	11.323946330876858	11.427545137804245	11.169141485224037	11.803302861417485	11.914406790050391	12.073037334154685	10.978794214247596	11.234699060888747	10.978204170624304	12.024230332228552	12.20641268661682	12.400911475809878	10.670251074085142	10.546720805553898	10.724917754685322	11.650304628333135	11.434060870322313	10.846083011682243	15.555351439427044	15.648660373192376	9.177323871693167	15.220202247060337	15.12671145354156	15.21766600294424	15.034659601605346	15.044227031488473	14.902041857699656	15.150406081203368	15.04783318726926	15.305629773934518
AN005453|ChE(24:3)	7.586332548863908	8.120288776325824	9.158349425966906	7.281188990910366	6.909112227800129	6.665872985650255	6.563630287333791	8.745981812502748	6.764122060490225	11.37908128718805	10.935235309687783	11.350662564964896	11.640196671842189	11.840557135543408	12.08190888441567	12.82824771194418	12.904944278326822	12.818387142511755	10.697285003917576	11.30589982531192	11.41888864727326	11.607610144327051	12.139726124732013	11.731060224542697	10.78874109491856	10.652905197989805	10.911736687164547	11.265937017411538	11.304464398037982	11.392051273226475	16.071912098378657	16.123921773444508	15.696000418473819	15.400223731258723	15.712085400424765	15.393919917274053	14.743936731906462	15.269256193167097	14.946930995317564	15.350609508227418	15.167901933690151	15.342054798763836
AN005453|ChE(24:4)	7.586332548863908	8.120288776325824	9.158349425966906	7.281188990910366	6.909112227800129	8.868384741860359	9.316378878740926	9.937745884360398	9.90682956251174	12.706874022930068	11.672828884799449	12.107481411247564	12.837936526974515	12.938676702928134	12.619057866619112	13.960550785877025	14.448423197723972	13.782160940197318	11.781416730473303	12.31133656612281	12.214663459818414	12.588302636420428	12.778761241826277	12.828470922300818	11.386144634010767	11.754591497460494	11.499071608734145	11.9949783924368	11.980852267555797	11.845580398886996	16.46707597106643	16.230279974141748	16.36770430252041	9.477783439644512	15.560283254800455	15.6378858920539	15.86469918559404	15.960872535668253	15.955019690013748	16.176903103779967	16.204838248809548	9.950969760035543
AN005453|ChE(24:6)	7.586332548863908	9.719225610148351	9.158349425966906	7.281188990910366	9.90256921799073	10.520128015255366	11.512072280125173	11.710493974210104	11.74323281550601	13.297039132759501	12.087919547333025	12.941631087477461	14.105479289077905	14.291126198085122	14.431571163961594	15.815753106052782	16.565185933721853	16.008168018816864	11.337574348247754	11.488158185663098	11.376535739717756	11.83229974957944	11.76887541932902	12.480798612596494	11.5845580928384	11.543302695114686	11.04165298130414	11.958559231771316	11.900260679623539	11.939669834212038	16.049648166081635	16.258178958204187	16.207287451791423	15.244217077244812	15.46580882979182	15.39090046359338	9.558878881270962	15.744326141566523	15.617309913203666	16.13767521799424	16.196321285049287	15.960931637849544
AN005453|ChE(26:2)	7.586332548863908	8.120288776325824	9.158349425966906	7.281188990910366	6.909112227800129	6.665872985650255	6.563630287333791	6.561511075862656	6.764122060490225	11.016566350667732	8.425235507845787	9.861888566185097	10.521218793794242	10.811252040417678	11.064796435756794	11.459734018160061	11.289825121951118	11.622867873187769	10.044233238075405	10.297693866013494	10.679879938231744	10.802243275437803	10.370297480416287	10.849618041942833	10.162017804762367	9.910358410435343	10.08595207512256	10.175645477715443	10.097562141412098	9.708824448196184	14.332404320672689	14.020555128188352	13.948326111775478	13.612223742865906	13.714216012763643	13.501269675470745	13.49351386432824	13.676246554932867	13.672651531966086	13.625568232647968	13.491102798919776	13.721161188668454
AN005453|ChE(26:3)	7.586332548863908	8.120288776325824	9.158349425966906	7.281188990910366	6.909112227800129	6.665872985650255	7.763632353355659	6.561511075862656	6.764122060490225	11.332223786070118	8.425235507845787	10.718241953809144	11.696900881561204	11.43909836932114	11.356985552584847	11.722087424228445	11.687945997053252	11.51416050737089	10.1174176562265	10.103757195921597	10.347950808964594	10.615075606232956	10.821464530036797	10.700067339623965	9.39863834395534	9.331787495055057	9.885399859205766	9.472458330930971	9.815026246939814	9.67683115849406	14.358404247223811	14.44605280114002	14.180516406924818	14.131107643539451	13.742648701795334	13.635333938622335	13.324175615618048	13.470026229506765	13.574221415855005	13.764069469212743	13.367769261670782	13.809682896773118
AN005453|ChE(26:4)	7.586332548863908	8.120288776325824	9.158349425966906	7.281188990910366	9.212629979746609	10.133074198433471	9.526216325690674	9.79965591558606	9.7101791313877	12.530001609586956	11.935083337738602	12.36474716509076	13.153833714470924	13.26757218667236	13.53637546004151	13.038517603885184	13.758282733453619	13.926819651038247	11.627081582446712	11.613749127130879	11.83989278370276	11.641600554159487	11.877934855123476	12.148865126762894	11.223171964753124	10.578740514176397	10.740176230909423	11.73085994582349	11.310482410471979	10.85912876593244	15.337716907521704	15.345455020016145	15.437153886721669	14.008280381546097	14.302826588134517	14.247693953938386	14.95510496128232	14.825004993401889	14.82476616249335	14.73544572173679	14.635075582776377	14.824270871996116
AN005453|ChE(26:5)	9.150174027744235	8.120288776325824	9.158349425966906	8.932137321130108	10.552691393531843	10.472980567356785	11.175074180173551	11.575982422559976	11.356351836702855	13.608157087186727	12.706904087818632	13.04687613471027	14.731433194700557	14.819685732208269	14.65236683139427	15.977304901946262	16.074462607631805	15.884386615175826	10.073445455678659	10.192295470485815	10.347074124973513	10.261457629013426	10.656069692780822	10.408520863174346	8.465146809289186	9.716427035734046	9.73305098525895	9.875115297975844	9.705013675761219	9.964901893740727	15.313326401134406	15.347386570235903	15.061002629435086	13.981493302110188	14.329514288027992	14.075718751413996	13.882562997400786	14.23317154313873	14.183960723807063	14.583057343555833	14.397253829850865	14.254757431464752
AN005453|ChE(28:4)	7.586332548863908	8.120288776325824	9.158349425966906	7.281188990910366	8.20917736457889	6.665872985650255	6.563630287333791	8.256970458501215	8.334876415624091	10.788658039875777	8.425235507845787	10.439097534295561	11.218043943370585	11.356034562533564	12.04940602890415	11.43841253313336	11.083615399799303	11.655245242764238	9.008597684001401	9.486746069895437	9.977931329260024	9.438245265456056	9.132100963134176	8.991347260420874	8.63105771416194	8.623873378026543	8.892248965641224	9.199969938740203	9.208038741469384	9.300168977096872	12.980083847242057	13.048371685708478	12.63695876411673	11.904692321326971	11.494711207860083	11.737862811766794	12.143946909085997	12.379111850849752	12.34908818677422	12.255170922775033	12.222059939684772	12.45283540310117
AN005453|ChE(28:5)	7.586332548863908	8.120288776325824	9.158349425966906	9.714308688730593	11.047746512364487	11.061223746882293	11.177880751326693	11.628831414835343	11.4748899299881	12.906315370562798	12.32730908715653	12.78046472938528	14.450849666594838	14.493077848102184	14.650067376117315	14.874295199962896	15.120153163634962	14.853942082765954	7.852063359262757	9.07855165864178	8.660706379909755	8.632789301384486	8.352142546947157	8.678431541240714	7.803337204212211	7.7695989509530206	7.806032953693723	5.051019569423464	8.355510023036384	5.646512738677205	12.632001697812775	12.8955861159712	12.777739607105486	11.669321439277073	11.644190515151315	11.72862790129271	11.986399066724962	12.127187482547829	12.064713056555505	12.450195758050981	11.922235908596816	12.3342491355154
AN005453|ChE(28:6)	7.586332548863908	8.120288776325824	9.158349425966906	10.017187655441566	10.438108541530786	11.00993449206907	10.058225103375998	10.5682938069556	10.328719726395187	12.974474511107388	12.04041635916103	12.832587156356515	14.527291639754774	14.612801622344927	14.352853418572161	14.158255231084853	14.402920926266678	14.587656954361135	5.927735397573657	5.416528501637659	5.1694433061874205	5.0257075965073	4.949202127148123	8.48007765347585	5.3692561369377785	8.32000249464671	5.3389621964749745	5.051019569423464	8.174687357020433	5.646512738677205	12.386096565604698	12.263336364152433	11.954674352697305	10.954633570317599	11.032470456899752	10.587480045792939	11.134018469152435	11.486807612866356	11.487946265668766	11.796743710539438	11.569853381147082	11.79193504339726
AN005453|ChE(28:7)	7.586332548863908	8.120288776325824	9.158349425966906	7.281188990910366	9.13555910265716	9.311712959270746	8.88861365825833	9.355947737667078	8.440840804608658	11.716780054516152	11.290995993266927	11.600557380196857	13.170548501765118	13.187526999092658	13.384303866571964	13.079675591772343	13.227853163922449	13.02929468015754	5.927735397573657	5.416528501637659	5.1694433061874205	5.0257075965073	4.949202127148123	4.922005984516978	5.3692561369377785	5.535833574144682	5.3389621964749745	5.051019569423464	8.345938820775917	5.646512738677205	11.406028448452279	11.439023462365945	11.35761537306062	10.350571062102075	9.858187012865816	10.098316188278979	10.490432962041222	10.84296591977916	10.631259376485186	10.89098753148953	11.08359561119596	10.926843509450887
AN005453|ChE(30:4)	7.586332548863908	8.120288776325824	9.158349425966906	7.281188990910366	6.909112227800129	6.665872985650255	6.563630287333791	6.561511075862656	6.764122060490225	8.84983383369575	8.425235507845787	7.70717575240294	10.321530288200625	10.437119105154158	10.009723527479421	9.645902478455934	10.241866145027524	9.5081665684081	9.034050212392474	9.401518798060724	8.60869408729883	9.455082533516078	9.704773411558358	9.78663787164783	8.657053459870527	8.707488771725878	8.805223865791273	9.013550084273465	9.316360161712431	8.50969793738989	11.873563921696087	11.976331159429165	12.292442162771014	11.794952128003763	11.459804594858918	11.619062274229538	11.828534878767023	11.94796872689863	12.000193361384756	12.26927645449368	11.99356710173832	11.905913271549569
AN005453|ChE(30:5)	7.586332548863908	8.120288776325824	9.158349425966906	7.281188990910366	10.166967691915286	9.804818483574097	10.176478148226337	9.659054455257781	10.350382402807027	12.009362313286001	10.252322839603153	11.56376312770418	12.387725846884333	12.623204518333656	12.928762636383626	13.300381969578705	13.035902432128571	13.595720167416198	9.058765078745022	8.674504617648424	9.716041481698454	9.196113416164659	9.429609443319029	9.3923085634628	9.701591714132675	8.709088957165655	8.76889946764136	9.992463972401492	9.488961799200249	9.510906913625687	12.613429646898767	12.71756457151738	12.567548814351351	12.293390048146165	12.397560689572492	12.257427102152306	12.292218659379863	12.240239335578664	12.064137563979424	12.562901921848947	12.386813339449434	12.439657488649166
AN005453|ChE(30:6)	9.392450344899537	8.120288776325824	9.158349425966906	10.67391855339794	11.412295565166595	11.396795475640417	10.97719729187923	10.938232091632267	10.682775435950369	12.52748926384234	12.02788241635116	12.47980044355468	13.892330486485456	13.931165166998992	13.980744366041689	14.310467579767032	14.222278705797708	14.465260959605283	7.77693404933836	9.28904209882381	9.646097174689505	9.36939966568632	9.695256862445063	9.393843746939265	9.49119987044818	8.933581783733274	8.41408403747985	9.330267980440835	9.659672755981763	8.875362206339004	13.09675468402165	13.138420426361053	12.923102476239194	12.36426743727358	12.202197597975493	12.034840216342982	12.396407406354852	12.691535138926083	12.625160823189796	12.739356480142959	12.437620264591786	12.778986272054151
AN005453|ChE(30:8)	7.586332548863908	8.120288776325824	9.158349425966906	9.40842605283518	10.41863073020784	9.89518403202947	8.815743132722007	8.657300500535849	8.573371851103381	11.816563323854638	10.075908172632209	11.815917642482566	13.797616400176516	13.969599534428406	13.77534645790152	13.260823289348465	13.232981266917	13.27232871812402	5.927735397573657	5.416528501637659	5.1694433061874205	5.0257075965073	4.949202127148123	4.922005984516978	5.3692561369377785	7.493451062126175	5.3389621964749745	5.051019569423464	5.237682019208903	5.646512738677205	10.802863052179758	10.566265362857887	10.457525061237812	8.234903704848373	9.531028475806654	9.141171869517267	10.168204593803898	10.435519138921274	9.60732110838248	9.304272478789802	9.594029911228874	8.88782717010359
AN005453|cholesterol	14.691346361507975	15.085669049812259	16.316720791064988	15.057419340898349	15.208752531930239	15.133610572965893	12.477467539861376	15.696223852992473	15.88060274634634	17.30762418133433	16.72188012303736	17.172461345107493	17.93676360551442	18.044830977010598	18.067081333884314	19.184180955519654	19.357023659129702	19.347506697995215	17.170105437871666	17.303229302865454	17.29760129092349	18.08634476554282	18.17668002126498	17.96328856961468	17.264590722871365	17.05163717631172	17.075573497882793	17.5525525623455	17.440582827553705	17.453344427896532	21.99497582723771	21.94696196195312	21.794044137371632	22.059948416078132	21.897225066318715	21.89872816783125	21.443335901770414	21.618728551321983	21.332722723742794	22.024861781808475	22.180825697030496	22.210604041536826
AN005453|CL(68:4)	11.678353886245404	11.781422682733302	12.096559928474003	12.439913787207844	12.01935017376964	12.693770138085501	12.886751718692592	12.906229520566544	12.997864433005951	11.734870892120362	10.2221654504843	11.5910115885107	12.328323038835604	12.205532055527836	11.961473458097279	12.745010944552627	12.82760794198392	12.840138263670843	12.858340284921866	13.055282968069301	12.876106463435416	13.199872293830126	13.203446564509644	13.029532755048626	12.731580486397302	12.91303195547121	12.822782809580426	12.98811203297065	13.106068767974861	13.297395028851478	13.450129755735816	13.209423400893785	13.032572612620072	13.67571867248024	13.281821113824426	13.310725600903957	12.715921422252247	13.14646272249148	13.05174189505236	13.528988652597214	13.673232334359811	13.530960530445157
AN005453|CL(70:4)	12.72851722873175	13.001013478109765	13.063796604705756	13.367229652475608	13.71617342846961	13.559739954282142	13.65967914495887	13.874760556154309	13.710197852005377	13.387959106994343	8.425235507845787	12.98204865879731	12.737756445673575	13.160251258096357	13.400387185800335	13.06622798485365	13.754941500759594	13.580718117012367	13.731346051005849	13.373665376462505	13.140394716366472	13.234405298959404	12.963662315239544	13.216363900053187	13.266363421759767	13.47547742915155	13.506696446065568	12.64290090884704	13.170219237282655	13.2175463200191	12.774820323091243	13.12381376538552	13.023814813488098	13.228228899159234	13.364786292505215	13.153711379654291	13.309624734471772	13.379321842423503	13.412375938215327	12.983832073961723	13.24061387858117	13.268960349793547
AN005453|CL(70:5)	11.860340691044259	11.918961455283627	12.458180187789276	12.586860438952975	12.332898787953935	8.732754364206203	13.389393022770404	13.17729223842492	12.971058263085352	12.775110630744113	8.425235507845787	11.749697525560618	12.625126299923531	12.431064315970652	12.46485565430717	12.852919417284125	13.125287131301786	12.885464849259375	12.469132526951727	11.651309535674086	11.676003993839107	11.632439992734653	11.305268446789162	11.617443094922347	11.874092599642154	12.013837866898525	11.77177799501405	11.733016909756042	11.63359482580731	12.065744856341864	11.531615253767962	11.775715531127176	11.521418103710813	11.809549102324622	12.415103294758511	11.135761122437986	12.025241934978649	11.378212532988837	11.450654984736936	11.091269766143421	12.087326970109938	11.105463344490177
AN005453|CL(72:4)	12.213414038305022	11.58728125454323	11.642178098771659	12.562323404246728	12.716745357075071	12.466571023532905	12.587679524523818	12.549486736698029	12.648207084025971	12.09173469377155	10.292894796994897	12.300672949066342	12.29667540109412	12.531915962868219	12.53071986972217	12.328267482405145	12.44744124455639	12.439892740787725	12.870275706983673	12.617050510444788	12.135216049243015	11.27235889950693	12.284245836066297	11.435648318817655	12.90326792168107	12.012079151985802	12.416705094925655	11.748309667062664	12.562035408795044	12.73974118867547	12.285345848022216	12.21683022613717	12.157494686929065	11.395222776844543	11.26163258078099	11.472797793225794	12.289954082325652	12.283240441422278	12.35214181473994	11.575910453994203	11.625876720605689	11.632931170327282
AN005453|Co(Q10)	14.790046624442558	15.4035846031557	15.335964300111929	15.532532214392642	15.506062273984767	15.590094041181143	15.01313141083881	15.578222437923829	15.289924725478	15.877000628478479	12.267188505362903	15.525160917262617	16.1962441567746	16.20729217109456	15.76227709305972	15.749218425210717	16.148637230423677	15.614096378622488	15.42561716564667	15.210516044937595	15.72751382683486	15.493711259185181	15.593301931478253	15.687901193854078	15.685434469865449	15.420776072021015	15.727355179590896	15.440104699788753	15.461310184873334	15.963626380581372	15.953120758297832	16.348155053437267	15.690456887330626	16.117469107851058	16.366142425805354	15.90784203418777	16.060620815456907	16.413064389545276	16.029863094540723	16.146148953686772	15.979923069019414	16.075238174189778
AN005453|Co(Q9)	11.235097084259616	3.9873945058284783	11.603705345062604	12.183667818929422	12.133484419563032	11.666855487020317	11.312327656449979	7.922493317231283	11.319521049535245	11.324338919732057	8.425235507845787	11.108150796076027	11.234291471933645	11.513393604806286	11.482811020369601	11.469202345749855	-0.2816614214357692	11.409554586122269	12.103579320276364	12.152145447455217	12.409101021711333	11.505248603873618	11.033372718725966	11.967475166795863	12.919696653747222	11.91012886966479	12.277464423434038	12.055305215427872	11.925019906865801	12.450987125601054	11.09959592460242	11.209496781879865	10.782787314508129	10.166484729762647	10.366105771879136	10.586031739676237	10.831085436542843	10.821535771952455	10.572972387625427	10.81371331376695	10.793141462105881	10.557259591047448
AN005453|DG(14:0_16:0)	13.433547783883219	13.507072137543096	14.426671525708565	12.577154403113598	12.759776654430654	13.1991217222767	13.10057526834197	13.051920755322662	13.226416553680542	13.057797680728857	13.494722869442793	13.559833842417117	13.868733240378898	13.702612491340643	13.760502370467314	13.328901430120725	13.118625849958583	13.305744753799518	12.20293245695857	12.06835229456301	12.047984743818771	12.499638965176581	12.775147988640237	12.679125265219843	12.561967149045278	12.86073056390338	12.412030473206087	12.902540009878463	12.777287531231089	12.696968725387928	13.36409197489063	13.07411460302786	13.060615918776353	13.603998909858129	13.832568782193709	13.882695284280922	13.832732605077503	13.836748064287766	13.740122521204357	13.634357514610953	13.596208556602505	13.623443246371124
AN005453|DG(16:0_16:0)	15.484738036873537	15.506651397038004	15.946930740977015	14.809825942161375	14.97934589939226	15.041164432069912	15.181005182083286	14.849942546211627	14.932784151167688	14.926547750343406	14.930812083768247	15.146660929805874	15.718104353853752	15.375125925509623	15.648688688609722	14.901169833726003	14.832044337554178	14.970748234829898	14.534394517060557	8.235297274781667	14.239117549971741	14.553674801007874	14.587636955044053	14.802574892112933	14.891883174646827	14.638470186686458	14.392136540829986	14.900801207642475	7.981800048612923	14.664032728881805	14.739180448649908	14.720770871242708	14.723627696791752	15.369916936512842	15.197494445213437	15.240441960512126	15.438975578667977	15.627236660419944	15.503252409229749	15.17958984801273	15.184790793858536	15.138430713767963
AN005453|DG(16:0_16:1)	14.89326734014095	14.578040645053218	14.620728997807928	14.539134944893158	14.486246444046767	14.719709832642277	14.878276064030738	14.751895805489285	14.696518725276873	14.56107969279368	12.999143189979705	14.741257177437184	15.166452138336417	14.79743862611384	15.19026743565899	14.849087335058034	14.685202898233984	14.839902938296406	14.667914844735524	14.713732301405107	14.681256433301396	15.202012664505821	15.090293833825255	15.339312323301934	15.057687252519115	15.156942940063319	14.94220278222048	15.366302297383678	15.123499171263381	15.157521323322342	15.140200120717099	15.164275884217137	15.096602697680611	15.220013017128057	15.34563076307443	15.56769902507647	15.594317172522528	15.424826520734502	15.404793242738027	15.12015516410992	15.158716397272704	15.18437929854902
AN005453|DG(16:0_18:0)	17.14621626240214	17.22365370128439	17.224250192454818	16.134940177345193	15.868097541884113	15.924481416485765	15.9500998291472	15.688349746654028	15.992371254955357	16.019234468752224	16.5730468987705	16.56443273096134	16.263587043748736	15.990271380095717	16.370686768867333	15.747819397643868	15.52860939147203	15.817397253541557	15.347021036802362	14.383750724957403	15.183496704175875	15.573693501272114	15.870810578238945	15.813974340882972	15.815482172492457	15.79196228112246	15.87587183111954	15.964093870048133	15.979624881649238	15.68830356102568	14.716489202403988	15.299572448539017	15.28982434525486	15.547053294697182	15.530566111764351	15.694334602912132	16.103008897113064	16.20669007227975	16.134213513130952	15.95697649830504	15.90777560373263	15.830911685578188
AN005453|DG(16:0_18:1)	16.601005851410868	16.851191572225115	16.901686658205975	17.021843389856294	16.88697683954406	16.791723977143008	16.849564864161852	16.722429499789886	16.805912609107484	15.982691080398332	13.81782770351194	16.058288135330454	16.802349463177627	16.80259662863115	16.411773249248412	16.00748474968787	16.313220219754268	16.188055459671066	17.27949411964698	17.457518164111917	17.68447825771823	17.484789821366544	17.32259091234468	17.45718360648749	17.52878075647409	17.631350003363107	17.604873017860164	17.7258826142642	17.69606104973926	17.80130914386434	17.029438627154978	16.963330904822225	16.553671468808897	16.488014964071876	16.617711224459057	16.671495194283338	17.007935020911166	17.286792735114556	17.243228380111347	16.842465294736986	16.498719454834838	16.717304647966586
AN005453|DG(16:0_20:1)	17.456481772902194	15.706184218685765	15.189903422887966	15.796280877140582	15.380806136147644	15.64690304547131	15.099731380245645	15.21202434753883	15.30541773465695	14.55212357399002	14.804322707078262	14.830554324658117	15.501852423787287	15.22814927154384	15.068005358295183	14.319212425918177	14.625613887690134	14.490626640097435	15.605648794768	15.737527788093827	15.97011271231126	16.224098367048853	16.330112922627098	16.146475373139772	16.278330761548695	16.323495392276282	16.375116435564973	16.41026245060608	16.27183692019973	16.241238367280165	14.903680924920744	14.885043553381582	14.48159808811186	14.519709184695255	14.557256537597018	14.451638126972753	15.201503185260027	15.585496615139528	15.591538385152786	14.989168770632116	14.463034643724395	14.69162856542888
AN005453|DG(16:0_22:3)	15.645470393392072	15.89981641590926	15.806840754438566	15.654443069268268	15.567208718889283	15.507572555134587	15.10797038285744	15.20762980044395	15.248746809684702	15.205077423062995	11.759918187781508	15.18514929416238	15.025210847963157	15.106848270163987	15.631631907387375	14.400226994225427	14.420113359645097	14.48948621238278	16.04985105569819	16.457068651689895	16.399716581772726	16.790849211267975	16.96590854527081	16.996430872868622	16.683636018815395	16.808445398214076	16.764579375492698	16.777292063000264	16.872518202905486	16.323208919356123	15.335987980665012	14.972758815416904	14.9927391156502	14.552773323418245	13.099996624301212	14.97633685630439	15.175135514292567	15.343401918183726	15.222131638045036	15.353676686478153	14.736179595701046	14.964552527843379
AN005453|DG(16:0_22:5)	14.945497007360173	15.402079741635694	15.439068239584916	15.021819780889754	15.1352527155384	14.798436462355035	15.519243582197157	15.484672144017043	15.493957577988835	14.708662872924151	9.812487746679292	14.34532201221568	14.581542039524333	14.849528333402915	14.837903070986028	14.942335470179216	15.1543263272234	15.070281575704408	13.279298360143079	13.416590491108401	13.429228932242765	13.880499324819654	13.79497190835789	13.657819216755742	13.86336688659404	13.914377276198326	13.90047316448107	13.642942037741058	13.313516249929549	13.38251004977437	12.563421844614235	12.380724134956345	11.852196161152033	12.1563536673038	12.361956329688358	12.512460149426577	12.488060808978043	12.215722803929186	12.415553670084146	12.661653493275665	11.994016418649815	11.991222580410605
AN005453|DG(16:0_26:2)	11.016296592380854	11.242066779971838	11.955320886801626	12.140174547932018	12.690828636363511	12.068990703542594	11.799127600369726	11.568482260226698	11.156961507018515	5.888354892472605	9.535999629745595	11.726219320398528	12.813017564299773	13.182154573999393	13.147384070877116	11.65119337675013	11.293355267575642	12.334544391092635	12.02216572826246	12.109739438900297	12.212394008676204	12.102142699361464	12.148322805561955	12.385082357991724	12.306487519828513	12.300365511172407	11.985055713236157	12.043151243318311	12.023172413809377	11.92073712051098	10.832162808654417	10.830045126290832	10.882964634013382	9.874849655505873	9.9265919455112	9.911392027743174	11.624562197630372	11.390831446559076	11.461937365698669	10.365166733174908	10.336869100899952	10.285902741207055
AN005453|DG(16:0_26:4)	12.506616320014112	12.187566085868243	12.698575126562444	12.557283611205333	12.717507576028614	12.55807941250975	11.712060092385894	12.224092584461543	12.03736191697988	11.91359306184287	8.425235507845787	11.724598864786797	11.833149974125988	12.004705067839197	12.306030744180882	10.903497060801685	11.056938141465144	10.774757724814346	13.336129681311169	13.389016682779031	13.52601588111355	13.42551357573752	13.26035371725646	13.347404862405513	13.204517055565267	13.312998132332416	13.234200583484197	13.439422670266808	13.394681250962998	13.496141772304302	10.20304272745055	10.209586727674521	10.232993878168386	9.232488560390488	9.295983740556565	9.11033280909088	10.7813138690867	10.51035366754375	10.466554490309052	9.900846037888362	9.638297545760318	9.339334619313982
AN005453|DG(16:1_18:1)	15.443176351722071	15.296699320883926	15.384846395672852	14.986340284533632	15.10672407183674	15.101370737862778	15.35401332363257	15.327754398648251	15.42261848308246	14.612308952852471	12.784630169849141	14.943318178163016	15.188930384889733	15.036406517396301	15.163103839457438	14.908173349009404	14.856486853114554	15.067013293246992	15.616201832465398	15.653141180160846	15.610117748722539	16.146066924734647	16.02814799973666	16.144583199066286	15.959581756556224	16.06707758216686	15.938073711400428	15.982932756275963	15.89883178444335	16.01122238680652	15.474907993335	15.623822431664731	15.21096907640026	15.249460805805084	15.353420941473109	15.604930595911702	15.592003597901467	15.595305877192384	15.583210938322456	15.314802486336811	15.058801781446943	15.164442345624968
AN005453|DG(18:0_18:0)	15.515471393819093	16.258667078536174	15.958726496816025	14.546601506767592	13.640740810996146	13.766053820393642	13.620062081980755	13.684303876245428	14.015263580821749	14.094059959121456	15.504206056591105	14.454968618064452	13.719354098786047	13.731780917451648	13.885659964424704	13.614909646981928	13.358474482301746	13.382645079133031	13.133084898090392	12.412625696603484	12.654815387194626	12.205523157053424	12.051627208331169	11.919542283660444	12.98610047320822	12.498118834608507	12.741048211369966	12.687111962077838	12.315824285523023	12.740165868999615	12.633805380764853	12.617296003235813	12.158151485930318	12.729547830287927	13.31954268281368	12.960795732200458	13.182033296750038	12.431024083824344	12.430004073968535	12.151484546254009	12.7859457573398	12.507571395529949
AN005453|DG(18:0_20:4)	16.279086821558195	16.7213515978106	16.84642765066524	16.394747813665873	16.262643720689077	16.268359188240513	16.489866082073043	16.58998850969642	16.612499941014857	15.706434154839188	11.986243861983866	15.997692312400913	15.748727537153046	16.322578186404087	16.2771130827665	15.900107406348134	16.19117802660463	15.967286937395391	15.639066821644482	15.710878834731867	15.814024808875248	16.042526606887417	16.09532869899569	16.165903514726757	15.960182956722505	16.105342704235674	16.10315074989346	16.053439828788274	15.932626268473918	15.914151061079947	14.619661811606383	14.703123037360614	14.446722806014156	14.271634461156605	14.325402606129506	14.631189453709043	14.608220511994235	14.540312889149751	14.696034298669458	14.724397045920934	14.33465229464613	14.381822737013694
AN005453|DG(18:0_22:3)	13.830462298725836	14.203829799158653	14.343105778810303	13.794231193276012	13.845342621502452	13.50206476208698	13.261851544243974	13.23155825521246	13.210123479993007	13.146364268718166	11.117751978856589	13.120038554045816	13.169815283603794	13.193824225097572	13.273792318942206	12.310202716932283	12.547118817799669	12.539215593655008	14.728333788012701	14.580150505818008	14.912723644875916	14.936813413963444	14.805807242230822	15.075240816441854	15.098889115308543	14.877456023092362	15.198696989575746	15.337477066595012	14.95663539885879	14.830772697936538	12.6947577570866	12.756587353344377	12.813978729748985	11.89454102894107	12.179162140201393	12.517213559970143	13.199832908293926	13.003492384058763	14.300632282477313	12.747236229577181	12.227482675133125	12.303046262264386
AN005453|DG(18:1_18:1)	16.04048211525766	15.994429151840402	16.322624846863526	15.66616609450203	15.693086750248952	15.594074510581848	15.630923733062957	15.525587930857297	15.745111577902744	15.013113100845043	13.174029466960024	15.236537586555963	15.42825713650438	15.13494853060497	15.177729830739011	14.580148905013944	14.679904887938894	14.852810865244106	16.371823889053346	16.714233731767337	16.69201483367581	16.899951352570554	17.02617287236463	17.198125445061834	16.840177295344272	17.148334072781964	16.945577829267766	17.220282494956614	16.979362950184402	17.112722703108602	15.689685188117224	15.707427996923892	15.510004615923739	15.209225618727373	15.013780145265084	15.37768392025969	15.557864438192102	15.984481944369328	15.881401177364594	15.699871823977022	15.30580242985385	15.68983609378388
AN005453|DG(18:1_18:2)	15.080404086032551	14.919531536851881	15.179438222449598	14.722951315007789	14.659867442606261	14.58866549010421	14.91455267784482	14.707478874782911	14.658406291695405	14.077161462254855	12.32730908715653	14.286672722707838	14.320150906662436	14.155448838844665	14.431650227658384	13.91775391269022	13.81484424217579	14.26752896883897	15.36488571874356	15.447489939720917	15.412979108388328	15.749390722929524	15.675086060322265	15.73171077792675	15.71437503405641	15.70169653496262	15.565968445348565	15.806165364346743	15.615374741349278	15.607449222785453	14.354481348785514	14.385481359264976	14.320635618526914	13.998845556566575	13.834528804474735	14.152917224512784	14.240982724468255	14.34984737371053	14.231247763107913	14.145079732444678	14.116199452710767	14.082709412591395
AN005453|DG(18:1_20:1)	13.99785370561576	15.24949141230788	14.733104904470574	14.432294854856853	14.370105374210391	14.285281594202091	13.807202266417194	7.3333121602469316	13.84183078329375	13.214844937784001	13.388182396920413	14.617908414305852	13.897915729758976	13.65512320443868	14.518952522140031	12.615237715028908	12.55666480019507	12.832316424586885	14.988746310308104	15.043088101261944	15.021032455656718	15.279126108388791	15.212695051161534	15.292543883759237	15.412773443371695	15.478469178680111	15.4159875033958	15.48123750725453	15.315713509394781	15.2059709008421	13.708173285281669	13.652653515784944	13.746593891445832	13.153159763612662	13.229295480351725	13.530530538696354	14.097965601121992	14.152698172466431	15.12206254241653	13.584859643686444	13.342456681029004	13.418316051648139
AN005453|DG(18:1_22:3)	15.014546978974913	15.470635734848866	15.473067700630725	14.88939057729087	14.818264878070377	14.783334277829054	15.050248938684426	15.104417573464861	15.288014073687366	14.301441147757942	10.53780220598158	14.357026851570675	14.092409991385782	14.013396641465405	14.600388987525974	14.166678715171757	14.24364902437099	14.424321672358854	15.37467021284924	15.32135938270853	15.648852948006422	15.86514320518119	16.084859988272775	16.101618420959152	15.890226364056591	15.765508009852175	16.049244998688742	15.88533701872521	15.997198581558902	15.753216735741209	13.43282985097173	13.433881237041899	12.882408275287522	12.4165674155585	12.67748585335886	12.861546067384051	13.67843773379624	13.672447466970272	13.558354653281002	13.15688684901195	12.780866457452568	12.855360895064628
AN005453|DG(18:1_22:4)	14.807908070523963	15.255062123079624	15.31198454641022	14.910510636140803	14.950797659790753	14.794890110008259	15.180745805985476	15.114285442090527	15.345308328398596	14.10622981174417	8.425235507845787	14.131389080292482	13.965808941479281	14.277052306799888	14.453990649583007	14.400342819966562	14.277322498608584	14.544213277225953	14.237828260953533	14.36077378887415	14.504499524391422	14.648355777516619	14.746146666163678	14.788411428664183	14.722567517347587	14.620087626762318	14.62687076920915	14.599338276725243	14.342101505794428	14.387096984133777	12.572383630444072	12.314695347552817	12.359677077038546	11.890112900159995	11.90969131797192	12.11668938115419	12.329985951040086	12.406038400691536	12.472852869831254	12.534316722639295	12.103828596683623	12.28226540476659
AN005453|DG(18:1_24:2)	11.771596524272177	11.070645204625919	10.284397181172844	12.000635313142316	11.925367840728095	11.789704695216273	11.23828301426287	11.31953703103872	11.268132197306734	10.886270574690043	8.425235507845787	10.500738746936522	11.646289408241369	11.511178622945792	11.331710284536753	7.277421649242114	10.194409679524187	10.419140146516652	12.621927500293737	12.320470583905063	12.583719244731977	12.301701687957133	12.358099067830132	12.460218201304814	12.51850737180673	12.55737992694284	12.43712906508447	12.359879150159005	12.560897145168038	12.424532027798625	10.166771652893907	10.249365579895452	10.728715397074852	8.54725746987871	9.204997202604526	9.104784292108409	10.583931652244669	10.47204551565954	10.439238066143284	9.368400019964293	9.017641243993754	9.485466879939167
AN005453|DG(18:1_26:2)	11.166671023059616	10.408529201028353	11.345483717441441	10.9579077350288	10.917670826636693	10.736931980792766	10.323510483294536	10.18745949598224	10.127965957974181	10.840018250993884	8.425235507845787	9.618368775435394	10.14932063271853	10.556167013197275	10.425917534962425	8.964446597033444	9.320923501413876	9.077598098577484	11.08485997400893	11.299479619080099	11.319251383349663	11.343977431974936	11.265137823247054	11.468909702311	11.436460293503245	11.29953195932373	11.538862213991713	10.798337142235491	11.296907489968442	11.261528754963562	9.267363135078059	9.47503967616215	8.768857917493161	6.652411069472531	5.6412045235970485	7.223750311522636	9.371979547745873	9.770600578866947	9.723337240051	8.325658235616817	7.7466272856719876	7.90169294592844
AN005453|DG(20:2_22:3)	13.283639329269366	13.513663787732783	13.536569706383506	13.956124135170475	13.54429488286954	13.791811258847241	13.69997960332687	13.819368425241281	13.802332144846055	11.960163058592789	8.425235507845787	12.279616782027212	13.252976806674212	13.306253215522066	12.997696431062472	12.24670277749114	12.775689087684466	12.626283214371677	13.448952638013182	13.457336568093945	13.584501374995014	13.434886356007972	13.659798511195532	13.762245747004885	13.377635454413015	13.320651607441754	13.443732857680077	13.60503199533621	13.564235545806	13.382117500319366	10.25767920560101	10.51443860414805	10.12112166141891	9.271266244329256	9.241997587377073	9.794774933515786	10.553683000008359	10.61931708158722	10.47525196373079	10.238541892446483	9.836803400164387	9.894510509300984
AN005453|DG(34:3)	13.425329682871117	12.47606623075139	12.877182282918914	12.534096586596313	12.303084365577998	12.366035235756856	12.808159672023685	12.699870945590558	12.64109568587857	11.832854887644688	8.425235507845787	11.886702726372894	12.17419433104508	11.725980436027815	12.03330471046589	12.149640387185293	12.440295937725363	12.09516191652864	12.918504238127364	12.637227983695958	12.326664916187493	13.565211527242827	13.594736637357336	13.715124792030764	13.59303391065253	13.298749734724566	13.3805392189221	13.075545371182685	13.178756629964857	13.486931910507026	12.596084705447547	12.445807168437815	11.9774439555615	12.199851511293405	12.373650114078686	12.391716984068669	12.755892895028964	12.584090772604856	12.139066099132647	12.185644611849039	12.355140935692726	11.833613401108291
AN005453|DG(O-15:1_20:1)	15.375721428018062	16.029887892281064	13.661876260639714	12.993911318003754	12.181896887164498	14.498678207351563	12.305981496119525	13.320911955216815	12.681964319264537	13.312729346499612	15.025457678279839	14.350070787180279	15.389541128113258	12.318273439449396	15.74618326516054	8.124370350203076	12.140629313104784	11.527773966094044	10.007420704741639	11.84175951380963	7.623513889322379	6.812805678118305	10.920984769309268	11.117452016642728	10.118275447568626	7.666764443971131	7.487245558978152	11.813828124339404	11.026999162170762	11.072274139868043	12.961200273699621	7.0183543477001935	8.270867738989192	12.003784782085821	15.269012694679764	10.700731531989145	11.655592879255435	9.455330897393475	11.70015881790964	9.600659417705659	12.01359748900189	12.15695838125639
AN005453|DG(O-15:1_22:1)	16.501900654322483	17.381687482644544	15.288543114298829	13.764479176822753	12.058688652160061	14.890252895517309	13.202929026065268	13.876348964207553	13.169689034628293	14.285274842359433	15.41455393243914	15.207410556772555	15.473617693354974	12.517748939689826	16.730495072370207	13.175175287800538	11.853850992264043	9.664280118554558	9.10236552195932	11.809783371555671	6.438596173404594	6.757412199902035	6.358565906417696	7.964650321925471	7.797076820914913	6.884859087626742	6.466727524623519	11.439464001522696	8.83571366994958	1.7163523637458395	13.509512127947971	10.791861059374328	6.672314130030513	10.655038007778828	15.850321789866051	7.760544069723648	8.148031698021294	0.8990816396542451	7.178709346425409	2.371411230532715	11.832335805793884	12.935336902617319
AN005453|DG(O-17:1_17:2)	14.888282286963719	15.157963110106706	15.49524333030786	15.094759853919369	15.394542275268208	15.602209988302702	14.735112358487665	14.822564173152577	14.657969618623143	14.599961421384233	14.001999485518912	14.629383117225974	14.744242991828834	14.889172165390926	14.750107911903646	14.41514107395076	14.223904231229216	14.68145897042535	17.094438918768915	17.04884143708167	17.183223632903257	17.067368185363716	17.22906095109717	17.006787935954527	17.11434780371011	17.124965500437135	17.066420676486295	17.398419700408045	17.54593042295301	17.531600565943847	16.19441751634553	16.271735943438756	16.04605510699504	16.23027973146399	15.934115999135607	15.718284399196655	15.955133262296298	16.386330536493123	16.33490333599266	16.449490890929948	16.176318029072135	16.339356289982682
AN005453|DG(O-17:1_22:1)	15.762903662314407	16.495072671584232	13.97364817513204	13.71422520629447	12.320470676114006	14.824084773437018	12.475532746091915	13.705947034773349	12.754264609185837	14.302021504696967	15.202941892708008	14.085919714081216	15.602449460284241	13.109740027610332	16.23130633605804	12.921450453401311	11.766598381643863	11.638030428943715	11.380363776160547	12.213406544850637	11.735631329865981	11.423630321725106	11.497817536305126	12.43931947710144	10.441662110269496	10.4665898321742	9.904961418806316	12.572389159472182	11.675808498759856	11.57486884788191	14.082078969693493	12.02435470303566	11.00562727059135	11.752824878051053	15.08629760819409	11.549560710023977	12.621076992283866	10.75753802695228	11.622152076536937	10.004920953594791	11.5578342215354	12.944220547920763
AN005453|DG(O-6:0_21:5)	16.348264682292303	16.958892051523986	18.056070266452917	16.205553180111487	15.879925627811144	15.530561818842521	15.393056208909574	15.368473711877218	15.507663956298561	16.052699882445584	12.868338188847595	16.50821344576223	15.480612296365356	15.235766397823165	15.830524464323707	15.119577667076303	15.085528780383274	14.999081355945103	14.942992650916656	14.123453379287637	13.817794416279582	13.876510144402065	13.617360263769354	13.634340383490173	14.051016706301716	14.514956336321923	14.175398270936963	13.846008500783086	13.986707365557054	14.508363295257487	14.269623597539015	14.063900378006856	14.12563579468399	14.06189532095926	14.559868631367904	14.665685582973206	14.632450136167954	13.876910471543175	13.770371756545362	13.568379584571277	14.254489999364521	14.319282076834604
AN005453|DG(P-12:1_22:0)	15.654486329830155	16.45848318308147	16.19937113242461	14.68207696382434	14.077563725826138	14.468141179418302	14.381802125084175	14.47335482767484	14.67608561985908	14.560390505219203	15.663491192831252	15.335993082644201	14.493923094019065	14.21787626871471	14.496960914964912	14.02652268577264	9.331853430132739	14.119922479838431	13.74849004640901	13.92563523894404	13.410874528402397	13.921835919570563	14.115373747911946	14.247113969156558	13.959915787578034	13.941145256742127	13.414880906546266	13.675864728423857	13.861864816340102	13.890259877203864	13.711959015896838	13.514586134945072	13.05821965302441	14.02741510519921	13.65330048955255	13.724759522002962	13.821542135113594	14.200441805340486	13.955975313646194	13.783677225159032	14.03123207767666	13.779295150416859
AN005453|Hex1Cer(d18:1_16:0)	16.11508434959625	16.66127849272675	16.504618478580678	17.14019225824944	16.987613723951203	16.858434831494964	16.955024261555703	17.06864961626564	17.18320982860516	15.847294812600438	10.812598048681783	15.839120146425346	16.216898009645544	15.999075542640718	15.910798546735922	16.133994076231883	16.429606012199624	16.19306040874101	16.568536513872786	16.669209070481063	16.280562801450344	16.151545030456802	16.261464317825755	16.24230663587609	16.75899705878608	16.755357278225503	16.696519149352625	16.184873447159315	16.451240124140732	16.41036297102369	16.502589612419587	16.31754342339201	16.462424384671326	16.69670236215118	16.486166326006366	16.499585620394168	16.615943133678883	9.93801005422929	16.76940480567932	16.204853856944275	16.342818098903393	16.33028176332268
AN005453|Hex1Cer(d18:1_18:0)	15.671555353065042	16.016564258511032	15.774062918871227	15.88825219639111	15.711987202658245	15.768771476184543	16.07077120688529	16.286256491942236	16.448980763283693	14.30537282284255	14.756059190227186	14.62180724294531	13.705198000567485	14.060591450595835	13.867458385205062	14.278536336177675	14.65547279444972	14.535850229055555	14.520410691363649	14.942947143220314	14.534939887794222	13.964624370649005	14.112035512516881	14.031291836964211	14.764476208384162	15.15116489456729	14.606271385236635	14.699701788705077	14.84562775156266	14.665928331573708	14.107941399693535	13.978921221374062	14.252194422699697	14.11579795046053	14.341991001754446	14.422141518134598	14.335120021345872	14.482445150037467	14.339098807349636	13.887118583102227	14.20848949689509	14.144020529820331
AN005453|Hex1Cer(d18:1_24:1)	15.424509074849661	15.614781191868236	15.612637202659538	15.299903272989235	15.790544372439795	15.568124478336992	16.07705391824871	15.58221216860588	15.703459728042779	15.646693547173324	12.935843037449452	15.444396049927434	15.107777239237826	14.81129612205831	15.123852612758174	15.675470412654164	15.496006211112645	15.847991059651601	15.924802225322253	15.928035481072605	15.977346380415142	15.71461125481345	15.727326907555067	15.871627435789131	16.128867069768024	15.987778624934323	15.889489290767086	15.52772487111319	15.454421088235101	15.392127908449217	16.316754553347184	16.313536123785756	16.58455403163884	16.343280301510003	16.211827593385348	16.449972106057448	16.755420796842632	16.503089580242815	16.60565793220147	15.996578628155754	16.2466739920314	15.9102559569376
AN005453|Hex2Cer(d18:1_16:0)	15.772310066448739	16.417842472262212	16.418619777192678	16.950900009449153	17.036823396924806	17.15458640937299	16.80490990701071	16.898696089518406	17.312570052530294	16.501775686082773	12.942574199463312	16.090299394470346	16.96400221320629	16.664991062937794	15.880430548676872	17.269459028925645	16.053646285058147	15.972949370188413	16.79577683401708	16.999349886303495	17.018700611292537	16.78782183553328	16.794246441926205	16.946853378390077	17.229661790437014	17.14623854361089	17.16926648994651	17.108942606895372	16.995524935383017	17.015550564107546	11.154313341935657	16.339776328515395	16.550677476420084	16.412909047769933	16.502467179476426	16.213273848907377	16.887875260365416	16.834283403227097	16.574441861332428	16.298075538663504	16.517300879833176	16.54064214898631
AN005453|Hex2Cer(d18:1_18:0)	12.668302706237384	13.176291294879242	13.273982002179768	14.821839366868147	14.769413349120848	15.142992520882183	15.040696379759158	16.088121813900447	14.867901875160623	10.342475040198314	8.425235507845787	13.384159590505593	10.445285414784328	10.095767819461665	12.137298709468647	13.07420290130624	2.5824160906337768	13.37308733359788	14.486481350249006	14.674300069034315	14.461966488045183	13.87538291356034	14.533720104123793	14.260474524555374	14.885527815566512	14.90095304130884	14.762308415079342	14.534776509321484	14.67004393686208	14.749075869895423	13.190762431002861	12.662255504790737	13.235199948252317	10.652822302918713	12.796733174781705	13.267717385784717	13.610297663565339	13.772172247045502	13.786159663376614	10.95431777549069	13.367637455941926	13.57315655037362
AN005453|Hex2Cer(d18:1_24:1)	13.679795539272996	13.730345056337995	13.400616559681021	15.263500403061494	15.190181711571844	15.355314032180386	14.594531325344214	14.84413435688032	14.874295265210547	12.33791467836425	8.425235507845787	12.536629582123265	13.669050334741643	13.941736247678564	13.56030369929225	13.632109327724999	13.870816628004642	13.815606782419762	15.464985641904383	15.587737581263081	15.270597759395322	15.512506424570033	15.381026468487303	15.340438202899705	15.70454152393249	15.94634428586926	15.778743224042744	15.220450313065632	15.493610634924822	15.415872579409898	14.798227558404978	14.66947487461405	14.588384152413427	14.817559551152884	14.432550424158318	14.384843239646127	15.033305591994662	15.495197932955492	15.55099554909028	14.767369404067374	14.623438649546358	14.75458478268048
AN005453|LPC(16:0)	13.23893950235488	13.59749333012466	13.964302191684247	14.67495868249621	14.245413470690718	14.364988701180913	14.256081199081963	13.962458803784857	14.053543425004849	13.638787045330321	13.497083967592244	14.169326254907375	14.187341035505826	14.305080596160664	14.575350210879453	14.583439401573226	14.910693586150016	14.833028068496272	13.245084694179292	13.984207035897494	14.728126895105435	13.541085748888039	13.804550290311798	13.541873800822293	13.39141196919895	13.635636872857575	13.673771783033366	13.18689196702609	13.398555831999717	13.727967415789335	13.675402462391665	14.330811925947415	13.898209543915737	13.862650281152876	13.712276393910045	13.575214719677962	13.99462664453204	14.440280566633383	14.216230579054637	13.909351777143891	14.050375483601316	13.528184536991972
AN005453|LPC(16:1)	7.586332548863908	11.494660589494101	9.158349425966906	12.173881154054765	11.544007478093196	10.601162994642372	11.842165236060707	11.798768846763029	11.432524884279077	11.687317004889712	8.425235507845787	11.876475450502022	11.756121242649167	11.958625411917373	11.763740473119578	12.515947055688322	12.792444822279277	12.810705881525479	11.48712319593632	12.279024527045452	12.76976064120204	11.882693286289506	12.072388228168766	12.191416965825178	11.934923374405683	11.85029808998406	11.571373529637166	11.607899565100594	11.774191907777006	11.960302764120891	12.76304380488185	13.022749862394889	12.999777866182914	13.981364672569532	13.829727105182645	13.348733191033977	12.75981704207432	12.80020383032256	12.644258059824462	13.73106271432167	13.677008179842646	12.693162515865298
AN005453|LPC(18:0)	8.24716991656019	12.886809734344576	13.143521933769891	12.472309416867168	12.909157311315731	12.402228912360364	12.258231940689916	12.434167489518552	12.125139405550772	13.8536892193963	11.740164006013872	13.831652781732608	13.493294769671541	13.512296053454687	13.531457826973082	13.249195707669376	13.498426817150794	13.40116844019579	11.40548395159187	11.556853176845676	11.882209646903846	11.43017479327039	11.493780244486963	11.597968661242469	11.740041172976056	12.075283997357094	12.342638634701357	11.239309708012609	11.577713683364689	12.028221795710063	13.057652920120585	13.370165319005881	12.700067139905451	13.272902177396517	13.371962661554997	12.942506965884569	12.838403340981504	13.07332740606923	13.193576841250655	13.407931293757333	12.821437150763574	12.932560925757628
AN005453|LPC(18:1)	12.644215997763533	14.782257795919044	14.413683975246405	15.268132305271312	14.536125115931032	14.730348470091325	14.9783434255445	14.773134649292778	14.67687610030194	14.865410262455278	12.282818463229935	15.109043395046774	14.955139995862401	15.033764882097646	14.968157764911897	15.330775730814848	15.237191749619209	15.60899541625033	14.319987554100486	14.75468055795665	15.179756845057938	14.186015206898118	14.37516908557105	14.39930567220071	14.479345800269227	14.636078548645632	14.551792192920098	14.178167364142551	14.264644151368477	14.78424781279273	15.240204962228217	15.698918376561753	15.302578779659102	15.785925442457588	15.61761456038567	15.343579372926113	15.207461315452582	15.473178903786689	15.547520163031736	15.807794334133437	15.563810970858114	15.49938798425557
AN005453|LPC(20:1)	9.484579604945775	9.75171905463499	10.125813183877176	11.077288318613798	10.847736773266348	10.391025166828253	9.54665123305777	10.260662891432931	9.833618014902648	10.950064571548271	8.425235507845787	10.610098293673119	11.288402886260963	11.435739226569106	11.42855286254075	10.200229198095368	10.630334946653138	10.096174975899864	10.662715921009546	11.285980458752702	11.681935694964045	10.726452467863128	11.221105833411398	10.955160245308347	11.0892992419771	10.947795307454696	11.283637951798312	10.444106224446996	10.624299857819192	11.254411140457542	11.554605861756484	11.831534687232656	11.380822358648077	11.651386147591321	11.561826537868878	11.147304112592096	11.44948324015782	11.818449266969472	12.082451639495387	11.474298949197657	11.348833802312832	11.338534243562657
AN005453|LPC(26:0)	5.144110220258833	12.651944712706014	12.39683059744166	11.956429083804558	11.994494391230958	11.574301635819042	13.201452065411202	13.236262655146398	13.43063155549003	13.325845650982211	8.425235507845787	13.318814394688614	12.317829509279678	12.441534662115833	12.164362433415377	13.585886728839858	13.802943023460786	13.804930594303855	11.742055094424494	11.796281141032246	11.299789403703809	11.645889291832567	11.781208536446096	12.139802808675263	11.773212315963432	12.032241594740825	11.768042489997248	11.754867786600725	11.684153313750372	11.71727986579824	12.039837616900511	12.250470380843545	12.223722374022884	12.49520399919327	12.329040676094865	12.047903233285373	12.012790900287099	12.320208399047683	12.311691908179679	12.462271750985359	11.826939092190749	12.335662578641315
AN005453|LPC(28:0)	12.299126397412874	12.545801791745898	12.362051757342927	12.580279756936067	12.404046193593258	12.551315568745705	13.197450891418821	13.076210929788681	13.375158664972101	13.154027464729117	10.253785854417881	13.004778051054947	13.09058925754331	13.455581828514651	13.184528878533815	13.710670733257734	13.752110220670268	14.085075126216605	11.7573820324527	11.70963776434724	11.857990167965607	12.04408361480012	12.051713294314109	12.117471702597534	11.951634501705078	11.659764582464312	12.240840347335311	11.76855068761991	11.685786758226648	11.726820770436062	12.720992773687893	13.11316551642192	12.84053762341874	13.423807763344598	13.583433980538356	13.348233457271187	12.249117264666419	12.467641789678558	12.749520239041201	13.463212452282686	12.940011600325258	12.90299131927191
AN005453|LPC(30:0)	13.189157586194392	13.817462089199342	13.560007195378851	15.166415573103507	15.180035428032296	15.275809632288489	14.659453462022563	14.805164925593703	14.63644234045251	14.981072614539745	12.000959286831057	14.865031962701597	16.64313699893654	16.710576142759404	16.418607875979877	15.649216870822793	16.01702233958507	15.651444587620517	14.085713847519088	14.647953229618837	14.640418135512984	15.056609186128004	15.070507696205235	15.162981874454028	14.953019274709925	14.805049103737232	14.831535258402758	14.708987487552546	14.817128830638048	14.795366533112995	16.856664441711516	16.901770993472592	16.754801232617805	17.60285467552788	17.436387348883358	17.395671760826925	16.721442065415808	17.248965592325167	17.02814579203766	17.541052023197455	17.272840666409426	17.580084510409662
AN005453|LPE(20:3)	8.84116843164967	11.407081231118832	11.712103114571653	12.391685872827768	11.390411169347693	11.121864268252509	10.787284514871274	10.724349495264697	10.292468331386802	9.771115610078649	8.425235507845787	9.606274024507023	9.800421431680213	10.374500596467389	10.837341944335742	10.499562875189614	10.219040711177426	10.707911259722428	10.894433484351701	12.005051264757228	11.943168045815584	10.757803097662107	10.902718814656497	10.889248385305082	10.724279451057232	11.433766133636357	10.872245201059194	10.30750945580862	10.805489065463304	11.024802391772656	11.76137615871348	11.237690588882616	11.566179310087911	11.236683021850215	11.591640276105508	11.03269730884788	11.838690991342789	12.02289417185868	11.3672713395932	11.426540046412327	11.646949674978098	11.414524494635655
AN005453|LPE(20:4)	7.586332548863908	14.551243047711553	9.158349425966906	14.46709715182458	13.897192446413625	13.849301934079241	13.772194366859082	13.897785536131144	13.78499313360156	12.856769453413126	8.425235507845787	13.501856738344912	8.307462589244548	9.539950445289286	13.109862004082643	13.694528061988356	13.750136498155472	13.671257739265254	11.472696740249724	12.104314275623638	12.72792677723874	10.983622195140287	10.992052174000987	11.009099618326829	11.210096990241722	11.98437777087143	11.335730549566252	10.4751824982492	10.91868705047719	11.43327113330282	11.97475245144364	9.466190891297764	11.01809275038006	10.914567540350104	11.30400817324509	10.91572817570337	11.817489731547717	12.117411846505002	11.304760940555896	10.639554392335569	11.381817459564871	10.859769884081349
AN005453|LPE(22:4)	14.104766972634982	15.1479537508336	15.371031592542105	15.749114832640872	14.84687561869089	14.973600219798836	14.98605589244294	15.059560845774778	15.018628237636023	13.02649731958589	11.50769967177948	13.731814576614783	13.266806835354158	13.407488446043168	14.189644529928774	14.378053126722804	14.61509834821717	14.52652992642416	12.693442514480248	13.267640368194494	13.589015905135486	12.034086913982536	12.087752454505894	12.148086728821363	12.146352294769798	13.034799228485886	12.168469303881244	11.360941509651955	12.309830705349198	12.24465756836691	11.817472801698289	11.202287646097346	11.556438978013665	10.727217117796643	10.915145550328743	10.559790792875729	11.887306676438651	11.751372494042764	11.366352750964053	10.791155732489086	11.154043599853807	10.99915923943728
AN005453|LPE(24:5)	11.685139477395564	12.767960173460654	13.056402953799072	14.16850466572905	13.231631706428871	13.047132128427334	12.968802391455348	12.76490410882457	12.526343292449726	11.282439969808953	10.035935569980552	12.070458988042095	11.673642003399097	11.975447524818968	12.899599582274474	12.263216296211338	12.037500637672057	12.312495435030444	8.268525517517098	9.305612600235808	9.722852963541964	7.0756867992150925	6.482964797695211	6.84367081280931	7.884968588893813	8.767542452168769	8.366753215065405	7.310382457495471	7.442198388911676	7.617587196789396	7.102365493492969	5.27997560472379	5.350155222401136	5.356453001751708	5.6412045235970485	5.714611895804926	5.6052783873360585	6.601807721254669	5.07746268974197	4.816773266668356	5.442934197578209	5.318992439796797
AN005453|MG(21:5)	17.52393000255989	15.939030711853563	17.59390051641297	16.047328932273402	15.531010981642705	15.150525122369164	15.416333939571507	15.069774119557739	15.637377287559076	15.506819889215082	19.0925519938839	16.651456184706394	15.49871652172097	14.805281630783083	15.786779588894033	15.193382433800037	14.626309736086537	14.905247264135605	15.199209630832891	14.736493195854123	14.042707762761538	12.948837756484538	13.567453265291213	13.224619321087195	13.85800570616102	14.556561887313222	13.806133242457436	13.295309186500962	13.73032357333543	14.038790658550935	14.23034276295439	13.877183462234818	14.419396592953783	13.857433468958153	14.420480662018768	14.177111714489332	14.207107105192396	13.84555963859637	12.912577041428445	13.704766971693394	14.304417557539146	13.486303194939945
AN005453|MG(O-24:6)	12.866940020796626	13.594990879149043	13.69476295489063	12.748207562600149	12.707758988606164	12.702429067786568	11.55926856488697	11.099949911113415	11.594985817241982	14.199289080312415	14.749081112276155	13.538156096102023	12.772293351766397	13.082087222398867	13.156755716816878	11.437679674352156	11.346096431839909	11.498955412140184	11.402184420480003	10.685733743564274	10.959574119597635	10.962425617583353	11.199295852616928	11.356891039045278	10.22684904465405	10.610005014664504	10.579116217453512	10.836062630104976	10.57847925891369	10.803087334935949	12.866443653533342	12.980863321086265	12.8196602925299	13.515955042048207	13.595079682248546	13.426225186694579	12.096493350750084	12.145173304837906	11.96833492928404	12.645359154166508	12.616291532265537	12.56787257669874
AN005453|MG(P-24:6)	10.250269155219078	13.33449131099853	13.188844421599228	13.173380843154307	13.303434290304219	13.219190477844927	11.537416034834973	11.931256718771388	11.506063575061477	13.212810521791164	14.16234356111348	14.103181069872365	13.123143770314671	13.47851548682414	13.167042552099108	11.990031328552249	11.890793502936345	11.551824101155399	11.236853363738541	8.598648692104515	11.147345973122428	11.865511017911338	12.010172523018854	11.91063159910173	10.831576808708853	10.866026234742906	10.916282251778984	10.640183806123236	10.508816317978704	10.619425915195983	13.65775106384548	13.75061902488577	13.85061233197555	14.37005539269956	14.082923696711106	14.32558355963107	12.393885801955243	12.410910694539439	12.452941815338109	13.4144064866539	13.230207317407945	13.362059106377188
AN005453|PA(22:5_18:0)	19.879323774992304	20.305954596194564	20.271430509165555	19.66603402996238	19.81374075356086	19.550268249979606	20.260841291264377	20.051967338087906	20.20122167807102	20.329112516647616	16.737297072736162	20.39493887297776	19.66840169869296	19.45918572233151	19.747595038434042	20.347663823658873	20.29711343054327	20.160544017303565	19.087893164114593	18.960295744506666	18.789550090185102	19.06778219886439	18.961366393131744	18.79215015990107	18.875516007636637	19.22407826549987	19.06860755824483	18.868430799613098	19.05478905398844	19.028616031282702	19.67778288642728	19.62839943603394	19.58319223647668	19.650589444738486	19.77016766474496	19.703043147952403	19.570962491383057	19.499378245915718	19.54307074743313	19.60728023936874	19.693902563918765	19.63578038176527
AN005453|PA(O-18:2_16:0)	15.693868734754433	16.228703458652888	15.808338442948838	17.315030698697147	17.32296500511238	17.383644328759416	16.77717077421551	16.931286376268254	16.904932407780283	16.88388844748357	14.868331556483547	16.76878402174447	17.90206780127577	18.035912116830346	17.855412084986405	17.241634993237017	17.444319292915065	17.151342606405937	15.89783984980522	15.880986646173413	15.693371769996638	15.926697541403762	16.000516580825686	15.815926937225921	15.821330340478815	16.199446289828632	16.151455768981176	15.552035477885381	16.013283082492073	16.049749779557537	16.371130323651887	16.378282905530977	16.325694847655527	16.39090452042883	15.897743236575606	15.600809007870415	16.466595330554846	16.61879773998487	16.757301571038067	15.721414059475805	15.866127861954112	15.926485879839833
AN005453|PA(O-18:2_16:1)	14.262904624317233	14.634278441362488	14.65491403632614	15.592639428447505	15.483200108353108	15.33338125867074	15.28165003781842	15.014892017288387	14.943533583664259	15.404094565425329	12.052258613399847	15.03808725400428	15.81925631987247	15.80180223817405	16.153021184593225	15.57167991808057	15.300589937459918	14.8590442305795	15.043690948622563	14.702869553944165	14.906248053432552	15.060344814139297	15.019607019745807	15.030988006229869	14.903478856631718	14.98816337129614	14.905805884520165	14.74694206699679	14.87034975646317	15.173255308157316	15.653053375537311	15.757487195766867	15.835480807792894	16.09221614964837	16.39832997294466	16.38333133283773	15.74489829170029	15.65835748377014	15.667458506511647	15.47394145374613	16.01709002526273	15.883245411329726
AN005453|PA(O-18:2_20:5)	13.833846177262044	14.108268983309124	14.44095973469984	13.966237688738145	13.814614764145471	13.487669923027795	14.202455694505215	14.196355516325648	13.96274193370944	14.484042246247585	6.346976493925288	14.528891068896208	14.30266480689565	14.290553799090189	14.317661234534631	14.49887971654515	14.59424114497075	14.666813137221228	13.029171171151972	13.023558407607014	12.966266852994126	13.4166022328286	13.339006385872027	13.16635935322165	13.084651230523514	13.321960722495566	13.140031586932448	12.85169560781319	12.961119076833887	13.029323493020012	14.533035165742707	14.407781679750029	14.206167959803828	15.116146150039176	15.045781991276014	14.989026858564172	14.108691527094582	14.36039845769297	14.283817271615803	14.43860317230839	14.627374187436493	7.330273375897287
AN005453|PA(O-18:2_22:6)	17.384850035935187	17.233535549394244	17.49444889420105	16.931348591115693	16.606143717890536	16.78706275354575	17.19997069070939	17.084912680000023	17.180209780632985	18.05969922670387	14.524454956079284	18.20985124775396	17.194964269999744	17.04372171182846	17.412933537149005	17.50922395297124	17.18328352770693	17.603470303151802	15.180151529702897	14.532954603173303	14.734971178619954	14.84054797817147	14.867391551972357	15.163376424608652	15.271210290896779	14.74087950699981	14.938451463690628	15.41619241608231	14.887188266147591	15.135365116817352	15.017849581497188	14.98695123268113	14.841787088529792	15.816232546639277	15.650794117952438	15.441677027854755	15.407779566113765	15.050227620550833	15.112637886729683	14.942088057052525	15.317965938811207	15.389813760113656
AN005453|PA(O-20:2_16:0)	15.776837780627352	17.132184660996945	16.841230274461584	17.913179402696255	17.587571699476133	18.001008054534292	17.249674647675974	17.827734363726293	16.025461055247145	17.570298607509898	15.839428558013172	18.346814918810445	18.36052161928405	18.387094507162843	18.035004017568504	17.90136563464353	17.70748123981246	17.658483151995245	16.89462234536959	16.962139491579098	16.73870054657563	16.774721709694678	16.68909114589657	16.64682360721637	16.87125191008164	17.338202835032416	17.080845161767613	16.35512328990887	16.8188273218771	16.79407447659828	17.009813573907916	17.502193736844845	17.27840872147974	16.869598764439107	16.318708889917367	16.69076284093429	17.13088385685142	17.547942048644597	17.670163908643083	16.62613658024796	16.693139157089057	17.121198099283326
AN005453|PA(O-20:2_18:1)	16.848496942676924	17.236298929501032	17.440943982482995	17.68115065811939	17.92006475786664	17.85717986831016	17.113007208794595	16.96166450023347	16.991489391329083	17.921382178173292	14.926849804021643	17.816345357311533	18.126288395645844	18.303202612941824	18.27982078883266	17.35582601623649	17.247962576350556	17.300770041475484	17.41051966204886	17.405346872902935	17.33660425302171	17.433470816978584	17.300603316896503	17.368284187626262	17.57077342373647	17.824303631258843	17.64487715886364	17.2389829262708	17.15405893748807	17.362949659379805	18.41228648534633	18.5364914378136	18.453640797632147	18.767544466778634	18.759160120958544	18.807543087646266	18.831455852129576	18.862691121945804	18.86909993284899	18.356070087061614	18.410300539481185	18.394236079178928
AN005453|PA(O-20:3_16:1)	15.824047304796018	16.25726451324376	16.17059180254223	16.5593577816368	16.459928645583563	16.297972489042674	16.007353788397516	16.25183806998542	16.29383722111788	16.01524689322391	12.881016427550975	16.455383364377756	16.666857535912865	16.62289325605453	16.510372436157216	16.215749289739744	16.092706319302682	16.054738025804692	15.78403361480603	15.739797679406122	15.61890563655144	15.825121337585834	15.960649264971202	15.814748533438335	15.780205826469475	15.741555236728201	15.83807160304166	15.519577839423965	15.814323570573942	16.086803259168992	16.074922203299174	16.24930283403903	16.280379543372995	16.704889489682408	16.906023582920454	16.896005327263165	16.36384091201944	16.11745502219222	16.098003782665334	16.34289823683991	16.494239813498297	16.454615161601787
AN005453|PA(P-12:1_16:0)	12.727299298880851	13.02180253926134	12.667766581714636	12.146603070767307	12.17168820456975	12.08665179226532	13.817158240837733	13.655143080765493	13.698862638900227	13.481905082169646	11.6114824939911	13.344432410397568	12.638856725090639	12.379933726930942	12.427760330372449	13.713970346095056	13.829693066811236	13.826866053245883	10.829374655482647	10.752619041137661	10.95952718954362	11.28063038055277	11.562848696050043	11.560734390208927	11.116799291980568	10.960043542151412	11.081237944015244	11.184044614299006	11.167089572608292	10.930190091224098	11.52238041937591	11.503768820966823	11.352605721635959	11.829122723277054	11.595628854856955	11.498775580339027	11.483935074121538	11.569786552638233	12.030562600775601	11.605417219947023	11.06114348204731	11.372407926882758
AN005453|PC(15:1_16:0)	20.92593565277362	21.25657332656598	21.11074852023799	21.449010972102148	21.49763396028581	21.259404332518926	21.064309107747608	20.966474451988358	21.064595188360517	20.706133134148736	17.892854506718177	21.04194450886724	20.866736612456627	20.71077669556128	20.856174083725783	20.799505802319754	20.64409023444121	20.682351460827455	20.867477768973718	20.807580999199125	20.623825349311108	20.554642749256544	20.612288515499653	20.55650373055865	20.697786647302795	20.74946334890907	20.54384806302186	20.649670134670817	20.630598146211234	20.77896043877187	19.939414587309308	19.75095657100877	19.93984116029035	19.52211549601388	19.632983070023148	19.655127547881172	20.286185674906125	20.034874197473144	20.11446443773198	19.401878127879	19.759424735236262	19.695231427336385
AN005453|PC(17:2_18:0)	18.15959004247177	18.661734113790384	18.527366960599327	18.625611961370765	18.7598562632669	18.675760513029203	17.865187526916422	17.892518343606636	18.006159414471277	18.322904611178277	15.24760876128612	18.09762247053522	18.31662118418141	18.31705724563606	18.373275634926852	17.459630017711955	17.441899539719593	17.42077235073524	18.88538117753517	18.712733363650713	18.7787040133099	18.6877584002049	18.707364513337676	18.63356556922565	18.78182357572101	19.022161753770675	18.990156400581977	18.629391387995966	18.625970080537442	18.797418565192842	18.52670323710093	18.58934866972611	18.374347930400784	17.874062309144577	18.234088045933618	18.130210496440448	18.84997499705037	18.83338083125599	18.896374987734234	17.65944892627804	17.938753656199054	17.815551408026703
AN005453|PC(17:2_18:1)	19.151623641221835	19.579342867692795	19.412364447628082	19.210852628960804	19.197439237616575	19.17985756960415	18.864286456683697	18.963286049588532	19.148963646712367	19.27346879890841	16.212819464105102	19.190761304722542	18.941475771608896	18.78273845600117	18.826998487020287	18.653533207500146	18.782588160756166	18.65268670223241	19.646370649986356	19.570530814449572	19.541319125595372	19.671768848866794	19.640660175543204	19.687649448954712	19.687076839434685	19.759904757790117	19.59080354970175	19.568502064287042	19.5767830818055	19.700506546066226	19.812364252214596	19.785452181831324	19.739780498888358	19.746318874156675	19.392449489538645	19.78318671795142	19.826011087137264	19.733057666840295	19.829774053906423	19.575556166814305	19.77444731029144	19.69803363769293
AN005453|PC(17:3_16:1)	16.94900713219027	17.077697902176126	17.999473428996833	16.861219121463584	16.53927522016498	16.472958665386212	17.189581263701335	17.055750058916587	16.723522454537274	17.556459250444934	14.931510554789405	17.413167472937296	17.01357519426431	17.02355212323966	16.641806962580105	17.706002074932517	17.55067592679582	17.673248590547647	15.719466133763135	15.688798092721646	15.780544294967726	15.865076119632409	15.97112957354608	15.87241097024915	15.853876254367167	15.846863200365402	15.899265985408785	15.90601165146931	16.014372969968594	15.980225823248622	16.805740176141704	16.733293367374664	16.82301742861071	17.031464036245016	17.0912773122758	16.898454797073267	16.630284196446308	16.471573312912046	16.429703686103707	16.894576638010957	17.15869460815394	16.9763999495985
AN005453|PC(17:3_18:1)	19.95848473500228	20.28266745312048	20.271038873977158	19.713683862014303	19.814468054322106	19.54960715711099	20.258988920177373	20.088451149916807	20.217251299342056	20.32902175832036	16.847930211447885	20.392538921157556	19.730392690094	19.46349372864847	19.675222750434244	20.347763691783612	20.224207402553446	20.167810998123677	19.091905205335017	18.952352294635908	18.870021088145883	18.999641847376722	18.960368185560842	18.78877758726437	18.94119275498343	19.224019354020186	19.056782025210605	18.866539022163092	19.052306179280528	19.02109617700398	19.725601651492493	19.631312466791144	19.587991624408716	19.64311610281868	19.765797979006326	19.698579370715716	19.60965387885106	19.496319022683405	19.53910457176387	19.569584012675133	19.70487267887551	19.631955084201245
AN005453|PC(17:3_22:1)	15.71545686062543	16.197787087466416	16.115676707762752	16.272974409447862	16.248866493115095	16.128869227707156	15.683777944806451	15.683475524267543	15.708982262824748	15.830354952925076	12.569640874545021	15.637121755779074	15.654818226536849	15.805777004450253	15.588580693194102	14.831256175900323	15.142551494758028	15.256716913223448	17.53643950149526	17.348519448700515	17.43273246233394	17.262774715015137	17.150851240914847	17.140511463316585	17.225599023383328	17.252853267307675	17.476460661049302	1.3293612280451061	17.225247757517952	17.44456924953629	15.807294958899272	16.04659726685333	15.785282261084078	15.066913353725734	15.149560675078163	14.88102005256194	15.89943248216068	16.13233376456759	16.248393595168995	15.366751756673448	15.233958020563604	15.164196118718241
AN005453|PC(19:2_18:1)	18.190452441064103	18.289509290086666	18.28408265625982	17.934806360628954	18.210232038342873	18.0347741154059	17.90414793875954	17.71718176819407	17.893478627245017	18.357905638856558	15.165558671406146	18.423140144288734	17.588396299512024	17.53920401327229	17.801046859575443	17.265247424735378	17.419800609628773	17.50059459603475	19.31657120702856	19.382887838123395	19.352466016935978	19.19782859366123	19.135150060185936	19.239073387107297	19.470918949373193	19.48746820951476	19.48100075605504	19.365032122595686	19.317141985667508	19.46418705476303	18.591061124864186	18.664410076751185	18.570222998636616	18.10087478000043	18.165615185432582	18.092935095897676	18.726855061851257	18.666016845073695	18.739021694965114	18.276670816951565	18.326553944793226	18.26179472236381
AN005453|PC(19:4_18:1)	20.372516600754953	20.582031005508796	20.794338649559144	19.84710850767547	19.989799200919744	19.904145362382156	20.397414392492504	20.60970471510809	20.48525430345779	20.127817209839503	16.599591987296748	20.169094847724025	19.396211451165893	19.46625030789301	19.614029719658717	20.223702911201276	19.99381277429774	19.606915361781006	19.624182677618183	19.37880166821741	19.532030421201565	19.26901398462179	19.23564880909012	19.113430531659567	19.353982007991455	19.428248033795263	19.34213140928908	19.284978835677634	19.224732418426267	19.457284095741297	18.845622748974815	18.848282522198726	18.89813787488051	18.366815009821078	18.598731328416292	18.48011469334573	18.798563976884825	18.633254751709647	18.617646196895805	18.480188295050617	18.527655071185197	18.484421055222416
AN005453|PC(19:4_21:3)	17.813244420087315	17.9127813925762	17.71077184188243	17.510597142341307	17.7191004009556	17.59237743702808	18.906811893482786	18.679449049044937	18.316687610663166	18.458024474438425	14.034210296191597	18.192264810923966	17.907817212507734	18.115695584203962	18.075976027300737	18.853942945602835	18.91441504971059	19.072472956188868	16.595990172853615	16.697914025748144	16.804562733489686	16.422792518305833	16.42971234353017	16.346380787549165	16.561633537714975	16.62432622219319	16.831834337128495	16.515217928429344	16.46541226670946	16.73106032847547	16.31896379918833	16.43397823409511	16.39021913644706	15.925589931011231	15.997582981626538	15.868087927528427	16.230878750264665	16.380686043128467	16.260396649220684	16.466035103563584	16.253201356194214	16.304899538477336
AN005453|PC(26:0)	7.586332548863908	8.120288776325824	9.158349425966906	7.281188990910366	8.594110449683129	7.641869943266698	6.563630287333791	7.4853828493927335	8.063718409274319	9.312260427151307	8.425235507845787	8.546651673896696	10.300785868706324	10.27938104783035	10.659217317909269	9.771283749134554	9.785419068721003	10.068882456859525	7.504112412181124	7.56760797466647	8.495635470681536	9.166175434164755	9.423300658399578	9.092235522767945	8.02332499966686	8.812836359783525	8.992664287868436	8.531129554638067	8.78231577234853	8.381384906933286	12.353102631956032	12.259571140913865	12.246092761295955	12.894659009313512	12.562074214926309	12.717604635994052	11.94344604659214	12.332641987307825	12.205372432015155	12.790125090884425	12.373382967275168	12.670011155171522
AN005453|PC(28:0)	13.255693862874375	13.666602955533829	14.024268240519117	15.02698564892075	14.936241945123152	15.110244374389008	14.399959683766879	14.477954279961539	14.580899661140906	14.980917471819842	12.490652719662421	14.88814707079258	16.886750415923967	16.68859117495042	16.5373094302521	15.894148034288193	16.10900901205086	16.146727413145165	14.87363742901978	15.460553702940146	15.253852572867435	15.92161893846301	16.048988597442726	16.027525227114772	15.404746712173656	15.581207737405979	15.433709992315189	15.70211791416529	15.737794501266993	15.521708861362198	18.616548708847468	18.434405367735778	18.64095483770831	19.395438895846542	18.833241236968412	18.973513891304737	18.346131550029302	18.666608011964545	18.375477787544153	19.347509135131336	19.1426677847433	19.1727233565809
AN005453|PC(28:1)	7.586332548863908	8.120288776325824	9.158349425966906	10.531241016210734	10.396727199717366	10.128893758205724	9.92626849237581	10.007714361843487	9.874652350112727	10.240953840540303	8.425235507845787	10.367191617728603	11.547109943669296	11.753442471971425	11.830964903388482	11.426650891723572	11.393390278176277	11.408720929122232	10.126512404863462	10.44412492123147	10.54068850534758	11.528155956646387	11.478017208381804	11.493060809118978	10.830214892231867	10.740670736613382	10.796812542007403	11.101186021168296	11.010871348405606	11.166394268136598	14.122320013122193	13.973587311618	13.899769721218592	14.89954709248653	14.585330311201403	14.71758045323969	13.724584758163624	13.765303027341837	13.714862097678541	14.552743508818159	14.39959552574199	14.562332585505562
AN005453|PC(29:0)	16.595012150025994	13.016173012277324	17.311789989660745	17.14289844835987	16.995189788230103	17.221552846517138	17.09927853882209	16.625384728924736	16.929363231441265	16.598717603890385	14.920802766303728	16.65904150871379	16.8920656083671	16.67895135474692	16.773797960361517	16.486712468057707	16.45577773883882	16.628784979120525	16.660194725293728	15.84149676475375	16.387751157304024	16.6591677789052	16.56128254665391	16.587555891517987	16.235955210767415	16.54252543504264	16.40304340595977	16.412449976894028	15.872639872010486	16.611124645932005	15.967842351847024	15.539771350493266	15.7836540783877	15.553192813945357	15.759251938475845	15.723810683405421	16.06177922085956	15.974705515914152	15.770331490757135	15.685516972532984	15.724041016206652	15.888991551181384
AN005453|PC(30:0)	19.745950067532004	19.469935913347243	19.414265063107234	21.20802839608227	20.22753395110519	20.479391382062236	21.044065109076215	20.358726958962997	20.246569550471097	21.3845557212481	19.144097298011573	21.24947061403008	21.627586222469613	21.69290466740781	21.579063112555012	22.18796726466399	21.536940546113474	21.68729885368901	21.016894984763926	21.353613358449444	21.419260142034112	21.52957902657438	20.722720795195468	20.6461628767379	21.28301049875824	20.456135175009706	21.300199780479705	21.40054026905971	21.47215727102957	20.47833662143864	21.90448303482072	21.674483268970388	22.745416919025686	21.790937903964068	21.665141501902202	22.526285178022853	22.732243254505093	21.931394129472398	21.90275483354096	21.87734090525041	22.054829353552524	21.964296199852793
AN005453|PC(30:1)	15.96282350483003	16.14914188696166	16.228274955909352	16.721949796637187	16.548810354920814	16.65121487245511	16.519953585940762	16.399050394879545	16.550512588432888	17.17713244576364	13.724069751102842	17.20622873643348	17.805063183397912	17.75100702514618	17.773276425637075	17.64035034763034	17.60567559781322	17.728023085814883	16.99524908420839	17.222545331658768	17.370815275326205	17.917570835588705	18.126954704862584	17.942232651099896	17.289841531882825	17.24550141344855	17.59699910590696	17.743062717623943	17.737224091349994	17.5698185315053	19.85201901338328	20.003051631454746	19.850003550506344	20.64641180476035	20.509927214573924	20.44443340681996	19.487519749154533	19.69113858777959	19.63447917751576	20.74159333995048	20.428893695565336	20.405641231527365
AN005453|PC(30:2)	12.186043102101003	12.697415437632875	12.330452854407046	11.630412709848637	11.602955981688257	11.871812818121139	12.464612989173196	12.325920930303914	12.456577156961194	13.241756473808026	8.425235507845787	13.277407930920697	12.942960068058106	12.86512752880904	12.728198087157917	13.0858179945948	13.54610085688498	13.332419954881148	13.043374215531292	13.318874671481412	13.21360023572794	13.650111214718818	13.847626964429994	13.83111722169353	13.185330992010805	13.50505545336189	13.268840756688032	13.70141579800853	13.386464649069126	13.29999988165972	14.42933863074266	15.187200686466927	15.266027731244167	15.806278254827783	15.72222851633065	15.637185595331752	13.626989069603223	15.039309959045074	14.014410922020948	15.89428185878728	15.519670177039167	14.93026664312738
AN005453|PC(30:3)	7.586332548863908	8.120288776325824	9.158349425966906	10.77098879382689	10.139622688166305	10.623137575242783	9.527585229523723	9.982532349969128	9.26446523296646	10.527900168030298	8.425235507845787	10.91137908479659	12.438196469492189	11.900385857060702	12.11362734743376	11.432243123294413	11.42193863759865	11.612217424597915	10.641695095911496	10.690439698278821	10.518843971275434	11.366689937675302	11.257151531507612	11.122353391927978	11.062330438583887	11.229270350074206	10.851062636164635	11.01078972463493	11.298049389671265	11.047439979446828	13.778017075048789	13.648317052641884	13.790082490563679	14.34278941100539	14.316115664533802	14.080067358351354	13.456096558975716	13.67942339497474	13.481395868712944	14.305536892230565	14.130517740111278	14.29917658316868
AN005453|PC(31:0)	18.313481261435193	18.856622715021246	18.564079337586165	19.206932785988688	18.90701957790004	19.04839104859694	18.652662597746577	18.892567960289274	18.851417616325914	18.231232188242938	15.165032316209269	18.32443235392302	18.631808530158416	18.60281159605963	18.35375026077248	18.258604146866688	18.438328638741556	18.113512456791856	18.296966244039613	18.216370981238786	18.187761490402774	18.136220105758056	18.150308142992998	18.066483082555965	18.4857224621193	18.358988454871813	18.2847736830258	18.12561782443475	18.34755742245208	18.46761806387779	17.248758735800298	17.175333292593457	17.19334398685911	16.8177311739241	16.71916193584304	16.634904600451478	17.335767799952094	17.53440137978115	17.59034894526266	16.98165524757388	17.041544773151355	17.150343312190937
AN005453|PC(31:3)	14.366920870121676	14.471736898624005	14.495004152879481	14.582954037127221	14.681620797753911	14.642166730556157	14.573618977598773	14.328258608246356	14.29406791027348	14.514069008471383	11.565948733798377	14.66244670294761	14.684182558305759	14.56435337572372	14.536758591717366	15.005035967060648	14.563786502143326	14.904307382073684	14.644266805470258	14.476561830206512	14.415182338616706	14.861617463479528	14.82591888848619	14.762991251124912	14.413812003945436	14.483704830570156	14.429897114881554	14.50089990284493	14.739134301431681	14.701713274503712	15.18473025120403	15.081887947105917	15.089560176351695	15.466908122949825	15.344764161834702	15.740033323743065	15.072060469689077	14.733284212269893	14.753187602951115	15.359273551220207	15.299219029341499	15.530359761692322
AN005453|PC(32:1)	21.193365437945836	21.397498226967244	21.313372281943554	21.598428366285454	21.63656812314542	21.619833811755203	21.813878230759123	21.977816577189486	21.802877605941376	22.39571433325385	18.6986966147513	22.1689682740264	22.491299797547594	22.51925594084851	22.378795316749866	22.551792054985505	22.754247515972043	22.626883606207905	21.861654322885556	22.055237429333935	22.07538266109441	22.395673538423893	22.428433817468235	22.26035776135853	22.061004633354745	22.044544600622658	22.1613890669008	22.106671857859933	22.19839480315732	22.22787084485986	23.256258870077914	23.30864282065806	23.20782507735614	23.382510440029385	23.314560569635844	23.27609903472322	23.136878632902125	23.229233473445525	23.173148628534246	23.339620466936665	23.29682997364146	23.341298961910475
AN005453|PC(32:2)	17.794532028440436	17.421967411538247	17.35669230871522	17.370656951107666	17.20383795880092	17.319312477398423	17.804136748525313	17.95160606785777	17.978155650003597	18.64378720204441	15.057271011829208	17.798455356277813	18.17992566335446	18.069594062573405	17.841114016620228	18.78073123491903	18.635289918201842	18.133893547068677	17.57277303137767	18.668375268051864	18.0602548369876	18.92518255500352	19.06401909441891	18.98623703050481	18.48484258191835	17.95717839047871	18.723028143244253	18.36822223656364	18.664450292498405	18.544540750594155	19.94650582327457	20.058002000782395	19.951802995852105	20.876703405566527	20.614078256913572	20.509498216447692	19.683151072446307	19.78051672720287	19.63900753539554	20.602660061650017	20.32252258735724	20.398020142235698
AN005453|PC(32:3)	15.24439261211104	15.665610072663554	15.687942396176684	15.747935188735342	15.53370446771658	15.67136504781559	15.645258586839667	14.041045616281965	15.722546015080333	16.304384810337936	14.01413599554492	16.338794463518894	16.698813540571244	16.553387876341585	16.65512662268678	16.614921259097468	16.6565605766672	16.579395178146555	15.25810107882245	15.109626854879208	15.38452413401023	15.440079950233692	15.294390676108124	15.45083454179523	15.16019625357453	15.18730150533352	15.49890717944212	15.078710527603727	15.21423440054237	15.660796888340098	16.484506097980844	16.47377062912821	15.66012444127193	16.513779471418022	17.007386942664247	16.95586529330107	15.403442337449858	15.236002001950103	16.00911413432212	16.57471257905762	16.734829171347037	16.574931792246094
AN005453|PC(33:0)	14.424225345990479	15.0559960241081	15.021995542491311	15.324862675848482	14.785038469353283	14.830075986944381	15.14553961212938	15.134679557557952	15.09410133026009	15.717542710889242	13.237661853343994	15.503757933234196	15.393568468793017	15.288225256518897	15.126742341217497	15.009931637546869	14.697524000553393	14.961846459560821	15.126195172857583	14.99160215366633	15.083687002445561	15.521942230038126	15.287218876636134	15.487832371051109	15.188381419614442	15.099358968320326	15.01819772084733	15.162654748293141	15.261650889884974	14.960347195904944	14.825446078409824	14.945553135328064	15.039765744994833	15.014561635250473	15.179649179058632	15.034032934358912	14.87442704578869	14.85159274246457	14.539426228349933	15.01276868213973	14.889418725820377	15.115947358368405
AN005453|PC(33:2)	12.487257304937724	12.307106235682935	12.979018566069628	12.428194418301114	12.245938309733996	12.104791224419296	12.009297406783732	12.39789980897768	12.355651886989934	13.009980643938807	11.899022419460154	13.2865188463399	11.959298789346072	12.29484458482099	11.926701464474387	12.983793885824443	12.078035167055548	12.497443400238113	13.206485908563474	13.537050482857605	13.565397229460865	13.641721165462418	13.786876730355045	14.27619496818631	13.229409487900659	13.02820274238607	13.652892766757937	13.552275579416555	13.46458931584851	13.60137439687742	13.432145253250896	13.42525055706691	13.842657385470144	14.13633647668835	13.96915769852591	13.64861642816959	12.441376726201451	13.039490887494875	12.705154149492138	14.229305854837326	13.559147140560235	14.073854560990917
AN005453|PC(34:0)	20.85680203958446	21.035715972653	20.63927662106003	21.194714772181154	21.197636270046555	21.313222497560325	21.489143049778814	21.384741991904995	21.376164998256844	21.716286205107043	19.38110637923302	21.768828654902514	21.523781076020736	21.320194853867225	21.60988234381448	21.593922251690312	21.73898837745827	21.630325312678785	20.523736812871626	20.736147938700817	20.693259524639227	20.50943481456324	20.48627078326723	20.610144912200628	20.78289611701618	20.705100493336623	20.48639537899818	20.646432363041647	20.520378245439062	20.517275907277806	20.607339523670493	20.521068574671943	20.849418813975046	20.038606975109577	20.01469101368575	20.122315284458306	20.92582659761701	20.745553206064827	21.00198230172036	20.19296401810206	20.50207052077063	20.49689291276065
AN005453|PC(34:3)	17.506711607789956	19.04096586669657	19.241857208017098	19.07084839754312	18.038867521248953	17.939436662901684	18.392363168514628	18.305993360744687	18.27996763908795	18.30786537111393	17.19896354372076	18.218636675597065	18.355096174318312	18.380991589146056	18.126016223426102	18.784151373062656	18.923969702313812	18.95489532075808	18.115123723290104	18.354353268273286	18.450770722792555	18.821754690616725	18.729596018391952	19.041680786591	18.460805605381918	18.295887150292923	18.438366885028156	18.59914599000855	18.564617877571813	18.57661746508255	19.353729656515743	19.323678865027542	19.278645931551193	19.878344870786737	19.49951861767449	19.683915900546133	18.90691435806403	19.041227085831462	18.87895895285654	19.86310468056071	19.672323947022175	19.61140241195594
AN005453|PC(35:1)	16.591664038407007	16.915427758531855	16.58595392275452	17.05582880905211	16.916667965461595	17.08170769176932	16.717458925181063	15.758573906067165	16.70051560391913	17.202633355860527	13.922209088844063	17.138647866385842	17.041783398045705	17.015053989043505	16.9303238025435	16.355487286550936	15.699020756333761	16.648428048952123	17.346831805995024	17.343044442457035	17.18818192573508	17.373687767317385	17.433560122856203	17.364939219782592	17.354381741745208	17.413975016596176	17.40397515499331	17.138319236350025	17.305683800124406	17.274746005665406	16.949453761956047	16.94652628547686	16.889884211966567	16.74332568987139	16.71141833438428	16.63682045017688	16.756642552277864	17.077542823387525	17.07747952578215	16.843811243204865	16.516555232678474	16.769335097025444
AN005453|PC(35:2)	14.793069532476522	15.269086656033473	14.240302545613966	14.92296042348884	14.608329298842046	15.286303242304172	15.33301657773235	14.936106332114127	15.28817633062759	15.326691495588054	12.019354051088442	15.091427646719579	14.428943961834106	14.479666280497549	13.71926739208936	15.052270744971267	15.327565421132586	14.583213242389814	15.528038606992583	15.747920002105822	15.815772498874919	15.808123042004171	15.928777800800805	15.8587571264747	15.774974775407426	15.457149691225064	15.313364453049504	15.392120256291975	15.598963930868212	15.744864916995203	15.199401732756481	15.284418007053635	15.625117324704703	15.607609200963475	15.403332386387712	15.34437649315456	14.884250930946802	14.600319615036515	15.313045444143048	15.68690245014311	15.455802842695798	15.475933038848698
AN005453|PC(36:1)	21.764045735108386	21.982495469305753	21.792800982522206	22.3223344331855	22.41266873944565	22.42062016679124	21.786664844800175	22.059059943729622	22.08321478579667	22.32793892270611	18.978953491665244	22.23420751669215	22.455900772483705	22.495290090709737	22.295837142307555	22.093797413453476	21.88455641345179	22.071302417266345	22.191019109929833	22.172571067068194	22.24254181736678	22.118584193278814	22.095584939323906	22.047988126558057	22.196342647257456	22.278067378348602	22.320664541881502	22.021094147963378	22.051175276370397	22.045230445172784	22.010768139475402	22.04013571584394	21.964946546467406	21.661944359229782	21.837567662830413	21.678997224347253	22.26697149606702	22.353476476770016	22.380459322995947	21.865981873834798	21.860510766034995	21.6517392307852
AN005453|PC(36:2)	22.647015031207403	23.08527670801435	22.960148647562587	22.880037063420975	22.79831379817263	22.76056402867215	22.863425347407336	22.873201308737105	22.85511027925274	22.933261405873726	19.065989636395823	22.937904185722672	22.751450065908745	22.724718836611807	22.70890924440543	22.57500783880837	22.637716272653666	22.55422610389756	23.00523692570033	22.982803114443662	22.94103658172292	22.94989662504888	22.980090330463717	22.858354749425516	22.918005001392707	22.970506976505003	23.007643309783763	22.85242262788025	22.862414077382372	22.961043079269057	23.008107103974204	23.008031220550905	22.95114883706923	23.07918909400544	23.109908979314167	23.047131415025653	22.99468766930438	23.012434958179373	23.010802312349483	22.975004203638665	22.95658690922641	22.97352110543345
AN005453|PC(36:3)	20.775086268998184	21.248133662972364	21.04548586907384	19.967398717453918	21.22941077755432	21.279562818324575	20.444287787720572	21.4003238579471	21.298384667551463	21.216706351667522	17.381407190151187	21.226244594147982	21.175378425065315	21.15512666693375	21.134002454901886	21.3045017536047	21.362501638680133	21.441879042498673	21.265758347044578	21.239190035901075	21.30418571478906	21.425788010555102	21.50027062770837	21.356179079667985	21.209189209262874	21.1599336803472	21.341737650795665	21.292027420002196	21.40561847772762	21.64017035825035	21.428214697394314	21.402388057268357	20.616815346088632	21.43076315243252	21.603551485696258	21.427945307588637	21.194317733280407	21.117767410021823	21.188378747239117	21.595206035025623	21.53563195574329	21.441088153839424
AN005453|PC(36:4)	20.428580069089595	20.84228343146627	20.969365448365394	20.559066891624	20.429584961911836	20.016924700753492	20.903623439429772	20.85282592234785	20.48604347068056	20.8022447544657	18.255277185962328	20.923760450136367	20.26630222554141	20.714744866985946	20.668518823264876	21.22852035926397	21.33717974450136	21.30355231987125	19.1597257305559	19.25667634753903	19.566009945882517	19.273592130998324	19.413846057553755	19.368286785614234	19.133677561469465	19.193423407995585	19.208727421860925	19.182639308063425	19.22751566520996	19.330131784634357	19.6959831545359	19.658218214835454	19.7374176408254	19.529495134441	19.982796341473048	19.739151756598964	19.362373180759924	19.355408087399688	19.29982671176566	19.727955754513253	19.81592558317651	19.784898103324593
AN005453|PC(36:6)	13.910448274030834	14.328642155145639	14.375331915235673	14.695546121615358	14.50134499452224	14.569175227445935	14.673546586848374	14.887893820706186	14.695957556793244	14.52437931479788	3.781379318071062	14.647894568799439	14.738201443555358	14.578933712297118	14.670542816571665	14.909546938270898	14.832149273056178	14.09458745716791	13.527988794577661	13.843246124394467	13.68807757983896	13.42230809668862	13.636003067795462	13.989267695573982	13.772853643758388	13.534341642408714	13.03540678135573	13.760490806466791	13.614156478911632	14.049310792793358	14.401107053302018	13.645510679707982	13.6617600553279	14.95512935588404	13.907206737006277	14.053759081608618	12.765500770823945	13.449259828360377	13.354443150300808	14.099034669846056	14.580264034162154	14.645294730440863
AN005453|PC(37:2)	15.967268878243692	16.488213677428156	16.306376478235514	16.587121219430227	16.535271705713512	16.497561202666112	15.836739569174929	15.957659002637001	15.72758289033898	16.24336252238379	12.4315873961435	16.065540363623935	16.258340676228734	16.34204725636744	16.25737356398042	15.498425526159963	15.600426430868124	15.52773956548588	17.110076486985264	17.022896697951886	17.0853032697419	17.064197416193892	16.936448656209308	17.025221525212867	17.302941850134733	17.012140119388356	14.762912169820385	16.920015314357006	14.565966939863113	17.01882368008506	16.168954722997736	16.08984789305974	16.31294338297616	15.742731545871461	15.733107685136515	15.728543625088339	16.4071441813562	16.479852766806133	16.55019342844364	15.881928305794363	15.793442494673952	15.822012547522242
AN005453|PC(37:6)	19.459918386132117	20.058133731296653	19.747795341302695	18.969738125557157	18.790453666566453	18.994741530750535	19.60598823765816	19.563711655191504	19.597721818319908	19.467367621865314	16.071516272183217	19.569026619076006	18.598213805842356	18.397353013829555	18.559990931826864	19.17488693800132	19.447710323344786	19.163194395274928	17.707691079305043	18.022676291995673	17.47364778380057	17.69994374522404	17.322850066629073	17.25394974524094	17.505237778156385	17.983851407351665	17.44723415952714	17.467743219020296	17.610754003091323	17.592196882282078	17.24111335063086	17.545109653154398	17.340930656293732	17.22852444000765	17.12446296233546	17.206423113295724	17.440537331831052	17.04064312177604	17.41496345155115	17.205563478740583	17.411842859486455	17.20686889823489
AN005453|PC(38:1)	16.97982854980183	17.246988603631888	17.255457677763886	18.051331536570736	17.900274914317116	18.13793310443251	17.657021704700547	17.64857990679172	17.67773824808273	17.43756652256817	14.802806992256416	17.569568249423615	18.130667073888986	18.270533054197834	18.122527080369252	17.159136528726275	17.48762953840806	17.68635337031289	17.545381466824935	18.093772539219483	18.072301951514724	17.876405070322466	17.82644200507289	17.919113681826474	18.021530639779748	18.0229605736684	18.04650721887999	17.73689937661611	17.68698472958352	17.59908881621504	17.266869373962752	17.291961124211355	17.222514906702017	16.852183236115327	16.659044470606965	16.302910900405685	17.108872898031514	17.75223768196774	17.694412400018642	17.101169352065533	16.815459433613206	16.938106906211484
AN005453|PC(38:2)	19.846430206010517	20.17912326858403	20.10129594205304	20.419069373356614	20.54630891936007	20.582666882865738	20.001233271733145	20.00792325666901	20.02185070552326	20.232941263459267	16.5001668908107	20.12790303995088	20.374754755475912	20.33021943741337	20.2459564608208	19.633985050441726	19.63189991809194	19.816773361473867	20.685991128797482	20.96448800847392	20.776171648929708	20.75095182625766	20.820942877418204	20.793039861706966	21.121849105394972	20.90829700239747	20.957956494030014	20.622245798619446	20.60608204119968	20.7011368367534	20.38268116937234	20.501993317974687	20.40943291309145	20.16350252640436	20.293893110285826	20.136260749392637	20.69999448598205	20.731250373962247	20.776175776549053	20.30112377212489	20.22464196028045	20.25780484416239
AN005453|PC(38:3)	20.466365996105576	20.77078535378586	20.592005800487655	21.0494762612103	21.109346099247713	21.15107514156466	20.93549166710139	20.907504951801226	20.869463132715374	20.835051753773293	17.017528083455773	20.834646695301423	20.70888411469709	20.741953079662196	20.89215408257632	20.453423276918738	20.563974870160706	20.619142894676152	21.764531368346194	21.801496731173245	21.876035794778694	21.75848173454176	21.764234801761265	21.732298627396737	21.736030857470748	21.669907981946658	21.736246161370147	21.862229200588153	21.902954295171444	21.79347352026022	21.11417342676055	21.188236762179265	21.151358084771108	20.968540945141267	21.077972019826152	20.887512242453393	21.22459880310816	21.14420145958923	21.164954168304096	21.076854868714932	21.01417719274842	20.989830297743282
AN005453|PC(38:4)	20.777381304127136	21.135840878231647	20.81196339238531	21.185993459789703	21.030029489513637	21.193769543830268	21.60108788512222	21.426515586224376	21.706048170095002	20.985386377127853	17.06176080375405	21.053256196474525	20.999076332727615	20.97923232897963	20.891904725729457	21.16602649827581	21.250693652685698	21.34395897413448	20.88089808198709	20.751432499872386	20.75731044915301	20.638372803192123	20.650005626908943	20.67259807597936	20.727398919382704	20.73872218794667	20.70785611198295	20.494890692214895	20.55380139423504	20.81174323008776	20.345846452457977	20.394910674663592	20.435815566600336	20.483734340483245	20.497731120986558	20.557461418841623	20.12825222974919	20.143210572157365	20.193270154622446	20.39121420319802	20.451092753026042	20.43848979805046
AN005453|PC(38:5)	20.64360196512696	20.665834901577615	20.64570201577844	20.771309713311275	21.090278075882477	20.874708793775724	21.590676586113293	21.522015337929414	21.450671511976825	21.068845018136386	17.04360706031391	21.083525480140814	20.568759322987123	20.78323884515926	20.832740950034353	21.481220692762093	21.44410124308632	21.48907360159499	19.58847876991459	19.56496412213515	19.69249057327842	19.50746813541537	19.516143183336638	19.69170172064394	19.40751283618213	19.455146298131975	19.648913970161736	19.266966738521965	19.460700975138106	19.55858469659132	19.736440404314667	19.60337210591218	19.548851900104623	19.631869498379658	19.679720972933282	19.578760076337517	19.217979942438937	19.21414265336865	19.327284276185598	19.47270872393816	19.582950721744144	19.527207117959055
AN005453|PC(38:6)	18.159362577712876	18.394323717205427	18.28130421709841	19.35124880408357	19.438665474135416	19.63698179756128	19.794951565043657	19.97308254563691	19.872182401854328	19.34970274232989	15.161028435831097	19.132641456394193	19.85182375309747	19.899503780300495	19.592415025371704	20.212614188545096	20.43911481111286	20.274682554875252	18.043649475626676	18.031549945270005	18.283040869968136	17.59434304221158	17.582266913569974	17.938605372663012	18.32944295677871	17.928428291897685	18.27481438881422	17.97654563725181	17.783725172913798	18.026937654765387	17.24760667263483	17.256631370372467	17.19370432753772	17.090780477313988	10.393482128772284	15.895994021163425	17.304737537333406	17.484251705547713	17.465302749572412	17.205314725696105	16.75280931223958	17.001866881644585
AN005453|PC(38:7)	14.917434008448671	15.289295771414697	15.735043878863207	15.534520274473548	15.876828429721328	15.31292265057052	16.21889588085302	16.323031725507462	16.35369306545693	15.701460168317025	11.000112059456963	14.927110924479353	15.461040120377113	16.198672259132632	11.447311837815635	16.77441324549263	16.881922053132715	16.216383390731004	14.063728834556436	14.282308779150453	14.484280741468904	14.217432592587304	14.579538427061003	14.32086209542194	14.185628644631151	14.341344017086636	14.342768478224736	14.10132916319771	14.46300612050786	14.616974728201543	13.951780732378774	13.967070595866762	14.292985209476353	14.26964880329644	13.73652875043399	13.7693670546701	13.439153906436223	13.784217147647725	14.166304448935042	14.459042701639408	14.16852404309629	14.113011835469408
AN005453|PC(39:2)	12.353192692693453	13.087014545043631	13.141406865589346	13.845076218172387	13.455092948693649	13.681488746863211	12.671682131811458	12.873246677841927	12.940412914745728	13.363370471530361	9.91457291673517	13.442270040019643	13.818622902029611	13.943566324761955	13.850093991307512	12.586916896304148	12.7608079649995	12.897468453877265	13.157792350659957	13.3514754358103	13.367869684570454	13.172060392772153	13.288481172918528	13.207421150584317	13.045170840797702	13.233482308752095	13.347598103523547	12.985168037762008	13.135914561572518	12.723548463510138	12.143103507338866	12.026847280325299	11.987035010656442	10.889031792084616	10.858117191339709	10.611125949773768	12.577107003457026	12.575188669008703	12.606241834241374	11.253328248121784	10.880088681098034	11.103930840944587
AN005453|PC(39:3)	13.970548173145703	14.620405641447194	14.400105729474522	14.903237881033736	14.674434797526075	14.925203857337081	13.729447784923634	13.920744072067508	14.007128434011255	14.16061981634433	9.805854146023163	14.179549793422575	14.456279041688399	14.65331322420895	14.09212016518242	13.250761144558325	13.59563953179222	13.380705105966122	15.21429639340226	14.832804580702572	15.197637260269131	15.061048052596197	14.593402719252468	15.009629793972625	15.170595247991782	15.121502221468239	15.189190923249441	14.782361343932253	14.841408125518555	15.025926197903749	13.808262724794897	13.921417589551917	13.790271916569043	12.945377468625287	12.89703756706613	6.190526867983105	14.028103417478452	14.200056728696525	14.479460847900597	13.20824113853069	12.756981726998724	13.207628547869863
AN005453|PC(39:5)	17.574906473300466	18.09813936748316	17.89793428839707	17.935806224901608	17.996194720261737	18.11125539249606	17.67940446648803	18.003602280071956	18.034908053462686	17.587302241251596	13.951942871294765	17.304823496563348	17.461333143359948	17.363023456607426	17.373459471718867	17.45660219148892	17.523160300199525	17.462271553266273	17.84726960026226	17.825039443713564	17.89710999083223	17.628645298242223	17.738976323498672	17.75991718630495	17.583607742299037	17.820302132000826	17.687850542917875	17.763915278347717	17.58697198490356	17.64684315408136	16.475689244792253	16.346424347495677	16.505669327175838	15.470037869008515	15.579213548876337	15.59971917550107	16.249931085531465	16.198526212146472	16.418433351531647	15.656919853397744	15.844570423396064	15.770088749756193
AN005453|PC(39:6)	18.24539511344434	18.810385951451043	18.702948020620827	18.550772373252826	18.350667187174015	18.45616999739171	18.487003682709172	18.601025465396518	18.605283104832	18.160425981436433	14.403037455095234	18.177587750968446	18.020257416624236	17.93910276517917	18.05561407011866	17.888480784673895	17.958449107169137	17.934916050525313	17.574529707679865	17.458859705006457	17.358974355468263	17.320970867805833	17.223359927865335	17.204231183332208	17.225807954213234	17.332626222520886	17.234475452995383	17.123564552547542	17.408428196344182	17.51378746231371	16.392187182372613	16.123083714040614	16.312149623066524	15.670323275441884	15.854971234186792	15.83258712942928	16.17142872884834	16.068454467848746	16.246082162959112	15.750316546777968	15.872626311306597	15.934934121216674
AN005453|PC(39:7)	17.67249292920854	18.12560005266402	17.84860796719528	17.653472503790894	16.777329495195243	16.77490491000945	17.857877219514503	17.652970661176024	17.695183229005064	16.62629064810284	12.188625834809688	16.261756930150376	16.499852792593366	16.452900508169066	16.194951277900707	17.282017615237965	17.249169742054406	17.263300872405715	16.456436220327948	16.50524281524363	16.021356749261727	15.77912610827646	15.649828239157534	15.163180712611013	15.402895251220452	7.902477517226341	16.109248147933524	15.862231759916217	16.307704991300593	16.467078974425256	13.75229585014104	15.079367974341402	13.727245993283423	13.565704570921277	13.411434964824696	12.362438684137306	12.128598828574097	13.740556826813805	12.068898368354008	13.63900118776611	14.209003888362721	11.064240530238713
AN005453|PC(40:1)	14.106456169472706	14.462224725528896	14.616265418968489	15.37294065113755	15.501597670183163	15.648749087112023	14.66235932901133	14.713365834598353	14.698618511400923	15.834971330691646	12.939976384226469	15.964297662089555	16.575357204689706	16.67453534538103	16.28595495262495	15.440747154158483	15.720561029980969	15.506426709462945	14.138056069063385	14.377173419514884	14.410120649014939	14.499903900776774	14.672896173820321	14.576175120051404	14.322066096116536	14.19106159474552	14.459163260643608	13.653878003460303	13.754392178532411	13.712071048892318	14.528366279231406	14.622327225802234	14.491653921439436	13.766346247765357	13.395055050069315	13.523223476076573	14.120057129562673	14.773071697815785	14.814631599413449	14.164517308923754	13.760174944016752	13.929620902752433
AN005453|PC(40:2)	16.80450923872384	17.281375298752955	17.120649726814772	18.02932916439366	18.180108288540403	17.952099547780644	17.522269271898924	17.37833410638632	17.22561890186705	17.448690025593656	13.812060246747686	17.38691199550747	18.190271716695786	18.317303820235107	18.204428213500986	17.096350719548006	17.27271889644656	17.415166450781438	18.022098954048005	18.305499664652245	18.250519976097586	18.059971534974558	18.031682091974936	18.157764781238868	18.27420067521276	18.073380135916942	18.148124265986873	17.964152788798053	17.892574255500612	17.871632610895944	17.229560192375736	17.36297583787121	17.39448355828424	16.644737959886708	16.567528096868685	16.56672297077504	17.343343870693552	17.482088657813065	17.47482837748374	16.93148092099467	16.70725105500132	16.780195599876567
AN005453|PC(40:3)	18.077666582362667	18.294932881175797	18.01125590625891	18.492841763905762	18.595479071888928	18.78162584073254	18.31479822596505	18.140838705825686	18.374215908504336	18.380575327078674	14.73935919160769	18.314649958558782	18.449258298887685	18.40406749398129	18.365352588818507	17.785951399436655	17.926697207172666	17.930258485016797	19.330756797570444	19.49443560878975	19.594929414078276	19.401251366930325	19.322767012913026	19.633187816552834	19.557034459836206	19.414094915657927	19.638306806426396	19.27068002915943	19.296053803474415	19.15293559687079	18.85533583096215	19.10443888053968	18.93513138921176	18.679806659568115	18.660513078800008	18.502139656687103	18.89204546314959	19.123260463690162	19.025320982221523	18.89898274622908	18.833090280194043	18.838385807064824
AN005453|PC(40:4)	19.438479057338597	19.89407531932847	19.600140585819368	19.549311572076384	19.705279020251826	19.636313332737345	19.713635252834088	19.751035577320867	19.711131673230742	19.782321156888898	15.70910358542193	19.603361987097106	19.325134860547745	19.377888028132556	19.42604670649868	19.41956357337287	19.551501106927546	19.587723032344737	20.69011668877347	20.535235417436493	20.70290045510939	20.530912810807035	20.6330288121786	20.567939674575037	20.64068114915188	20.706240856985296	20.564404150227983	20.739015072833272	20.473124014040625	20.804108460633522	19.93130313662994	19.950263299972757	19.90023623076164	19.445691548708158	19.63028421120532	19.534996655000526	19.85609336755016	19.70126062046591	19.846504765958457	19.668516989698006	19.6192505959492	19.631107667442517
AN005453|PC(40:5)	20.04109861197604	20.381024522215128	20.21342913772508	20.4868365280797	20.47405757716148	20.41829910774314	20.91927435325836	20.907291903904383	21.013241973902694	20.121884863349443	16.218550086669552	20.182454622302803	20.21098594716252	20.26166954958654	20.230789785004216	20.4477622624775	20.544739067957483	20.533892212540266	19.388926072315343	19.4599699365191	19.46848436017499	19.32572763222622	19.32037612991186	19.210410561760483	19.213295471812295	19.40419705513102	19.34841140932696	19.122214552751757	19.22554807092272	19.318567215274935	18.713405495433143	18.751398198369795	18.66547378750144	18.64019748127412	18.69188211224177	18.54629512566675	18.526891003572544	18.573496351609155	18.52908607005837	18.827149629840847	18.672843393724104	18.654554467219402
AN005453|PC(40:6)	19.422147381306477	19.841263518671767	19.638341431375988	19.98477877865897	20.03027641197065	20.08401182283179	20.451473987351978	20.332651404758693	20.238499212165387	19.70920003605106	15.550719238579022	19.737933847291007	20.03595828564888	19.859861632460113	19.86994161071879	20.0872336547363	20.21103872924895	20.178795180416675	18.25960365900698	18.30848448272978	18.419819542244724	18.18379176655483	18.23175096072243	18.115264957772087	18.203843956745587	18.08127467419152	18.35915235960321	18.01629481754954	17.914820634515944	18.179719174670772	17.858960064591376	17.993144195243975	18.00247432235801	17.817226327720466	17.913765321142545	17.753055279614284	17.507010326531496	17.767349824683283	17.666008782468012	17.86049007573839	17.927737006727714	17.90953027631788
AN005453|PC(41:6)	14.959035704701995	15.236616100984016	14.624761202319538	15.551425440205259	15.588349511853894	15.268450863323	15.400270858565158	15.035689935639464	14.981694019048332	14.367695579077264	8.425235507845787	14.580208838233137	15.0641053773695	14.957622342170948	15.134905459547797	14.405234552312425	14.538815866735655	14.639233872425084	15.003924087590944	15.106783550284339	14.875946576557336	14.75676657953173	14.646128631590814	14.780300669525033	14.795918416779557	14.834697594705922	15.104065926356375	14.771136912855495	14.566122237085974	14.887749925859573	13.122275834307587	13.033521311047465	13.326075394986391	12.017489969517214	11.272093375365355	12.577943315577306	13.145353716687854	13.05477034773564	13.031590354134906	12.571882499362959	12.727755522274633	12.251348943986196
AN005453|PC(42:1)	12.910833558755163	13.471408228255804	13.246575844839116	14.408296020155058	14.46664485545079	14.612507943613696	13.553829576563809	13.463391639581314	13.516105221170417	15.27877008173739	12.194668745207036	15.261801438377356	15.764696117890963	15.860980347099087	15.8940536807338	14.475167044109716	14.77378529063463	14.830216577199156	12.280296202228167	12.553417109540725	12.657013261510002	12.594669976079937	12.694681501899174	12.79956497856607	12.456031412617945	12.446760468813654	12.497363859068752	11.783728349422303	11.923420378013194	11.38155827131489	12.926922195694766	12.968072018178024	12.982509240800097	12.16915914501737	12.094429056487485	12.053628100656626	12.98295918135026	12.985500613720022	12.987799611399188	12.158735893598879	12.119782674626084	12.36421696272191
AN005453|PC(42:10)	13.289992538842725	13.381601440790023	13.745174205319678	13.268632653524275	12.938741795363192	11.252973898418263	13.430434435161365	13.439949517098022	13.241958023985726	12.710934157390927	8.425235507845787	13.136932297206933	12.096012030441203	12.332517602984831	12.491262163937071	13.70711141132764	13.890667386279864	14.186232876943095	10.453353296582193	10.628537461751224	10.857265464830633	11.004621648555526	11.624473276008786	11.50379105969711	12.07853022789837	10.88374721662835	10.945564320368286	11.3268684401735	10.85411617795761	10.956081858578612	11.362627387514964	11.610566271429962	11.603921413190864	11.878408281185909	12.237617936053958	11.781303877645582	10.93276456486956	11.617894003733975	11.69292018609545	11.631992588710748	11.343197241147179	11.341076124902147
AN005453|PC(42:2)	15.566962273862973	16.09198751223351	16.367120274414454	16.69689865201358	17.00699608465949	16.71950541243877	15.803312344895073	15.949562813215312	16.03146215261706	16.95396572089103	13.49082505171873	16.534550216222332	17.266417795694533	17.38387949175044	17.27037208352562	16.115346518064246	16.07817421396389	16.399047084652967	16.358506770521085	16.056080850338972	16.649921108280072	15.896085109163085	15.962706539386707	16.038923790289207	16.34493618667347	15.86699439047031	16.21783142636952	15.798509521121591	15.57989739312918	15.330918437240891	15.258920268821077	15.155752289542953	15.16772476154394	14.1078008945364	14.040611489029365	14.16104596991234	15.2588962944171	15.583561604322469	15.508842240987923	14.700090129535198	14.334615238001986	14.198889923786558
AN005453|PC(42:3)	15.76269122884338	16.142358031567042	15.831877583711476	16.518484530705344	16.538675400791817	16.42675290956338	15.871141692246827	15.956944529761536	15.794141907656325	16.025759055132642	12.409059106168664	16.090924102555807	16.638681961734918	16.83037803776122	16.588447043709774	15.452810731322106	15.77822185304483	15.620724791721846	16.82910570276311	17.03898625081481	17.1264528178118	16.870210475018567	16.853452882169854	16.87675185412194	16.930101562301797	16.94692482726049	17.13297176024024	16.70493729354172	16.539859503788513	16.56914396689967	15.671030860376513	15.948710285657802	15.768699811778372	14.943833370751145	14.893909215738812	14.90136053398857	15.650870702767447	15.979020685061982	16.005973070567016	15.365011430079406	15.104617537452958	15.34498324556716
AN005453|PC(42:4)	16.835321286640575	17.22702234380805	17.17644052901636	17.850233804631678	17.8516490185004	17.996074835690802	17.2198711818568	17.36523004710792	17.486656734299387	17.207422251650524	13.432969227887417	16.84955293863638	17.731641099597233	17.788104507156877	17.44147619499104	16.57237552454874	16.673776594372956	16.905537052044014	18.470348756245293	18.450095455758223	18.570167046785677	18.333122943612928	18.391500463491703	18.223511667874696	18.20786023935211	18.463710773643168	18.435472493486827	18.040977412224354	18.16165259376943	18.083132470026896	17.037026792159406	17.039135017953633	16.81731118474667	16.539242614346108	16.46731139600098	16.235029429633993	16.760432579872994	17.36380785461084	17.249905762907705	16.877781073150192	16.360043972147615	16.444604412494293
AN005453|PC(42:5)	18.50575502014198	19.034163418084574	18.645358163693224	19.87424755517888	19.704543715571013	19.953828092647196	19.825015123864418	19.741412859106187	19.705512541339022	18.53742235947212	14.309603868708134	18.352185276408537	19.45455565531478	19.617286042924157	19.44315929788902	18.911667326154912	19.05244007753991	19.084783023204324	18.668576630998956	18.756806407191224	18.770004355646705	18.52239547938808	18.4617449094139	18.67524099712995	18.67032157399266	18.5772859566144	18.697478845771666	18.62279944093226	18.41852858743546	18.624611817385375	17.289326387657905	17.325843157098568	17.378458112792124	16.75824759747135	16.845648509459316	16.661828455186974	17.236820982563913	17.282603972330946	17.347783365369757	17.04478580645808	16.9441255075263	17.02559542571495
AN005453|PC(42:6)	18.408091386442404	18.691512777155666	18.463558921561134	19.291835067084172	19.474972069575163	19.409247290068148	19.667303702823467	19.47261861650409	19.60503185800537	18.576992048003955	14.014213926404675	18.34663096760314	19.14600513777597	19.16374304714738	19.25370307365228	18.971313163311006	18.83716023902809	18.949878432543045	18.066354388468138	17.988189243867108	18.08773259288546	17.81793452796137	17.89513758124319	17.816121513347923	17.843908205245548	17.86958349423639	17.84710582559191	17.911957815875777	17.74219401673399	17.82725729271351	16.819295697847966	16.73248311675326	16.8162573858767	16.300808553765037	16.399729573192275	16.27745150269155	16.569856652076652	16.79507049362464	16.719695656114713	16.89490672458959	16.633322754784036	16.654190831814958
AN005453|PC(42:7)	17.58562427100029	18.069383596886663	18.02766441888992	18.044059652543794	18.14651879763841	18.090247263760027	18.462024135421824	18.492518006652308	18.378720109810097	17.59340742628861	13.654692690037363	17.621595269626273	17.679209553881808	17.763876897546456	17.701768213709357	17.935798894734194	18.008649817231007	18.01922805933234	16.75382796568805	16.664356826387532	17.094889447149978	16.44706503740857	16.40301166453422	16.301676976714162	16.462157408047	16.535685211254794	16.633780268661457	16.477903941802722	16.387930565888396	16.721393827963382	15.772085547709045	15.89422367572894	15.871817883140645	15.149568231801709	15.581066372674767	15.28053916918571	15.522563335546462	15.420821402988837	15.469482955440917	15.600318155057305	15.583684994928864	15.539116550210704
AN005453|PC(42:8)	16.08674026024193	15.719535147709578	16.277435798787455	15.411345604303305	15.492304839087925	15.633012766667253	16.69825913540025	17.17517532333432	16.752428416204523	15.896993802650968	12.282758747795382	15.522575700760132	15.603715711826922	15.557330382885233	15.977939118588623	16.67341208653584	16.613906179770805	16.517397141562782	14.510268820668099	14.593531367007992	14.779724056623635	14.838294704006405	14.511199119670831	14.485564172364123	14.470795388989767	14.483326746764464	14.526483522767158	14.369232905427662	14.441332479213031	14.615436947901358	14.057540058166667	13.693542609269228	14.167464454929851	13.409160153168244	13.597929150897137	13.277588457348344	13.748286018029418	13.68643027558387	13.755339451517553	13.83363781279433	13.892141457698763	13.832260510582218
AN005453|PC(42:9)	11.447930667808288	16.261452794490168	16.39748392705738	16.320619689622752	15.46814127038635	16.054190837038565	15.466494960701128	15.210217379384233	15.990915710181216	14.789172316318579	11.64609167180667	15.955873762938122	15.97894350828471	16.109429350396866	15.512768222650841	16.093355845279447	17.254957253822496	16.71720882450838	14.155757500528573	14.261852319446318	13.623083519146077	12.427861845952739	12.980870802554497	13.798751902379099	14.288120566521831	13.787304623052894	14.36451041831276	14.121167354488577	13.370590914953095	14.459000695682121	13.35547431877578	13.0632096037798	14.09620659761337	12.836002092761023	12.236090418926224	12.421200464403354	12.85000754793467	12.41422091698705	12.326073423244523	13.680986655091923	13.212162444015531	14.169467475053194
AN005453|PC(44:1)	10.084481275074058	9.908890971060965	9.158349425966906	11.446666850442492	11.62440160414493	11.749103376749142	10.56463982056699	10.282314857902694	10.496847118676317	12.318851715809496	8.425235507845787	12.599663926226611	13.044306090208908	12.632142276733713	12.935692070251235	10.995871616017482	11.7691896460763	11.793253667251546	10.245878671170114	10.126161019985606	10.63542429870858	10.616327579162817	10.585675945554987	10.941850204645268	10.226421032364694	10.285936226765282	10.48068925148461	9.841093023671451	9.351999065406963	9.688404016875264	11.204887826814119	11.07253426851036	10.905732135235109	10.41519375702531	10.39883587873951	10.46633268257997	11.220930092128356	11.302232794752735	11.329583106245972	10.470097027437314	10.2283382753805	10.383375226759977
AN005453|PC(44:2)	12.64231772024371	12.879828141279841	12.235182121524304	13.498718298590104	13.530173593795372	13.756895736568776	12.772646879165048	12.907503483090904	12.311861830848402	14.049885698715	10.270825916693642	14.085510495950876	14.653736647113593	14.677496903974873	14.510353000428847	13.03042538924373	13.371207132528133	13.213212879551168	12.76405848145015	13.017599496810991	13.245278606297848	13.01739269313865	12.95971680604785	13.084686326889706	12.634379809938183	13.039587771769622	13.034041512009589	12.491227644437213	12.494835994339136	12.25517711330697	12.602846341150961	12.486722354614034	12.6238035146985	12.202846022604069	11.756196136930644	11.974671435124662	12.543931158677376	12.941828115385402	12.883307144052722	12.103379078808144	11.86973566919159	12.088081804864137
AN005453|PC(44:3)	14.421106959555953	14.68400825242886	14.544456783624032	14.548430751850184	14.80924361717511	14.726808806230805	14.144395358239088	14.222773273399275	14.304352411492932	14.769024097796375	10.488876500488484	14.723741156696486	15.094276538878326	15.182107327357764	14.908930525130383	13.922500079505765	14.02310642650539	14.031515277639325	14.980081185580962	15.004470620173395	14.913311661078708	14.869765846437344	14.947720349821497	14.85448414825576	15.001944592502893	14.979452242503896	15.185743822054503	14.27991616334818	14.484892752808628	14.247319180060968	13.87411626934301	13.653851720210708	13.451524807886132	12.84832693685925	12.7042241856706	12.640169896052594	13.687991619738483	14.157968371699159	14.050586020412219	13.359384207252237	13.051719789321497	13.225765210499059
AN005453|PC(44:4)	14.205278867811137	14.60735702311263	14.384526529425704	15.299718572988606	15.259381383741442	15.354951251547018	14.342597078302624	14.471771235326928	14.605704019213537	14.50318162441099	10.008658312539383	14.429677297337383	15.031719392022456	15.283570802358824	15.186198862942001	13.668217909415327	14.033227364101117	13.983391584813203	15.18731437766336	15.443437533446636	15.571015325920747	15.086291134090867	15.24179800700641	15.361285859436748	15.16415769384032	15.171429091925399	15.342542228162705	15.049026598069682	15.018982712183735	15.070541681429859	13.553825261912172	13.831670025632791	13.66758140376717	13.027290505707123	13.022060354739189	12.715864693016668	13.470869391855427	13.948402750856724	13.972887106044613	13.467624689262946	13.020503511589153	13.180276655749797
AN005453|PC(44:5)	15.948143886763141	16.41981552640641	16.25818953616046	17.332556469995875	17.433777345280586	17.41512364737764	17.096686640995188	16.862258750095766	17.01034485822193	16.057848320687373	11.440733077241113	16.269136480092378	17.17950086058862	17.38172478310387	17.203655811492343	15.98898968588513	16.11090638865222	16.332033070002602	16.83363500230828	16.860494062560928	16.86745041493882	16.62514944087358	16.615788045640375	16.42201306981629	16.658623665171074	16.61375975238956	16.716361674998186	16.365552853781736	16.520313755313648	16.290915065477744	14.731767210409341	14.483233543522546	14.491920077820657	13.65593854049099	13.676574399870322	13.44363028615784	14.27343652395729	14.746020892018764	14.953039122378495	14.316115716796984	13.896515975623837	14.155413365196775
AN005453|PC(44:6)	16.84124022002283	17.03953469433644	16.854432291577737	18.003147387062157	18.118622617747956	18.11340352265345	18.040741219217303	17.861280376622233	17.928240567653262	16.688565415909586	12.054242341272964	16.3849595123987	17.682972644682124	17.696667133293555	17.62749299097283	16.898274593667853	16.839860380690386	17.04807220980399	17.010756313853033	17.341716621069292	17.473395649538563	17.198673514976058	17.266659909223847	17.392656521626495	16.95546993336699	16.975107942067172	17.19675102675006	17.27638187383789	17.09658236170754	17.08219664525683	14.575584804709175	14.764212845283632	15.160823890382927	13.85702403942681	13.700860475569488	13.879734959205125	14.83407207090117	14.751889306623935	14.72585334998769	14.272988437016153	14.398800856295773	14.417009253276449
AN005453|PC(44:7)	16.230415223981417	16.573277017850902	16.304756195129258	17.302336655926684	17.39494073165102	17.359741823464468	17.44855737409605	17.37962074527295	17.31632350302495	15.932086804146088	11.635717888817755	15.919275205069534	16.89775524436114	16.79740641716275	16.950732773690625	16.27957566402663	16.637550674663373	16.506318733752458	16.523664550380293	16.327360830996433	16.491448493031246	16.15360766864337	16.066805492194984	16.089692321245256	16.213427715035373	16.275097252147354	16.264749525644262	16.063496200024527	16.213234254567137	16.275718341485774	14.18100270354666	14.404593242365351	13.99139560012155	13.234319924634834	13.18763138194153	12.566905436220562	13.641245336198468	13.953947571645772	14.08117116836535	13.579394488873454	13.576437102880243	13.553567525683995
AN005453|PC(44:8)	16.15458891689356	16.9155907831038	16.201814237914142	16.695892828379872	16.183490381046493	16.53436993293166	17.646541200528716	16.75839224806424	16.725552653884804	15.731323745593382	11.194584107323646	15.506143865385422	16.698496854218593	15.546985433200545	16.17609402446308	15.994864561291058	16.194228636032758	16.62017816663048	15.713844898426691	15.610338184261625	15.305439051025822	13.832125750844687	14.320854639931133	14.929528085245984	14.863740552135038	14.43267938318529	14.141284035063517	14.738719276048498	15.09038785590064	14.690140496022531	12.792639954679478	12.57217021954815	10.993682440202306	11.47763007499481	11.817519316707475	11.873066072550712	12.270918446586942	11.904641081200632	11.608129644351163	12.457855373909354	12.935920166103438	10.561122353313205
AN005453|PC(44:9)	14.884044885350205	14.945003176474907	14.486079897916472	15.103998153557272	14.86611208694014	14.858832491760833	16.37038933058526	16.46873405416173	16.280028039649086	14.766305460744892	9.561426894132932	14.930102000940803	14.388466408188716	14.44922554048891	14.367940707110808	15.706440509082386	15.91887156593694	15.734016105613822	13.493730051824338	13.79375725542742	13.69895272810967	13.01727365809922	13.059298056251544	13.101869305549448	14.122656763685038	13.475067205449394	13.533821463838413	13.36422641421567	13.105881071574194	13.560483989722593	11.468358980418666	11.15794556481117	11.027206736268873	10.436803676045688	10.049821288598926	11.167938507766786	11.69017179333753	11.507428562300596	11.20126543588405	11.564174094172218	10.701415433839008	11.402809996250609
AN005453|PC(46:2)	10.22903412069714	9.650759101725015	9.158349425966906	10.367599129451436	11.204600170859882	10.978233209551414	9.551860510394249	9.333312160246932	10.160966557430049	11.241803174165574	8.425235507845787	11.375567229298762	11.640451758753562	11.87236589266064	11.6254154158124	9.510313642038456	10.468325587414787	10.288994173394498	11.17798454032512	11.192795705099424	11.166573096577098	11.290296570073384	11.404769365635167	11.43051386900321	11.045348614596085	11.386977930934167	11.417721450299068	10.789019926104832	10.76183974801212	10.691763477089157	11.334770247258705	11.664381204781908	11.459110332546453	11.533932339332294	11.441731733076537	11.487901464731854	11.708431887703657	11.699406174304553	11.88097131359352	11.19644620805672	10.996362287258203	11.06528370539079
AN005453|PC(46:3)	7.586332548863908	10.869823043995085	10.747537637457762	11.450087710935835	11.925733342907758	11.835653710374523	10.629409372695662	11.001665984542965	11.114548585495818	11.988351893161278	8.425235507845787	11.775743386908593	12.523530225171022	12.490791835610471	12.323094031887889	10.237473650080965	10.848378450265793	10.792750463005104	12.113998233243446	12.165185623012642	12.56804678272736	12.398811127673625	11.89697580419518	12.46298795430949	12.263169204458075	12.18581684481425	12.37349927719553	11.733157408279865	11.872484358742758	11.920718480438097	11.703915980865414	11.867151544614464	11.578381324447067	11.669339586452985	11.527720529661144	11.346338999199244	11.69647467111259	12.111778575860512	12.115898871398079	11.455116497649037	11.389314165088578	11.413920972199115
AN005453|PC(46:5)	13.508720713867751	14.062887729634857	13.924796176458344	14.834578679646585	15.04770658210722	14.88888518186686	14.162709992898646	14.34254155504573	14.333219675177617	14.079408167976183	10.299206154097739	14.28768608638209	14.963651214238213	14.919652572711435	14.820847067124685	14.05286688563328	14.092951500275884	14.158182413722118	14.211854342009968	14.586116333904844	14.670909919616207	14.210158992506258	14.268727939207578	14.283754608490822	14.252386930385935	14.067743666035389	14.432053813623122	14.09993087934674	13.920633075668258	13.975227154473616	12.84783523048824	12.772577105327693	12.793183287549391	11.680921608479654	11.579960785089343	11.617539259295569	12.416849601542953	13.024966615183763	12.780300281762296	12.488386510554081	12.05497405887233	12.30552169849641
AN005453|PC(46:6)	14.830785821168483	15.269312334930277	15.002036864194606	16.25467973069821	16.30543786115653	16.16630858331479	16.025549229223436	15.786902664630174	15.868288333830892	15.03145570513913	8.425235507845787	14.945192536135227	16.272279098084145	16.210259154984158	16.118198388774886	14.832269788773315	15.28735824233869	15.422866819105298	14.186042311942776	14.330100113170667	14.506551365621045	14.201994460915031	13.87805208429766	14.107996877647624	14.02426013106767	14.131994252421592	14.347940338666955	14.242606893851509	14.033861833657063	14.21789451828845	12.36667068961381	12.486665709283466	12.39668557114083	11.647909218206198	11.098549283536483	11.445599578108984	12.280292598542774	12.615908465366642	12.662925538531333	12.206426114453464	12.142657939394041	12.044133711756402
AN005453|PC(46:7)	14.680621409570534	14.729807366737127	14.7538471189894	15.58296318084604	15.850808974229285	15.861494705423542	15.541411059663904	15.469506713231178	15.708795473477661	14.639125542301914	8.425235507845787	14.55645448493372	15.614636011618009	15.644143140019107	15.516511084193345	14.72821438233234	14.800224188679156	14.898685409071916	14.302078517099455	14.334071844362047	14.85233257981826	14.113758004160438	14.179130784829542	13.935669224988803	14.132416041160457	14.1937322009827	14.4844317908015	14.275584701404123	14.350427496068129	14.39542943825025	11.156691429889142	11.612579717864143	11.5215622322893	9.687871599586524	10.066435535769019	8.81461396535577	11.639401641838072	11.985933750735771	11.879622295117473	11.9656036788451	11.166754844864442	11.221041893570687
AN005453|PC(46:8)	14.72703350639297	15.477612042866244	14.695757325548085	15.71507733492414	15.393400229053146	15.460398674604873	15.563887807955657	15.55668293925036	15.506435539146608	14.525466118370717	8.425235507845787	14.689354801348436	15.246190552578609	15.098055645876657	15.348518572223306	14.41314088076885	14.719428814110882	14.688950607030852	13.947060356470883	13.95952396397261	13.890301797729547	12.807603630578294	13.310574848992013	13.11986547992754	13.333290814734244	13.84016116444876	13.747629906556865	13.335218115627931	13.568596209069387	13.505997829649267	9.434073211982403	11.445775017095308	10.873441158221462	9.269754135714637	5.6412045235970485	5.714611895804926	9.339218364950478	10.792039060936661	9.867588288777126	10.672628452298522	10.565606916402349	9.390789425887624
AN005453|PC(46:9)	14.732007966353244	14.593133927967395	14.45518856472516	15.096011111733272	15.292922774738528	14.766718212106268	15.949028967068736	16.082872813231994	16.019099627422346	14.109011367297551	8.425235507845787	14.469442171541127	14.81288365844838	14.905666840940192	14.680553596826561	15.046642347106253	15.054378934025756	15.164176550729913	13.315485651961328	12.990271108324581	13.182264473919275	11.848715551200009	12.543162371907469	11.76095775146892	13.031445967425094	12.643879143966396	12.227018632124487	12.597799843580669	12.749208567159478	12.978294974235075	5.484220827606717	5.27997560472379	10.406331201219503	5.356453001751708	5.6412045235970485	5.714611895804926	5.6052783873360585	10.04570936063701	10.08885992712479	10.161864435207317	8.934505139288314	5.318992439796797
AN005453|PC(48:12)	13.725441816331577	13.999141610714426	12.658922056978222	14.020240475815905	14.208812968344413	13.300925009282649	15.008376853916223	14.668794071824736	15.066066313033227	14.95798104369206	9.907670795837822	13.953834655234214	13.890841002959817	14.857480467302034	15.316084063274895	13.760186937273703	14.366245666929554	14.08382316966818	16.902400644622066	17.067936874808378	17.21510284897678	16.73322091269566	16.87199373980152	16.911100843878405	17.24187253878422	16.888842962055154	16.815591461445642	16.95032822545901	16.94062702377237	17.031195162052768	15.981855545564725	15.964862002078181	16.139829054654616	15.7568865422199	15.57489665369683	15.429340978758342	16.203964045124337	15.732742353568499	16.058328288786697	15.471300104466977	15.741944805138305	15.615288085554512
AN005453|PC(48:2)	7.586332548863908	8.120288776325824	9.158349425966906	7.281188990910366	9.092630501844797	9.512426475335536	6.563630287333791	6.561511075862656	6.764122060490225	8.965077917093048	8.425235507845787	7.70717575240294	9.230252360938952	9.872271003484014	9.390011506440246	8.489249026280747	8.761437833176771	6.119646365414932	11.224134068073266	11.361124615406855	11.444472709325664	11.400674022161635	11.489967175015414	11.445106831738523	11.306661738740987	11.297741114909538	11.368127928218852	10.471212244642162	10.684613113679937	10.805899732890317	11.310865915031854	11.355328529587387	11.477689457877794	11.274214123770221	11.288000813371776	11.289397643538045	11.81235519853418	11.663343359553492	11.689821086663446	10.94247395598732	10.581027794065493	10.685076808346233
AN005453|PC(48:4)	10.797905508314198	11.722603118834755	9.158349425966906	11.910941933367496	11.876917178079626	11.702341152719548	10.726082041842664	11.381710465673628	11.320980603156771	12.030208795147141	8.425235507845787	11.598225468684367	12.172396089349961	12.369004896383466	12.16673932329849	10.915062768495599	11.111945428739492	11.241059696330796	12.915954257206872	12.70768814754735	13.02112989192084	13.060851994365152	12.849986838012462	13.02531582664864	13.01297814983438	12.844056091714917	12.822624830383564	12.58494572601354	12.516006949584641	12.658292362258576	11.825722749816839	11.958751778847674	11.907978834864881	11.656833019932021	11.40896524269204	11.181617420817513	12.061410990284092	12.388045007760386	12.404950663708917	11.53316062627776	11.095701746855799	11.600334608104998
AN005453|PC(48:5)	13.50567739896176	13.579326879015538	13.408704697729952	13.906845238564001	14.122784176599804	14.236086945292724	14.095426560513278	13.906921645350184	14.133995051867847	13.749417909377199	8.425235507845787	13.863123277268262	13.771528827014565	13.76146361953726	14.000038114158018	13.752452700955475	13.867262484063904	13.8652292682209	13.700629242833354	13.716968010038133	13.80385070822724	13.606542749860456	13.668610115441476	13.574140367252173	13.609522757313306	13.608584669062877	13.910472917084526	13.405251317096948	13.413282465581714	13.421925489194882	12.142163744107325	12.154703728725831	12.121974790299442	11.644700810330855	11.486278014623293	11.644090465100923	12.229443634322301	12.546451974345478	12.444482475099413	12.1180682476775	11.784905716974922	11.700175429354909
AN005453|PC(48:6)	14.316271363961413	14.607064279207211	14.319753442348023	15.571031753773221	15.424726132508825	15.402104421947163	14.93499921744454	15.1554369705445	15.00653402358846	14.46134410366185	8.425235507845787	14.252109283762637	15.16486811220357	15.150514847075646	15.188167537412514	14.659496974990983	14.552668411286426	14.613911553891624	13.854613690665525	13.858564638433421	13.947232525252437	13.514255542598415	13.640117123567837	13.72026197275735	13.703676924964089	13.509726060547193	13.747798012558182	13.708335875060063	13.605009397936271	13.407758113947287	12.268931568049897	12.058667802471813	12.125703613260987	11.595121414881694	11.380663823749728	11.19483177133766	12.101616096795357	12.592378479012975	12.494275414640764	12.262940152584846	11.944437036476343	11.95197600811674
AN005453|PC(48:7)	13.947869328723167	14.328825544532585	14.158773155402951	15.159101300135529	15.145405840037121	15.373771819411413	14.89845506619036	14.8054495327408	14.919805526985582	13.905042548888593	8.425235507845787	13.945377926945875	14.71911963391692	15.001926763440494	14.795243520629032	13.928384273881175	14.113916165778202	14.091064612123631	13.972340441014847	13.832570184133658	14.11458862305379	13.576080386864096	13.46471117019357	13.449127160117557	13.707954195674954	13.442131340755273	13.819878388109215	13.806433959801058	13.53883247468411	13.538238125464723	11.328174531471666	11.831239359374328	11.809416330639605	10.53731693932732	10.776805058456489	10.283835617210523	11.39113230207442	11.633701063890214	11.975651690074738	11.877680994215481	11.425293531343957	11.552711807653093
AN005453|PC(48:8)	13.45157339474296	13.349853628065787	13.470433687481659	14.568507980454505	14.99148697205052	14.887834144173178	14.573861851501258	14.359185569703445	14.563254709176423	13.527969801210363	8.425235507845787	13.416786216252056	14.480783255288038	14.823990336381119	14.447543434917295	13.655733077261678	13.650627809176163	13.82940706886263	12.943500557228534	13.038319587161753	13.431433822606548	12.36776448079078	12.497574014075767	12.591272328660724	12.749876506591958	12.81031330072897	12.788147166761801	12.973250725038536	12.706944494118552	12.783596098290355	8.68726533100598	9.523416200267308	9.129961235121812	5.356453001751708	5.6412045235970485	5.714611895804926	9.078026080435555	9.422468448411728	9.583518707169832	8.726047148437033	5.442934197578209	8.946902725550899
AN005453|PC(48:9)	13.519456635632181	14.112132571066825	13.451175338652687	14.463499908936063	14.49997469203445	14.950782199480377	15.066431069643667	14.924948515230815	15.011169451380399	13.282922807075296	8.425235507845787	12.799256306252497	14.26565524911577	14.25349659252488	14.2975212662144	13.824927978237307	13.887532863643017	13.920761036233214	12.17726417286857	11.411750688476824	12.088220694591326	10.703018504735853	10.791472004280832	10.680575670995301	10.77866065131785	11.445592280060374	11.607336701093883	11.459395169966573	11.377032812825265	11.150808964941412	5.484220827606717	9.543040066391189	5.350155222401136	5.356453001751708	5.6412045235970485	5.714611895804926	5.6052783873360585	5.001918676295411	5.07746268974197	9.04476072540295	5.442934197578209	5.318992439796797
AN005453|PC(50:4)	7.586332548863908	8.120288776325824	9.158349425966906	7.281188990910366	9.936690955274411	8.517871822762702	8.27318561346077	8.638275376177864	7.913121223077988	8.780264289798355	8.425235507845787	7.70717575240294	9.73102103788633	9.276354407505435	9.631824480387623	8.369746636727827	8.679864430749594	8.697183957982062	12.017669918000726	11.906074648403342	12.063259321702514	12.366759344601679	12.282389686104766	12.39630735696704	12.065121927446514	12.26464386984807	12.162072085182121	11.632813681300094	11.67436358295588	11.768970113812477	10.917727820733532	10.837281529849314	10.86604425418632	11.054588116914326	10.698533482989513	10.54587099618104	11.599921465651859	11.647775938363758	11.7107020705182	10.640329032026276	10.450712760110818	10.417268812474607
AN005453|PC(50:5)	12.053220648472127	12.322596783079788	11.866006730227067	12.337833208296422	12.008676754963325	12.304456600881917	12.329048340408008	12.259462775331869	12.26710180529817	11.983962592712173	8.425235507845787	12.049744719961588	5.286839365683101	11.798200499705759	11.905926143890632	11.374181470011683	11.800259948095452	12.02643596883582	13.328826527418434	13.165199039051133	13.438455874636135	13.650049066507933	13.723038934943029	13.483545973508397	13.637930061486138	13.614922562567745	13.449158374229174	13.211157225319162	13.357156479111518	13.095207245473443	12.09028101078089	12.11984451718951	12.155968729102108	12.023263551693951	11.884801254761584	11.886799352029678	12.44469887841208	12.62548416503311	12.59908354296539	12.000712289226394	11.982182980410132	12.083181988648205
AN005453|PC(50:6)	13.27164481460374	13.676338001044561	14.01344214176965	14.54993588964785	14.424689077002387	14.359290246053458	14.524597169692688	14.34338875506827	14.542359553590952	13.379849237541913	8.425235507845787	13.248746345919255	13.877672581363449	13.665725230598486	13.928234687752058	13.981362785972754	14.036973053938821	14.193878830179258	13.420284025824937	13.554035099308411	13.5981619095312	13.701874140116805	13.449777944826595	13.79920973598151	13.580475722402902	13.513744252570955	13.586474875458993	13.453358888839125	13.32402527669089	13.401671388593142	11.849899368858974	11.994127687685536	11.95263585749106	11.48653546240826	11.177300952772326	11.186885196658652	12.258022995452896	12.590248042127154	12.51089790753588	11.896234583176103	11.56359302639374	11.849247378640925
AN005453|PC(50:7)	13.763720192724222	13.933895551199651	13.93933136624293	14.666959953273432	14.347443342232042	14.628901978789537	14.317098441413153	14.463778851050629	14.666453757795072	13.66973038479628	8.425235507845787	13.767858715986899	14.073434153128487	13.968875879375911	13.957491466075846	13.720545180916382	14.093821065151158	14.235960172711197	13.55918604818364	13.54325981506914	13.731648326718865	13.502918627705833	13.517494222036923	13.667384513110745	13.504772537851565	13.558901479257454	13.769371257547528	13.439086809911094	13.563166478820834	13.337776093701558	12.201740978803926	12.235539500074514	12.103486981386032	11.845841795074373	11.359883973461223	11.61610152384014	12.186930917797335	12.510217379001503	12.650209900148392	12.391987255940325	12.052712794796907	12.128278249995706
AN005453|PC(O-13:1_20:1)	16.592654699774243	17.13926894037606	17.339812804182383	17.67828750027863	17.890833046524374	17.66163490833871	17.005680735636915	16.94110907978353	16.888604776451352	17.755882812307718	14.775906009371965	17.81632184543456	18.06783895306754	18.111994519860932	18.27690956707219	17.185593208025587	17.10118061866729	17.299798827504187	17.315678715985886	17.34970290984392	17.362089537651393	17.327962264473715	17.130284546439402	17.256271503164584	17.63989124524631	17.616257137603572	17.38699023683631	17.133226037947107	17.038881182614546	17.244293707388785	18.32630095470887	18.4570905312222	18.19208801962664	18.69650714935151	18.60119001522134	18.753156517506508	18.687082285171716	18.79335552469971	18.757475036728582	18.229033848225047	18.39618371960698	18.137948902551692
AN005453|PC(O-13:1_20:5)	13.833253621373903	14.106203557630245	14.463429840292656	13.987169656373844	13.809925914650776	13.488970132999459	14.202613488947485	14.199105383500132	13.971314082411862	14.484065575945197	6.357901455991565	14.528587500710794	14.302690326404068	14.384365359041693	14.318763242928354	14.496143842406793	14.543279005883027	14.67185434156126	12.965240621218474	13.018196793783867	12.969367277832145	13.412634050506153	13.31207261148768	13.168972646890833	13.085091864408682	13.321575042797772	13.139269369872952	12.849653370979006	12.922598915021615	13.027122719439399	14.531758125798305	14.408854095100471	14.205621125338824	15.109395562667796	15.043284994293053	14.986356431876843	14.044347942374742	14.356263279583674	14.282035790186512	14.433105965674812	14.624563546002062	14.607255477502113
AN005453|PC(O-13:1_22:6)	17.440514320128855	17.335289737269125	17.353809238289223	17.01844039071986	17.014781401952735	16.57211993560118	17.36028530395346	17.18626084717941	16.889615348419547	18.110300733942395	14.58536509418747	18.203625718352214	17.30279693262654	17.010282394681536	17.553874969244376	17.330158859215278	17.177521037285356	17.407579633518246	15.377139123555011	14.920885514601494	14.919600573634655	15.191017114645486	15.038066671683916	15.084750516307137	15.064411682748238	15.06197752422227	15.164021142771006	15.337706925197525	14.680791747064102	15.435811294861963	15.477361891363207	15.438288140367241	15.433784529034291	15.871650962918167	16.114375301449353	15.889182851368421	15.534696001533337	15.535414863810654	15.52747359850167	15.653790250759947	15.76835276991761	15.744062492370741
AN005453|PC(O-15:1_16:0)	15.77544250030113	17.13131694846528	16.838730049070982	17.91250503348939	17.58815012629439	17.999727258627086	17.244631452040785	17.828029311225418	16.02491554389659	17.569648904050126	15.838364118757664	18.345684432865244	18.358067393229103	18.391875776045932	18.12257911729928	17.916657332187558	17.70615907139283	17.650792198993628	16.893810644482933	16.979686918107824	16.77141182495929	16.77412102737005	16.68826829945474	16.64677569720618	16.87129468811489	17.395060143719192	17.116739911074006	16.482511114558555	16.818813007312038	16.794760505259617	17.00272006793042	17.502781373036647	17.279423322956855	16.869618903047268	16.31848759145863	16.690282488810915	17.316665483607434	17.54573274343979	17.669495732885807	16.624626685761733	16.80980759089987	17.120651414861335
AN005453|PC(O-15:1_20:1)	14.827507276957942	15.127443903236701	15.341133080683932	16.238249231447384	15.889916149219996	15.785852113887008	15.347960204573917	15.270274943500725	15.289436923382675	16.336918900870003	12.843776302472948	15.812940769830789	16.83334988617322	16.788985997996384	16.232800047000055	15.51933589945711	15.511930747642477	15.813594284418919	15.621138021158876	15.995209325035209	15.968090390973227	15.794713626334863	16.63278411211365	15.812493261544272	16.366303905946076	16.177039986604473	16.03526819098747	15.853913926052517	15.607281982619067	15.454045732413784	16.551049478892843	16.90543451118224	17.064958302645024	16.969233147388262	16.88963938258299	16.8479938094799	17.15346991801818	17.330248987209377	17.10964124322464	16.858267128546796	16.671698064620884	16.904845830140516
AN005453|PC(O-15:1_22:1)	16.234302483719617	16.435752662378665	16.241124386639648	17.1929973975928	16.986207787389336	16.56808738973149	16.44583373678945	16.39376185984039	16.37456043622124	16.591280827671866	12.76884230884068	16.76778684896651	16.704935307830816	16.681150809596314	17.02680547606846	16.227768667965186	16.279825425614156	16.129408373792494	16.915304830678664	16.69822199992141	16.725061916735513	16.446893228611152	16.631242233167423	16.760605714497597	16.74383172376221	16.899055583703817	16.833407409339678	16.651242855103796	16.584956900065244	16.6591117194076	16.251776317976812	15.737656894272432	16.271243381991134	15.677162632037291	16.082713524672766	15.437926415310313	16.535309133901258	16.500593293202193	16.532791965166208	16.034770937896695	16.035181729850017	16.08122447029167
AN005453|PC(O-15:2_22:2)	18.127409024437387	19.04648379374763	18.82851206503557	19.3096318907169	18.94725686354545	18.647787343079806	18.4858722973674	18.87402554110096	18.778025045438966	18.794671425148877	15.82583320693765	18.678527892282094	18.593581752978753	18.741238172961054	18.673589302249177	18.279459466745248	18.763236363910202	18.362536364749825	20.28992882584307	20.0459204031035	20.128746988143757	19.75041311410868	19.7576963544763	19.89052125618019	20.083203209137594	20.006493083641598	20.200159801798343	19.94538012903343	19.879280857821986	19.95680691366996	19.720498831530254	19.965199924921723	19.918524065283485	19.264882477583587	19.326103146703968	19.41261576951175	19.95766759904665	19.854328069900177	19.934792469310228	19.67340870615742	19.50724737330812	19.60842461167395
AN005453|PC(O-15:2_22:4)	19.800649362322275	20.265970688993953	20.193326479560987	20.2684283063909	20.35151720356047	20.12327395046876	20.352336407220587	20.366607201803735	20.467555686850194	20.056747631483265	16.935702206668964	19.97978238642835	20.117951932785754	20.076645272992607	20.25315377738633	20.31553898630285	20.260361311493572	20.201808565977437	19.247659544812112	19.11140908609508	19.115277502634015	18.879311626602814	18.812458947376168	18.817715817495266	18.904272286385716	18.9715134964182	18.987972214486675	18.784301981116883	18.807140879311824	18.93242440596669	18.20925867096386	18.296877260723424	18.143231587613798	18.03842979302826	18.245304395379357	18.005671884471827	18.004897315888844	18.035306642494486	18.144274527080192	17.98399807841094	18.043093308726373	18.166485700586644
AN005453|PC(O-15:2_22:5)	19.209077812065438	19.39718911956044	19.649763234933662	19.36919784458908	19.030074187424685	18.917585865850317	19.26940805992959	19.277869366841525	19.337929364994388	19.330514876368607	16.478635788923214	19.690574137286237	19.211989318815696	19.220941486205383	19.441991233838372	19.2017225650824	19.239340804671595	19.114992197717882	18.07590516788061	18.119274037947342	17.734710975484866	17.583620933402305	17.665293799737597	17.588691487130173	17.617356858302454	17.858910070477382	17.556139525689254	17.34029238934409	17.731147527922147	17.75386668722803	17.668906463475775	17.418678676802944	17.4589944503048	17.643116333817815	17.608327008428194	17.885225018873697	17.469203910049732	17.295154818996892	16.954513488165396	17.091360732383492	17.577425463284865	17.45315862789253
AN005453|PC(O-15:2_22:6)	16.867157592996044	17.488306253781374	17.582775250546614	16.54505298960295	16.45582961879421	16.3045264640932	16.748584703627976	16.537214910432354	16.454264643486628	17.147643920466155	13.333798659806494	17.271793232396565	16.369880955984158	16.338877962526833	16.100439856025197	16.476242362387396	16.647477325514462	16.201797536206406	14.890302349966072	14.440682485701434	14.466709478983912	14.670078015408206	13.732520608291617	14.129539191008188	14.154185380015123	14.539052937657434	15.069451014698283	14.527894142199928	14.218504786849458	14.928227677953755	13.427334572027995	13.42262695329168	13.191143320497986	6.048165817533733	14.076734779030337	13.613663025614287	14.14578928517304	13.629254837810855	13.606712846924262	14.114463137778655	13.485011588020637	13.497792716043502
AN005453|PC(O-17:2_22:3)	15.521324287816245	15.823242695511306	16.10154875565654	16.305487058776496	16.905032542087454	16.24280660483088	15.892423676824725	15.560277495206787	14.573730720389658	15.69262258692211	12.47624210373048	16.133667797546337	16.053132771660884	16.222538153285967	16.466831183909107	16.07503504339138	15.381693322788424	15.892090272923095	16.660071424657072	16.717219329144896	16.69471803355479	16.568999407206125	16.580349619126224	16.737384476676432	16.686139627814327	16.487303787366194	16.64905574168857	16.54947070870004	16.366655725249032	16.325395051540625	15.665506785414058	15.62405620208301	15.654363465433052	15.144101271893044	14.853804015548512	14.882332097810187	15.604846923193508	15.82283379985433	15.808245787323811	15.488648122543236	15.396294316983223	15.522503914479493
AN005453|PC(O-17:2_22:4)	17.46245070396399	17.60415331424649	17.359007766116115	18.20208725762568	18.130551326276777	18.214691041780657	18.034479474783147	17.874389834622313	17.925822593435747	17.861899656097066	13.792333945475866	18.084405590911707	18.287324669317027	18.24852430247764	18.235033252754995	17.50401941793688	17.791354716550643	17.837820278277654	16.55917386121683	16.527787565285063	16.473601571042522	16.52980773841236	16.461074835815662	16.27874822526992	16.381733186563842	16.62251730885899	16.746409277206382	16.332840086454592	16.696143488676633	16.571524860656417	15.382493887068645	15.474437735193437	15.389012498133168	14.885523911038321	14.748326375557284	14.564441688679809	15.267524483583442	15.320727631339306	15.487491665165354	15.375960662354581	14.960211072033246	15.294090355281083
AN005453|PC(O-17:3_22:4)	17.51231357768686	18.055580848235895	17.753683749630223	18.389322795575026	18.323473904285276	18.38109928836057	18.165595093109058	18.18516105783172	18.325768104762354	17.803074710737363	14.19084981240337	17.78802445147872	18.308385735204112	18.240926614765524	18.151146593595428	17.80349441088641	17.814508451534557	17.809334805373464	16.246143082446714	16.029378573587017	15.88926829246693	15.28244136349489	15.39508026183573	15.408630467832324	15.82630472692503	15.671711357189828	15.839683199209757	15.48315825223594	15.614724189194924	16.2348400429641	15.815988958237499	15.62653764852738	15.716196958212072	15.409326404274195	15.622805767654192	15.591390038613362	15.757366969200433	15.478865527444299	15.617697884902872	15.35969426976435	15.553832703692443	15.630032741108424
AN005453|PC(O-18:2_18:1)	16.10569910652827	16.701402718610293	15.948735720670816	17.07252056396713	17.14582439082319	17.17360123656887	16.650742489866182	16.6226648689879	16.70090278979254	16.391379988528218	12.124520608045387	15.993070807882697	17.159510723224166	17.049278873065113	16.98927551287892	16.25147107651151	16.65505278584784	16.32753287402435	16.238388392377026	16.49488615645933	16.26826602208237	16.68701683126635	16.873835692818837	16.5844548685718	16.662987447514418	17.045569492582686	16.888989570950436	16.514762067416317	16.79308244630354	16.634951748782335	17.531026098016593	17.425590017047917	17.211651842143485	18.38495733701989	18.039061166335717	18.077294806561333	17.409457739607433	17.63223222167762	17.692355941367154	17.945304823819292	18.055881829036064	18.08317929268244
AN005453|PC(O-21:4_23:4)	11.25049677785739	11.184826774307773	12.838561243707085	9.413502604087167	7.748588149293884	9.191240316715948	12.548943993129171	12.914774371121288	11.313704987261607	11.618892861480786	9.754875797884017	10.885061661483148	9.002706279568088	8.817339552650013	10.222197622236257	13.359600180644332	13.318763002094615	15.009606565073572	7.98424956393415	8.354701357982815	9.282443621701924	7.977780186682401	10.761299833498938	9.266010660594615	8.946406973912248	5.535833574144682	5.3389621964749745	8.316516476497338	7.436364748110119	7.24335249311499	8.047818290614316	9.150083822387968	6.546132681043724	9.235943131736729	8.55641945259931	10.083785204087441	11.206951135992885	8.437147207016134	8.240574934089095	7.83757768319874	8.246161234013137	8.571165852998822
AN005453|PC(O-32:0)	17.08924031364702	17.57352812759412	17.385367471612675	18.534401124833984	18.453987720623505	18.56673881271877	18.09517979253921	18.17834787856149	18.129515295421296	18.222201253603988	15.78389374089843	18.322519028744168	19.47629614998699	19.459246953615683	19.211081348198704	18.634274316296853	18.848559353530288	18.823005928165486	17.051515644940512	17.315421950432032	17.09303887619255	17.578777893792953	17.928573300792067	17.579518447902263	17.304815700110524	17.497180525317873	17.360955692561532	17.14809199373054	17.344485388792062	17.205803398760953	18.418744553264904	18.268594225626224	18.280190775368027	18.8256678737557	18.506496297784132	18.477600660764537	18.38958225017423	18.539977667773098	18.554854342651407	18.701132277981436	18.653587796714433	18.70371948449423
AN005453|PC(O-32:1)	15.85254845641001	15.480624957268734	15.968322009057497	16.866380651548976	16.950188160916156	16.95814215586057	16.71812666483064	16.431487633605183	16.529903422977245	16.966094923625004	13.404803607940973	16.5907409759641	17.644245895809767	17.62333600812078	17.64004553141854	17.075142798712058	17.144701049222185	17.054864612496427	16.405169678867434	16.50739529325408	16.596953629918012	17.039614069876706	17.031406998655072	16.92342114605438	16.649142347388704	16.685694987144558	16.782866547123994	16.558328209057542	16.729583605307003	16.73345383464945	18.365004636486418	18.480055674110293	18.54110474968211	19.502919676556512	19.7020183786271	19.40567437895553	17.4479794610257	18.326435184317383	18.35260145004095	18.961593134544145	18.973245668750547	19.00623218066108
AN005453|PC(O-32:2)	10.895974422286068	9.576043398512015	7.1362520929019135	10.805152336701035	10.473490396365193	9.767959972177055	11.272170703084136	12.116818026750783	11.397716015337254	11.05238585262529	3.931938994646444	9.98277883173979	8.376386524716002	10.632089739633477	11.653502801017254	12.424004567177496	12.458851672969312	12.77762356975281	12.256392375240443	12.621398912935158	12.194040025030214	12.711996606291365	13.024773263897016	12.55800844462289	12.240715409748644	11.392859089327253	12.451689431622265	11.534380705224766	12.49292591467268	11.698506857647356	13.819139437700672	13.200114049897584	13.39426186706267	14.57549370732709	14.601180382627586	14.58111687165563	13.165690710899941	13.607286330225103	13.020604572345942	14.087551201957783	14.085193161461913	14.150863982129177
AN005453|PC(O-34:0)	15.849892841405751	16.245945043447854	16.147869952101992	16.986889105598916	17.200968073335048	17.133957928029496	10.040996767401026	16.55004381726219	16.471051771579727	16.860811635367	14.568008349316631	16.66941936175415	17.62249620876967	17.703306617254324	17.38268527518013	16.777583644758106	16.891513322012518	16.80039512670484	15.973256728435084	16.13484833970762	16.38653924822957	16.17323906281372	16.42434863469301	16.411327536121863	16.44855810558682	16.500947282600816	16.678597894249453	16.166713261558254	16.166468922456207	16.214182907854187	16.799440824275145	17.192362304654722	16.779026843478086	16.911465774656786	16.98854075733376	16.678251608084757	17.03732893612675	17.439434249987244	17.327822047789667	17.412190536162427	17.028883798876343	17.15619372940496
AN005453|PC(O-34:1)	19.873163403311764	20.16393396172448	19.844374520811428	20.629233417865258	20.771383790227613	20.88729436568767	20.383610406656754	20.49352685287907	20.466252767668763	20.542785602244138	17.00289091940281	20.4278351854314	20.83334564414129	20.799204028170124	20.811176012570378	20.474423110422897	20.57417740040829	20.617432800703888	19.936108061600883	20.094264965815068	20.062330571637965	20.07993687184219	20.198268553697808	20.08906954447089	20.243924328935485	20.204436383356075	20.140158014634217	20.046661044220034	20.042069473185446	20.025267658024404	20.387000983669996	20.49943560758188	20.642886574468985	20.77654044970062	20.71891215336725	20.75848009044309	20.583188448807554	20.635929721977185	20.444374246112996	20.6529673020255	20.76743626927956	20.74190543369887
AN005453|PC(O-34:2)	17.633946457717315	17.629012149716093	17.277069406898622	18.271120445224344	18.682485132187445	18.28412091138332	18.44296058368306	18.122933736293042	17.877880762750618	17.966955525358046	13.935729107992591	17.781145633984003	18.480663571328808	18.765500290660718	18.951142249384375	18.57389963353637	18.05057147073534	18.679758717958894	17.877924559985882	17.52429612911337	17.531918400325544	17.79974598148476	17.845617563110384	17.99370105673529	17.697315543893616	17.98788748890414	18.185155389874733	17.671241365574037	17.724858471705346	18.086142057122213	18.322309915882744	18.21976837939366	18.504509569673687	18.86701536118229	19.37419155479001	19.068089659424693	18.232851165686277	18.31748077449205	18.355799266017748	18.753874891357537	18.6560712633782	18.74387876767608
AN005453|PC(O-34:3)	14.429092697757627	15.287470049822709	14.175122063605805	15.871257250975962	15.4134418274714	15.249211540809661	14.788527216142443	14.820484069007184	14.75543074609027	15.245367042764375	12.1021798669527	13.971111560978265	15.189783229179668	15.045444383251667	15.183687744267928	14.459995912001565	14.901564484357952	14.902733000152297	14.112491750417055	14.487556381310446	14.560707091055617	14.912115076771176	15.512107542560747	14.979069536609122	14.892415807262694	14.743811322143971	15.371532269113155	14.89771157448972	14.864217162022385	14.966610606320245	15.521236728139923	15.428177095296158	15.323215969380092	16.34101102350994	16.368196114401478	16.341401624663604	15.33059283339852	15.789117832006122	15.278341437668685	15.849120591436526	16.367161934976078	16.10649901971829
AN005453|PC(O-36:1)	15.000967051645802	15.11017028981659	15.015315202636653	15.815029514264646	16.08829829670709	16.065121852994995	15.25728311038003	15.24745472735178	15.204260354289518	15.78297646714067	12.472843691487896	15.679167564250273	16.294339868791536	16.575216347202627	16.431274256300124	15.183256263700363	15.22290659563094	15.374929922624009	15.480033688260653	15.778986774086063	15.617258028930783	15.395460435776439	15.635966832426051	15.814858253002827	15.761508722857494	15.720500677998524	15.764364431478622	15.393794741407802	15.294996896991607	15.456351593878793	16.959327907876162	16.85493028093102	16.841958825426982	17.590453911825747	17.521212555258625	17.29793568798356	16.83797019914578	17.254830055459408	17.31803157933472	17.5655518405692	17.343763881338628	17.439171726716474
AN005453|PC(O-36:2)	16.900701440425102	17.094485941628975	17.111533167640484	17.696157876010243	17.439777231854322	17.380290585961532	17.09721115521655	16.92572826205029	17.100172866453196	17.11498236273736	13.0060563435562	17.147231799723276	17.37881522525642	17.444652529864975	17.47589861027352	16.874383334680186	16.83569154040627	16.899304663230467	16.69397855468982	16.873457826538722	16.827655503144506	16.69409880745925	16.769657632803224	16.810850279402608	17.058436815472255	17.007541604395772	17.437305688932085	16.69721535518056	16.92339874350751	16.758557698479276	17.651435288156343	17.71229487236509	17.67765043821772	18.30563779653592	18.203457443577197	18.218148519349935	17.9607182453206	17.426576752092874	17.457959686473025	18.034370821206434	18.33417192725575	18.321414035355293
AN005453|PC(O-36:4)	16.11121819744085	16.383436827488065	16.434490585021756	15.515093344184402	16.446377228771805	16.368003411382468	15.499951976477934	15.701711495000783	16.027808161790865	16.262875618545912	13.124453967269927	15.964302377640667	16.632331185133385	16.54847197484917	16.444124732271046	15.81145397860457	15.694069902076697	15.839723340056585	14.989459220924145	15.600127412113174	15.049538606343608	15.567665118006138	15.546341810711032	15.854841980469859	15.221907361286673	15.605773868472191	15.96206910425487	15.527043738983364	15.703856594810667	14.898739619789175	15.502131603654853	15.55867385411415	16.885204747073566	16.290620935738442	17.255397554788342	17.131856199199397	16.131263250682842	16.03515403267793	14.477295152063922	17.092411203917163	17.243367248665866	17.286794508721837
AN005453|PC(O-37:8)	16.24584472746156	16.96278558199757	17.28842570705671	16.39949835705608	16.397319921167835	15.922585055067435	16.222266302766606	16.04990035445894	16.253029454455486	16.638008603998546	14.486069758719069	16.87102615911675	16.02367526898971	15.965107914294517	16.510753179654188	16.5830484539973	16.072461064357462	16.087621593523636	14.832897932470821	13.797257950141207	13.777269969607119	13.537310834667696	13.241152799278227	13.620962015960783	14.23966154734593	14.075023410618913	14.050026846034138	13.668492177351544	14.115184572958249	14.413058210843912	14.795955067469446	14.360659913343067	14.347552079364943	14.613033463695215	14.916443959670657	15.19333783947889	14.667192260701958	13.37473238164336	13.822136443106272	10.570137119776785	14.720728370124286	14.47688451486709
AN005453|PC(O-38:1)	10.034176193225992	11.447056201021704	10.367865177059569	12.033991093752416	11.893273171750893	12.152336377410345	11.06472543770045	10.980820735935188	10.821329696889492	11.56462762289337	8.425235507845787	12.200118473401561	12.489356219981387	12.51459101832387	12.22758804724841	10.882082254048814	11.200483111305875	11.236601587903516	11.547547471211718	12.157485735632886	12.137245951383813	12.219412327922283	12.663775992317802	12.751817498104703	12.263678620399599	12.554481099915938	12.525415212858102	11.921480465470415	11.812830948167862	11.402714097878347	13.454075842952609	13.675548297222061	13.554777226867131	13.891820147968456	13.924341042842437	13.719282940798934	13.321201950957082	13.90424313727636	14.121579719467771	14.068490939298183	13.704106739187274	13.967756975192506
AN005453|PC(O-38:2)	6.818747719639309	13.711399667068576	13.771680690657426	14.974122460674838	14.960212384591717	15.024399360003237	13.787367523625338	13.959897362628785	13.824186742558146	14.529678242557692	10.160671034189363	14.57183982671426	15.312496621229307	15.40693123946943	15.208434013561831	13.737984402566152	14.15944102947411	14.18659230535032	15.181433524581735	15.413484926373368	15.53741886301143	15.695457052571602	15.794351850102377	15.784561209945062	15.707113488953308	15.725166198850948	15.550005792774133	15.305973759429952	15.105576630424203	14.981107381756841	16.438775149535598	16.557251030784375	16.49557373848681	17.352992303559308	17.003159808151057	16.995872333723522	16.459945620580836	16.90342301158355	16.783952836859868	17.251456011302935	16.79397401077434	16.932147789306434
AN005453|PC(O-38:3)	14.662994250235794	15.372712004885297	15.229000647935584	16.23973648653078	16.098525164619254	16.100559587049865	15.104414704556245	14.963230274746685	14.372580934062151	15.371144412815768	11.615597518728801	14.896031601789229	15.983820713577511	16.107559472358783	16.048074235201263	14.64874923056361	15.000969173712626	14.59500043118218	16.64650661970966	16.937792665900684	17.34018460196984	17.45654272525722	17.32657682255283	17.534122628916005	17.031752553606797	16.9965215731212	17.242682219375833	16.86649965545872	16.922195196429517	16.92903165899186	17.292445049605938	17.478749604529927	17.354951879038076	17.789882690193053	17.901587797102223	17.77780471594757	17.22292711940964	17.363507159075954	17.629274560250703	18.05218426562449	17.873811288650803	17.856381070248453
AN005453|PC(O-38:4)	15.671014462830207	15.670115021009984	15.399598532515364	16.344512879509473	16.561981215650118	16.292961408021014	16.65201467389422	16.464430904626738	16.54284579313049	16.182904885901475	11.803330909033576	16.027091688527975	16.591311097634403	16.46136922406945	16.528675034344264	16.388285887803132	16.5056947950118	16.712659816851964	15.842722598448544	17.112516922720427	15.862819443724522	15.801149649052569	17.540991202719148	15.872846893208273	15.686709227001975	15.784792198524137	15.625708685825895	15.560221933814633	15.582790268615973	15.374115357013244	16.85188598102243	17.32019640904122	16.454622935042494	17.375607658977096	9.051382786623865	17.311993340190575	16.253880622488264	16.359040447332802	16.31520671933167	17.812587611695253	17.290207696765584	16.867624897823372
AN005453|PC(O-38:5)	16.627966514713208	16.749799129958475	16.554911396571722	16.895042532820703	17.26699957605354	17.0510697384487	17.28206298466099	17.380273938384043	17.07334009308668	16.922199827149072	12.292657583154092	16.806041093315855	16.740871278354156	16.72693739342733	16.541231998274018	16.882868132433916	17.078242679108346	16.860200760876346	16.278525441373155	16.263930267676905	16.297176010215075	16.511902562944126	16.6492064567737	16.437101222676777	16.636130384267407	16.532737053261823	16.195190216435027	15.816595752893589	16.28724867117418	16.567512502969457	16.361848068525557	16.13399182961319	16.297531209833583	17.448063325730693	17.211756728483476	17.328080469952706	16.104431455057586	16.41879609343388	16.395313698598024	17.111808903018634	16.931783563842544	17.081941976428674
AN005453|PC(O-39:3)	12.31957841208824	12.009684438480068	12.507035095301292	13.532002801870018	13.948101430199515	13.470029826647998	12.732913948449522	12.235502730113874	12.410572766973402	12.788239510197982	3.781379318071062	11.386982356665813	13.53854020949337	13.338686156073221	13.131945031367563	12.276552269877238	12.32662177519507	12.665250309184554	13.294087339774634	13.355759781754035	13.423105509349421	12.76933161887429	12.918811979104209	13.056577080392175	13.769238091466393	13.144293926246029	13.29422849662247	13.046788981134034	12.750111197592775	13.170334983618414	12.9826025531304	12.941676756708357	13.029719769876376	12.736131140970336	12.671935655604226	12.705607586615857	13.098403700184333	13.230710436232508	13.132393628898823	12.694919844844101	13.111249080611698	13.08594266645462
AN005453|PC(O-39:4)	14.12491727031736	14.489381800009577	14.023872385106868	14.632181195496168	14.590880526206826	14.636669133461947	13.952343343738105	13.847118586719908	14.03307289315822	14.251574800505239	10.139986567188872	14.24190038882785	14.739157525962943	14.68200728080713	14.595723127776886	13.450759142360921	13.757713119922027	13.325945751949652	14.410609488909328	14.463331657989972	14.846610425476955	14.255669410274233	14.322511025147888	14.471395998779407	14.688381781628598	14.478767338458074	14.495622235395176	14.477327101076886	14.079734992215366	14.43861128437749	14.019243418800501	14.281692291744282	14.114939917163847	13.525906044501944	13.539869995769081	13.504686653695563	14.320910973225123	14.18601445583728	14.247717770099245	13.706599043705594	13.865180656174614	13.689711228148791
AN005453|PC(O-39:8)	16.819781105133508	17.474013446484634	17.72065978502161	17.647085110022115	17.50335097668414	17.549807616285992	17.538817214920538	17.312547089655574	17.560855586402916	17.4448040121149	13.986696069595107	17.535480461854	16.156251482173	17.254561731235437	17.470394913786432	17.20309557209039	17.26954061636813	17.22772474615664	16.69321561088985	16.201165800756087	16.107838642979385	15.832076930763073	15.744912426378876	15.591429309059171	16.074235967581306	16.21041851268709	15.983252572115312	16.0086305284077	15.884692816967986	16.47051933628956	15.767607877893907	15.693033535466672	15.827892849862307	15.389331310631562	15.780484194009833	15.820514644057706	15.787391872078345	15.183801912253285	15.272480978177214	15.116515899150407	15.731042859878384	15.575345980374268
AN005453|PC(O-40:2)	10.923529830204709	11.045338741053182	11.21812000705716	12.487855655372325	12.350867913368733	12.212248907940808	11.201692536555997	11.21570599470631	11.287872181889881	12.046175945493768	8.425235507845787	11.87891100142327	12.724201891219407	12.866744818293736	12.631475050588309	11.1140252094579	11.40758562121733	11.405329697459624	12.512183846615603	12.756239571643693	12.783942619237134	12.922949232396224	13.119714105896875	13.113750223974922	13.12593254006314	12.792176263118133	12.98445347550558	12.365915448710782	12.348809341093723	11.863049087792605	13.542744057148761	13.599989958265454	13.523148696547747	13.941546240786955	13.523344987408777	13.770288035701412	13.308446933218995	13.877576503125898	13.883902111717116	13.760961148454198	13.69370064553579	6.8820529225606695
AN005453|PC(O-40:3)	13.332306639967957	13.819185095266503	12.758286064989372	14.42047633665778	14.47756698273568	14.22273306068528	13.408184164598993	13.091119662038084	13.154882593858511	13.99562358111913	8.425235507845787	13.85386762789421	14.184855350691702	14.373564451236007	13.986019702494966	12.925877022714387	13.035406504696029	13.48139542795716	15.241291000033018	15.359829237436326	15.478850308954673	15.451295929360223	15.480783406584987	15.576618743582435	15.745497458222742	15.513743966447034	15.71575026994225	15.30769531826421	15.103630209325576	15.230418378830038	15.26709555881855	15.486464502715776	15.521029685581825	15.656089642987467	15.561523730623943	15.17754721865298	15.292267667224849	15.577892746009738	15.746763230845303	15.96669868007072	15.630197182227963	15.69398124556504
AN005453|PC(O-40:4)	15.538126634693008	15.8074222696436	15.614166503978039	16.093873317034777	16.0492553730477	16.320414502027717	15.583535094294415	15.632007743141841	15.662296546520674	15.356818220107007	11.55022527782445	15.466916164135966	15.701344786639735	15.778262609924678	15.730836771847466	14.841414460218154	15.13320864754323	15.11075433390619	16.778287004943927	17.20964885396261	17.126792645703212	17.619565582039577	17.373666636616175	17.4714404749093	17.18596175070546	17.192951640462084	17.126303644025167	16.961447790792977	17.3320654367162	16.906487803421218	16.832261435800948	16.475269922948446	16.523300024697924	16.845233093136816	16.695929976732653	16.718589879074504	16.372835863930494	16.947124433716517	17.031810896867103	17.059576410812976	16.858938499803283	17.11520981859797
AN005453|PC(O-40:5)	16.180916180079464	16.56737613632623	16.78271209977567	17.398665088410336	17.502871587686275	17.452595447167173	17.215464123469975	17.36307459224162	16.733686731078244	16.642043395235863	12.65089605101808	16.12337877139733	16.601042028566688	16.915173212709863	14.680682818814123	16.86993127463812	15.909566934426932	16.77857901541038	17.020017771437857	17.075852644435162	17.261112797399583	17.377113479579368	17.322349551404944	17.214868699051685	17.156982020649412	17.250672192341376	17.33955753754649	17.067818387652032	17.133486751372615	17.104989588022292	16.028308754913418	16.40274446723141	16.01987244061008	15.601873553941143	15.764405371306056	15.461539316095063	15.694205192310429	16.12347615201663	16.36456104304813	16.720997749434357	16.35714559786031	16.517276872725464
AN005453|PC(O-41:11)	14.13912458718852	14.973418646519992	13.970436861137987	14.891863956830111	14.34311654257511	14.532836584103045	14.341590419087728	14.591915579089322	14.601613758976423	13.957223668488698	11.143849206821272	14.28591525117222	13.955293796202834	13.986118163868145	14.057082332675412	13.561368201102882	13.819263103440921	13.747596036325076	13.618065884103952	12.871020278860971	13.030147924916205	13.456328243714829	13.055636298860545	12.819385589560746	13.484042706900789	12.757598544337968	13.347101690297524	13.269444280866425	13.067256355172956	13.933901918337757	13.772942971059084	12.59919068696807	13.413273063875092	12.760066697600452	13.663377004689506	12.18140865793489	13.28917972347132	13.139042008007781	13.298241482050502	12.689827275847165	13.403577957180111	12.751273754653754
AN005453|PC(O-41:9)	14.42131674673313	14.274718064639236	14.501096157713679	14.859108704939663	14.70510509839569	14.78871754224315	14.644898536773766	14.167907404715004	14.618832143687886	14.617440727446873	8.425235507845787	14.72145515905348	14.529859600349473	14.466142618925232	14.955470961417952	14.190590840101274	13.862437736946463	14.329845255751746	12.139031895490092	11.912294006719925	11.70258300298728	9.484181472422215	10.689617045803304	9.739772481233476	11.375881804831401	10.117305342180735	11.348170503549452	11.20344233591062	11.26968585639189	11.988864804260393	11.0216100890415	10.929119668083496	10.215876122824374	8.859063661801267	9.969567094952287	9.602234642648094	9.0512698782505	10.539848346240646	9.589638998856111	7.913001379972063	11.335446657357338	9.9853286577146
AN005453|PC(P-13:1_20:4)	13.832782441736004	14.105770990669233	14.452529028680122	13.96254829581868	13.814275364540558	13.48838645817532	8.92466869419951	14.199001053849559	13.967734349803134	14.457077297996944	6.3494114228423415	14.53276042633092	14.301642312131266	14.288273042173827	14.31865801281115	14.498434097113503	14.592163781419647	14.670643196268614	13.026677039386147	13.021929493467614	12.967583273571522	13.413266591898205	13.33865106122995	13.169198675353893	13.085408872833021	13.321865292712502	13.137879778979054	12.852620591068938	12.960716266174776	13.029223216297263	14.532772546491072	14.405800772214851	14.205171295174884	15.11347991634933	15.043514421033162	14.987765014738702	14.10925037460609	14.358660256908706	14.28460735921715	14.43496345958467	14.626930765817814	14.607791163557312
AN005453|PC(P-15:2_20:4)	17.369590452268238	17.24322131421494	17.405565857234322	17.025262943453555	16.909266632990782	16.64078798624369	17.437860131650492	16.86377437028711	17.28527902415555	18.061757900955083	14.52372665282647	18.181740978571998	17.340230610756134	17.047506119892024	17.425070478451904	17.40633071168771	17.177015843751214	17.503411884740068	15.177418229039942	14.538728043251272	14.703931012984485	14.874008163418058	14.798245609777966	15.154026547247032	15.2737688355634	14.73910179229181	14.951870123206605	15.38887090188865	14.888751295369467	15.194252894556717	15.029223499998684	15.096227778537745	14.956162088932379	15.834096535991502	15.667390145044381	15.376575928955495	15.421209515019621	15.036431271933404	15.131261532513593	15.095399043507918	15.229259048509931	15.402058445606112
AN005453|PC(P-21:6_16:0)	16.48533472158285	16.969342896082406	16.859210793343447	16.60189298089578	16.43506049676035	16.081888058561194	16.125360425705917	15.854856727663963	15.946660427898255	16.652339618687027	14.002011576442442	17.080201393162138	16.716167451785335	17.208835282782918	16.606894798857557	16.230930751695414	16.689858892226976	16.223955502623518	16.093777936694885	15.928073036575551	15.43476908148313	15.494508580160867	15.528100282737098	15.378729394850946	15.423330216217714	15.861974043873376	15.71271457839216	15.315441056885227	15.716898228749425	16.00105151231219	16.307945830768475	16.073611912734908	15.970842610641183	16.24887135117608	16.556305891884737	16.508368813448836	16.142602607519578	15.806478085250198	13.85420166611581	15.423526201920293	16.52765304517696	16.1160487172952
AN005453|PC(P-23:7_16:0)	16.544034766041083	16.88674745328444	16.984536876552127	16.70505789010154	16.68700432558251	16.418879751417375	16.30163131979343	16.360465908570337	16.459459985682184	16.675265575820124	13.541217580185576	16.871635223428996	16.184099841511568	16.05050934923511	16.468148926026444	16.325198059190328	16.13524054035427	16.08358166192371	16.042137823095505	15.494003313124091	15.407566166959187	15.01939214674621	15.076545734894024	15.097923740281837	15.505566997614265	15.441451331739477	15.315542071313448	15.340573959731074	15.382368809787414	15.997266103276148	15.210857256762988	15.064712842010037	15.190465177516543	15.128265968422188	15.277371251424318	15.38737312031339	15.299601447461445	14.703640643904569	14.393946524066923	14.658219049084428	15.206869888788011	14.98891671168531
AN005453|PE(16:0_22:4)	19.7860656181064	20.273246508081076	19.97604350553243	19.713683862014303	19.814468054322106	19.54960715711099	20.20910181919191	20.13661889143222	20.140427612564338	20.224814905040656	16.847930211447885	20.390441035394872	19.730392690094	19.51875453188086	19.675222750434244	20.34581533162472	20.184134150142295	20.23029444038807	19.091905205335017	18.952352294635908	18.870021088145883	18.999641847376722	18.960368185560842	18.78877758726437	18.94119275498343	19.229030918137386	19.055991167686837	18.866539022163092	19.052306179280528	19.02109617700398	19.725601651492493	19.631312466791144	19.610098960879878	19.64311610281868	19.765797979006326	19.698579370715716	19.60965387885106	19.496319022683405	19.543712644035914	19.569584012675133	19.527471274089308	19.631955084201245
AN005453|PE(18:0_20:2)	18.15878911645433	18.6401168516149	18.5078628828988	18.627319394955915	18.678651503470558	18.67731516146202	17.83003197995744	17.88960375938809	17.905521257562093	18.32214977941343	15.245948041073069	18.097225804991364	18.31782876166098	18.296868179866973	18.372401842592424	17.46122744089356	17.44146175366546	17.419724432906698	18.88415889361217	18.792498676151165	18.779444570849197	18.750352816718493	18.702575633427475	18.635183813431976	18.780248000307264	18.942531185910457	18.974812293335724	18.631596512407743	18.624936600970454	18.795624951728094	18.523651320684568	18.591620906944154	18.375156912104657	17.876444332048624	18.234492646425338	18.12944107685907	18.850292923830935	18.83273861150193	18.89843623219647	17.660127371848983	17.93762095787612	17.814920998296895
AN005453|PE(20:1_18:0)	15.57052653932644	15.904726014744249	15.720817778386708	16.277045441988683	15.958568201909442	10.067476148891078	15.659091662912271	15.665659522994037	15.742109418082205	15.90605888686022	13.096732700393286	15.924266846218458	15.94587582100293	16.035601096156206	15.73947835139096	14.874254742879831	15.2579528588982	15.275552918873418	15.926105245936483	16.13540022141171	16.050190044297945	16.07928097222762	16.0495795780224	15.948851127376294	16.15554095936906	16.413244407697377	9.907857713555051	16.024758114005063	16.153678780257053	15.999511978188941	15.853964289793087	9.362303507880457	15.60352220165892	14.861570625141626	14.96020277795731	14.793764368160588	15.703377074935258	16.142429204290636	9.584534215850082	15.279219098213856	14.913992375509372	15.128416852691698
AN005453|PE(20:3_16:1)	16.976643402515894	17.06902919127252	17.99613376087675	16.74517838468412	16.75891075160094	16.62062881358503	17.18894717544326	16.998978117550582	16.75910166082118	17.558310098374704	14.939379866020747	17.293201473139117	16.969838812896285	16.93006910091794	17.099768073053134	17.570040111149986	17.556339896124786	17.674998281511197	15.719936132102088	15.689864649359343	15.678429065160161	16.07581199748461	15.976810295295184	15.868960640336239	15.839810897324707	15.830981683297644	15.873202233258956	15.860707483667126	16.011864700166807	16.04304195833293	16.812868830359175	16.766262096833394	16.806475341006138	16.924027539375725	17.223425366664934	16.869306231499483	16.639886169838977	16.471957434413163	16.428892922636532	16.88721881456014	17.19944473674131	16.97863760235446
AN005453|PE(23:4)	14.209971192201952	15.47488022049775	15.489739358803241	12.840607382652202	14.044854342858162	13.635599093985013	13.865089900044845	13.946303458361243	13.81808485717003	13.424995708432379	12.203528203951247	13.349409440935093	13.013969220608175	12.23771332662415	12.458697179250706	12.508310350514396	11.403071821966295	11.29430844494852	12.737394214886393	11.774456965352545	9.81934612608056	11.482875031221894	11.131703747521376	10.833213391467952	11.874597696584985	12.289558436954797	11.987065194505991	11.508377463697745	11.16630342985854	10.69471404250022	10.573532527894246	9.57447872782345	10.400587264814975	9.403729629643284	9.600455363487235	10.116747381070708	10.713777753547511	9.433448038298955	10.300305882849274	9.211109049981422	9.173748027165002	10.208543858500816
AN005453|PE(30:0)	13.181310976593476	12.377057919087164	13.06702785519822	13.40459032688228	13.651940368142068	13.489293728626436	13.482472062869633	13.02928289308092	13.290194003003029	13.352799422117496	11.47172656803982	13.422152050441047	9.452005482994096	14.174337266718304	14.109592131513086	14.078203995574711	13.853528907335827	14.30308523918545	13.392606202652285	13.55667931762744	13.489706833443929	13.725708196884591	13.641104037515147	13.718784764878505	13.486155233987917	13.633483344920853	13.457943747124581	13.952031243272916	13.402307416946067	13.620777027969643	13.930909635703182	13.952900145955919	14.132497601126856	13.977160364796726	13.692976835013392	13.979586435733998	14.02796804580313	13.932786678270524	14.137408441134768	13.903161642665422	14.125172484490825	14.044387329749354
AN005453|PE(30:1)	9.693015872443679	10.898539413190697	9.158349425966906	10.590743559667347	10.525963913858618	10.471970153928453	10.143172512270695	10.256480389927065	10.69072880174154	10.459131029591383	8.425235507845787	10.291416725206636	11.264913670118988	11.533559444206423	11.23117050714177	11.389476743526016	11.562245859145916	11.44689539409594	11.509164984451406	10.989836369766763	11.153563225829078	11.891940543987284	11.829410103026005	11.761161891983974	11.196216400870636	11.241004225211265	11.282761652802995	11.343127658352337	11.74787492897336	11.635946977729807	12.538873980680172	12.5721389235467	12.591335672050883	13.163740939984564	12.845889122791636	12.937659821572238	12.755769014354511	12.597061259808541	12.64155271735928	13.10177776477325	12.949287007872496	12.772320698136108
AN005453|PE(36:4)	12.69157480267548	17.318548158606852	13.445038398706942	17.402091676918676	16.726413784728106	16.280401377371557	16.277724657602057	16.111159071095557	16.096257098246845	16.898731886394028	11.545720164741242	16.983982251546383	16.208073781042895	16.01084214222079	16.526782454523342	16.72238031003453	16.02753037381918	16.292244387036863	15.763768073984616	14.13283491351665	12.906577054694276	14.32155641063748	15.119127879993908	14.065887613924318	14.25546971370784	15.221113246993868	14.91969750014921	15.002086552164057	14.80147393570527	15.609238733058906	14.95283794720094	14.58124863341983	14.695406100253477	14.571805926387256	14.620369024177124	15.105817242027463	14.296176626912997	14.020141114455386	14.363396110990417	14.138589999234306	14.461660161693334	14.433919524856748
AN005453|PE(40:2)	15.662079086924813	16.17867779452938	16.031754163751955	16.442209990014714	16.26504204822112	16.273637152435995	15.473308000550963	15.597999573767401	9.146789313235265	15.9006043552939	12.43434973736162	15.576461129736863	16.04840541669467	16.147131256993735	15.998635818355726	15.146131714921879	15.344070449138915	15.305718499937536	16.840997930491977	16.765417843694767	16.789979133456903	16.72773332039726	16.45193012502533	16.683814818076485	16.8690894701283	16.751060044467827	10.158681466001813	16.65029923446147	9.876891025048556	16.762528741957663	15.79459776046919	15.707561874947856	15.944666823317897	15.260465557568073	15.257442373348065	15.256701208494798	16.13421728720063	16.238087895750798	16.31904692855236	15.461215071757815	15.27282053451759	15.356001474347003
AN005453|PE(42:2)	12.378375766382097	13.224893819555135	13.148886842505076	13.825250829333964	13.705811203661892	13.727927760621094	12.807284137064839	12.877635090657447	12.919421999837231	13.424977012511478	9.90829024412595	13.350321961547987	13.809577337083773	14.076422469742239	13.925140691297127	12.588632880053853	12.768264728689783	12.882744507432786	13.28741293114014	13.41655555191608	7.23149592185052	13.176245949307514	13.4877922802498	13.322151081433553	13.18999291869562	13.336394433242745	13.57999673936548	12.995730459328948	13.133393006992378	13.004469344920157	12.195473429246658	12.033925050209222	12.004355870806485	10.88667984432653	10.842948150865718	10.613332986411647	12.64003113892217	12.624134528908028	12.581323401739029	11.253381547283283	10.859672623079543	11.099218536683411
AN005453|PE(O-16:2_20:3)	18.49828787178173	19.043023015318212	18.53397407300779	18.65548830805564	18.32721307999688	18.123277362196042	18.84134886212755	18.786706640956016	18.861787697130534	19.527517016618567	14.093031147490532	19.68886132759547	19.03495121551519	18.793526815796756	18.947247596366736	19.101367964177154	19.201897805497236	19.12531115653812	17.046104468452235	17.28197753511451	16.831919695260474	17.079220696920533	17.310019314866036	17.02836261463443	17.128486138034038	16.985573933356747	16.835987190138454	16.85288310063773	17.010623934197294	17.057928073472695	17.99344813715151	17.472874223901645	17.72454431669237	18.336702884208137	18.46499177198255	18.35599241693522	17.84470381859522	17.583274631499535	17.57150086544748	17.609278653429385	18.083470084118087	18.039405330470395
AN005453|PE(O-18:2_14:0)	14.271953184008424	14.634145834040778	14.654031798684628	15.731660428900556	15.607640496523112	15.33187608383349	15.283790393082905	15.240273872078845	14.859372432604113	15.403260653261775	12.044836326565953	15.172250700153448	15.8741907995665	15.849817128034841	16.15264766032813	15.572587474042907	15.302416137221245	15.35788532860031	15.042177907986208	14.703399948895045	14.887906657235835	15.123360263968781	15.016322099410788	15.027555214672287	14.921092418847223	14.833806300074151	14.904964464185387	14.738878811484621	14.909688989682342	15.173121520668182	15.653068414916298	15.744239118740934	15.799248553086562	16.093703387366833	16.339227612059542	16.383839612356194	15.74246551837379	15.657752217352831	15.66933206417621	15.48575218256606	15.986370727915387	15.883372323314266
AN005453|PE(O-18:2_16:1)	15.820782135649404	16.097206835690944	16.160622133804704	16.569820247637825	16.465898747312195	16.28444496162832	16.15256636897671	16.23691879246001	16.261491322050603	16.009875945289252	12.874585579840108	16.46747588521554	16.63847711319726	16.601536779355346	16.375382910757196	16.173553445413155	16.003508817118295	16.05243158530211	15.817019403572125	15.76020302907596	15.620009801544638	15.930282161075525	15.944674915600944	15.823863927530452	15.771298437377862	15.611399897752086	15.861605906448052	15.377068107797701	15.938429491024984	16.095509469967453	16.07020600186715	16.185407138536693	16.290358392250216	16.706486071906035	16.903036417358653	16.81328120383659	16.368258144403647	16.1169205670513	16.096884815850924	16.35169113338522	16.443622131443316	16.46311556274637
AN005453|PE(O-20:2_22:4)	17.352828661037403	17.672440639314217	17.44364991274593	18.272680934057927	18.01826380697065	18.29419967854658	17.963770793453758	17.636488336904268	17.91473504512467	17.852204857074707	13.795357930088992	17.79961155402769	18.183962035962573	18.34053649379575	18.207634342196013	17.49518124749538	17.70352250705886	17.89094153669926	16.36692715801432	16.528320409709302	16.83551477476848	16.568935114934167	16.291614755222078	16.336868666185797	16.38274756859178	16.649002845279554	16.766154549064506	16.365703747841028	16.394560192032053	16.68112959936809	15.468940611572277	15.471851087042555	15.39704757565144	14.793331079158747	14.747750714287989	14.749685893182548	15.267880545102607	15.412563363540501	15.488166941221476	15.376526804635613	15.142363328520693	15.33537621189666
AN005453|PE(P-10:0_16:0)	12.733329832911448	13.020972066654814	12.668019935016932	12.146533779672295	12.172109062961363	12.091030130718707	13.80800934619634	13.738826955354789	13.698478148870073	13.482444161564343	11.608849056451552	13.345116322440942	12.63854602004273	12.378498026636379	12.42515409921224	13.963184872467373	13.926372343611451	13.982101476300107	10.737983112523512	10.752040341325204	10.95674516160572	11.277199475152496	11.605034773975722	11.560381075953874	11.113492595206093	10.961118305471079	11.083672273007762	11.183958274243784	11.173415193103295	10.930301196248749	11.520583489523357	11.50384217071892	11.35317270731466	11.833890723619794	11.597921020888288	11.49983809240306	11.485983500991573	11.57009674619919	12.030786138324935	11.71139219107557	11.201274688982526	11.373923378953648
AN005453|PE(P-16:0_16:0)	15.694420994957397	16.316492523868497	15.83928696667716	17.307112822715496	17.329147592320847	17.371185180127785	16.622351293490457	16.939693633485017	16.863453826246772	16.634857494205118	14.905520020832313	16.745295278144837	17.884128656071923	18.034403052588768	17.740092666228087	17.195619293009884	17.443806329732304	17.152816322482934	15.906705775740965	15.883005537048026	15.689806816342587	15.918124124380375	16.021272814045325	15.815059156274524	15.659708649047468	16.162170857065384	16.147617694920534	15.425173340076123	15.84362853188478	16.052486171362933	16.358162568697313	16.375596531180893	16.13668493651421	15.787166887543648	15.886853247875974	15.56246947286888	16.465885711438304	16.608155456776984	16.72081610286518	15.724920413240993	15.710640631435055	15.924505293173896
AN005453|PE(P-16:0_16:1)	14.27675243814859	14.633912162908468	14.653750392054489	15.742242729197347	15.61396967119229	15.391312867687065	15.282747315211175	15.2232734998256	14.860769755880076	15.40340489097675	12.047673947057763	15.173239974552867	15.80276097195799	15.801961812877279	16.167895726092336	15.57304993998052	15.303151738316352	15.357663626989208	15.061091878596928	14.677806841963035	14.914450660207883	15.018859418753303	14.995553758936802	15.037693175081007	14.921853001840171	14.981994255413136	14.69092084626844	14.738945629199524	14.838253591298654	15.173564302012208	15.653006752466101	15.755834658159703	15.587749053910278	15.996322209816979	16.32543119017762	16.180439064071106	15.645807304632319	15.486288857741403	15.671407253045654	15.487001069106416	15.828012715077183	15.743625901360799
AN005453|PE(P-16:0_18:3)	12.113553053005077	12.583937387673071	12.315134333521264	13.06014395836753	13.193071029792709	12.751144661886554	13.138107259124546	13.12163905194392	13.052296028602527	12.895933962125312	12.335565233220919	13.358990936806215	13.424034229500046	13.145467001009143	13.240518470923453	13.481484474261345	13.295520989755225	13.33191803016365	12.309485978080517	12.004247521542442	12.415151919660595	13.36487972971555	12.621459144879077	12.605031457688797	12.543009215708606	12.577021788305883	12.453860138787851	12.964211779954741	12.19106134676776	12.04274416886093	13.827930660356449	13.78969202929737	13.380665667389119	14.85638736079038	14.873203733634421	14.825596766525084	13.267153373965918	12.93119010612117	13.295043372188049	14.29272673237332	14.112016253996279	14.297014702226285
AN005453|PE(P-16:0_20:1)	16.58824060326502	17.144507599881408	17.33291863389116	17.707422081463942	17.91249802150298	17.6764959160731	17.008039363906356	16.94217711246731	16.97568552962161	17.761396671426542	14.77785280680429	17.788339591822805	18.059935564054147	18.20281143128756	18.29423956970994	17.166122746233548	17.100137202532725	17.30239216221127	17.33206857615375	17.32748821546457	17.366587432615432	17.361573002035886	17.27561526588119	17.314178110713225	17.63971202000846	17.73537912554174	17.568800151550793	17.2603489481197	17.049889975649453	17.25299475734098	18.393443209739015	18.427673525256434	18.407326466683557	18.54846298328012	18.60011591077405	18.775090562603715	18.797740739339	18.804424237318973	18.808070317958006	18.25239584496459	18.437669438414687	18.306327270111865
AN005453|PE(P-16:0_20:3)	16.634167542545505	17.209910331464787	17.365643958169894	16.1193957780146	17.439925856589916	16.4787270276004	16.944130530855887	16.786792754851174	16.850555022810127	17.44329614517136	14.344728147460426	17.504072609373402	17.63820424701758	17.505693511211	17.697991257748438	17.08068456570212	16.988016222444003	16.950451508321734	16.78335375612685	16.990535560683348	17.02795596394077	17.193612287596615	17.270594127422605	16.94365053475103	17.09274447657775	16.97472759668038	17.154644408227796	16.95531518942621	17.123210856340744	17.386819456544128	18.28718657151297	18.542031122020067	18.42186014783698	19.00050561010159	19.076324971302725	19.170246015806686	18.126915335615205	18.07801789093302	18.157401644340318	18.51699430977043	18.57853091701812	18.705080823396536
AN005453|PE(P-16:0_20:4)	18.3062875550015	18.810841188016123	18.64498255663481	18.38324421136747	18.12925629504426	18.126220342976946	18.862186598535384	18.72707265907977	18.641810184093973	19.48600309112718	14.123203882432549	19.50348091276854	18.660003137532037	18.56565143242447	18.82008007622595	19.215819175912344	19.003925214170827	19.03889038368429	17.210696611837218	17.037920796485	16.963057344201324	16.940186612912104	17.14474258789222	16.923318817134728	16.94436345601877	17.15102270350824	16.82309942115719	16.749036231284297	16.64354114035574	16.97680726433372	17.776697881143637	17.501405035877788	17.615750345258423	18.04851271909127	18.44207510836793	18.24805454719006	17.821284644467454	17.576323127241025	17.574971122410957	17.658320907343274	17.787833691600387	17.75102539246562
AN005453|PE(P-16:0_20:5)	13.832790042628709	14.106681507109185	14.452036255977308	13.916775077294103	13.81304708181658	13.48766482185781	14.202535317711225	14.197172611695905	13.970177194513617	14.462708933362595	6.273232414400737	14.533937768179246	14.303435565569677	14.25632612751017	14.317909671109103	14.498654781631997	14.592966102731406	14.667484054881696	12.969394549210872	13.021659804806896	12.968898494045385	13.361262310809106	13.336800754864246	13.167152682555672	13.08452217206851	13.323515469184509	13.138932779175496	12.854428739777262	12.960440378395896	13.02939264531982	14.533489460436586	14.40708108588979	14.205413049594332	15.115944430887035	15.040716166067432	14.918450747632619	14.109581765109628	14.361288738150204	14.288202209910178	14.40049805047234	14.530475005902256	7.397124029264138
AN005453|PE(P-16:0_22:2)	16.563189906937463	17.23214326700906	17.05369446462559	17.84367661428376	17.838614172397396	17.902864553418805	16.717392564807323	16.917639256219957	17.15760733581578	17.542348405039515	13.88675097089901	18.024366970114333	18.143552407130414	18.159999173025312	18.035839043540154	16.264054676246992	17.244870661911847	18.057434983560615	17.72121491424367	17.83367784773741	17.589765639276383	17.753108468213412	17.9301857558238	18.000398600238878	18.043872145552797	17.929418165591397	17.846923935868915	17.57408477848152	17.588504377495237	17.54280222442054	18.627031091169606	18.527271652608004	18.836864719008183	18.868943242408104	18.645020571243194	18.87718786134596	18.881952279139593	18.903222169203637	18.85028444801986	18.518433383844766	18.603870106426253	18.722141347753187
AN005453|PE(P-16:0_22:3)	19.24406230888891	20.580346417457545	19.496795457836868	19.92368475430188	19.499480985745357	19.890427295573648	19.19491549562968	19.188899771582143	19.303736731923838	19.688903187318548	16.70207270758681	19.91003757457008	20.182347696664536	20.117693617790753	19.794953050248527	19.164561077704295	19.47174039433583	19.26683923604268	20.381958197022147	20.51542220919677	20.624470139267217	20.696939243381227	20.706976054004	20.617699601721394	20.307906583708036	20.748042121173473	20.50307022796986	20.36340382548173	20.496381694938677	20.766784325497675	21.03494894800213	20.94209453789666	20.9287959527334	21.061944805886228	20.89811100457888	20.920901062727555	20.818164477058158	21.023883232652956	21.06372744942762	21.078512126736765	20.870276331425462	20.942579658124156
AN005453|PE(P-16:0_22:4)	19.924679462616186	20.32423361832321	20.46147967337194	20.342221242068927	20.446848949137898	20.524866504573964	20.67639714904912	20.506540224141027	20.56125378495049	20.89563559407578	17.15029700363865	20.850848146102845	20.48002378383023	20.571507557140865	20.95863251165546	20.870122550374628	20.824746627288643	20.74472198436042	19.51071014700067	19.339590657579084	19.551394363918853	19.29458043720587	19.391044396441657	19.475526544275482	19.370043275802352	19.64863626659156	19.350920277680917	19.112595826912475	19.14747825769912	19.377564167387444	19.768948157044775	19.65630352971559	19.76195014023486	19.82146078975158	19.905951084066867	19.95034682262649	19.642722283069133	19.468867974385383	19.69663292578397	19.52869678615255	19.69153886833261	19.749667690320138
AN005453|PE(P-16:0_22:6)	17.066653015180677	17.23384082743398	17.56444811243211	16.675589517530153	16.85698640566212	16.669304319404098	16.979636701464393	17.090669659288167	17.287402310679575	18.056100968592776	14.524833696827315	18.04279165014563	16.990191991290807	17.043788360912465	17.180026667937376	17.505722505878936	17.176549829922966	17.507122861767428	15.17748743045766	14.536164806586566	14.73832894559112	14.84858716780319	14.843812867049952	15.16002181256481	15.269287267813517	14.738350227824098	14.938825584608196	15.41520939168482	14.888128512861433	15.223825617714011	15.083184078885298	15.10006551308155	14.819352157039656	15.78861068906226	15.683295050467223	15.560840354884059	15.484335003096481	15.040921591793403	15.090465380221339	15.070027718753494	15.317914008814721	15.385602359942713
AN005453|PE(P-18:0_16:0)	16.77369847978898	18.14116818129324	18.173403689788792	18.924203302876496	18.588859201203064	19.023262622959056	18.098377972717103	18.793643075326468	18.424051612389345	18.469460416871467	16.838638341961293	18.675410248250497	19.35774300947562	19.340738837322153	19.14491616482905	18.454410679262246	18.758538300729583	18.66911661862713	17.89437523520207	17.89090451247076	17.775876280549607	17.773832042277125	17.620311072503277	17.64657790238586	17.745862018872685	18.265412684554597	18.125859496814936	17.288750754522255	17.805781644192567	17.79416516044903	18.129383011860263	18.1011341579685	18.279062680530835	17.294734823395657	17.318826044546398	17.690270667811625	18.31675225739805	18.550846832731168	18.670140996474206	17.647312637198326	17.692660872793773	18.11934912423915
AN005453|PE(P-18:0_20:1)	14.824658941032949	15.10861899368677	15.402155580820436	16.395327973725223	15.902086807861062	15.896745092754752	15.359603034056638	15.268388999257391	15.28881420757312	16.42381084309408	12.84451819711873	15.81210677239111	16.828067330645897	16.88485204556294	16.92029895858241	15.566262936214219	15.509574668423236	15.763313910480143	15.880529343656852	15.930219585694072	16.084576203411967	15.879847281511474	16.040220513022895	16.13632486243977	16.36717780787528	15.892811245440562	16.126349438929722	15.852572901014307	15.605239176321456	15.593430121988819	17.000042166442764	17.01263173370296	16.86498543691834	16.865635469103978	16.971061393206927	17.0456653082393	17.120245162153815	17.220548566726016	17.362728031043225	16.92374566502358	16.796675405684798	16.79876967295078
AN005453|PE(P-18:0_22:2)	16.48480333962731	16.674920601258272	16.427947417619613	16.959082661456364	16.802398284876954	17.09080682761344	16.294762265064307	15.979965010147989	16.182464670963284	16.462580523115847	13.370393703299301	17.009287305045955	16.806430150253306	16.976085454276728	16.68898787593966	15.500342544189555	15.874024044826186	15.656730004564388	17.516035151842132	17.28276384504593	17.143426887422322	17.134709409659493	17.15622352652253	17.272552348254724	17.17591699761956	17.23493071863001	17.200013189775866	16.723628330630035	16.869973140219013	16.640004402959228	17.377112095366066	17.369132617516197	17.165076413522375	17.09608747852122	17.153209330515544	17.034195397785535	17.269156570683485	17.60746796614315	17.58434614283742	17.30125165496613	16.65834051610004	17.349968150130643
AN005453|PE(P-18:0_22:3)	18.177091177596733	19.04721583068316	18.830154417156944	19.382647351793825	19.023897236407404	18.86460991310193	18.553063178109777	18.744055091802835	18.844300357911543	18.882864616912528	15.767166121444172	18.69033140734632	18.934710010776477	18.7963237782057	18.725956022783073	19.18329812624544	18.851169800219967	18.518123615066646	20.469793444811987	20.057231258176206	20.104114131517566	19.949236734981362	19.919851569016384	20.09272633097248	20.277025184674724	20.159100393602458	20.287092351371868	20.156966795901422	19.9763650673229	20.124429670087007	19.98350594234364	20.03413151344173	20.088331091294027	19.471791925368684	19.436030841654894	19.60263443517843	20.17884737939639	20.160429641284495	20.089748852151068	19.84966285081537	19.7084812242517	19.78344988234153
AN005453|PE(P-18:1_16:0)	19.210719990519443	19.535261148569976	19.68169202081652	20.021285018643013	19.98311647409323	20.086223954554093	19.679855123833004	17.188852892193328	19.8651461775798	19.94722180031798	16.985913783166524	20.01957370143513	20.116053878139496	20.22339459925681	20.20648687689827	19.687111809297615	16.988051461646705	19.73634822323951	19.280880182561255	19.38845940456325	19.14303156948712	19.51045391163199	19.499765317905958	19.328185726604165	19.30178110143578	19.57765801371337	19.325518048171517	19.129988234125747	19.3241521025723	19.221568280154713	19.52367740176395	19.370413934075557	19.492523170064743	19.52008925070456	19.490172742403875	19.506930634779327	19.84296542235914	19.706985850601193	20.081663629675766	19.2941413279572	19.376446366984695	19.40463525042393
AN005453|PE(P-18:1_16:1)	15.784634173161821	16.257583258093415	16.171146016555934	16.561092955891947	16.459984810706246	16.293148219686053	16.130540172165183	16.251515684362666	16.293225384444522	16.013295286120933	12.884758931428287	16.45489612588568	16.57288796721426	16.622137620479077	16.504119357725525	16.114099327029816	16.091866787724726	16.05420768515014	15.751677690159825	15.618234152741046	15.543281367664255	15.891887368812784	15.979116410510182	15.711019839613307	15.779763244718607	15.735400902662803	15.84742610776387	15.522939005317784	15.814143690856389	15.823253128238331	16.068373839520827	16.099512073703846	16.209585491137595	16.70732568081483	16.905832668278297	16.83970824850832	16.36072065268713	16.077521098072584	16.0972136623198	16.343167845487113	16.434144512604316	16.357527116356152
AN005453|PE(P-18:1_18:1)	17.402228142624466	17.627247679684448	17.517872353377843	17.99582552898738	18.03298712282019	18.128180261410055	17.536987708613527	17.510449723459754	17.33428743534042	17.995258945684267	14.870717239423474	18.00814301467905	18.043371674906513	18.15054159162471	18.339956748660114	17.38983545470185	17.276870613398792	17.460899752832045	17.703736955269907	17.493177711624327	17.479666109889653	17.6148563336672	17.744853503032424	17.641999866027316	17.913235454084223	17.866496614171595	17.67250534476933	17.698452181839667	17.541878680694147	17.69733906312005	18.320207372777702	18.215031711265425	18.313717850343217	18.520359811783546	18.839810125003073	18.727226239402793	18.558081359004063	18.502576772278523	18.576897255456995	18.3538482400744	18.44888668404158	18.437740772714196
AN005453|PE(P-18:1_20:4)	19.16779725540807	19.625744573750143	19.49714663440082	19.09027435033996	19.13951112610627	18.859277171927648	19.6322187121605	19.671182698520468	19.541498293942603	19.819993753629827	16.212687562707643	19.668779403232445	19.204172708419158	19.14113247504391	19.145050393657534	19.663801159965523	19.71095485141355	19.5908959219823	18.325751734455746	18.17981412196476	17.778690760049525	18.22908906619759	17.963053656912273	17.725750096923335	18.12181499759206	18.307963489430964	18.216960444507254	17.96266614126439	18.047890042555718	18.23984853375356	18.150252872613628	18.127517722978187	17.809401778939108	18.552538013539266	18.746147563225254	18.704191883225153	18.185454263707207	18.20546492915104	17.953643249626957	18.12661942713915	18.296991031411302	18.296694411512668
AN005453|PE(P-18:1_22:3)	19.497614570090725	19.816452167102266	19.478081601513846	19.87771333335332	20.11211175153509	19.914935759402383	19.951013239578565	19.85416429483496	19.970978706965692	20.031013459515204	15.870861248139486	19.88933015399797	19.791817449047056	19.948960071923572	19.911136229620354	19.90641424955743	19.911536646716687	19.752501987780235	20.639331568087655	20.607085778630964	20.580708786092007	20.297568222652675	20.419980979340565	20.339322991959747	20.452624556980687	20.375701443657054	20.341893275111957	20.486145064569964	20.344627983594762	20.384985661610834	19.690598228839214	19.764326676671296	19.963002254146502	19.43664377669842	19.600035130425447	19.598061173388086	19.81033186738377	19.646203249077406	19.715341556182853	19.67037094239049	19.777184532006174	19.627816306934193
AN005453|PE(P-18:1_22:4)	19.63915074021491	20.17931200906942	20.032221669299467	20.046264119950365	20.03048615274386	20.05317574470935	20.214863178781567	20.33695158512778	20.268817897476517	19.988281910450716	16.91053593264764	19.91301633754583	20.08894981292743	19.996559366251535	20.041421577778593	20.08563530949617	20.129745539963366	20.014221846997668	19.00757744418865	19.016040433635187	18.905732823842346	18.90199361664591	18.804642333732627	18.78165675255166	18.752179018984144	19.004784706245303	18.97542316787744	18.55415114153293	18.876788078627005	18.842938835831617	18.20333173612768	18.313967140457898	18.18604740900463	18.09617337142175	18.246957923999652	18.039802425480776	18.117970957004104	18.045445244253685	18.09276061423328	17.970811128667926	18.1573446711215	18.086917403592434
AN005453|PE(P-18:1_22:6)	16.912803833087533	17.432822357491958	17.588817868098996	16.61966377077487	16.344459955657516	16.27219972248731	16.872804882854506	16.589871919504922	16.57042098135561	17.04710822627443	13.338967467091813	17.254779427293364	16.168971916494037	16.23781661722314	16.092168260564122	16.515949437174676	16.350577242722874	16.553410385093983	14.882468546584354	14.580845662737026	15.144727266476187	14.669404720385097	13.597958754649465	14.266809187980279	14.146685058317845	14.648853170097876	15.059425023179916	14.5231263086057	14.694718498389317	14.929403778662346	13.43166139957415	13.419828766003295	13.19872809011629	14.443417178397526	13.974595159400101	13.477915901557243	14.195351888635956	13.510968390708456	13.661811163017079	14.015168211967836	13.482089045486237	13.499135326959445
AN005453|PE(P-20:1_22:3)	15.504483801440713	15.79550204762006	16.091187783553767	16.204219289174137	16.999940258467074	16.251072534752684	15.93093189015715	15.532945992511005	15.613156157354872	15.910137797183626	12.47578944436028	16.129735072099724	16.056618671250025	16.21455305984847	16.471878716427003	16.14237282256469	15.367845415609688	15.870233777995356	16.67180817247232	16.703967435710446	16.537732146599406	16.383500506684065	16.40880177718343	16.583598390143997	16.51040456883356	16.436267357724084	16.43088862382245	16.340155820885684	16.216001796794274	16.216624592448238	15.719879445869516	15.589171122978277	15.653455144297494	15.04206032230623	14.843068197974718	14.936823324848321	15.604374165419138	15.822908288515885	15.894704599464195	15.065831713362327	15.398940013150968	15.388660776756033
AN005453|PG(16:2_16:1)	9.420558335646257	11.37215932502776	11.356592107574519	12.091200147050111	12.004057645381675	12.00324869425362	11.049095757603661	11.57806979471394	11.493196209669794	12.733404164962707	8.425235507845787	12.775399413076224	13.515199101870577	13.46811682600783	13.322448029690374	12.94559091723037	13.061694773811329	13.043705858830656	12.33271002615064	12.492597979016823	12.509083123373179	12.881795678675996	12.933894002731758	12.939940137559072	12.150078018435911	12.338809977386507	12.296609862548761	12.592797672990315	12.544148426965767	12.569764150014413	15.098357896433077	15.152681569928657	14.99868178309242	15.796299050050521	15.687053173452458	15.596174353234817	14.614212284381852	14.660350474610226	14.624305844321515	15.496321804595722	15.36610091234727	15.496355664238068
AN005453|PG(16:3_18:0)	16.889684990447947	17.18619492669726	17.390428766948933	17.4337828766088	17.374060610496926	17.15724450214193	16.764214088201612	17.041014089500166	17.06188872506233	17.617510260418296	15.579046922683256	17.718144641627255	17.726384528035833	17.71150017193939	17.80128326242851	17.44545663669122	17.457056910632883	17.401976930881023	17.10285163801894	17.03895705697599	17.057004750469613	17.139478472943782	17.215940538171555	17.01413630211244	16.625953348047847	16.796499349884925	16.87257469655321	16.83285316322162	17.01661563841346	16.88463559944897	17.674933827837716	17.70413086853766	17.72325625156668	17.671524368723638	17.556484970076802	17.47664330954171	17.558841343577683	17.715468398154854	17.715573236598658	17.684596852957824	17.658303686664908	17.60155137945322
AN005453|PG(16:3_18:1)	13.732967407596648	14.195735835854562	14.179722546356786	14.084589119697123	14.124843235681679	14.144692749786458	13.858675512059675	13.933717960252618	13.93041572059006	14.694740919286016	10.947090310555993	14.667768546969977	14.549653086393336	14.661602894396184	14.640022338187611	14.5115106733122	14.534199350814658	14.440925101417184	14.408742844714057	14.47877598180932	14.4967035643865	14.661381827773546	14.862872761481643	14.820080680765937	14.096925459045615	14.214800545976502	14.248132251893566	14.333638217495686	14.473056306937435	14.541264427463911	15.857977123929428	15.873349359043496	15.849563651507939	16.43684978186865	16.214596282231838	16.193909160063065	15.400927490646401	15.569823049460195	15.556931952791828	16.267550577328727	16.140475211456234	16.300494363708136
AN005453|PG(17:3_19:0)	13.355130881034743	13.713200228334854	14.134557234887424	13.098975949209548	13.036947701757583	12.873972702430581	13.139986136905035	13.299522244958377	13.10326300937537	14.25355952888727	12.622408944033552	14.146456458565757	13.520606867367432	13.510704357642366	13.522654413918257	13.551690744791433	13.671261788926957	13.550702631801453	12.392276247024398	12.428249991160582	12.321326470622578	12.35831707985676	12.394980136884652	12.351454572995932	12.349631097495465	12.411667688126562	12.443091244245974	12.31490093423236	12.333184536867574	12.366536684801487	13.273532753251809	13.18267871790991	13.178502461169133	13.13646775908177	13.174974979613912	13.163798517202357	13.245286109083391	13.270406406381529	13.181029567074651	13.198663980077253	13.128022153253239	13.236415840707643
AN005453|PG(18:1_16:0)	14.009167668311969	14.469108976874628	14.610832845836775	14.681521977665298	14.31170480726974	14.419608543666275	14.156522310062694	14.334969453856948	14.462009836889955	13.951267147566002	11.525001994138718	14.076453773013457	14.3074532184219	14.165454052579646	14.000273918834278	13.970355632228305	14.085126899367449	14.20929281198741	13.94725718625548	13.967956078426067	13.806939080463957	14.318266667709235	14.393119527921149	14.671357892589329	13.98608871346946	13.984862505952002	14.053461194000347	14.058753289465095	13.956542268567281	13.686520743594883	14.440691080065243	14.205622018110338	14.364945668700695	14.711639775765235	14.514137911657375	14.47741447239309	14.429432684650891	14.472406328183956	14.435720474603396	14.37267797730142	14.529688777548154	14.392392825441378
AN005453|PG(22:5_18:0)	16.80307452753792	17.32777464156787	17.44851576133893	16.64516645146118	16.654545886500028	16.49584460379638	16.46210138041788	16.47741255793139	15.580179630621313	17.705872589855893	15.132903854336606	17.77900866300952	17.19137968514209	16.984784699219105	17.210537870351505	16.610444910573083	16.651462192840654	16.108038791641782	17.731105333574217	17.713827293078587	17.729974760037585	17.373574523424185	17.183406611928454	17.371072585888815	17.429531423879983	17.46515005933613	17.307600841004312	17.41136831663035	17.244457528574415	17.495355821954263	17.97043611123275	17.87682872689581	17.961394101981735	17.685080305895134	17.728236481006075	17.822766483891765	17.896213665215203	17.744644900920395	17.673739256609824	17.722715203877083	17.644684684950782	17.77872107138992
AN005453|PG(22:6_18:0)	18.059175670186335	18.35677637205318	18.490027774384842	18.227409712737366	18.153925571389532	18.220706038838156	18.844411436945236	18.936613406473096	18.8206520774468	19.021512096843946	15.886263044552424	18.93239946025139	18.85917758619003	18.753921413433687	18.760484439712336	19.205966759546683	19.20331953022379	19.225674722665758	18.070747238811908	18.086705439714038	18.059654108246928	17.793165096414842	17.751324564976073	17.716116667468885	17.87645425400384	17.813641750143915	17.85776049943967	17.725992218076826	17.784710278999412	17.974111076733774	18.238382207637006	18.14722352850898	18.18324276311242	17.769037455373336	17.811952077521177	17.717566674512323	18.066739621761347	17.946827072504732	17.890198951349845	17.576067567974167	17.997548324974808	17.946288925775654
AN005453|PG(22:7_18:0)	17.277833563240456	17.67806300208161	17.531469491985806	17.036352649233994	16.884140477807968	17.03027579501121	17.68624917324907	17.675446456359385	17.685843710012367	18.18049865582253	15.143279240226766	18.103460279676792	17.46924314296117	17.56990159445017	17.47654079196014	18.29962477393753	18.304600272622984	18.29350698087441	16.05678344219227	16.144361847455457	16.066208756379655	15.907555874924826	16.13455320829804	15.818337782888475	15.73281819767444	15.977623904199298	15.898292439284774	15.81837278162936	15.84518322671062	16.079308288904382	16.69815226310917	16.890583214673022	16.919042761363237	16.647781087869177	16.53788249711102	16.524741818315356	16.468556679772245	16.658991712851208	16.691878812469056	16.77671073953609	16.66105250897208	16.569079531228518
AN005453|PG(24:7_18:0)	16.343348459163064	16.61252814261261	16.443459377000437	16.676253933212475	16.25203181421411	16.673021102985373	16.618564752727977	16.687754277112607	16.73269958236809	17.157125390288474	13.991374810961359	17.209912500515422	17.087153385500443	16.945842559771926	17.286016974260512	16.961897568163376	17.110566692887605	16.98688865112767	15.179789092252006	15.077560123332661	15.140580721683401	14.513537181804754	14.5285240995183	14.569504705133523	15.024954643014649	14.745398062003886	14.840325303550372	14.746584740474395	14.735795632670872	15.054559220559474	14.4299490780534	14.474481812194737	14.895113474957416	13.753770820330272	13.994967120501618	14.231986022818038	14.747871538200162	14.555257290192603	14.753770653486821	13.961411627700135	14.396747677604736	14.171161113281226
AN005453|PG(24:8_16:1)	12.566577253717297	12.690593828044072	12.94373257770703	12.708178266280253	12.373525648443769	12.698427906462266	13.02126397502152	13.075039720122183	13.027742442166094	13.976557759248283	9.515004816479296	13.904518276458253	13.720826431691721	13.56970022690379	13.737770035124084	11.212768566026655	13.97821215622926	13.848595394219686	11.081702825112993	11.388467449285208	10.962584879171995	10.723097787850476	10.653238546969186	10.666183229568352	10.90321810228293	11.171692420654342	11.144053403752983	10.688936961310393	10.526837756535231	10.869301846607991	11.968752133098926	11.943778466029613	11.748809998838347	12.02354750821276	11.594963305278336	11.575107951502313	11.834624046166523	12.096975953198093	11.954959108543079	12.078336049513394	12.158042326342223	12.437620029613843
AN005453|PG(32:1)	9.145677515405794	9.111171046466902		9.69310328397814	9.897596968176321	10.155775522672133	10.188245920471438	9.511904833745284	10.223265111261595	10.097132593033889	8.425235507845787	9.755272405675884	10.808192890807076	10.769523210940227	10.487663020060085	10.631890562365173	10.944402129690243	10.612486568578998	9.500819028758833	9.940717580087023	9.463416994511448	10.319350289406517	10.414379951858129	10.488723738106497	9.905905890957813	10.266995088218318	9.993729958882938	9.970702882820927	9.982811763804326	9.951374190165653	11.271104654433124	11.322493000394212	11.112775115918573	11.573555731283774	11.277602935023962	11.343735334206173	11.209219198148988	11.27715298997828	11.360413945487377	11.668602247413057	11.396711600205595	11.523673126900412
AN005453|PG(34:2)	11.763724179528896	12.353547973943815	11.916652603098806	11.56060085402106	11.523162403389492	11.399617777344305	11.793049014167774	12.133873276153745	11.892481457018953	11.934157904086593	11.751139956198932	12.671435746134513	11.25377456608311	11.255643134682858	11.45847035073137	11.636952723842107	11.721116590130478	11.777103449988443	11.54314580915611	11.507555485313263	11.230420184832811	12.040712223930262	12.102373105316925	12.001064030178767	11.743478389098613	11.968622653201944	11.881972356802928	11.661459790781919	12.110353206175477	11.856511885666798	12.13251081260159	11.981444263277211	11.88351922074095	8.170182896233122	0.5531644888839634	12.259427995695608	11.92720287548131	12.006824505772888	12.003642433908189	12.483191864810486	12.089108377813414	12.137116972318703
AN005453|PG(36:1)		12.8708416882254	13.888087075759394	11.330192363521409	10.05967190437551	11.09832468868099	10.914834564591786	6.561511075862656	10.542646060503799	13.13945338111753	9.528498134451873	13.040212998192377	11.828851213480954	10.231988860475903	12.290400714041022	11.171930449469148	12.480166799593777	11.398679288556535	13.579477407465278	13.093474270727308	13.461274293234245	13.09060984365873	12.775981935538407	12.769584549049227	13.633572055940558	13.33271421237328	13.786857898289735	13.638116730732914	13.836152188927809	14.062499511967085	13.852990049576167	14.572648319625927	14.279055502283988	13.117240800022545	14.204940775693757	14.02862406648615	14.559883015709165	14.7555596458341	14.428241022813715	14.531199109944474	14.397012993341134	14.228120482430056
AN005453|PG(36:2)	11.845650237126788	12.167059198488275	13.122581690405358	12.112508903768015	11.954607621120518	11.854487544973225	11.635495904557352	11.817819794069731	12.192351568104002	11.378463543067415	8.425235507845787	11.958349471373037	11.114976614755683	10.75178645690085	11.267345876755437	11.292487332887882	11.008458501985222	9.560253125489359	11.720335705543016	11.853639696131287	11.82061270499561	12.664877523375308	12.276905656890186	12.227215936208287	12.153705154023726	11.993979309767118	12.567119019045451	12.184507062343336	12.068933517844586	12.171870672598413	12.189385948001712	11.946675396473115	11.99248134435323	12.435854581542902	11.561774139196038	11.545105553304452	12.017572158669475	12.041833494517602	12.05213883394354	12.049009977629646	11.646190178397543	11.839326678098187
AN005453|PG(O-16:3_17:0)	12.535652695757669	12.32160897404367	12.310987165618018	12.323850836647582	12.273278407211237	12.427307202138634	12.21974905941785	12.429980551472672	12.489252423148944	12.988807290924171	8.425235507845787	13.162634494465314	13.052642483573763	13.329805686267802	12.63525603964758	12.984849609310853	13.341124952484643	13.1247274158269	13.537215573915601	13.820908838154493	14.02589809305647	13.836800949096341	14.155168342990674	13.967910863522086	14.05782327957077	13.867036274700833	13.993245204815258	14.050345966656732	13.943272248159142	14.156464259499577	14.627110047642054	14.732001403085832	14.334485379297119	14.250346659393262	14.082269635328071	13.987519696431535	14.405782947591895	14.856081742707143	14.722331296118734	14.524940840729975	14.278560836865584	14.271546750510195
AN005453|PG(O-30:1_20:4)	14.788342716180338	15.289837024873691	16.39604506408772	14.425573962441565	13.891097274243396	13.584528746075236	13.579147927720301	13.730129044911138	13.749852447529047	14.225723529662751	15.682427206114918	14.778314142599708	13.801957791570562	13.14218252216365	14.001333538783333	13.434419754750378	13.157848263010788	13.11325280207118	13.183028397894716	12.444337209744448	12.226178552316458	11.694793905984406	12.041747868691688	11.45658745629528	12.760647533266699	12.897693151669964	12.539172262097777	12.164332508915322	12.308301043649314	12.72883638347721	12.607152330452948	12.636031357144486	12.582048384046466	12.219117632342423	13.189240344000781	12.933764924156623	12.996382749437087	12.032283449355807	12.28546288077109	11.898061757992846	12.705292181562827	12.59515407543041
AN005453|PI(18:0_18:0)	15.6907740518923	15.736242040889884	15.684931605457932	16.21336298653733	16.010010003833326	15.955836520530589	15.568543979745156	15.66980813343669	15.858348099854043	16.038584131923308	12.187478004536267	15.940659301348003	16.187442876157625	16.191839986627983	16.187454135754045	15.526193321388895	15.68622486596856	15.564845003477659	16.63080044198705	16.929869123174736	16.642078000047942	16.824789558536704	16.75479148564067	16.735120336236836	16.711810660193965	16.63375021055641	16.80182014004198	16.7083314084984	16.832339822945244	16.813696019730166	17.069496441825596	16.943587253102464	17.04034600603549	16.79711353434708	16.77407243085586	16.971929723656984	16.92386299730755	16.88755694415069	16.858601965576234	16.637931939524435	17.05832143406061	16.987154300229378
AN005453|PI(18:0_18:1)	16.570948100809293	16.93917895149656	17.15912241322245	16.675925192857978	16.818468925230835	16.564278171325448	16.970032387366004	17.054474419686134	16.944869908426668	16.732641541766338	13.40699684843314	16.772457776855628	16.53579227355975	16.616904756986436	16.840399388457556	16.461543745783707	16.644616689445158	16.493340682402884	16.126443169772752	16.1409889774643	16.19539107739089	16.14702663623696	16.14705363843056	16.100693241312133	15.988236398851058	16.131941500691585	16.428452402469592	16.069385989436945	16.19674937322946	16.061787826319875	16.649966108560253	16.668618173612778	16.43037863164703	16.540105005754743	16.43562250199916	16.421276088979237	16.453385025961655	16.592656256380444	16.58606970708287	16.54098661229205	16.464197648880575	16.357147091978923
AN005453|PI(20:2_18:0)	14.644181348412213	14.445149772405554	14.264856882107019	15.38274452570115	15.869828956931297	15.380872629590492	13.927784207336675	13.247535294996625	13.990389735686266	14.8149162983931	10.902135591049534	15.182690331005935	15.778666871813542	15.552042925148333	15.76324700502211	13.690519813574914	13.747024708771347	13.840917846748592	15.573367533428605	15.667545719012214	15.900734161951856	15.529254704506737	15.596869567344124	15.465526227135573	15.878789484449829	15.809727758036148	15.708810111560057	15.441349986629344	15.562331309291029	15.846623959172375	15.885919336995396	16.050276094223204	16.086138829907174	15.770403914461893	16.307072824933574	16.201290876685523	16.224440643316846	15.976316773965948	15.97981398524177	15.453823926817059	15.851557330813472	15.627653878525315
AN005453|PI(20:2_18:1)	17.053024102624946	17.308940916262625	17.572537401180973	17.586190719291906	17.314093027897048	17.448719548052914	16.90820760431181	16.88938972096048	16.917147330022285	17.502942746961285	14.068058357991486	17.463226959855042	17.59260061682366	17.434446650098643	17.300265709945897	16.774109938113018	16.863717022094004	16.796860182438593	18.027211624477214	18.178766886617492	18.057981702195985	18.088276532095605	17.92211264783455	17.97546640985215	18.1682584217727	18.223351201642405	18.12750293381142	18.174775119454928	18.116950276650343	18.230709449780523	18.3604358125923	18.28201707360589	18.353361547602823	18.309176888451947	18.142147059731276	18.174979323219297	18.500488670929148	18.28433690627927	18.08316396778196	18.185559809723564	18.413019051730966	18.251347430559477
AN005453|PI(20:3_16:0)	14.090431697365963	14.456100711559152	14.08684292951047	14.456180566627818	14.431861655057258	14.326596283764278	14.258185976512697	14.33499319104799	14.277597014671418	15.1399671526858	9.357447897159151	14.690258281045093	14.572117900567825	14.571630004638921	14.94280389308014	14.676611870431893	14.245727698477916	14.28600832285996	14.377578185819317	14.431454488123526	14.57803035239515	14.941368015567555	15.12329015442998	14.987684379063452	14.54801359628424	14.611610056639927	14.768032862845446	14.617205309362388	14.792043321517017	14.717784695829659	15.198290119615988	15.424374088086045	15.507697704224027	15.814966044427917	16.019221436126543	15.661998111750082	15.17881992478876	15.46909441040317	15.318682474473	15.722860237695986	15.644441866417516	15.633508164136522
AN005453|PI(20:3_18:0)	17.394718886720568	17.640939276353752	17.919520986858696	17.85110610229787	17.559301453562256	17.692580384265533	17.105713600979882	17.122551134985695	17.113123238836316	17.782982484475095	14.392459460673878	17.779568862464775	17.810066398508425	17.677809861900133	17.642402879869465	16.98217322478227	17.069792604132882	16.991043721986614	18.177561901220397	18.301676287315864	18.166077791551118	18.183780118467087	18.042952232380433	18.07020219902141	18.304126133341253	18.338226585989926	18.251398748745366	18.289741565257625	18.237894885555605	18.35903883635763	18.503035168824205	18.38658261048709	18.481267434163772	18.424360933791018	18.279648673777857	18.327032728894135	18.61903097844952	18.39793282695789	18.0933242812197	18.27938961604465	18.51851733368631	18.36769869846414
AN005453|PI(20:3_18:1)	18.73815116561098	19.086819606751693	19.133963277292924	18.87412575663702	18.804814810095234	18.62795366685855	18.764233704175364	19.037125104689704	19.023142854392603	19.01503957100591	15.752969572051672	18.945466074786328	18.795231980555087	18.875143360275377	18.843393579183026	18.68504906232037	18.955985192006242	18.73398246814515	18.23164711231868	18.21401450242599	18.15178356420353	18.12304696033334	18.326479909422197	18.170562641556725	18.133136197491744	18.19051358988126	18.458756600537008	17.990306762699515	18.270373369593848	18.139437639715958	18.517581811197072	18.46101844374652	18.477770544413303	18.5775753710767	18.452569984471456	18.262934649451488	18.35953323589439	18.490341095746924	18.54927584255305	18.529370530148178	18.442396926111254	18.454379936962813
AN005453|PI(20:4_16:0)	14.154197383763224	14.182280930060045	14.108183138666755	14.300472801204679	14.095274019768011	14.166726016430104	14.763176022764236	14.786298057199406	14.642537203902004	14.757836668384966	10.246864097089562	14.697449935721542	14.851457194578538	14.874463720684018	14.770595300436579	15.23655159257728	15.35241320948421	15.237246354120826	13.107447471641612	13.117639471672433	13.243159659982965	13.493978914897061	13.42360409825282	13.619529623330527	13.184836688998077	13.220828991756745	13.278072385211674	13.277691857403731	13.321125178985913	13.421498731549663	13.918509606710419	13.905309663640269	13.87519988314238	14.36206632370314	14.238116564794025	14.000469046752242	13.603139811032356	13.722889315831274	13.900477015521586	14.193021969076629	13.911012417749836	14.120653597162176
AN005453|PI(20:4_18:1)	17.900501560682457	18.006454178060483	18.00804976046981	18.204848064928175	18.300138483504092	17.980072593101962	18.375550163559026	18.39460632727203	18.225159115794757	18.227600897850763	14.408539257140008	18.111827509827283	18.180311049696126	18.158997228970055	18.223838859356437	18.368936366209677	18.33400476316632	18.20104038959619	16.43260224256893	16.321145362318568	16.44948384610292	16.468053058387706	16.552956602983247	16.382627540625048	16.392924979264993	16.612679894929418	16.67917972808343	16.118199251186926	16.362384816434634	16.1786395290433	16.679561781405226	16.693774235510602	16.68989334529066	16.73743412256069	16.90467197820097	16.616870625181566	16.497525197256977	16.73941827873796	16.646400566090406	16.70043722693004	16.508102568668733	16.595419430256765
AN005453|PI(20:4_20:1)	15.767893325085229	16.40057609303974	16.420641629797295	16.46033772955221	16.141667464471936	16.313673876611976	16.585573275107	16.632607891491496	16.306601450992538	15.77572579108	12.366153955644497	15.817202756517911	16.26378989277433	16.07955207319887	16.035589349270047	16.145193508348854	16.13624428509602	16.154660959715084	15.93889443092072	15.9228626649799	15.946412520150005	15.924203933145497	16.156136376749494	15.903681999574724	15.792701107942735	15.805162497012414	15.923583331697161	15.647595670062909	15.729176200505249	15.705508314470203	15.366433755246481	15.225272237728912	15.387521519317774	15.085477512081125	15.030242961686273	14.955998306349576	15.183154683568732	15.434992876786906	15.118180360519185	15.185449960512294	15.066724624878713	14.8783060465207
AN005453|PI(22:3_18:0)	15.4340200944097	15.529503183682424	15.397197415404706	15.804252190087036	15.62226775555878	15.752836101123776	14.948325983943258	14.404247343582183	14.874378801762115	15.382178564745635	12.586542771566721	15.431801469737527	15.468365261864621	15.272436324855919	15.715318405709528	14.45739908203227	14.123883627022424	12.795922237527087	17.550696487407286	17.555875969426964	17.673608266159967	17.015139422853494	17.143258575168307	17.264468449724614	17.485660794068192	17.497558757921045	17.282544326199382	17.478785685950474	17.212585909412585	17.508380350261532	16.474958898847166	16.405213926305688	16.422326154975313	15.643956925662453	15.906260432065636	15.795750430638478	16.666655925949804	16.261461407913846	16.383132427966817	15.884889015525538	16.045010017823415	15.916356191197307
AN005453|PI(22:3_18:1)	16.319659092923924	16.47824010588658	16.521532770848964	16.913554643207906	16.88811834475037	16.738793127865478	16.79361516575428	16.993992427721036	16.70105734068446	16.468613459972392	12.583378611356316	16.383957249232	16.680868869073993	16.59761004894918	16.76940927293895	16.218023982795327	16.559972752451873	16.292419879348195	17.537903455670005	17.410699892842942	17.551000749138463	17.442669594637135	17.316101085522686	17.35581970392561	17.562225010040702	17.412111381862022	17.786990615637066	17.333049712464504	17.319490443178392	17.51084600905209	16.606755466164316	16.6221994250084	16.61771536480696	16.082025125125153	16.23572452201363	16.145508060257082	16.619985021037945	16.6435680196878	16.510679012450453	16.097213593960912	16.256132742959988	16.07279651209475
AN005453|PI(34:1)	12.062325317425985	11.956536107368665	11.537138463901018	13.242821579084415	13.426409970765414	13.080367117765494	12.375414689800936	12.137017043895648	12.457380398922918	12.299639536516247	8.425235507845787	12.382246437347185	13.218681880608877	13.671849252751864	13.33213388495654	12.493662923086495	12.34534439896159	12.611204480603813	11.780043921294807	11.485633431126443	11.759958500240957	12.6680857096557	13.03119890556632	12.676970962667102	12.539433587923556	12.407036539584336	12.76477394092053	12.602670929491376	12.723603077983311	12.789501995939958	13.26956343423762	13.351220205795917	13.19775633540473	14.235990304930917	14.21820350044065	14.175578839534369	13.471747507836408	13.48627838405553	13.49981428396515	14.017082415895002	14.017056146730859	13.943381435140726
AN005453|PI(34:3)	10.432043377981511	8.120288776325824	9.158349425966906	10.390917282018219	10.594985116168194	10.019139810148792	11.041074485554784	11.127559023487738	10.499730883535618	10.713550905655598	8.425235507845787	10.619710656939837	10.413537619597696	10.826294354639291	10.977808969199863	11.50792298183545	11.243893729773369	11.796686600208947	10.744427253439301	11.032974423373156	11.253979602088043	11.781268199311913	10.941104862455381	11.885188765654734	11.397962303296872	11.258234020078028	11.234899735369796	11.31365191827699	11.051878646777753	11.12309532665946	11.705943270702909	12.039357840770428	11.555969971581122	12.271997803813976	12.24902305151353	12.303206614088458	11.394517268565242	11.764748487287257	11.694287916388248	11.980539661676428	11.919759772871975	12.015570559639954
AN005453|PI(38:0)	13.284645499402224	13.441437605470414	13.163372071765263	14.028603246140394	13.653612424513481	13.805680112367757	12.983307374323545	12.480784409468523	12.514128210694425	13.45887538606147	8.425235507845787	13.274337841983725	13.554242041020109	13.356274167612126	13.876590113203743	12.464519824105418	12.362388538376631	12.196278140720548	15.556525393570528	15.339873222033692	15.604012115246999	15.18858301551497	15.402040505313217	15.431698264040522	15.541344559901365	15.532749901577143	15.395862688442026	15.60824315288731	15.204248032753757	15.510877196848721	14.468798216218756	14.319282917449028	14.264317878313323	13.601654855153972	13.746978967888365	14.052755481887399	14.457228517682246	14.255021581070936	14.201788756659202	13.894989201071756	13.901504860624838	13.95251011044933
AN005453|PI(38:1)	14.358788333365075	14.653634084202542	14.531364187842934	14.986907073539813	14.746092931609592	14.936638308823714	14.94798839579305	15.140575038423213	14.874488436145993	14.691056280988501	9.765740808519773	14.507565766852872	14.81589165585102	14.80202797282202	14.962602991003209	14.13474247389715	14.603236254724633	14.447065175079418	15.61538052223607	15.51011429360669	15.715483661570662	15.525769672380545	15.36762717710289	15.433659029599113	15.637469911635737	15.477837181154667	15.724305435410605	15.475971041835857	15.401305029647116	15.615326385569778	14.79164889740273	14.748305988081514	14.776492110051969	13.935377378369168	14.346345447054555	14.232632369177157	14.871331215375202	14.674854882300387	14.775368184232729	14.21020105135244	14.371322287668082	14.223229042488068
AN005453|PI(40:7)	16.498107406825554	16.651711567513438	16.68798455889602	16.530423354657614	16.233982222383787	16.21571154913729	16.368782775118593	16.391757842117297	16.500310193255675	16.646586925856543	13.478355535213153	16.65170627570858	16.362082012171022	16.358803495201386	16.41614296270215	16.320857332303365	16.242663342939338	16.07915311897315	15.400405119099002	15.205737055304093	14.929928412016107	14.780563706353805	14.866982340578527	14.741103477949858	15.058371453979637	15.228168703748361	15.19587289951183	14.864467299251807	15.144236547958176	15.259270311855449	15.283160760348373	15.103580089678227	15.145739068846328	15.190925947938462	15.366463747104634	15.262784927135678	15.19961530917374	14.7713902635629	14.833734114411651	14.48412967346719	15.071692485202759	14.868277323210442
AN005453|PI(40:8)	15.319947201938831	15.259508577727052	15.160066112987398	15.44679849480053	15.18153206612895	15.139517049099657	15.376535336376817	15.545542675324256	15.191604204435974	14.970817730663397	11.291273057844418	15.408758076334653	15.186558805160818	15.13770500322309	15.279089203323565	15.353206220827106	15.19629262820523	15.18888129022347	13.727595923972517	13.470914669243554	13.256210091355719	13.257184166845812	13.399219017749216	13.32859962535778	13.414968845135025	13.612950502688305	13.642768511173099	12.908581375873888	13.303919778073093	13.29113047040413	13.693209141576691	13.445651428702046	13.596804625436597	13.596344574770464	13.598660664144916	13.440486628999023	13.438282293982017	13.32740313590734	13.509703075030297	13.339361859363617	13.281447342763656	13.33123258120717
AN005453|PI(42:4)	10.87211943511702	10.569982199361732	10.899147494008377	11.894803148538443	12.563656608273122	12.056272410636707	10.906057027769716	6.561511075862656	11.084057861221797	10.397415449397366	8.425235507845787	11.184775374372519	11.497231985929139	10.947617834150673	11.035867423678937	6.425262965579076	9.771121108673157	9.753379800929896	12.969221524933337	13.307268227186402	13.274359653563737	13.066401708692299	12.96020121740719	13.042940542542931	13.160149349839738	13.058576725267297	13.407981172212164	12.9461282671002	12.802110492197395	13.224323716980463	11.293635271842614	12.021774238030593	11.781768154078827	10.527675844789668	10.037432528094948	10.817950066510239	11.74360958384538	12.155430175176624	12.136114707135622	11.12820735549094	9.845328948078825	11.188967455782883
AN005453|PI(42:5)	12.55974177783046	12.841158209519412	12.391225036232026	13.5267378943405	13.792222243534727	13.507295179640067	12.52498042220972	13.341968166912189	12.981376045798093	12.000216037794557	8.425235507845787	11.983061860623415	13.192135742891436	13.063463052998873	12.70561594355988	11.476843886209721	11.933637400488887	12.342423883401235	13.929834793974686	13.660077632269239	14.174738860948228	13.58198448779115	13.67755056312039	13.678258058111659	13.899868475010106	13.468420395991792	13.656922839802435	13.46149466530878	13.4408263908084	14.007884583155354	12.10831294669086	11.397230126013488	12.124114635982787	9.93065141305452	10.856533663047045	5.714611895804926	11.57451178059963	11.950991312568219	11.891941335545567	11.487217078791165	10.373075413392215	11.638711520944835
AN005453|PS(20:3_18:0)	14.223879039681405	15.688279825742597	15.92223102147453	15.839692360200798	15.886487182843402	15.796109411965757	16.01253701849555	15.9058353934934	15.695027308523926	16.494603785537933	13.834979436758493	16.189314127141092	16.20237502482102	16.26080330627262	16.224946237527526	16.08148758962732	16.251310417089964	16.364706522340324	16.31347681378245	16.344188703004598	16.24720956643104	16.226975346962387	16.341758261856242	16.2238350355486	16.184464089014092	16.204841022779775	16.2071555373005	16.174769947184547	16.136062866754006	16.21019904349128	16.937516981246848	16.920462235394936	16.831548220904683	16.951579730123395	16.870145837959964	17.019916370504568	16.839894904689967	16.607332354846157	16.737788456177363	16.715352133041502	16.821851846798303	16.835907808001476
AN005453|PS(20:3_18:1)	15.180377918551352	14.43560864354874	14.923210403734924	14.15337996782661	14.123340023600111	14.096879091462084	14.163459837505982	14.340125747403672	14.250741516251187	14.997103209109635	14.391218293688933	14.551116897672303	14.389095270287624	14.959038730772942	14.63257335158703	15.008697805518795	15.240563573132862	14.955190267728044	14.47452955966731	14.519652620453748	14.59868641441586	14.745091967849275	14.759607312191614	14.003321642134853	14.317347068886306	14.158540682353383	13.756850145540756	14.42912754574526	14.643377472999644	14.582369644416104	14.348108495460526	15.573415295501084	15.532051623519456	15.639156430370516	15.622170057640018	15.518828443353726	15.145910554415595	15.557328977958676	15.318444540453875	15.687581515965556	15.675550588895346	15.558164421953004
AN005453|PS(24:5_18:0)	16.349467881343315	16.609887905592597	16.04002383287305	16.675234036672354	16.554163555922912	16.700302493977947	16.619309680538016	16.662119279939922	16.731781495176588	17.239589879668074	13.969535413993226	17.2148205664909	17.090472370674654	16.95705658550078	17.209143992506306	16.959187176015693	17.18878590364724	16.986070356362845	15.181144690451239	15.076190163697726	15.151961226327206	14.513510658284535	14.530070436602102	14.572341892709295	15.001086532777514	14.768866947055848	14.838185438261267	14.741676558713644	14.748277681580586	15.055018267335567	14.431943667272892	14.358550750623603	14.894106902561251	13.75696958448242	13.991576236607129	14.232977860692232	14.748554957857117	14.534696535483842	14.75164400960957	13.968815188375395	14.400707792339256	14.159534352533148
AN005453|PS(24:6_18:0)	15.205021976230219	15.659075230988147	15.655220775173692	16.04748135101111	15.781979762320582	15.684513835620853	16.14506288719232	16.37560962508059	16.112817908611742	16.710443371753676	12.853753133013026	16.309860515123926	16.675313695809184	16.69061288272822	16.569012345972386	16.631445604572445	16.564270033123986	16.71801399021665	14.234552651636875	14.471515317080014	14.106132474675741	14.0170400941486	13.862896394317618	14.030302519292924	14.117813975750197	14.049876910108424	14.120431419512316	13.994578184600169	13.999334303250794	14.064224351903858	14.304236360442324	14.197050461391372	14.249644474423363	13.895176611785558	14.213323386951526	14.242826090953942	14.312521546924746	14.404162052261523	14.313392183626107	14.23652239544046	14.109059472271916	14.494165206343732
AN005453|PS(26:7_18:0)	11.048699032008308	10.312609211360323	12.096371687840016	9.81061017434111	10.141895761922582	12.152323505398916	12.555514887338672	10.079189911354616	10.22205774715007	12.382504967538093	10.653961862904286	10.130915259568257	10.876804953255492	11.788252049055934	10.829977763927122	12.610630029999575	12.31880171999083	12.628065509819844	11.091894140654379	11.985572935488904	10.308249585380713	10.30046870911879	10.413824655812023	10.09067208618471	11.09333336379124	11.156349607512183	11.328537217055882	11.266577807011322	11.031843116913896	11.055047987808967	12.416043325842741	8.264419128887361	10.478894034588475	9.798640128168318	5.6412045235970485	11.153264045500132	10.763251786261565	8.855455301826309	5.07746268974197	10.760286756281296	12.896379343914502	11.979627327780673
AN005453|PS(30:0)	7.586332548863908	8.120288776325824	9.158349425966906	8.7796441193816	8.8641273842372	8.951097631118115	8.329928611318639	7.998951900226198	7.697845758386054	8.80327663583598	8.425235507845787	7.70717575240294	10.91074288577926	10.76638647262562	10.823595825091546	10.352154301359334	7.355217552959189	10.472503740488017	8.667151490974685	9.26472576859025	9.261549237779251	9.461882764428335	9.786741761527527	9.844042044054993	8.831936716031942	9.243402537516879	9.19724164935782	9.560094627622911	9.303719530112737	9.274726408243868	12.244124985218074	12.271545067453138	12.003177967490993	11.73731402646408	11.488454842698335	4.925748722787201	12.033484440988548	12.05713602634169	12.071266100361814	12.012303946493978	12.0589889485714	12.03228958908087
AN005453|PS(36:3)	13.358154757244888	13.818540598426255	14.59648256076737	14.568352811236325	13.73790118950969	13.633205316865464	13.628997949874105	13.700996942745018	14.002733157327059	14.210630081080128	12.93422186084495	14.326230686030602	14.160932650515722	14.228718594611419	14.250366658355983	14.314384796157368	14.111063189596742	14.282890470147114	13.605087184354815	14.463187076380441	14.011778562515378	13.214531803594246	14.310015858904821	14.1768640654049	13.522121997035578	13.690970559489218	13.711369351292255	13.872554410850197	14.007734681157325	13.876141034781316	14.705962601356992	14.564004297656814	14.667462004497658	14.988759029327339	14.909031490462832	14.88001287349559	14.26996601214648	14.465710720272636	14.463601095318381	14.93382072761145	14.889361241051368	14.962207930727695
AN005453|PS(38:5)	12.315276137406203	12.385770680877524	12.822832266331588	13.316874477773817	13.137553844718896	13.209684346789135	13.17092804759726	13.289524077705297	13.345726389852597	13.71434357255701	0.30744812973865004	13.379244619798014	14.2743615995407	13.696870793048971	13.353798904464933	13.828777820319537	13.914375773761325	13.853335578509913	12.1035833113493	12.16278214000553	12.004569029979738	12.116867905674686	12.319483255673566	12.208443612793252	11.914174217334496	11.839972212392972	11.88859440613772	11.823691762007899	11.913012454876501	11.778723514787094	13.18764826772428	13.04729935014964	13.168150616537874	13.343217740744672	13.411863131301917	12.838758027980449	13.049349066443868	12.87599017857459	12.957946194170733	13.321146568443382	13.279444121439607	13.367798605855171
AN005453|PS(38:6)	12.984765012570717	13.44762404546361	15.205521336210115	14.273175599025874	13.420596080465312	13.686779607678874	13.448445524147024	13.470463251700842	14.173232916876074	13.663227544583735	13.533467214190699	13.880826907470814	14.610419963987034	14.684401600965929	14.716123798481838	14.207519494311866	14.488911918985131	14.439362737362151	12.436087983335323	12.407440262010706	12.265675637003616	11.894147439166213	11.949898510249843	12.214395723802657	11.622178866476393	12.139575626792212	12.494772133737557	12.112193078391405	12.6068588180248	12.159005127453831	12.445466764927087	12.339462840672784	12.935550466726262	12.523429489852909	12.448394556799007	12.40781446799353	12.21489153109914	11.676585525404137	12.456582821617811	12.235462470748894	12.826700688737176	11.680125620980908
AN005453|PS(40:3)	11.962928555555749	12.642558000427622	12.910498553661604	12.06246476337252	12.207902491145255	12.167414039442217	12.125347444416773	12.046235706460244	11.911094914232349	13.060500814882298	11.286039431707554	13.012708584642231	12.473164261068202	12.429755200916839	12.496789436647216	12.113997239573255	12.149226660811452	11.894723252439892	12.986731514338988	13.024548184903935	12.545335934914785	12.707952205091626	12.950101277084897	12.986861897382337	12.874783489647841	12.896812305097137	13.025073283506753	12.996895271760641	12.711516002688311	13.024153626970616	13.376661642641336	13.340252175335797	13.243536850195053	13.038534642840483	13.038617330159454	13.14688318720142	13.2875356391807	13.267739974751805	13.34470164112082	13.01292192105201	13.123196659001488	13.1684363248704
AN005453|PS(40:6)	15.631962266298324	16.07696578435095	16.184377038419086	15.531548052850868	15.394546300630394	15.352798555015926	15.962366284877914	15.827171125292294	15.904564334466466	16.825650821928935	13.712345753970718	16.770757967415634	15.790792948117412	16.14541056229337	16.20363177160556	16.528676414142772	16.575226914331477	16.614046374267723	12.96206998242264	13.437549540796855	13.554249500426945	13.563697040591835	13.677799536808898	13.337326922984472	13.270870055395159	12.130943327995332	13.539678399990017	13.426668975368406	13.429359152440885	13.432964039697946	14.89898089136998	14.656548605092686	14.620544934254694	14.743782797560879	14.868364122985506	14.53854845810116	14.498025792624867	14.776119316005753	14.97882680978669	14.877461093304824	14.765226977709045	14.783422198096002
AN005453|SM(d32:0)	13.502689759960699	13.69315419756717	14.031375127013378	13.410067996679679	13.382304927968587	13.446870668453448	13.983127043447206	13.75367564507436	13.99115069907371	11.599608639056479	9.629877073456209	11.745699729284445	11.096253809919	11.000820452064385	10.062080367353046	12.202272302904579	12.28891418910854	12.194515683586932	13.955990694101974	13.943507320477021	14.372884793755862	13.615181976305124	13.732572997798647	13.751011950194485	13.37695622419646	13.078978330181027	13.533886452895896	13.830572159734137	13.775866294269141	13.624644287841283	11.37588303560066	12.039573555737748	11.721149441690113	10.999408668828607	10.726722659652486	10.642110179010206	11.285175048874567	11.791723555038494	11.665766567175933	11.20723460236843	10.899635228586414	10.973977823134105
AN005453|SM(d32:1)	15.39409703512274	15.847913856480448	15.704848826495853	16.03425995867131	15.979870769673648	15.985033863978565	16.515529255587463	16.327672224275307	16.32937611376878	14.739973188629046	13.279410732439697	14.894704006761224	14.411355609268677	14.47142108174042	14.450618345429298	15.669278513725772	15.555202587757934	15.691610184300044	16.43034486430815	16.62055975686272	16.792550945764255	16.194331080833198	16.431734019796124	16.470832900987205	16.34458295006463	16.332093546331325	16.266695425430306	16.582850827220884	16.387856549999672	16.296893887400525	15.290477531015757	15.308115674774937	15.383138740730443	15.091699976593855	15.059154058571314	14.897495838179028	15.304361820335446	15.548136376646621	15.427456850665198	15.668981118315937	15.220216804520739	15.253862141411654
AN005453|SM(d34:0)	18.894756226765285	19.334652343107347	19.156176139337454	19.0733158508007	18.984094103319723	18.850569591864314	19.127546773737652	19.22234211649806	19.10494438594913	17.124506089879457	15.143893041080018	16.84491031427991	16.211826035106817	16.086311011692402	16.038672675397795	17.23916854380614	17.170561470616466	17.00964685900769	19.347799114034494	19.425691398156506	19.610321477640323	19.139726898096384	19.046553228330517	18.791294562523294	18.805494379777954	18.941731402724493	19.107875667286347	18.892362955615884	19.00505813810962	19.236604818127468	16.156525586350597	16.20283306050276	16.1142480451442	15.229090640773663	15.312859161585493	15.061649424974748	16.13921952921983	16.377501731764752	16.38947432080181	15.224590595162654	14.88700901911771	15.233804785627747
AN005453|SM(d34:1)	20.134004417670347	20.706333737467787	20.64859011118793	20.825871834101125	20.76208200800975	20.91151309471158	20.9379840991122	20.896820346471795	20.894255340642268	19.932353211593757	18.552492692828633	19.79297329587673	19.683167532019084	19.667274804423762	19.693645301692907	20.25119450131575	20.34927746585302	20.471853616653195	21.033668771800702	21.19496251232834	21.30297455138015	21.157361736197497	21.15206584280094	21.245680345600565	21.202125947100605	21.234625987004062	21.174273711196488	21.395307271987903	21.074408010737507	21.136224336420682	19.735362347938242	19.714134163373537	19.82119854786172	19.582533971905388	19.25868183793739	19.418183710714313	20.094461205359554	20.024387587144947	20.016665994096844	19.414216460200024	19.55784095433316	19.499613156376544
AN005453|SM(d34:2)	13.138771104117446	13.539881599356441	13.275695387284578	13.618421959469101	13.722159702195666	13.616812578344714	13.573561890701095	13.567461177086564	13.596801982712122	13.738492084754002	11.3297774087311	13.758269381886285	13.525320076735342	13.75768176888209	13.710631974972339	13.341495955511991	13.536424902963011	13.504944516682214	14.391886573527522	14.698663851781891	14.808589350940526	15.635328865659897	15.98579474740817	15.742483668782004	14.70601483950746	14.741669822787104	14.99493469411138	14.879007808689105	15.060731066917663	15.050876043159953	14.127880797512626	14.17151812991835	14.052107589853385	13.97586821336766	13.90516098271874	13.707726912359819	14.05590983152235	14.475023685200481	14.182898775808205	14.245391384423586	13.771329982408007	13.958023410636482
AN005453|SM(d36:1)	18.55233899145657	19.095896036301916	18.902162927433583	19.088038639710774	18.97711118628208	18.91366168047476	19.57967834880375	19.297409117570474	19.426406348542812	17.731225656153427	15.901639879118981	17.658404215739363	17.12479552236577	17.229543511642554	17.094980733625057	17.904836105158495	18.048964270655933	17.88364245556418	19.038952135600073	18.977561350802734	18.938723361045156	18.52552882405499	18.74548562657045	18.46290075367913	18.8075253336642	18.941949830357387	19.275989132246096	18.851048171073895	19.110575691636058	19.16706819559272	17.03488595413968	17.12422134359678	16.747158188112586	16.41891218506472	16.225917536729813	16.3403053987393	17.42812498487346	17.341348277155962	17.5741206167212	16.814129050542096	16.92419529259043	16.73099324659905
AN005453|SM(d36:2)	14.471941076786464	14.728065886423725	14.90782469746542	14.874278283401331	14.864772595919275	14.942659017365687	14.987678131697036	14.840100847357014	14.93603340704291	13.313072854461462	11.061268429604024	13.264610350900822	12.59980102916589	12.987176929170955	12.9025952144126	13.627776680778899	13.840200083275262	13.818505189195122	14.265875417225876	15.781184753130942	15.219641598737356	16.100550295555582	16.08225967668776	16.198376441389545	15.12075065483613	15.810616580387455	16.035288363060904	16.22599829120802	16.05229796870924	14.068283047242936	13.727335768886363	13.770543328537022	13.935083909561017	13.782722789102149	13.326484546911342	13.252352135234602	14.027969727516766	14.491561956160123	14.131696349574538	13.699997556124595	13.798881631527502	13.745925544284221
AN005453|SM(d36:4)	16.446811843723147	17.09755381480012	17.039697136317777	16.982608091327798	16.68699019251929	16.60869271185854	16.542210912342757	15.819607833679813	16.546106587956526	15.90246197619621	15.084614957834516	16.2267152981957	15.856593881187504	15.152506341356997	15.316720572123579	16.091887848730487	15.401350001133652	15.92036446136641	16.219505617624097	14.488757594954333	15.51271675792682	12.716343985133635	12.298514321874064	11.749959620525178	12.425380079866478	11.62837085906885	14.177014519138163	11.783698505601963	15.170686567078771	15.896882697322418	13.960887655824946	12.288502830930344	13.578552584428126	13.516376799214123	14.1492559723625	14.2161736489084	10.360977844845443	11.726997218648346	10.13415892425588	13.416887625892164	13.567214765876052	13.443482910219245
AN005453|SM(d42:2)	19.095623110257677	19.587233347330148	19.21735230486928	19.45051174186071	19.40076112825662	19.45193035976303	19.395042403810407	19.514988695690835	19.48560721250247	18.254572830816354	16.607867228376083	18.174796177654727	17.955312058904187	18.000440046300287	17.608215788646103	18.02250313939629	18.351063292848636	18.259358541208947	19.957017223053946	20.24723836226159	20.4048659137155	20.109775732392905	20.09679518534646	20.063255955691886	19.91740144288501	20.055556319761124	20.14619364487942	19.796597293902384	19.869218862385953	19.895079090495095	18.162151749588293	18.237668101509634	18.14889787804302	17.818750971812136	17.600527461539937	17.56210269018851	18.26856602759171	18.86566480539556	18.890666627359913	18.026779600026234	17.48192326284595	17.64942131771557
AN005453|SM(d42:3)	16.616339149231372	16.999553433896892	16.88848258360341	16.912692753666246	17.086501117538088	17.07978646387763	17.03075424738686	16.8505858701833	16.800837200335867	15.457116609447583	13.116914828276107	15.48411536644812	14.626788077033607	14.6305144895175	15.379154707986567	15.74323762343426	15.808803980522676	15.944330856476968	17.87346686637724	17.746545767147197	17.937518845671573	17.840314774662787	17.866385651815907	17.99444264164397	17.825347351712168	17.691328958106386	17.829960944384986	17.767171533467206	17.69789886295539	17.780778030256148	15.119060186988278	15.415036879064028	15.537042984890908	15.004596635549413	14.965222560935528	15.234421104443364	15.583093211073681	15.53989220672762	15.588061912293496	14.830466093596067	15.125674619892807	15.0697325833445
AN005453|SM(d43:5)	14.860724680516908	14.858408065108401	11.69609277101541	16.235293384733552	16.666245179517965	16.62721154339164	16.697507662918337	16.41455359099568	16.58526813422742	16.768306604027643	10.546051902662843	16.10265933374571	16.936899257738148	16.93050670166014	16.788197556350053	17.464536550964702	17.05681535919433	17.382760253478395	15.975780267819125	16.35890562185299	16.16278989984277	15.908573146081382	16.087430658621475	16.503417964162473	16.660729275416262	16.092183855325068	16.0308578273459	16.079270859430153	16.133634549201705	16.258407318474557	16.279421514506716	16.15630314676266	16.33548785792519	15.23986670899068	15.351734787327311	15.040524436958785	16.790639132810284	16.36425782145867	16.5393788698629	15.600341072104015	16.519885241305065	15.924797314645584
AN005453|SM(d44:2)	13.15093021476887	13.51768789131236	13.424896122095948	13.243798163431123	13.079630215320464	13.401294972312293	13.27744155714513	13.195750015786043	13.156487572302202	12.381064002306116	8.425235507845787	12.32124949277716	11.895164114301245	11.96730254923039	12.032382622328935	12.51995508471949	12.443985122720306	12.07390317464791	14.145092150194237	14.385589174556314	14.545873485513606	14.165599118799763	14.145017718260103	14.582133122342817	14.158487843962375	14.007429946146384	14.424023498698338	14.009921969149591	13.98919126574707	13.713920208315619	11.905238734388185	11.992565882890911	11.912244972402172	11.614530909951608	11.485303899182092	11.50502425748497	12.239067030223593	12.641092945323653	12.548830638330772	11.93859477624665	11.203783191877527	11.186157489422026
AN005453|SM(d44:3)	14.50961248845195	14.834924455888252	14.399899821382986	14.446823616404714	14.374290052510133	14.593469636675643	14.358691972567954	14.273512488794562	14.357499736741246	12.141543778536636	8.425235507845787	11.964397628473018	11.293742977838205	11.712845934346237	11.438429007356707	11.820120042961996	12.315247573566465	12.655018177726367	15.476716013018738	15.800125019902818	15.644272946086417	15.71523023863773	15.714471316276107	15.768920777150104	15.695031319125993	15.61740036258512	15.437032978947656	15.496538959840773	15.459825087159388	15.221385506907566	12.266881003447885	12.464285657397335	12.398424109003507	12.002437039441046	11.67419575331196	11.336821890411672	12.54790079753725	12.989954572428239	12.977271535965643	11.878609935234921	11.210329456843827	11.83413085800017
AN005453|SM(d44:5)	15.401214897550416	16.809247493360665	16.76972396985369	16.711471754560176	16.4282680264434	16.386373776263582	15.871221835140982	15.666074711627138	15.368395062625106	14.66234601561733	13.267470179569198	14.823754684831917	13.652995125772954	12.831998712673348	13.833715180639732	14.374985810226368	14.324151090289442	14.276735563406202	16.83721435943824	16.816702744433776	16.614447699205986	16.282111029822445	16.440931887817417	16.314203392404	16.421447842494842	16.560103657629064	16.325740300950226	16.600789993213876	16.69407093536613	17.19008131181002	13.225295401526084	13.263190413709605	13.432255285822624	13.084833412159638	13.251517760280446	13.17886029575556	13.503352478777419	13.374607033524734	13.700517456034405	12.69465368293745	12.997627410654289	12.620521558030601
AN005453|SPH(d18:0)	14.955329574227786	13.497919254249664	13.833589518861098	13.505842866727269	13.291983490586537	13.363491142287497	13.306210550725135	13.359761230874916	13.073527471554353	11.341635430457126	11.804357372997822	11.769919181640285	10.382621470971626	10.497532341951754	11.227321806594787	10.990421417456073	9.546391527536931	11.28051816185061	13.712192267051192	13.795957990330143	13.938488358670996	13.24939174635549	13.407113196693137	13.41136105701173	13.751076785597093	13.599272879425781	13.77952909300087	13.441270225861	13.370400739106872	13.50561511763951	11.542039308289956	11.61971517487262	11.554824173168182	10.816461583020526	4.098325981547145	11.180723442465188	11.427677136169127	11.755584714055756	11.558703498602542	11.05173436150786	10.72046524262984	11.193504182164014
AN005453|SPH(d18:1)	13.555326431038543	14.066472206678677	15.404453435850822	13.869855660769238	14.019256193584619	13.893723784069278	13.683488580954757	13.76301359876106	13.490094923780271	12.789390174780356	14.068358622322846	13.662832633666923	12.135687008640927	12.734106344111924	13.707752022727218	12.92673714264253	12.734991110690169	12.579123887255074	14.015113371913715	14.128354446791063	14.268808476171257	13.474613501953815	13.61796445939883	13.59091578150667	14.047542880539389	14.058333504024903	14.129801337901554	13.663591758685698	13.493238457438522	13.620868816403883	12.409847660026935	12.670313116339713	12.561484820616842	12.599045981136817	12.638704693266959	12.545686009125216	12.635292163067882	12.78886652160415	12.708457805217334	12.273014315377768	12.2180058155333	12.26263016781516
AN005453|SPH(d20:0)	10.81163833159093	9.699275779658404	12.341708895093154	9.796194907344095	9.976131333806384	10.445153721092309	8.95215049032696	10.089482188772369	9.582686343968131	10.296062260588702	11.474622321001517	10.078400038241398	10.674746648147774	9.3151965024055	9.55167228158873	9.155707288565758	9.125158960825104	10.69009715249221	8.746994827691294	8.792346430587642	8.157055228765845	7.8084516329025	6.857169533094655	7.461239255383013	8.118189603522373	8.723284628172008	8.843862203109737	7.92801774334226	8.987752505074596	7.421942609552945	9.052617817522854	8.815282090336215	7.833055121542338	8.372021933402676	10.634960391239629	8.391285512691434	7.517008312753095	6.899623787844022	6.45575234283742	7.341689465740449	9.222277976392657	8.305075659461611
AN005453|TG(12:0_12:0_12:0)	14.225666021410014	14.629778775704997	15.686242368682	13.626982748218728	13.081519733602736	13.995448699089232	13.041472725394717	12.969689638897991	14.73483079398782	13.478367321005164	15.131094561938239	14.800645081212894	12.739888804046842	12.68589550846647	14.140422150867465	12.94070735327434	12.9461999004902	12.601290825150377	12.433537426102525	11.946227657080739	11.723952346995667	11.56094875246252	11.018934363930766	11.1364455677531	11.235486611197292	11.30185090614111	11.526765567135635	11.383369469797337	11.45308882312064	11.922149337490849	12.145403200892702	11.801598028204454	11.761669600001097	11.910354107210505	12.650471066086025	11.904234858553693	11.981151907186206	11.482448785198494	11.612426939546625	11.037056782118919	12.088952808503555	11.968728597380293
AN005453|TG(12:0_12:0_14:0)	14.311574727946187	14.412812878434334	15.694228197332123	13.552883578463616	12.96344846581045	13.86654996001808	12.933484089935407	13.137186455255835	14.522686417264069	13.431539332585627	14.960977448920898	14.55342834838348	12.644136979074577	12.592030059491993	14.10267417050296	13.026290862600192	12.986116035934268	12.443066877476884	12.403984216271777	11.606606004048253	11.485737510963828	11.103245428930318	10.9496934614708	11.20659414577986	11.562286633474189	11.611806818890829	11.059672967599806	11.346077655103986	11.353352045485346	11.66596558438851	11.97630794215095	11.801271377898805	11.697902364578486	11.532480502383148	12.228884544568489	11.879490672058836	12.009255010546939	10.926925900905259	11.417084693172788	10.884067788136889	11.85149661917844	11.534208958350424
AN005453|TG(12:0_14:0_14:0)	13.75813183583757	14.448654938363823	15.60724707423499	13.360353732947672	12.745349458164611	13.553939165618035	13.214021489315789	13.10794256466832	14.199533967342296	13.244199843695743	14.757685666491057	14.187996644515371	12.657167537506359	12.292160599130264	13.668263139248786	12.760142256659247	12.71310449179922	12.397270393862739	11.958018499633873	11.62529544905907	11.20417405201939	11.03076618388615	10.871590292151968	11.049965236876707	11.380393920126771	11.550916280526623	11.376555272015208	11.31300914590784	11.634694293483149	12.007800353559803	12.250495295907223	11.850535683660098	11.646238141238252	11.82196716658696	12.576631268197117	12.097382886074374	11.959649439882057	11.493159298740187	11.511673893227536	11.336453546590336	11.800458051774514	11.722099929545225
AN005453|TG(12:0_14:0_16:0)	14.299096138768231	14.48536886390828	15.622753043928398	13.537954360297169	13.614783316880656	13.47150853071072	13.65648466156579	13.490381162316156	13.942019925821366	14.01728081159344	15.103448294267153	14.604084513648077	12.915925575809547	12.6855344115967	14.214008618049768	13.531667822478054	13.067901114848818	13.16011144612008	13.030744083072644	12.107599187749607	12.068551248315405	12.116770558116729	12.027752189860058	12.190277549181276	12.242579660947461	12.179874417067092	11.731691758962548	12.232058493855133	11.935689301653767	12.206221735169118	12.788383200322478	12.413319240803075	12.819295570186927	12.846339487051852	13.408938763206672	13.102923719263304	12.944153796679066	12.39465338978436	12.562279140690173	12.614423121234127	6.355047502403015	12.91555195565376
AN005453|TG(12:0_16:0_16:1)	14.040896706438973	14.029279368584069	14.880345405034335	13.393884954014856	12.828318809481452	13.676272411107123	13.084181398289509	14.168798478044671	13.68600821121626	13.227334651438165	14.676856145462265	14.723805781041184	12.4633495965122	12.445458475392948	13.661264969734825	13.500874745993565	13.246362073419771	13.448525903097027	13.617146390599887	12.856425858157216	12.831003380235465	13.225585044629897	13.141104251296587	13.404788938345636	12.426860201746846	12.593704029635084	12.407293357780995	13.300051460736574	13.155068421130052	13.006385263199446	13.698615724338765	13.385666252513388	13.37064631174156	14.119804152805845	14.300856553538097	13.681707859415017	13.718773659535106	7.229906135030004	13.625996415644126	14.353699215126813	14.04288794033363	13.93301684096199
AN005453|TG(12:0_16:1_18:1)	14.438830847653799	14.107595997533798	15.05689156265641	13.538112833530956	13.139284492862734	13.566065976189568	13.398399642536718	14.438438057892318	13.990455252122128	13.616527489450835	14.69883718089703	14.497981668182797	12.789793352758593	12.78156353669036	13.843505795002615	13.677211129368116	13.472158267675976	13.746676769084084	14.230575347994039	13.729020333743726	14.089845590554866	14.385625790777457	14.158059770698962	14.869685289599808	13.637855212329407	13.561429410027365	13.416824703315669	14.664077834040697	14.475813958283892	14.612995695612332	14.007890197719615	14.187259882135164	13.828214541614361	14.657074168949185	14.84938375846968	14.00900749318904	14.417261180696272	13.905927015842417	14.149627457676058	14.698972435633362	14.599465817804608	14.508172088449541
AN005453|TG(14:0_14:0_15:0)	13.7008328420291	14.656388314660493	15.655383703663945	13.647864403612752	13.338236051989433	13.386041985802086	13.56197249012722	13.70284576542576	13.449992146286993	13.826128721548681	14.971268722659522	14.350180500903658	12.948674114356907	12.568196281640295	13.60642512876394	13.459936494879347	13.064414853028286	13.290572890702316	12.894209702503614	11.943896030749974	11.960103280653192	11.77557434293526	11.412791890214034	12.277704167032105	11.881046735062036	11.999030953978178	11.776449629085814	12.000941970431388	11.750461980309234	12.226223901698834	12.197174211242283	11.808700061170802	12.127035634789534	12.084746331182405	12.874097397484716	12.30658446500931	12.915511247147245	11.721603193744919	11.826213720766553	11.508988419428107	12.525930506882567	12.421879385609603
AN005453|TG(14:0_14:0_16:0)	15.512271458382239	15.916623060817896	16.543266109374	14.687482447727792	14.702554271336453	14.49801994710123	14.954025412866471	14.655662676312872	15.010572903476099	14.80289110158815	15.974932398748681	15.776066862459627	14.120163861116264	14.052351871051476	14.866279940554307	14.864807982741299	14.130427855523505	14.45961391643988	14.149969049313546	13.758031313380881	13.655126124608554	13.87833198203295	13.610077278405003	13.994894247695658	13.310569069095932	13.532488959507738	13.284731407291847	13.804113274705445	13.695892568453994	14.163267014465045	14.377463496522468	14.084794566072933	14.334573681202274	8.241871179586132	14.579481492710478	14.627693977583363	14.475781820927637	13.954134576207274	14.1145769075676	14.674988058943644	14.783231633701263	8.332669077984193
AN005453|TG(14:0_14:1_16:1)	12.54815958093911	12.299752054447431	13.171347089969967	11.491873970230248	11.16936375778666	12.09253358840086	11.635444431513887	12.93075070283536	12.2016627578257	11.621375109127607	13.08525137317145	12.932172976860139	10.76652809204141	10.662450254102996	11.88206378789005	11.820161189735803	11.666564905073617	11.832379696039965	12.208936592556588	11.20074978077383	11.135726100118198	11.310081066050275	11.50595339997638	11.854948250171999	10.925072291999419	10.648908925592226	10.549475748275443	11.653838669480772	11.365864045934423	11.55324462910228	11.800598309526446	11.390155074853267	11.362281365806894	11.954743759612871	12.280158773394882	11.889114192520475	11.4031214544016	11.191770903034191	11.481854948563026	11.881134495224881	11.915181499827813	11.848294922230503
AN005453|TG(14:0_15:0_16:0)	15.587690072102024	15.734643791600744	16.576895280258615	14.881390343255617	14.61804021397631	14.494396675953212	14.66836006991972	14.83403729097792	14.831634940443063	14.87075835339199	16.048670772216266	15.67487581767243	13.978277671528222	14.090046992269924	14.788674848886888	14.6846230287045	14.54667517955245	14.629314499484337	14.266639323572383	13.672291690768436	13.22171572365174	13.128040287018374	13.153555138979364	13.804129325542354	13.451146428229652	13.405806123317042	13.06503182040715	13.741923394636286	13.573960050522398	13.90544899715819	13.836376397334297	13.42091475549156	13.253505672986705	13.779218335391766	14.249716623273478	13.964677189471448	13.99038063897539	13.187434413818304	13.591578636135006	12.912089053156873	13.739632951679443	13.854519779962798
AN005453|TG(14:0_16:0_16:1)	15.041398334073062	15.324298382862995	15.828240755459696	14.83582235057824	14.279789173940728	14.814332280806411	14.42199553539515	15.48061573570124	14.926819520320185	14.49057058902133	15.818692896205999	15.473670208171539	14.336290373121596	14.197316498303847	14.999528439347477	14.879422404576147	14.982472481872808	15.0533907147662	15.789261250438662	15.43049539311479	15.442891125037294	15.843285289459818	15.951775407808562	15.703972485991137	15.025460735534411	15.186197847597729	15.285718785383024	15.769088139776839	16.0041792908647	15.856507987960553	16.05347531434016	15.893904084164916	15.694795560384085	16.252826581679617	16.12712638717084	15.633650093955351	15.782444247833542	15.991599557806937	16.035080032634955	16.524540471865027	15.98630750549035	16.38186401095976
AN005453|TG(14:0_16:0_18:0)	16.3778295308114	16.739898397951873	17.463164343570806	16.056344911674177	15.927495479536631	16.055816597217575	16.169596054274596	15.717266884993974	15.77834845594164	16.206178242880704	16.87579025024532	16.497301351438097	15.759277222134498	15.544773094536767	16.09842715942708	15.64839200379846	15.600033264047552	15.765686224063844	16.044004492693542	15.560555491029612	14.96578700113507	15.672974610324156	15.483428154616895	15.731937904068262	15.613790754206645	15.722543096672995	15.55826505560648	16.16522064262411	15.78010414298717	15.788099055074328	16.464746595868064	16.32814039072757	16.289223673404102	16.719341672419816	16.63731415025496	16.52340943545316	16.28423937512122	16.338000733446794	16.54817483781547	10.698883153933313	17.023170054938124	10.694879857037293
AN005453|TG(14:0_16:0_18:1)	15.98717356967793	10.05212309099123	16.369275927677258	16.180516908573544	16.00244685959983	16.523858333730434	15.567321902679032	16.33087653718992	15.98911060579188	15.82761309448449	16.171377602598316	16.633093898431277	16.04304037113142	16.162691040493073	16.341315746608814	16.11319847054163	16.402372715288628	16.35597514058994	17.754639906965924	17.669888211810708	17.85351766411586	18.03252419211171	18.110389196887198	18.016291611838913	17.660601204144875	17.628637813268462	17.535173752810802	18.31041197197116	18.52687606451555	12.36999757993482	17.8395099198512	17.89206703927427	17.50435720709263	17.96982230182587	17.59770809997043	17.545342183785102	17.353116055370094	18.108085982714282	17.80861550423714	18.224424388399438	17.927678511648757	18.096927100270445
AN005453|TG(14:0_16:1_18:1)	15.27936083764492	15.421506922777683	16.047752389585078	15.107263281115067	8.671588615847114	15.418618901433542	15.106048541656826	15.571513757669655	15.328772309340998	14.975167984645278	15.61612884610662	15.826823468817318	14.765981666632934	14.698626139988766	15.404357688676317	15.437856778762738	15.209841746395117	15.352258200200815	16.806829548868485	16.212255357408683	16.817207598336097	16.685027992611943	16.843507506349532	17.199015688534974	16.60647279120853	16.341204231655606	16.59540691089274	17.61397438694531	17.28979891954744	17.31753970393642	16.236433359029686	16.40380253019291	16.012390279336984	16.706669550160694	16.793951131894147	16.325336131086974	16.309425157215397	16.523906040084412	16.408724966841223	16.929914466748123	16.479344255342152	16.732959214282978
AN005453|TG(14:1_16:1_18:1)	13.948044771197084	14.035479798552057	14.36421108265187	13.510011528587894	12.874351647937878	13.283541734644505	13.142457323057782	13.678985874656322	13.316572912261066	13.31317791115186	14.089007065328198	14.2965108007963	12.724017358732201	12.534796448082146	13.169291031713211	13.490339761096768	13.394676532832005	13.517887270679399	14.45327734777087	14.348919851115333	14.337486066464887	14.916395042545412	15.046775265318894	15.231829498370912	14.511114978272866	14.084646236998111	14.00873379350617	15.151594923646392	15.067293456384547	15.051424799320142	13.764025457242258	13.684117474463623	13.63356125755582	14.26797082666511	14.244326393437046	14.072652926338382	13.798232963426235	13.74406437867762	13.799598058710467	14.396919505008263	14.311189437940103	14.414228568064914
AN005453|TG(15:0_16:0_16:0)	16.026964223096833	16.30728050195797	17.03129512276667	15.295538704146445	15.17096738730958	15.02837531188006	15.20165704785404	15.364146987467493	15.510895002260938	15.526206176342008	16.54870927143601	15.863658327828318	14.591208557088061	14.38120129722182	15.248720174811082	15.097773876630507	14.832301308916156	14.968522146505526	15.059452453698157	13.631799389997513	13.954499448776819	13.939741655073819	13.742496544705244	14.19439222854676	14.126291388069266	13.738982841066447	13.854499623880843	14.320724146126754	14.048593562980884	14.24962496242076	14.256265479299648	14.004042596564116	14.0642681434298	14.235815082433803	14.750027420109545	14.308082948224198	14.513714843755176	13.829582120215548	13.909635607525097	13.563302367377634	14.372518100682823	14.399657563868361
AN005453|TG(15:0_16:0_16:1)	14.767687588919786	14.75146001029784	15.251905376797842	14.047354778323566	13.297983680223172	14.010389054225096	13.821216133404683	15.045450967919983	14.716171346923485	13.385574737231584	15.074753251186934	14.863072695116035	12.810125452679017	13.023513571975212	13.977652774433478	14.319769121602578	13.93411502971873	14.143727747957055	14.231349952319535	13.096821911103241	12.698249012707155	12.747625675352019	13.117833132272883	13.788285304095767	12.45189486618609	11.93073865598295	12.28133594421218	13.185287749279032	12.698639136810344	13.3300281430438	13.219369285489973	12.70462900962224	12.894452037011725	13.128285772015055	13.942620236357824	12.98494834142008	13.549064952942032	12.563805344546322	12.88697617437118	12.265530535671962	13.172410834358931	13.388441133091064
AN005453|TG(15:0_16:0_18:1)	14.474859072862355	14.528491121178002	14.795669852178584	13.677550591128261	13.234214364383329	9.236433064586564	13.72861563014536	14.894050744934487	9.068574692411675	13.369425884024007	14.554745216200464	14.71496104118898	13.01754806181293	12.628825186816	13.800871628730302	13.89456126248408	13.748452093974842	14.025269237055557	14.329499813703334	13.618078072455383	13.69983949853924	13.763938375231023	13.747228009061764	14.195752172327962	13.40069103501343	13.139556342826424	13.237852547386328	13.974747566270649	13.742482737222451	14.00913779471605	13.477954055185632	13.2668700121054	13.246262348469322	13.555942789951521	14.012862698753644	13.360542631465451	13.548725065080891	13.077069404806904	13.026886731742579	13.185718799392241	13.466118566826472	13.542357064517452
AN005453|TG(16:0_16:0_17:0)	15.061639592337642	15.280105632682403	16.179551514471722	14.618646768644918	14.110622592124967	14.254430227733712	14.23999502683397	14.469948132760818	14.210176431310202	14.292633891163234	15.807387420331414	14.749876991102925	13.672455437212223	13.557488071355534	14.151826489300497	13.853906205387602	13.80280024626961	13.668693232009279	13.763694831567275	13.157946947949835	13.036134962739798	13.111994586569882	12.534280339393565	13.191204679708894	13.1683084634515	13.186659871477543	12.414933302645254	13.203884415732407	12.965705908576473	13.176274352371609	13.568821962563483	13.295008117974334	13.403976867825133	13.241433034920076	14.027910298456852	13.413670682514603	13.666354664878643	12.960814697796629	13.126677402986012	13.002236474778739	13.583641289332077	13.647435799352682
AN005453|TG(16:0_16:1_18:1)	16.856476939344113	17.28102143745108	17.503500931213345	17.2321250853213	17.215842006093748	17.407246092695857	16.4650628950633	16.899349700305745	16.827713982065607	16.69724011803301	16.444590493361208	16.77513223931333	16.886250600029733	16.73437636667068	16.654354191632745	16.430572557470747	16.848992396991395	16.93511212146296	19.267460161077945	18.90802839501145	19.590896427196444	19.464442384586874	19.58974767261183	19.618061847972616	19.288849293079863	18.83705543664772	19.22440506556713	13.767339015565833	19.912904466369767	19.98322266175505	18.348477170360113	18.575570561669036	18.07798622880022	18.46929443924733	18.688082692999906	18.197044208916267	18.050943851642536	18.582042296968158	18.326480947522334	18.764113124952246	18.481369110279783	18.483363440202524
AN005453|TG(16:0_16:1_18:2)	15.520994114682107	15.605372600622223	15.852162521130866	15.081067644807039	15.108667778310492	15.19947915934488	14.824577099080253	15.041245269902774	15.128217309025748	14.854090577349387	14.899493069011665	15.260617666172479	14.595705787016163	14.407113928697477	14.761827267724051	15.050327382699711	14.755782426731473	15.058828857508653	17.246453760267112	17.185367515799854	17.155329561987863	17.813441233185323	17.8875321791172	18.087557958285647	17.089743075970556	17.137549123171237	17.1795886842078	18.246999487918824	18.065884248485887	18.08408797380656	16.212835922288512	16.2092610913828	16.14755331078401	16.58670778128986	16.537923965955365	16.47848984060928	16.140545208866563	16.503353740978266	16.407066767911253	17.040252834464678	16.603885133837522	16.720526062499598
AN005453|TG(16:0_18:0_18:1)	13.26937206249443	16.699781221089445	17.108428185185787	16.815282506877352	17.593322585760056	17.30212981707633	16.245995704765544	16.396248833857218	16.213292996260616	16.841803898212273	15.967245863382397	16.54641041006351	17.312435921967957	17.389882846641928	17.436970218198024	16.786469636451205	16.965020749641543	16.788178785666986	18.984455438780238	18.804420783885195	18.29192928350746	18.747189800669084	13.05020394569752	12.99177580810899	19.19227448445152	18.758221416607768	18.514143073649507	19.433233436775033	19.02132188819959	18.987190217096046	18.322708248464583	18.211055356949288	12.64418590782809	18.26401579673728	18.53587994255975	18.79190901214703	12.535003118012513	18.360541995436268	18.473007267836596	18.731244733689827	12.82871033584762	18.63452371651601
AN005453|TG(16:0_18:0_20:1)	14.985366887857248	15.283060745074115	15.043918909764985	14.762818921173833	15.021578841876112	15.88040388048207	14.611759644719097	14.563960449904366	14.669225011661345	15.044010755462088	14.149460110837882	14.961059156623163	15.72705863019893	15.98930409433512	15.664293483406366	14.221849039730355	14.659581696731292	15.15534449725715	16.889778978057638	17.21727514750453	17.216830302070733	16.146067054345927	16.20791513178931	16.773428352801158	17.06898490986559	15.999007244072262	17.202107584557066	17.261428586705676	16.28605717877848	17.24283892929651	17.267239342194113	16.811895343506848	15.992847228695606	16.31541178955778	16.046571523195357	15.66856531268978	15.999339300818141	16.844982333042314	16.830861227103046	15.803705918311763	15.797468122782602	16.55490123694083
AN005453|TG(16:0_18:0_22:1)	12.19017843381977	12.794839819480416	12.845186075942982	12.005795610090617	12.727788984181226	12.471057080257893	11.658592589896942	10.813926734895308	11.283299093713207	12.700116656754759	12.509793062774431	12.44075786898875	13.482910236512867	13.771015865480043	13.490558816692657	12.509080522032889	12.431510262879035	12.293908954717716	12.931301656372808	13.98332311079441	9.059267258397025	14.242167312017227	14.2851426556516	6.916223631922971	9.760171403376278	14.230181709863983	13.829264363790124	7.35342636398119	12.377640542957334	8.157828960595909	13.453043112486572	13.376608543015319	13.703546447090652	13.276658155748656	13.781105763850862	13.655726425205557	13.692783660169493	13.593309369768106	13.801898096317986	13.694152502950065	13.44332299658156	13.557438261905638
AN005453|TG(16:0_18:1_18:1)	18.592992295314907	18.616086254118965	18.302851155935638	18.662354780534425	18.7437968219299	19.338692672246797	18.11733723320479	18.263503023343794	18.144546110722967	17.549568463237936	16.840713638079336	17.97028459224231	18.1133158733992	17.996580982194544	17.97446609627185	17.443104443312237	17.731764278605176	17.932849721714703	20.592080120903567	20.999618087598435	14.947840816471077	20.94558381577525	21.035755953271963	20.836734047691497	20.659070952545086	20.874533826224834	21.007989427181375	20.98531626777215	21.435157831147524	15.173816923761375	19.82363173521227	19.982006449134904	19.534727787579744	19.815576605932836	19.56735349833505	19.137576173151665	19.278380673568655	20.050405379997954	20.006911956157374	20.10784726735224	19.886629134556777	19.98398729785424
AN005453|TG(16:0_18:1_19:1)	12.37129711560693	12.292248145747987	12.715784024464787	11.740489449491125	12.363189393038478	11.907705543956714	11.582139840280016	11.68631892646916	12.137248218249148	11.750435831111435	12.199126368938426	12.439010666819566	11.728175642261666	11.363547250209434	11.877418629044724	11.40658592472678	11.142210101442673	11.62991841030368	14.497981240096895	14.358957967567815	14.635113777182717	14.853836462489658	14.7296549530156	14.883427606140751	14.55757051069446	14.23208200713831	14.18420634104759	14.872387945632846	14.733012625061535	14.806730078995308	12.951298107883861	12.681914904406092	12.906411418209053	12.964067387478588	12.816824928592146	12.801902876380549	12.741256438520338	12.788444469855087	12.543437154246039	13.245005287183943	13.03323529982869	13.09341845108118
AN005453|TG(16:0_18:1_20:1)	17.515311269506935	17.63735301101604	17.601948618636836	17.554133172171248	12.493762110727609	18.361865233335	16.94062255291015	16.898850877753024	16.664578939973033	10.771045010283796	15.9474278218223	16.764516626896313	17.22471638340463	17.138180294001405	17.643279061882936	16.435647564075115	16.538774533490532	16.62926462398812	20.076888886606444	13.994912515609684	19.691979574749812	14.004108035898886	14.151766775147014	20.117281629632092	20.236675895512352	19.967859007930407	19.725624367586885	20.410571102418437	14.241120661725953	19.773991194288786	18.499441939472774	18.35765158623103	18.640215465560406	12.475863133580877	18.204340531285723	18.24922176822153	18.709827379511665	18.711830120496174	18.821448505554056	12.48961721234745	18.66063812959575	18.724084216341254
AN005453|TG(16:0_18:1_20:3)	17.272048484854558	17.70167166119684	17.64733833587413	17.122687295503464	17.177082182904233	17.323604442478718	16.731724710431564	16.807665928142665	16.862530300834084	16.412160200159185	15.989076986726115	16.316621946215506	16.04819153397126	15.991624013803737	15.812208396374078	15.68690143359825	15.891988664766851	16.186067122300553	19.332941599665435	19.38780247706099	19.50111874386655	19.68576744135281	19.854058836767724	20.035052066227035	19.4964473082108	19.311293549195796	19.46342271506015	20.24374986569209	20.09220721523615	20.17173286525405	17.188609542444308	17.31890076522693	17.180411180486285	17.388645746559874	17.167993544164755	17.213991023441924	17.435847149708067	17.610443296757996	17.62542276874927	17.811081264989912	17.726718778191408	17.439416701816302
AN005453|TG(16:0_18:1_22:2)	16.92226280818707	16.825601143619544	17.06439700096612	16.63159650876628	17.507289259745868	17.384425554158334	15.964193832724215	15.740859395765346	15.817451197041494	15.71762437290871	14.589410344979386	15.709994142731288	15.736598609548354	15.773500857856138	16.079916230471014	15.040055983082228	14.985709226338097	15.293325999889419	19.564494154427493	19.643592981089874	13.551129005740941	19.444535419989215	19.501762334057396	19.54318472536532	19.094391421576447	19.72279952627954	13.572901052176391	19.345678495816653	19.768098818003857	13.835298380773477	17.270073598315665	11.422740278925298	17.43343661435186	10.792928030770659	16.72128572918998	16.829397554977298	17.434888080459025	11.59457304280905	17.827756610844478	18.007672961402587	17.66556550524814	17.779982925019
AN005453|TG(16:0_18:1_22:3)	17.51027382912334	17.661877566880023	17.52228441042425	17.30330264527237	17.665894360291382	17.4533201429508	16.787615314954618	16.383737722050522	16.51402332401173	16.187733162499995	15.522504972337838	16.27567382958527	15.989277032382473	15.894784797276184	15.926073472483846	15.475000450457157	15.445975923160058	15.667245413604888	19.753437980090403	19.73202216337519	19.95233460883636	20.010883200281384	20.035161894936678	20.01009602307529	19.80944374262591	19.80330148679589	13.747918561367523	20.328768796358293	20.352148549112616	20.030020334458637	17.196143368692358	17.146657526041892	17.04188975740966	16.986116070898888	16.94095448132032	16.88816786561863	17.23957115377027	17.59677383500309	17.636115717521673	17.450273137095103	17.374146541141982	17.286453964129695
AN005453|TG(16:0_18:1_24:1)	13.440752162363914	13.843989306857335	13.836026790210706	13.877375764736364	14.579227409084423	14.01762850600515	12.553972552813793	12.912658803456138	13.053082235436273	13.936979434023057	13.592304353743701	13.694646701749646	14.957536562915497	15.027331650177885	14.966483817430676	13.477813627863634	13.597931903953658	13.568970022405711	16.298012820244885	16.065720717658113	15.901334210006109	13.528861510162905	10.68571500472162	16.33526758749665	15.684133441255097	16.291819877836858	16.193745511191338	15.81534830621645	9.749731877065557	15.769746959913824	14.617409801582056	14.741454642734698	14.945294448369443	14.215892122944869	14.059104283862728	14.01877609423278	14.846351077209189	15.03485620086167	14.969136743970457	14.568106429165853	14.22711031750511	15.00940778923138
AN005453|TG(16:0_18:1_26:5)	16.392606332766682	16.79871426745607	16.72021776964632	16.61511089081021	16.92316199820037	17.0139526664834	15.697672008756044	16.172905539470793	16.250707328416723	14.862592798135395	14.575880476370218	14.945857539007017	15.39651396796563	15.260980836347963	11.752585758979624	14.195235652752395	14.71200248239226	14.586975576255071	18.11979341589999	17.776490772430577	18.132337938217123	12.161125492908345	12.18091100517221	18.261612345062858	18.130162126018643	17.751540499767735	18.099676198528034	18.66964848299128	18.172537423503616	18.518139880458858	13.841374276657413	13.896866244033832	13.914214755545476	13.420904773451415	13.33503852250725	12.999444322582109	14.179994514891977	14.537949811575569	14.593527097508673	13.986310491708641	13.940687856090559	13.872541101796989
AN005453|TG(16:0_20:1_24:2)	13.88388716184782	14.62786778884473	14.351908297014123	14.234805779973989	15.121837188790225	14.786005087402787	12.912723052147832	13.325514798664946	13.27527695896006	13.931599325045989	13.659046892138944	13.78769272054173	14.441049896271439	14.449172859470305	14.801332980064707	13.18279298708092	13.04600447502978	13.433746478024537	16.656353553102466	10.916909919737543	16.683656718444148	16.7022097699284	11.268823673861393	16.96498964472991	16.651222201849354	16.774334450126496	16.75744501451259	16.317256797783873	12.917779882161716	16.372207890141503	14.375635761218222	14.369653826970318	14.263254661986743	14.025896523434506	13.170933347046661	13.191524936513272	14.302429454420427	14.510189248077323	14.711286199355298	13.943082815442985	13.765581657240531	13.859661411818557
AN005453|TG(16:0_24:2_22:3)	14.076087403308797	13.847860764345645	13.64742988523392	13.410472007855333	14.874200388455877	14.555095835704563	13.220890134613622	12.841869853668626	13.074694855087378	13.046749541111787	12.648132784102089	13.003882764803329	13.175295088368642	13.383554188977048	13.610575819884364	12.1944687273683	12.069558744514923	12.461468484104572	16.225442920080262	16.529484523276547	16.635793287648774	16.652658175036166	16.703304282251324	16.663755920386038	16.267424424107116	16.738078025751623	16.499290986735147	16.635826333329128	16.69355970143906	16.5780033034113	12.35685015646679	12.59092641453099	12.594553310715325	11.727220604483266	11.871372945075597	11.383065779508048	12.809708678549688	13.220347262737306	13.037330195768625	12.359480153864249	12.088609920610388	11.998540098073525
AN005453|TG(16:1_16:1_20:3)	13.810824366601384	14.098241800466885	14.13517127832759	13.26502170771988	13.417315837851497	13.175676487375558	13.700559897781684	13.822313966384865	13.895217612131919	13.206485538855556	12.672464283982675	13.294510736890894	13.221119959323126	12.54083875147263	12.578676947459847	13.545521582323317	13.166479795608332	13.512446323329504	14.485576620392575	14.470364262808705	14.70571111777895	15.390733863589686	15.689428975314751	15.431733689836092	14.528164683246837	14.60321253865064	14.57952649495928	15.490378202494794	15.516585123235012	15.643629541482458	12.87229151321283	12.828967005447007	12.587583184559827	13.247468683090197	13.248195949173757	13.136708628044328	12.435021415132722	12.919332529170722	13.023728013830942	13.587706019193776	13.349346219963719	13.27939873331989
AN005453|TG(16:1_18:1_16:2)	13.428667805191864	13.59102085081467	13.829903230089506	12.859010541102206	12.808969399687744	12.918981092001317	13.000878004344724	13.069220103046208	12.957590254145858	12.77638318739945	12.78482695593815	13.089102794342422	12.270473110614489	12.208696722773087	12.416317768212673	12.89069550166762	12.824347567458338	12.904979816540889	14.53651064191217	14.51066848715921	14.673644572939095	15.08641109286812	15.52407603039377	15.539460409478796	14.404826714349293	14.527147362358082	14.453090765546262	15.413558715692256	15.290569818393124	15.314141286916582	13.36952185444099	13.36499440342165	13.308818129425996	13.75475462695436	13.576993083533758	13.664487619435587	13.32404002159735	13.297183440163602	13.129591616249229	13.913393028851686	13.709653286019055	13.910075646570736
AN005453|TG(16:1_18:1_18:1)	17.55116924883604	17.461558956480324	17.54443004738033	17.259261892463428	17.522855842014437	17.202281851847296	16.994433643052357	16.914211346819567	16.699802792448644	16.63387959878511	16.106239133092984	16.873914291551127	16.33677252627388	16.234693629837082	16.70316435336291	16.424382991419513	16.459687287036154	16.518314394029126	19.76917203952032	19.46035959025715	19.669177225628026	19.96567962362085	20.131486776619536	20.17146794764654	19.840822548209406	19.492868468591737	19.212186946528913	20.505550724476038	19.942220869977113	20.182248702849375	18.204231302466518	18.040399083238707	18.2266401684074	18.231383992477696	18.43197688721205	18.25308055938798	18.059230076058306	18.373438525283674	18.06772073853578	18.51756429549688	18.567918541316608	18.539998408869014
AN005453|TG(16:1_18:1_20:3)	16.37651615676018	16.993031365494794	16.836046519816914	16.05367050856095	16.129443633887753	15.953649073206048	16.26916038658241	16.233585602272356	16.319132531896898	15.365949562656459	15.291530284459624	15.485659014077855	15.501158486483867	14.777334556736594	14.800219365206022	15.389427637632608	15.428437418783467	15.347342202322295	17.612119353967138	17.554956723972058	17.563803047006434	18.18628519543208	18.480863326404656	18.269871167873355	17.81593915612487	17.651227968608097	17.57850965174499	18.600721056241632	18.37847939606704	18.35304782380405	15.304239871819307	15.033679745346838	14.807631320308442	15.292037978066332	15.368542678772135	15.000219868998567	14.927746940776345	15.526368714110372	15.397395555946613	15.689263316246983	15.563996236634035	15.56044130026621
AN005453|TG(16:1_18:1_22:4)	16.373623301963566	16.892111644826716	16.643281852163444	16.237374034679487	16.460022894031763	16.182235680666253	16.99840944800127	16.85629032871851	16.785013407700777	15.460943885444971	14.714789667616706	15.624362820860135	15.047442694635444	15.16524470318593	15.180171696761374	15.601304433140145	15.823704013423242	15.902638679088172	17.243586545974377	17.20235512285557	17.333524154029593	17.781983024815265	17.756239613325864	17.7205897298743	17.432361099489263	17.156387820495684	17.331915539989065	18.06512710110616	18.1370781058611	18.032036907371825	14.166263128955602	14.127247224458598	14.117091539577684	14.411978939286241	14.502424833933537	13.958403772736242	14.069146841165956	14.592415157297644	14.562261018715423	14.718772658666145	14.566721944575791	14.613645809767997
AN005453|TG(16:1_18:2_20:3)	14.959709315915317	15.333867415127308	15.315130289362383	14.55147497195916	14.789667973230323	14.536787550857976	15.282406988226732	15.430850131004165	15.278823492224538	14.13159990521863	14.083606963752283	14.487905788879317	14.962837196564472	13.821011417028819	13.88938226665836	14.97290943674544	15.112677865401766	14.774537975337273	14.764447914478804	14.862217137779819	15.080300663735423	15.432414534202476	15.828382683063667	15.62793897401688	14.733682804149014	14.98688639303744	15.09842166751296	15.702060314740285	15.962479779054442	15.925861684211242	12.436875889023735	12.516148651809313	12.13412254441899	12.857127602620887	13.179065877207545	12.788325036713303	12.71106540068285	12.87808933449433	12.915863637254208	13.40966528939726	13.115704613562082	12.90142650704627
AN005453|TG(16:1_3:0_3:0)	24.182553572381774	20.593342071275607	22.71081951485243	19.304247952852617	19.257203917999483	19.793951719222157	11.886272339576523	12.76963420946902	11.302411890348713	13.430060846510605	26.029575394899464	17.711667032254024	19.61779079119617	19.629001851456998	19.881451018043872	10.691974559130353	10.102630044660694	10.523391270893992	18.474331161666637	18.679870421868177	18.880612175790134	11.133696693197358	9.914506202989422	9.134933229195115	9.983706861532173	10.210271626921415	11.842749780047765	11.773362631690901	11.031905513395127	11.61899402696997	18.218560752197074	18.69663347332354	17.60064190091097	11.294155198167958	10.67381674502372	11.778533262532026	11.75481823153727	9.61599241666963	11.479625468279302	9.831512394018478	11.70879111838899	6.966905549340761
AN005453|TG(17:1_16:0_18:1)	13.648229685875798	13.443392188794625	14.084196973893913	12.609623374222915	12.685926857720496	13.137066950508785	12.532559678959347	13.702171137893131	13.253514065279202	12.259205894639484	13.317956809967331	13.680713559722523	11.985613474586783	11.941514390794492	12.884984975735945	12.660116792859075	12.814576916539757	12.774746272899607	14.583716836616539	14.330749172135008	14.243508751094613	14.662332217050949	14.737460746735655	14.866041262136033	14.147829415662335	13.75891240043147	13.988266522911223	14.705073748763915	14.646431237677092	14.673687805733962	13.15447483622217	13.035655035937042	12.899296067965029	13.24904924493907	13.498225060664696	12.961829276681437	13.003746765419374	12.919538991348462	12.799608990682186	13.433271385500674	13.279538794627195	13.367894488651125
AN005453|TG(18:0_18:1_20:1)	15.435098186994786	15.742460693314609	15.237736071192472	15.869334680276882	16.168844665353735	11.002898956055642	14.718852294454253	14.881032371979654	14.937980053199004	14.899988427559704	13.899970053601697	14.68605320559107	15.93764630631971	16.37097379826496	15.631394961004528	14.040326079509759	14.414209792076132	14.547220693972507	18.076126686625187	17.566508516313633	18.22325796155093	17.603539812901076	17.551329831661967	17.924062929102377	18.135404362341674	18.106415330213174	18.319781930176173	12.28276684180989	17.50230488640669	18.376289595817457	16.97557821292398	17.224691032783735	16.054927956672376	15.93495174650507	9.746027591593917	15.43551928220887	16.187213878489604	16.848567749283433	16.658616373898784	16.303914489121098	15.71436220818769	16.055242313530933
AN005453|TG(18:1_18:1_20:3)	17.266966342985725	17.3754887592997	17.42646282311586	16.844506928774862	17.41279766383634	17.380566356256452	17.063688776929148	17.091422383171334	17.13776874944331	16.118019766767762	15.336248719795472	15.846513242665074	15.640578753960542	15.504671029076503	15.519567779914805	15.805812775870479	15.935600788970904	15.912855907453453	18.890570108753423	19.04013395153551	18.899196503116368	19.238870230746205	19.353900420146914	19.468552373939218	19.173183871457073	19.02094668972315	18.88444466076194	19.776528438727894	19.482244478830246	19.505377968531647	15.833890630412657	16.02184551193958	16.074715970874298	16.012638826235	16.20186426794908	16.05673302272681	16.3298425463209	16.663237621199183	16.55487804773039	16.727916169614282	16.544179409523288	16.665934153326468
AN005453|TG(18:1_18:1_22:3)	17.159607844195275	17.407949910437296	16.912864183763258	10.652552693167491	17.292821919571864	17.310344353682478	16.380463875299135	16.341842830919052	16.495819876530074	15.591562362136791	14.956807235593388	15.546320319487984	15.482237367695545	15.480823450194732	15.454658180088547	14.347765308497657	14.957367824650147	15.009335882307132	18.991195735741393	19.12393506844104	19.19912156096046	19.2872212229956	19.48510869058034	19.232100580890265	19.005766569812415	19.105607435350194	19.17377835377111	19.639246463539756	19.480503454574464	19.73723850423013	15.729888564597609	15.818131743469825	15.629962637233033	15.498297285886476	15.41983956259592	15.230650294098336	15.980674971857596	16.31984801248452	16.100818687805045	15.726829206819382	15.818068574254582	15.631040159570963
AN005453|TG(18:1_18:1_24:2)	14.429054990459798	15.16237054559079	14.808505076052027	14.669943369691843	15.252453421633254	15.539389692507548	13.58589377864146	14.063144478135845	14.027306739230866	13.866978651114454	13.297059447271833	13.333749222869995	14.34054088430484	14.338329838083936	14.023282547310401	12.66824648168877	13.042921331359903	12.827102134118416	17.8607152985378	11.429325092226689	17.125110212137283	17.389512462776818	11.738772287327462	18.477054574017778	17.663371049847875	17.051167272250375	17.103081399708923	17.96162179144545	17.419629589432578	17.120127581441253	13.82499403797614	14.402193786450425	14.28034967338693	13.270644366203808	13.729485013893411	13.144604384399988	14.479039919360973	14.500455181930041	14.480690355601915	7.520139794674992	13.803898009166646	13.598115463077702
AN005453|TG(18:1_18:1_26:2)	13.292697328373032	13.338442211976128	13.426798791394212	13.09766582251447	14.068075288841618	13.87044412989946	12.382526851801904	9.113937334494084	11.943593300746668	12.960132094488246	12.225068842570849	12.703428900839192	12.767018821866463	13.331083532733379	13.27164670382826	11.638843548400413	11.109685818338368	11.601171356258126	15.971585398081585	16.105231134046132	16.070499945858536	16.045526525049162	16.082753195083214	16.25934935481633	15.621813008414449	15.974723335412715	12.259660423601064	15.850333898138972	16.103621396719042	15.665459253010571	12.707917525335992	12.857235227188568	12.824229410792153	11.83869788501145	11.693150804606608	11.551616576250904	13.165660138590768	13.238720273854332	13.330465815211067	12.49489870829893	12.224842031082204	12.366934283544309
AN005453|TG(18:1_20:1_22:3)	15.570169824895126	16.03493102913962	15.913167463363498	15.693180373579622	16.175331884083665	16.288767839629337	14.597434286256357	15.080021036701206	14.891870883246888	14.470044825227482	14.13757265844955	13.984937385279874	14.889376810626954	14.920544734887278	14.786159570013737	13.483445230597049	13.700763056349812	13.534529442976059	18.4041989068318	11.945177953955909	18.173986692146972	11.943413829309304	11.958385795454955	18.321766418099664	18.078984321386272	17.802339452909425	17.779346422888118	18.37870303250697	18.197712993189057	18.24713457675503	13.968130900850598	14.324986016673853	14.533362817972348	13.512448072223142	13.591789580431545	13.297973018286276	14.539254012794075	14.514567103871874	14.581938487621423	14.126246437254482	13.812419002711444	13.862526215122577
AN005453|TG(18:1_20:2_20:3)	17.09315740382902	17.14976540498492	17.128790132565573	17.00478338723721	17.17175232764294	17.33284309054063	17.032516984760733	17.007755931248198	16.855728814525005	15.696185497669264	15.323093061872195	15.617335155290291	15.408632495464673	15.610168020659392	15.481787850573843	15.234755227839225	15.231629516348013	15.481683538571685	17.947725383093967	18.169446692386277	18.05577213062849	18.482502685074454	18.595406532517934	18.390150559654504	18.095372520509315	18.112280553994708	18.23025556582268	18.65162556600643	18.7623933119538	18.60429050427526	14.605266284401687	14.358258798010553	14.55614049260094	14.536839097226194	14.54782037986656	14.293971585041714	14.866770652470656	15.155926370607846	15.17333253307344	15.0507883123073	14.956022998072418	14.858418822751274
AN005453|TG(18:1_20:3_22:3)	16.534086942977368	16.73968051024318	16.346687045318085	16.43664326412619	16.819309115355036	16.97515560289428	16.36246818356426	16.38660660348243	16.33405359814099	14.797530432626933	14.28222617586316	14.84718951165288	14.849249161145936	15.116418478896142	14.882205092500856	14.4036794223813	14.548519297319942	14.615473417334792	17.27161042105634	17.157224805547713	17.324489064679284	17.408183239399946	17.470026345187772	17.399595387079877	17.426129879325682	17.30686688842679	17.486546955660984	17.92325114720498	17.722300978694697	17.838260432047612	12.926928829873484	13.110124426802944	12.702821952060958	12.663198270932659	12.701007545236914	12.568470350726658	13.185161484880817	13.772455058074037	13.655808206473282	13.599791781255753	13.071725286954798	13.411713645008005
AN005453|TG(18:1_20:3_22:4)	15.793256056952364	16.037619081194606	15.827849639866965	15.514797164407934	15.976453005302616	15.806139880560252	15.984827072374923	15.730731589623497	15.659505273675485	14.160523253041625	13.514208145383453	13.697744935219735	13.704189650308821	13.8476902905153	13.929904068736278	13.845762210484164	13.530528201397843	13.925579790406042	15.880637064694081	16.088716557338525	15.884771469302791	16.18841336326537	16.301656667967425	16.488063734101935	16.013118097481126	15.91474461430266	15.687644104065509	16.482311671635063	16.566172278727976	16.444381900414086	11.452440632861004	11.168261014454378	11.396043724210196	11.466452852694367	11.456503272762182	11.23477009754763	11.786905748205704	12.359449568148655	12.001769270833172	12.279262451682145	11.97016721506622	11.717636956400485
AN005453|TG(18:1_22:3_22:3)	15.630752898802827	16.07866748789216	15.814745685341975	15.742768297886517	10.048352497518996	16.289478344105067	15.105007281130534	15.402652066109077	15.444995622860656	13.95363560070047	13.872675849885713	13.92834909676323	14.54864429539776	14.584369907162165	14.575901989903397	13.118903244838739	13.55163788661658	13.529677037375134	16.933225214091276	17.105447978619083	16.82699301509401	17.174317637692454	17.261633262134133	17.22878963848878	16.896742428607105	16.94934747921623	16.92141395257629	17.412291555226936	17.473062171222306	17.3018244024156	11.984213367947188	12.192589545492432	11.851097459861544	11.490464423317784	11.25634416792065	11.279532649809974	12.195868431167657	12.598242630388002	12.827732865950011	12.184287616133279	12.034350324972037	11.858287757525689
AN005453|TG(18:1_22:3_24:4)	14.642872726367402	14.766267051728608	14.173731024167667	14.905801699916108	15.292217720776149	15.337346117605637	14.410060919670315	14.068447770880809	14.13882424418386	12.987936850011296	12.65202145233485	12.842718830464861	13.523219020553096	13.675903382441069	13.726805995287682	12.364701135602362	12.387044761792746	12.59511392695586	15.406672833060863	15.556712301354208	15.892843501071548	15.602011855001882	15.631680091394745	15.455939536466252	9.388192917735621	15.562739010546775	15.697665917983032	15.845411228187471	15.96133118995076	16.19515954842085	10.08416936489966	10.415978273106909	9.050372970383949	8.3015362656322	8.546401363159612	5.714611895804926	10.05577704412768	10.815930680254462	10.922340406251454	9.62225146503793	9.970104647246622	9.748126309338122
AN005453|TG(18:2_18:1_22:4)	16.497993574994446	16.88266682830866	16.46155480760713	16.33793778249237	16.660053643387947	16.422897232546866	16.704911324890567	16.661346190267494	16.675899913905088	15.034174283794018	14.625410254895371	14.93874832218792	14.902673272220742	14.981462990013867	15.075071695975884	15.055929074866166	15.27003261247774	15.25367062598081	16.814724431999966	16.854077209318252	16.766526641364212	17.173415214354122	17.127601629812634	17.311820673665107	16.843176550101365	16.814070213342465	16.79433000485112	17.45374952600429	17.491010820588293	17.406958506456988	13.303809824180941	13.31456220456596	12.980149984586898	13.15754438570479	13.350743307996456	12.90359430744901	13.211140104133635	13.883212541910718	13.54323966776623	13.90532090367115	13.516183536711535	13.484380854705632
AN005453|TG(20:1_16:0_26:2)	12.215724142944826	11.823101439876112	11.998993929500275	11.449221217764407	13.279597381609532	13.047028282132075	11.16475626793562	11.433571506519213	11.076671070351074	12.764842295290286	11.804634670371366	12.321756042575233	12.781995096461952	12.908453743743882	13.294432817459118	11.118393038427593	11.138040086399101	11.463224742561826	14.320032210276047	14.684723792416477	14.716835679955503	13.72970319504589	14.526051872619956	14.363939240211764	14.362057417643783	14.418268151237744	14.579524109962115	14.411348726380742	14.264971007356998	14.551389971599056	12.61412200997179	12.429072348903183	12.332268085189556	11.488256471071441	11.171543747966226	11.362904757333034	12.562524400937743	12.527771443233071	13.073104358845919	11.904255202285524	11.588085829107287	11.702886775387443
AN005453|TG(20:1_24:2_22:3)	10.98809952441794	12.762216236847706	12.502609820952324	11.678238926802605	12.821627971386334	13.119193012083525	10.651805813602532	11.511662174191583	11.615701216124446	10.973303917629757	9.80718330853489	10.452413084532688	12.073926870666694	12.134058420695295	11.795099345311485	10.455563726625687	10.420769510603858	10.150988624257378	14.272825678789268	13.959185095034297	14.39521517602615	13.970058316376303	14.089254754557393	14.31340941097378	14.22998309991746	10.517951001593143	13.540893974771382	14.387678758964503	14.443083330046443	13.842245174969204	9.378010152675756	9.496958093992557	9.465388270768495	8.29710840003909	8.902434432584094	5.714611895804926	9.819885046977072	10.165900372943975	10.098018227822196	9.471289005930165	8.949282246971482	8.685104792228163
AN005453|TG(20:2_20:1_24:2)	12.245195240006101	12.702603908642123	12.446973762150776	11.791973726232609	12.65469378613352	13.188471778142898	11.294085479512576	11.323891785665088	11.60150022024403	11.634279083856653	8.425235507845787	11.771489551330822	12.156669159401686	12.011452497716125	11.798772501474277	10.638999061501877	10.514008020999352	10.78323008569158	14.817377463715706	14.16885428291851	15.067028327695944	14.48075405994733	15.102676385490849	15.333225226281565	15.312516721458955	14.795572130829283	14.90356443488609	15.630238569727116	14.140175921248803	15.070043009506106	10.79159106091262	10.928176414343467	10.70328792971353	9.866452803593704	9.855500327925908	8.801191877069066	10.934767994146092	11.53027119899866	11.701320774627018	10.105227808450918	9.668810639187843	10.627244086391485
AN005453|TG(20:3_22:3_22:3)	14.640086871132615	14.744132232812792	14.784484805416886	14.369196983010758	15.066197382485415	14.878007466168404	14.61280796373522	14.050758557589742	14.407037306317218	12.726412223330744	12.62110276078114	12.898912097172781	12.562981713419145	12.87256454666312	13.09116369606962	12.090530655178599	11.789000947112095	12.445435711243611	14.722819168079523	14.762076125682722	14.83506062806219	14.889405123497284	15.008346462690763	14.735059874138004	14.66192103049558	14.654152285542123	14.621912525843106	15.156725405690144	15.25104768667901	15.260176986148867	5.484220827606717	9.18740470596611	9.714139251308366	8.363074181874088	5.6412045235970485	5.714611895804926	9.639846280154273	9.92526755682742	8.926160735984148	4.816773266668356	5.442934197578209	5.318992439796797
AN005453|TG(20:4_20:4_20:4)	14.791627304378515	14.824009666026814	16.102924457412303	14.333426623998632	13.891934721792905	13.589162434529884	13.578679531822166	13.500641251255555	13.715663231780134	14.338192678009621	15.567575420316158	14.838359812753458	13.896846676041498	13.374982045345138	14.03231444459264	13.470059234773071	13.15767282597854	13.183742399215934	13.181960934917612	12.489339609274557	12.37061252905913	11.67758303948643	12.046608555592512	11.509770001881067	12.588463386948295	12.87812340773119	12.502565584758276	11.721970346089076	12.332981979911027	12.709355445178497	12.498739039506367	12.465108725776727	12.679508483204014	12.253378711197971	13.205081076366431	12.953733027617234	13.026501686561197	12.037071873971744	12.416876255896703	11.911418942936823	12.725590835363866	12.55118885032536
AN005453|TG(21:1)	16.101191752713383	13.883057475255306	14.985980481591215	11.753962673598155	12.53415472060819	13.232070144251209	13.216802114705292	12.231518585937069	14.178787003301396	16.235440672528416	17.98280451180787	12.915911491235505	12.739245854666247	12.407418870938738	12.718290506800535	12.85055105428621	15.045955235955077	11.930325957260125	11.202779704278365	11.39432129220337	11.386394764083983	10.14213057887654	10.629453334573236	10.415345893330484	10.768372530382578	11.474001724650524	10.299863070389252	12.477604701053405	11.629518463473161	11.556962397400998	11.360447978234086	11.21768721584353	10.155860407239647	10.708307440884088	11.012198742886024	8.683771597583823	11.389724786948644	10.312316968921879	10.268827935431554	10.975312269929654	11.079135372113736	11.491635961475213
AN005453|TG(22:2_16:0_26:2)	11.289322472175858	11.265509713411454	11.109638804183039	10.6012403621097	12.42805645004182	11.943560239384498	9.598655882388382	10.264811151360506	10.490103100986987	10.644064999720698	9.970116505256192	10.102512802475642	11.355189021471102	11.38374974348258	11.688453208524844	9.311188687848245	9.27887254132027	8.895960950531151	10.887653894262904	14.171387283197307	14.151269707667163	13.54687143224476	13.59019244401033	13.856785477986163	14.387786275376827	13.805982170485594	14.127565696182897	14.035889138132665	13.259097339153067	13.529016402293474	10.650365829366171	10.866800384076564	10.485821419370179	9.78770153418647	9.74584311124295	9.456208314459596	10.972125122598701	11.269956259197594	11.165112220623826	9.75758837930754	9.770319771268507	9.373198418553997
AN005453|TG(23:1)	20.549142647682803	16.536270480968238	18.66799658087102	14.663467161491084	14.901650688063457	15.585160026858382	9.964496064900045	9.977350851145662	10.704044424991475	10.03494990555657	22.056995277366276	13.754980216040696	14.939482219826724	15.39134749004255	15.67372742526703	10.310876373942897	8.563773605765169	8.860746564025074	14.700671458529794	14.810298622164959	14.592715981378687	9.134783935382575	8.192231357718354	9.158820016385201	8.74993018134213	8.40357192590737	9.646463583213203	9.14139879681881	9.244446801087326	9.062595812885563	14.044864715373869	14.325801325559029	13.184386066577732	9.462114319615798	9.394274153845597	9.745901215271756	9.242030597376937	8.919025764902374	8.88611545339522	8.75765413890179	9.180902116530302	9.294439205437758
AN005453|TG(26:2_21:4_21:4)	12.530235126822003	13.152830473595863	12.48761656686243	12.992094584966006	13.32889379526451	13.63055347499992	11.737229478526856	12.582955268474873	12.579574527149143	10.456235959063113	10.299993135920053	10.622543675391492	11.523248991326307	11.639036034038373	11.376944768922911	9.318003693358424	9.99021110238146	10.03200881223351	12.389299971587588	12.469522505717364	12.531636131610984	12.509516925958083	12.48772787510453	12.656333544766886	12.323478043299932	11.979397129766308	12.130677306821221	12.713938548049962	12.743190317321341	12.85301726536893	5.484220827606717	5.27997560472379	8.632001813977746	5.356453001751708	5.6412045235970485	5.714611895804926	5.6052783873360585	5.001918676295411	5.07746268974197	4.816773266668356	5.442934197578209	5.318992439796797
AN005453|TG(28:0_18:3)	11.902695548147493	12.0393046212025	12.079747670340147	10.98913336570347	10.543682264254631	11.428009155551367	10.943944153221507	12.121210896257486	11.687366339676577	11.0564852448495	12.22241454174115	12.172706242433314	10.426080029969093	10.434309821663671	11.487487507579074	11.064772988754271	11.220193218836318	11.503958707763394	12.056020548931336	10.755238146758423	11.52705161000127	11.684830117719892	11.775371777812332	12.270943004627853	11.282964164820774	10.959304177646494	10.891628220334754	11.973971400062881	11.944008115603625	12.00432862678977	11.330628893170408	11.351425095594376	11.243192159057228	11.855692989117188	12.03716529953574	11.836609487422338	11.410854606971084	11.331433398069766	11.418889889213565	11.8657766392794	11.656903531726542	11.728006528721629
AN005453|TG(30:2_18:1_18:1)	7.586332548863908	9.736458242512555	9.158349425966906	9.15594661898463	9.965661075580408	9.14675848829518	6.563630287333791	6.561511075862656	7.887920668952846	7.155087333117843	8.425235507845787	7.70717575240294	8.770402646793297	9.685949496493079	9.416311621565006	6.425262965579076	6.173160943948939	7.506126254011165	12.569503940586626	12.067232755760402	12.392294225582997	12.470386257334223	12.570818875499473	12.495007790840896	12.275235142237877	11.710132122098514	11.950175896979967	12.367979856788363	8.166109196084589	11.670411215694148	8.836357854450984	8.729589800156454	9.581894815996836	8.503759700532003	8.61573383608093	8.811244834096456	9.590979178038584	9.84341886787725	9.671951523857771	8.729193201683666	8.421861973959608	8.189021724617794
AN005453|TG(31:1_16:1)	14.185772347503574	13.839609140363061	14.519282520731835	13.24238166879602	12.466356875857333	13.298059756388916	12.930969898532434	14.087670679283107	13.50900701355188	12.471891987411736	13.967883589810626	13.696228449866485	11.563748545059623	11.798974450962813	12.975954366757948	13.289463970534927	12.802223165913922	13.091998981155069	13.301945475481725	12.175987972675644	11.924424313332578	11.927549554008563	11.672662394163769	12.522996726925209	11.38195441476844	10.789353963915865	11.189461610233094	12.248012098973291	11.394426484664287	12.379403281342082	12.312436030966731	11.58215937381944	11.726820679917905	12.268309932882156	12.905697793198703	11.898487417015922	12.527621354418851	11.539509838158777	11.93497846508845	11.208221375579038	11.956146989151511	12.007315493900421
AN005453|TG(36:2_22:6)	15.139865083940071	15.70724112387895	15.697719196408997	15.07936395998252	15.255328970129286	15.192714127447207	15.721171758648794	15.535875184799487	15.603322698594557	13.955021662905109	14.28589047144466	14.221582103974056	13.463625932753152	13.659822504542147	13.613532922045444	14.286521123272973	14.065033332220734	14.074324269400677	14.589001158589909	14.540358142406964	14.830469225385386	15.210344701544322	15.145953494505722	15.318318130069146	14.765143673331574	14.870798203995935	14.983736729970321	15.342037355692622	15.346667176217407	15.545670843013987	10.96626236959232	10.971989843681216	11.24866350044696	11.477240372545708	11.186295645327846	11.26247502773181	11.798951582623756	11.89556726175524	11.619380148977312	11.781329006368694	11.80104557791338	11.254060815278297
AN005453|TG(41:0_25:5)	9.976559985704599	8.120288776325824	10.760521216720285	8.448418444982035	10.784715382810436	11.558905066913415	8.699493452702471	8.081656702743482	8.280439839045721	10.024603449165891	8.425235507845787	9.496111981647767	10.692470924496533	10.793786041646442	10.202543770106553	8.522941176286531	6.173160943948939	7.928813822169263	13.339373489681742	12.861637730206171	13.495968070957495	13.5548819958583	13.04096647919528	13.34640073445952	13.24413669215203	12.421337168586545	12.868778458921257	13.2886874862679	13.473819660328168	13.111772206546538	9.514927685694179	9.127691959966306	9.289325370275785	8.086810368253468	8.516670068451758	8.541414580090752	9.820755085688866	9.440011879138272	9.712659858685381	9.054551109580364	8.821612276041348	8.507709848999474
AN005453|TG(46:5_18:1)	13.698302810222266	13.86263459515349	13.739507818803826	13.229612293763271	14.485611691165234	14.614599970006568	13.025597508177984	12.854498909662082	13.056381106121124	12.644379779126753	11.8004139874354	12.766929031568463	13.281819776815686	13.470927687996411	13.379573276082173	12.007770797670716	11.806348003140041	12.120182767902104	15.623210788167443	15.618171428627416	15.928435142643538	15.04991228862712	15.633886061493836	15.545339365730616	15.530092394651673	15.516383333087305	16.052808513287786	11.238165740748963	15.822433360047155	15.842543083230114	10.802559363440853	11.00409650015083	10.493483329745441	9.546198506682781	9.838723978852828	9.36031355438376	10.473421867002786	11.558026162545653	11.441625366475643	10.92935247482345	10.087009660334823	10.546402372347009
AN005453|TG(48:7_16:0)	14.528551447375476	14.487317301036423	14.203565210290545	14.031323809568688	15.262790149667884	15.246909324535137	14.073362544507704	13.936658270766095	13.807322183639204	13.140774463768063	12.55298433060245	12.747147579671282	13.754120810638577	14.096792270180158	14.064076704674644	12.466199219832575	12.148534334803959	12.676872629844105	15.504274163274962	15.79438191855465	15.971293583753141	15.813315058680304	15.899609300113545	15.742230748580864	15.687324372182184	15.550545367831004	16.042569416149764	9.73550171366158	16.01128528688966	16.017971846281185	10.467077539362835	10.27923603398414	10.252363897263171	7.451229558647306	8.770685382295927	7.870425879949002	10.62476681692742	11.345497053442305	10.998365718966602	10.487664576270033	10.086628796459095	9.153177766786929
AN005453|TG(50:3_16:0)	7.586332548863908	8.120288776325824	9.158349425966906	7.281188990910366	8.89701514832032	6.665872985650255	6.563630287333791	6.561511075862656	6.764122060490225	7.155087333117843	8.425235507845787	7.70717575240294	8.857360820330062	8.618025268024939	6.863491923001803	6.425262965579076	6.173160943948939	6.119646365414932	10.812870444204956	10.65051623436544	10.754718356975735	11.068456980701095	11.197710398266116	11.232095211444893	11.084825578399851	10.551848439936874	10.8211393024944	10.165494875736385	10.57567848272392	9.511956513698985	9.31561168511983	9.238669827823674	9.301649768659422	9.24081647795914	8.618814168282467	8.842839298276756	9.372233912808618	9.928259745325358	9.823334625063298	8.783960322868715	8.407554623628435	8.383875291381651
AN005453|TG(O-10:0_6:0_22:5)	14.926310785608525	15.383974877626464	15.426993411318564	15.081547940523253	15.125107204262267	14.71840951960832	15.60219157556829	15.620381140591505	15.569382266646066	14.712181841357152	9.818102424076587	14.31189056910237	14.600415242856725	14.838464026256132	15.04675510813442	15.137488670946754	15.215881331617307	15.243695282128195	13.277093597564948	13.421277063437335	13.428476579829894	13.893956662471096	13.80980184740663	13.759189215275494	13.922453037490028	13.909320839103117	13.905206551253544	13.643806968453674	13.34913176101052	13.544964180784682	12.617952844239689	12.382308295234862	11.853831516476413	12.160312886980885	12.362213455573237	12.505503805803595	12.560051660354455	12.216128983669773	12.46789650989732	12.666259687971472	11.994053342584193	12.122462316347551
AN005453|TG(O-13:0_16:0_3:0)	15.483896092258588	15.50653584435815	15.945912487759196	15.171408268522407	14.97957991423165	15.039651680866994	15.182051764745383	14.809257291893692	14.930883693450495	15.064672049110605	14.930916875981557	15.382730608914901	15.717437010863094	15.47408874877012	15.65894589625614	15.072452255737065	14.83035789830586	14.972297589763825	14.527419918922782	14.791145926424681	14.425126725079222	14.746467267500561	14.86190587656097	14.75095865399818	14.900690625270224	14.86148217667338	14.566055835473316	14.973317634537851	8.020467984053207	14.876212166053756	14.738952799840991	14.721863640194313	14.732810371949093	15.237331950753775	15.355579877974286	15.381872490922161	15.381743333092349	8.782207775258131	15.503026266880852	15.177171783985258	15.109241652327013	15.137634049337558
AN005453|TG(O-16:0_16:0_16:1)	9.150954601300889	10.592412578807263	11.820782821528253	9.536085327300484	10.511402812661268	9.010871869637745	9.187777983961581	10.00713185057785	9.950590924134545	9.068273558606837	10.062242863034717	10.56531593268359	10.226745647727336	10.466204507296156	10.815583155899352	9.948599090825077	10.485521167850099	10.57110807222046	11.810686515016098	12.659866266933752	11.982665264552487	12.410220262798513	12.39331754388876	12.420816904784244	11.975781276195002	12.160756208154522	12.232518565780406	12.141115047248348	12.599883613274578	12.384596889450322	13.260863093235363	13.478011967949024	13.021941110759224	13.962463570891265	13.891339000338682	13.79750072756339	12.849708825142	13.595187281529459	13.401007500242022	14.086590964504449	14.065338958128176	14.185115324861977
AN005453|TG(O-18:1_16:0_16:0)	10.464194565029937	11.160795501822722	10.970806577547362	10.95218790578486	11.775763088645919	11.72564356674051	10.412568645905486	10.642526810558532	10.341611314277941	11.603486160156146	9.879937836009475	10.83421466461369	12.109446668341368	12.265462526148259	12.190590018477579	11.220105078841218	11.408673574576657	11.658159697591092	13.56070879059657	13.73927869842154	13.662464512479522	13.97352334451488	14.197197028062542	14.09788832083843	14.145742467507826	14.011374903150811	13.913809237452668	14.204560961374746	14.193921088504357	14.158447990507497	14.63493788420364	14.48885762798225	14.874689885549897	15.214871402961803	15.011801268773628	15.545535214456919	15.246330500725582	14.712873503690306	14.653239025820326	15.449800442591298	16.012647427662657	15.459135585044367
AN005453|TG(O-18:1_16:0_20:2)	11.045239455714773	11.360450431439498	10.893524968220715	10.8839546544095	11.597952784471262	11.947066760602889	10.606659758900202	10.672375399994845	10.51258329349426	9.879432009240867	8.425235507845787	9.867192360248845	10.854592981948896	11.121733457011976	10.710767301639292	10.039053903128163	10.402641198863062	11.021382150491153	14.160648412093206	14.072461298760043	14.469157324089554	14.270583241859097	14.52616899221517	14.462568413341474	14.627039487875914	14.544696340073274	14.505342232087841	14.41745194890251	14.573393929529365	14.679369564056024	13.77239202662799	13.560130198589292	13.494721700792647	13.74594753929033	13.525696216515401	13.658692575582698	13.539361968283718	14.07833507249293	13.866614173685399	14.339007960200668	13.92252613113924	14.164851898825104
AN005453|TG(O-20:1_16:1_16:1)	11.13905389750268	11.370401456018199	9.158349425966906	11.551344129676895	11.813528885959801	11.942302651513165	10.945135169901098	10.980281224119812	11.28282084669618	10.874796489207487	8.425235507845787	9.929300219778156	10.900271609068549	11.136722167136416	10.844577369905728	10.15457644524397	10.953198018097854	10.953781116069099	14.122869371439887	14.072337540597504	14.221238995987973	14.292232742148878	14.374640870274202	14.427226051146596	14.483462807253641	14.353483690090373	14.232591368497395	14.634607473891256	14.492657697110598	14.683502273657517	13.709891009791125	13.848406037827807	13.935507648926997	14.117101768962554	14.290125051320409	14.253875414849958	13.849525184574983	14.038696170768885	13.901986170171526	14.481550831015188	14.336668320385284	14.407983621888512
AN005453|TG(O-24:0_16:0_12:1)	10.572233672142035	10.727346801933054	11.925665225191732	9.88696775844583	11.263874672676666	11.717714887421312	10.023245510019919	10.340455533450323	9.49134549777821	9.863804306315663	11.560310638214188	10.906895204879703	11.721085744535086	11.673587645921193	11.217873555115125	8.97014396298948	10.96349510328759	10.879334853842222	13.16273863105811	12.792551411418762	14.178425928824872	13.066805986531454	13.041600927877472	13.380301033226406	13.219560511146673	13.679135147908925	13.795595882096826	7.83069953303822	13.756557806754126	13.692345556629057	14.352781667651218	14.508908263626207	10.53020757984421	14.25842947332046	14.284477025168835	10.836986437884875	10.539908111035722	14.430486129912458	14.196196165509814	14.892851030446307	14.335979024212968	14.935455638245262
AN005453|TG(O-34:1_22:3)	11.305800775746317	11.435217274493908	10.843527109852984	11.054130328741701	11.642412330738772	11.509163446122878	10.254650707758366	10.689474453986238	10.641395149415807	10.388760690554781	10.172150167493685	10.375748768878829	10.827798786075077	10.894692101203042	10.212375844484367	10.378602712420248	10.197338758250105	10.166870635432437	14.255870840083647	14.035311883230523	14.085126728041379	14.54160214606391	14.46404752662631	14.750877119697511	14.600068696232519	14.211051080461536	14.334542251163306	14.746938240209802	14.555377717140905	14.558355891426606	13.448851649406945	13.408716478680153	13.474443029211681	13.579226656402493	13.386293920798519	13.518713223630378	13.26202071585471	13.530333715575386	13.41351304925449	7.833554816901758	14.345409407808827	13.78350061626742
AN005453|TG(O-6:0_12:1_18:1)	15.947942139939675	15.984323832558179	16.32218625028138	15.749072457166108	15.732750783651646	15.602795902382397	15.722293491852028	15.580742058527271	15.54421951959466	15.069949596994556	13.163808810851375	15.2364063847515	15.344234176636677	15.039929990616669	15.176707839282393	14.642850433234885	14.744923445518952	15.074520234300074	16.42031086279153	16.658176254252734	16.74101052966175	16.918441950271514	17.202038248704856	17.197869052165984	17.047006076618032	17.146700625710668	17.08301890484163	17.006582084469397	16.801503101468157	17.07316254510671	15.691370622937198	15.61686571644851	15.575360248824595	15.286418527560318	14.98329430758214	15.546715490146859	15.700101119038791	16.09998827410455	15.990621832604258	15.746123856874172	15.378344440292542	15.529998790822958
AN005453|TG(P-10:0_8:0_18:1)	15.94775440233777	15.99772752533827	16.323105540400608	15.749256618448854	15.73434071276671	15.5909781544888	15.720337848384604	15.585255450833335	15.617078463314698	15.069306209384632	13.18455115868452	15.237262105423076	15.345526195678508	15.077513475143714	15.176877465609458	14.643113093253596	14.641994299911097	15.073472065001145	16.415723109193976	16.714288060120747	16.737531765133074	16.901785835692355	17.205594650260235	17.21345765386316	17.040027974046737	17.04542293580816	17.083679419819816	17.20540448855357	17.068211328242974	17.11084354921703	15.69570058455455	15.556990948068318	15.57320749359399	15.439485489814784	15.089951057153492	15.546077178113126	15.700271029603966	16.09913256132114	15.988645823747254	15.568929755361024	15.377423571713416	15.534590717286138
