node	type	approved_symbol	expressed	in_degree	out_degree
A2M	gene	A2M	True	2	2
AAK1	gene	AAK1	True	1	3
AANAT	gene	AANAT	False	1	2
AATF	gene	AATF	True	3	0
ABCA1	gene	ABCA1	True	4	0
ABCB1	gene	ABCB1	True	4	0
ABCC1	gene	ABCC1	True	1	0
ABCC3	gene	ABCC3	False	1	0
ABCG2	gene	ABCG2	True	1	0
ABI1	gene	ABI1	True	4	1
ABL1	gene	ABL1	True	26	128
ABL2	gene	ABL2	True	4	13
ABRAXAS1	gene	ABRAXAS1	True	1	1
ACAA2	gene	ACAA2	True	0	1
ACACA	gene	ACACA	True	5	0
ACACB	gene	ACACB	True	2	0
ACADVL	gene	ACADVL	True	1	0
ACAN	gene	ACAN	False	5	0
ACAT1	gene	ACAT1	True	2	0
ACD	gene	ACD	True	1	1
ACE	gene	ACE	False	1	1
ACE2	gene	ACE2	False	0	1
ACIN1	gene	ACIN1	True	2	0
ACKR1	gene	ACKR1	False	1	0
ACKR2	gene	ACKR2	False	6	0
ACKR3	gene	ACKR3	True	2	0
ACKR4	gene	ACKR4	False	5	0
ACKR5	gene	ACKR5	False	1	0
ACLY	gene	ACLY	True	5	0
ACO1	gene	ACO1	True	1	0
ACOT1	gene	ACOT1	False	1	0
ACOT4	gene	ACOT4	False	1	0
ACOX1	gene	ACOX1	True	1	0
ACP1	gene	ACP1	True	3	9
ACP3	gene	ACP3	False	1	0
ACSS2	gene	ACSS2	True	1	0
ACTA1	gene	ACTA1	False	1	0
ACTA2	gene	ACTA2	True	1	0
ACTB	gene	ACTB	True	5	4
ACTC1	gene	ACTC1	False	1	0
ACTG1	gene	ACTG1	True	2	0
ACTL6A	gene	ACTL6A	True	0	1
ACTN1	gene	ACTN1	True	3	0
ACTN3	gene	ACTN3	False	1	0
ACTR2	gene	ACTR2	True	6	1
ACTR8	gene	ACTR8	True	1	0
ACVR1	gene	ACVR1	True	18	2
ACVR1B	gene	ACVR1B	True	12	3
ACVR1C	gene	ACVR1C	False	4	2
ACVR2A	gene	ACVR2A	True	19	2
ACVR2B	gene	ACVR2B	True	17	6
ACVRL1	gene	ACVRL1	False	7	1
ADA	gene	ADA	True	0	1
ADAM10	gene	ADAM10	True	1	5
ADAM12	gene	ADAM12	True	1	3
ADAM15	gene	ADAM15	True	2	4
ADAM17	gene	ADAM17	True	4	10
ADAM2	gene	ADAM2	False	0	2
ADAM23	gene	ADAM23	True	0	2
ADAM9	gene	ADAM9	True	0	5
ADAMTS1	gene	ADAMTS1	True	0	1
ADAMTS13	gene	ADAMTS13	True	0	1
ADAMTS4	gene	ADAMTS4	True	0	1
ADAMTS5	gene	ADAMTS5	True	0	1
ADARB1	gene	ADARB1	True	2	0
ADCK5	gene	ADCK5	True	0	1
ADCY1	gene	ADCY1	True	8	0
ADCY2	gene	ADCY2	True	3	0
ADCY3	gene	ADCY3	True	2	0
ADCY5	gene	ADCY5	True	8	1
ADCY6	gene	ADCY6	True	4	0
ADCY7	gene	ADCY7	True	3	0
ADCY8	gene	ADCY8	False	2	0
ADCY9	gene	ADCY9	True	1	0
ADCYAP1	gene	ADCYAP1	False	0	3
ADCYAP1R1	gene	ADCYAP1R1	True	2	0
ADD1	gene	ADD1	True	5	0
ADD2	gene	ADD2	True	3	0
ADD3	gene	ADD3	True	1	0
ADGRB1	gene	ADGRB1	False	1	0
ADGRE5	gene	ADGRE5	True	2	0
ADGRG1	gene	ADGRG1	True	2	1
ADGRL1	gene	ADGRL1	True	1	0
ADGRV1	gene	ADGRV1	True	0	4
ADH1A	gene	ADH1A	False	1	0
ADH4	gene	ADH4	False	1	0
ADIPOQ	gene	ADIPOQ	False	1	2
ADIPOR1	gene	ADIPOR1	True	2	1
ADIPOR2	gene	ADIPOR2	True	1	1
ADM	gene	ADM	True	0	7
ADM2	gene	ADM2	True	0	5
ADORA1	gene	ADORA1	True	1	3
ADORA2A	gene	ADORA2A	False	0	1
ADORA2B	gene	ADORA2B	True	0	1
ADRA1A	gene	ADRA1A	False	0	2
ADRA1B	gene	ADRA1B	False	1	2
ADRA2A	gene	ADRA2A	False	2	3
ADRA2B	gene	ADRA2B	False	0	1
ADRA2C	gene	ADRA2C	False	0	1
ADRB1	gene	ADRB1	False	1	0
ADRB2	gene	ADRB2	False	9	2
ADRM1	gene	ADRM1	True	0	1
AEBP1	gene	AEBP1	True	1	0
AFAP1L2	gene	AFAP1L2	True	1	0
AFDN	gene	AFDN	True	0	1
AFP	gene	AFP	False	1	0
AGAP2	gene	AGAP2	True	3	0
AGER	gene	AGER	True	4	0
AGL	gene	AGL	True	1	0
AGO2	gene	AGO2	True	5	0
AGRN	gene	AGRN	True	0	3
AGRP	gene	AGRP	False	0	4
AGT	gene	AGT	False	4	5
AGTR1	gene	AGTR1	False	1	1
AGTR2	gene	AGTR2	False	1	0
AHCYL1	gene	AHCYL1	True	1	0
AHSA1	gene	AHSA1	True	1	3
AHSP	gene	AHSP	False	0	1
AICDA	gene	AICDA	False	1	0
AIFM1	gene	AIFM1	True	7	0
AIFM2	gene	AIFM2	True	1	0
AIMP1	gene	AIMP1	True	1	0
AIMP2	gene	AIMP2	True	1	0
AIRE	gene	AIRE	False	1	0
AJUBA	gene	AJUBA	True	1	0
AKAP11	gene	AKAP11	True	1	0
AKAP12	gene	AKAP12	True	3	1
AKAP13	gene	AKAP13	True	1	1
AKAP5	gene	AKAP5	True	1	1
AKAP8	gene	AKAP8	True	0	1
AKAP8L	gene	AKAP8L	True	0	1
AKAP9	gene	AKAP9	True	0	1
AKR1B1	gene	AKR1B1	True	1	0
AKT1	gene	AKT1	True	45	162
AKT1S1	gene	AKT1S1	True	5	1
AKT2	gene	AKT2	True	12	44
AKT3	gene	AKT3	True	14	20
ALDH1A1	gene	ALDH1A1	False	3	0
ALDH1A2	gene	ALDH1A2	False	1	0
ALDH2	gene	ALDH2	True	2	0
ALDOA	gene	ALDOA	True	1	0
ALK	gene	ALK	True	4	8
ALOX15	gene	ALOX15	False	3	0
ALOX5	gene	ALOX5	False	5	0
ALPK1	gene	ALPK1	False	0	1
ALX4	gene	ALX4	False	1	0
ALYREF	gene	ALYREF	True	1	0
AMBRA1	gene	AMBRA1	True	6	1
AMER1	gene	AMER1	True	0	3
AMFR	gene	AMFR	True	2	1
AMH	gene	AMH	True	1	2
AMHR2	gene	AMHR2	False	2	2
AMOT	gene	AMOT	True	2	2
AMOTL2	gene	AMOTL2	True	3	0
AMPH	gene	AMPH	True	6	0
ANAPC1	gene	ANAPC1	True	3	2
ANAPC11	gene	ANAPC11	True	3	0
ANAPC2	gene	ANAPC2	True	0	1
ANAPC4	gene	ANAPC4	True	2	0
ANAPC7	gene	ANAPC7	True	3	0
ANGPT1	gene	ANGPT1	True	0	2
ANGPT2	gene	ANGPT2	True	1	1
ANGPT4	gene	ANGPT4	False	0	2
ANGPTL1	gene	ANGPTL1	False	0	1
ANK1	gene	ANK1	True	2	0
ANK2	gene	ANK2	True	2	0
ANKRD2	gene	ANKRD2	False	1	0
ANKRD28	gene	ANKRD28	True	2	0
ANKRD6	gene	ANKRD6	True	0	3
ANLN	gene	ANLN	True	1	0
ANO7	gene	ANO7	True	1	0
ANO9	gene	ANO9	False	0	1
ANP32A	gene	ANP32A	True	0	1
ANP32B	gene	ANP32B	True	1	0
ANXA1	gene	ANXA1	True	7	3
ANXA13	gene	ANXA13	False	0	1
ANXA2	gene	ANXA2	True	2	0
ANXA5	gene	ANXA5	True	1	0
AP1B1	gene	AP1B1	True	0	2
AP1M1	gene	AP1M1	True	1	0
AP2B1	gene	AP2B1	True	1	0
AP2M1	gene	AP2M1	True	2	1
AP3B1	gene	AP3B1	True	0	1
APAF1	gene	APAF1	True	12	1
APBA1	gene	APBA1	True	1	3
APBA2	gene	APBA2	True	0	2
APBB1	gene	APBB1	True	4	0
APC	gene	APC	True	12	3
APC2	gene	APC2	True	2	2
APELA	gene	APELA	False	0	1
APEX1	gene	APEX1	True	9	10
APH1A	gene	APH1A	True	1	3
APH1B	gene	APH1B	True	0	3
APIP	gene	APIP	True	0	1
APLF	gene	APLF	True	1	1
APLN	gene	APLN	True	0	1
APLNR	gene	APLNR	True	2	1
APLP2	gene	APLP2	True	2	0
APOA1	gene	APOA1	False	3	2
APOB	gene	APOB	False	0	1
APOBEC3B	gene	APOBEC3B	False	1	0
APOBEC3G	gene	APOBEC3G	False	1	0
APOC3	gene	APOC3	False	0	1
APOE	gene	APOE	True	0	6
APOH	gene	APOH	False	2	0
APP	gene	APP	True	17	3
APPL1	gene	APPL1	True	2	0
APTX	gene	APTX	True	2	0
AQP1	gene	AQP1	False	1	0
AQP2	gene	AQP2	False	1	0
AQP4	gene	AQP4	False	2	0
AQP5	gene	AQP5	False	1	0
AQP9	gene	AQP9	False	1	0
AR	gene	AR	True	54	42
ARAF	gene	ARAF	True	4	5
ARAP1	gene	ARAP1	True	1	0
AREG	gene	AREG	False	0	2
AREL1	gene	AREL1	True	0	1
ARF1	gene	ARF1	True	5	2
ARF5	gene	ARF5	True	1	0
ARF6	gene	ARF6	True	2	1
ARFGAP1	gene	ARFGAP1	True	1	1
ARFGEF1	gene	ARFGEF1	True	1	0
ARFGEF2	gene	ARFGEF2	True	0	1
ARFIP1	gene	ARFIP1	True	1	0
ARG1	gene	ARG1	False	1	0
ARHGAP1	gene	ARHGAP1	True	1	2
ARHGAP10	gene	ARHGAP10	False	0	1
ARHGAP15	gene	ARHGAP15	False	0	1
ARHGAP17	gene	ARHGAP17	True	2	0
ARHGAP18	gene	ARHGAP18	True	1	0
ARHGAP20	gene	ARHGAP20	False	0	1
ARHGAP21	gene	ARHGAP21	True	0	1
ARHGAP24	gene	ARHGAP24	False	1	0
ARHGAP26	gene	ARHGAP26	True	0	1
ARHGAP31	gene	ARHGAP31	False	2	2
ARHGAP32	gene	ARHGAP32	True	4	6
ARHGAP33	gene	ARHGAP33	True	1	1
ARHGAP35	gene	ARHGAP35	True	5	2
ARHGAP44	gene	ARHGAP44	True	0	1
ARHGAP5	gene	ARHGAP5	True	2	1
ARHGAP8	gene	ARHGAP8	False	1	1
ARHGDIA	gene	ARHGDIA	True	4	1
ARHGDIB	gene	ARHGDIB	False	1	0
ARHGEF1	gene	ARHGEF1	True	4	1
ARHGEF11	gene	ARHGEF11	True	2	1
ARHGEF12	gene	ARHGEF12	True	2	1
ARHGEF15	gene	ARHGEF15	False	2	0
ARHGEF17	gene	ARHGEF17	True	1	0
ARHGEF18	gene	ARHGEF18	True	0	1
ARHGEF19	gene	ARHGEF19	True	1	3
ARHGEF2	gene	ARHGEF2	True	10	2
ARHGEF25	gene	ARHGEF25	True	0	1
ARHGEF28	gene	ARHGEF28	False	0	1
ARHGEF3	gene	ARHGEF3	True	0	1
ARHGEF4	gene	ARHGEF4	False	1	2
ARHGEF5	gene	ARHGEF5	False	0	1
ARHGEF6	gene	ARHGEF6	True	2	2
ARHGEF7	gene	ARHGEF7	True	5	3
ARHGEF9	gene	ARHGEF9	True	1	0
ARID3A	gene	ARID3A	True	2	0
ARID4A	gene	ARID4A	True	1	0
ARIH1	gene	ARIH1	True	2	1
ARIH2	gene	ARIH2	True	1	0
ARNT	gene	ARNT	True	7	1
ARNT2	gene	ARNT2	True	1	0
ARPC1B	gene	ARPC1B	False	4	0
ARPC2	gene	ARPC2	True	1	1
ARPC5	gene	ARPC5	True	1	0
ARPP19	gene	ARPP19	True	1	0
ARPP21	gene	ARPP21	False	1	0
ARRB1	gene	ARRB1	True	5	9
ARRB2	gene	ARRB2	True	7	7
ARTN	gene	ARTN	True	0	2
ARVCF	gene	ARVCF	True	1	3
ARX	gene	ARX	False	1	0
ASAH2B	gene	ASAH2B	True	1	0
ASAP1	gene	ASAP1	True	2	1
ASAP2	gene	ASAP2	True	1	3
ASAP3	gene	ASAP3	True	2	0
ASB2	gene	ASB2	True	1	1
ASB3	gene	ASB3	True	0	1
ASB8	gene	ASB8	True	1	0
ASB9	gene	ASB9	False	0	1
ASCL1	gene	ASCL1	True	1	0
ASF1A	gene	ASF1A	True	3	4
ASF1B	gene	ASF1B	True	0	3
ASH1L	gene	ASH1L	True	0	1
ASIC1	gene	ASIC1	True	1	0
ASIP	gene	ASIP	False	0	7
ATAD2	gene	ATAD2	True	0	4
ATAD5	gene	ATAD5	True	1	0
ATAT1	gene	ATAT1	True	1	0
ATCAY	gene	ATCAY	True	1	0
ATF1	gene	ATF1	True	10	6
ATF2	gene	ATF2	True	17	4
ATF3	gene	ATF3	True	3	1
ATF4	gene	ATF4	True	5	1
ATF6	gene	ATF6	True	2	0
ATF7	gene	ATF7	True	3	0
ATG10	gene	ATG10	True	1	2
ATG101	gene	ATG101	True	0	1
ATG12	gene	ATG12	True	3	1
ATG13	gene	ATG13	True	4	1
ATG14	gene	ATG14	True	1	2
ATG16L1	gene	ATG16L1	True	7	1
ATG2A	gene	ATG2A	True	1	0
ATG2B	gene	ATG2B	True	1	0
ATG3	gene	ATG3	True	4	3
ATG4A	gene	ATG4A	True	0	1
ATG4B	gene	ATG4B	True	4	4
ATG4D	gene	ATG4D	True	1	1
ATG5	gene	ATG5	True	6	1
ATG7	gene	ATG7	True	1	8
ATG9A	gene	ATG9A	True	3	0
ATIC	gene	ATIC	True	1	0
ATM	gene	ATM	True	23	135
ATMIN	gene	ATMIN	True	1	0
ATN1	gene	ATN1	True	3	0
ATOH1	gene	ATOH1	False	9	3
ATP1A1	gene	ATP1A1	True	3	0
ATP2A1	gene	ATP2A1	True	1	0
ATP2A2	gene	ATP2A2	True	2	0
ATP2B1	gene	ATP2B1	True	4	0
ATP2B4	gene	ATP2B4	True	1	0
ATP2C1	gene	ATP2C1	True	1	0
ATP6AP2	gene	ATP6AP2	True	1	0
ATP6V0C	gene	ATP6V0C	False	1	0
ATP7A	gene	ATP7A	True	1	0
ATP7B	gene	ATP7B	True	1	0
ATR	gene	ATR	True	8	52
ATRIP	gene	ATRIP	True	5	1
ATRN	gene	ATRN	True	1	0
ATXN1	gene	ATXN1	True	2	0
ATXN10	gene	ATXN10	True	1	0
ATXN2	gene	ATXN2	True	1	0
ATXN2L	gene	ATXN2L	True	0	1
ATXN3	gene	ATXN3	True	3	0
ATXN7	gene	ATXN7	True	0	1
AURKA	gene	AURKA	True	11	59
AURKAIP1	gene	AURKAIP1	True	1	0
AURKB	gene	AURKB	True	7	48
AURKC	gene	AURKC	False	0	3
AVEN	gene	AVEN	True	1	0
AVP	gene	AVP	False	0	4
AVPR1A	gene	AVPR1A	False	2	0
AVPR1B	gene	AVPR1B	False	2	0
AVPR2	gene	AVPR2	False	2	0
AXIN1	gene	AXIN1	True	21	10
AXIN2	gene	AXIN2	True	4	2
AXL	gene	AXL	True	2	5
AZI2	gene	AZI2	True	0	1
B0LPE5	gene	B0LPE5	False	1	4
B4GALT1	gene	B4GALT1	True	1	0
BABAM1	gene	BABAM1	True	0	1
BACE1	gene	BACE1	True	1	1
BACE2	gene	BACE2	False	0	1
BACH1	gene	BACH1	True	1	3
BACH2	gene	BACH2	True	1	0
BAD	gene	BAD	True	34	5
BAG1	gene	BAG1	True	0	4
BAG2	gene	BAG2	True	1	3
BAG3	gene	BAG3	True	1	1
BAG4	gene	BAG4	True	0	1
BAG5	gene	BAG5	True	0	2
BAG6	gene	BAG6	True	1	1
BAIAP2	gene	BAIAP2	True	5	3
BAIAP2L1	gene	BAIAP2L1	True	1	0
BAK1	gene	BAK1	True	13	7
BAMBI	gene	BAMBI	False	1	4
BANF1	gene	BANF1	True	4	0
BARD1	gene	BARD1	True	1	1
BARHL1	gene	BARHL1	False	1	0
BAX	gene	BAX	True	22	8
BAZ1B	gene	BAZ1B	True	3	1
BBC3	gene	BBC3	True	5	7
BCAP31	gene	BCAP31	True	0	3
BCAR1	gene	BCAR1	True	20	3
BCKDHA	gene	BCKDHA	False	2	0
BCKDK	gene	BCKDK	True	1	1
BCL10	gene	BCL10	True	4	1
BCL2	gene	BCL2	True	39	7
BCL2A1	gene	BCL2A1	False	4	0
BCL2L1	gene	BCL2L1	True	26	5
BCL2L11	gene	BCL2L11	True	19	8
BCL2L12	gene	BCL2L12	True	1	0
BCL2L14	gene	BCL2L14	True	1	0
BCL2L2	gene	BCL2L2	True	5	3
BCL3	gene	BCL3	True	2	4
BCL6	gene	BCL6	True	9	3
BCL9	gene	BCL9	True	0	2
BCOR	gene	BCOR	True	0	4
BCR	gene	BCR	True	4	2
BDKRB1	gene	BDKRB1	False	1	3
BDKRB2	gene	BDKRB2	False	9	1
BDNF	gene	BDNF	False	1	3
BECN1	gene	BECN1	True	26	3
BEST1	gene	BEST1	False	1	0
BEX3	gene	BEX3	True	2	0
BEX4	gene	BEX4	True	1	0
BFAR	gene	BFAR	True	0	1
BGLAP	gene	BGLAP	False	5	0
BHLHE40	gene	BHLHE40	False	2	0
BHLHE41	gene	BHLHE41	True	1	1
BICD1	gene	BICD1	True	1	0
BID	gene	BID	True	23	6
BIK	gene	BIK	False	3	1
BIRC2	gene	BIRC2	True	8	13
BIRC3	gene	BIRC3	False	6	9
BIRC5	gene	BIRC5	True	9	4
BIRC6	gene	BIRC6	True	2	3
BIRC7	gene	BIRC7	False	0	1
BLK	gene	BLK	False	2	4
BLM	gene	BLM	True	7	3
BLNK	gene	BLNK	False	3	0
BLVRA	gene	BLVRA	True	2	5
BMAL1	gene	BMAL1	True	10	2
BMF	gene	BMF	True	3	4
BMI1	gene	BMI1	True	6	3
BMP1	gene	BMP1	True	0	4
BMP10	gene	BMP10	False	0	7
BMP15	gene	BMP15	False	0	3
BMP2	gene	BMP2	True	2	7
BMP4	gene	BMP4	True	3	5
BMP5	gene	BMP5	False	0	1
BMP6	gene	BMP6	True	0	7
BMP7	gene	BMP7	True	2	7
BMP8A	gene	BMP8A	True	0	4
BMP8B	gene	BMP8B	False	0	2
BMPR1A	gene	BMPR1A	True	20	4
BMPR1B	gene	BMPR1B	True	16	4
BMPR2	gene	BMPR2	True	15	3
BMX	gene	BMX	False	5	5
BNC1	gene	BNC1	False	1	0
BNIP2	gene	BNIP2	True	0	1
BNIP3	gene	BNIP3	True	2	3
BNIP3L	gene	BNIP3L	True	3	1
BOC	gene	BOC	True	1	0
BORA	gene	BORA	True	2	1
BRAF	gene	BRAF	True	20	7
BRAP	gene	BRAP	True	2	3
BRCA1	gene	BRCA1	True	29	10
BRCA2	gene	BRCA2	True	7	2
BRCC3	gene	BRCC3	True	0	2
BRD2	gene	BRD2	True	1	0
BRD4	gene	BRD4	True	2	3
BRD7	gene	BRD7	True	2	0
BRDT	gene	BRDT	False	1	0
BRIP1	gene	BRIP1	True	3	2
BRMS1	gene	BRMS1	True	1	0
BRS3	gene	BRS3	False	1	0
BRSK1	gene	BRSK1	True	1	4
BRSK2	gene	BRSK2	True	1	1
BSG	gene	BSG	True	2	0
BTAF1	gene	BTAF1	True	0	1
BTC	gene	BTC	False	0	2
BTF3	gene	BTF3	True	0	2
BTG1	gene	BTG1	True	0	1
BTG2	gene	BTG2	True	2	3
BTG3	gene	BTG3	True	0	1
BTK	gene	BTK	False	12	14
BTRC	gene	BTRC	True	4	16
BUB1	gene	BUB1	True	5	5
BUB1B	gene	BUB1B	True	3	1
BUB3	gene	BUB3	True	2	0
C10orf90	gene	C10orf90	False	0	1
C1QA	gene	C1QA	False	1	0
C1QBP	gene	C1QBP	True	0	1
C1R	gene	C1R	True	1	0
C1RL	gene	C1RL	True	0	1
C1orf116	gene	C1orf116	False	1	0
C2	gene	C2	False	2	0
C2CD5	gene	C2CD5	True	1	0
C3	gene	C3	False	3	6
C3AR1	gene	C3AR1	False	1	0
C4A	gene	C4A	True	1	0
C4B	gene	C4B	False	2	0
C5	gene	C5	True	0	2
C5AR1	gene	C5AR1	False	4	0
C5AR2	gene	C5AR2	False	1	0
C9	gene	C9	False	0	1
CA3	gene	CA3	False	1	0
CA9	gene	CA9	False	1	0
CABIN1	gene	CABIN1	True	1	0
CABLES1	gene	CABLES1	True	0	1
CACNA1B	gene	CACNA1B	True	4	0
CACNA1C	gene	CACNA1C	False	3	0
CACNA1D	gene	CACNA1D	False	1	0
CACNA1H	gene	CACNA1H	False	2	0
CACNA1S	gene	CACNA1S	False	4	0
CACNB2	gene	CACNB2	True	2	0
CACNG2	gene	CACNG2	False	1	0
CAD	gene	CAD	True	5	0
CALB1	gene	CALB1	True	0	1
CALCA	gene	CALCA	False	0	5
CALCB	gene	CALCB	False	0	5
CALCOCO1	gene	CALCOCO1	True	1	0
CALCR	gene	CALCR	True	5	0
CALCRL	gene	CALCRL	True	4	0
CALD1	gene	CALD1	True	6	0
CALM1	gene	CALM1	True	4	35
CALM2	gene	CALM2	True	3	29
CALM3	gene	CALM3	True	3	39
CALR	gene	CALR	True	0	1
CAMK1	gene	CAMK1	True	3	10
CAMK1D	gene	CAMK1D	True	1	0
CAMK1G	gene	CAMK1G	False	0	1
CAMK2A	gene	CAMK2A	True	7	54
CAMK2B	gene	CAMK2B	False	1	10
CAMK2D	gene	CAMK2D	True	0	9
CAMK2G	gene	CAMK2G	True	0	12
CAMK4	gene	CAMK4	True	7	11
CAMKK1	gene	CAMKK1	True	3	6
CAMKK2	gene	CAMKK2	True	8	5
CAMP	gene	CAMP	False	1	4
CAND1	gene	CAND1	True	0	2
CAND2	gene	CAND2	True	1	0
CAP1	gene	CAP1	True	1	0
CAPN1	gene	CAPN1	True	4	15
CAPN2	gene	CAPN2	True	5	7
CAPN3	gene	CAPN3	False	1	2
CAPNS1	gene	CAPNS1	True	0	1
CAPRIN1	gene	CAPRIN1	True	0	1
CAPRIN2	gene	CAPRIN2	True	0	1
CAPZA1	gene	CAPZA1	True	1	0
CARD11	gene	CARD11	False	8	1
CARD14	gene	CARD14	False	2	1
CARD16	gene	CARD16	False	0	1
CARD17P	gene	CARD17P	False	0	7
CARD18	gene	CARD18	False	0	7
CARD8	gene	CARD8	True	4	2
CARD9	gene	CARD9	False	4	2
CARM1	gene	CARM1	True	2	7
CASC3	gene	CASC3	True	1	0
CASK	gene	CASK	True	1	1
CASKIN1	gene	CASKIN1	True	1	0
CASP1	gene	CASP1	False	9	22
CASP10	gene	CASP10	False	3	4
CASP12	gene	CASP12	False	1	2
CASP2	gene	CASP2	True	10	8
CASP3	gene	CASP3	True	14	57
CASP4	gene	CASP4	False	0	2
CASP5	gene	CASP5	False	5	2
CASP6	gene	CASP6	True	6	8
CASP7	gene	CASP7	True	14	9
CASP8	gene	CASP8	False	19	13
CASP8AP2	gene	CASP8AP2	True	1	1
CASP9	gene	CASP9	True	26	5
CASR	gene	CASR	False	3	0
CAST	gene	CAST	False	2	2
CAT	gene	CAT	True	4	0
CAV1	gene	CAV1	True	5	4
CAV2	gene	CAV2	True	3	0
CBFA2T3	gene	CBFA2T3	False	1	1
CBFB	gene	CBFB	True	0	1
CBL	gene	CBL	True	22	18
CBLB	gene	CBLB	True	3	16
CBLC	gene	CBLC	False	1	1
CBS	gene	CBS	True	1	0
CBX1	gene	CBX1	True	2	2
CBX3	gene	CBX3	True	1	2
CBX4	gene	CBX4	True	3	1
CBX5	gene	CBX5	True	3	3
CBY1	gene	CBY1	True	1	1
CC2D1A	gene	CC2D1A	True	1	0
CCAR2	gene	CCAR2	True	4	1
CCDC50	gene	CCDC50	True	2	0
CCDC6	gene	CCDC6	True	4	0
CCDC88C	gene	CCDC88C	True	0	1
CCK	gene	CCK	False	1	2
CCKAR	gene	CCKAR	False	1	2
CCKBR	gene	CCKBR	True	2	1
CCL1	gene	CCL1	False	0	1
CCL11	gene	CCL11	False	0	5
CCL13	gene	CCL13	False	0	8
CCL14	gene	CCL14	False	0	3
CCL15	gene	CCL15	False	0	2
CCL16	gene	CCL16	False	0	5
CCL17	gene	CCL17	False	0	2
CCL18	gene	CCL18	False	0	3
CCL19	gene	CCL19	False	0	6
CCL2	gene	CCL2	False	0	7
CCL20	gene	CCL20	False	1	2
CCL21	gene	CCL21	False	0	5
CCL22	gene	CCL22	False	0	1
CCL23	gene	CCL23	False	0	1
CCL24	gene	CCL24	False	0	2
CCL25	gene	CCL25	False	0	4
CCL26	gene	CCL26	False	0	5
CCL27	gene	CCL27	False	0	1
CCL28	gene	CCL28	False	0	3
CCL3	gene	CCL3	False	1	4
CCL3L3	gene	CCL3L3	False	1	3
CCL4	gene	CCL4	False	0	4
CCL4L2	gene	CCL4L2	False	0	3
CCL5	gene	CCL5	True	2	6
CCL7	gene	CCL7	False	0	6
CCL8	gene	CCL8	False	0	7
CCM2	gene	CCM2	True	1	0
CCN1	gene	CCN1	True	0	4
CCN2	gene	CCN2	True	0	3
CCN3	gene	CCN3	False	0	1
CCN5	gene	CCN5	False	1	0
CCNA1	gene	CCNA1	False	1	1
CCNA2	gene	CCNA2	True	4	0
CCNB1	gene	CCNB1	True	14	0
CCND1	gene	CCND1	True	18	2
CCND2	gene	CCND2	True	3	3
CCND3	gene	CCND3	True	4	3
CCNE1	gene	CCNE1	True	8	0
CCNF	gene	CCNF	True	1	1
CCNG1	gene	CCNG1	True	1	0
CCNH	gene	CCNH	True	1	1
CCNK	gene	CCNK	True	1	0
CCNL2	gene	CCNL2	True	1	0
CCNO	gene	CCNO	False	2	0
CCNT1	gene	CCNT1	True	1	0
CCNT2	gene	CCNT2	True	1	0
CCNY	gene	CCNY	True	2	0
CCP110	gene	CCP110	True	2	5
CCPG1	gene	CCPG1	True	1	0
CCR1	gene	CCR1	False	16	0
CCR10	gene	CCR10	True	9	0
CCR2	gene	CCR2	False	9	0
CCR3	gene	CCR3	False	19	0
CCR4	gene	CCR4	False	5	0
CCR5	gene	CCR5	False	17	4
CCR6	gene	CCR6	False	2	0
CCR7	gene	CCR7	False	2	0
CCR8	gene	CCR8	False	5	0
CCR9	gene	CCR9	False	1	0
CCRL2	gene	CCRL2	False	1	0
CCT2	gene	CCT2	True	1	0
CD14	gene	CD14	False	1	1
CD163	gene	CD163	False	1	0
CD19	gene	CD19	False	4	2
CD2	gene	CD2	False	1	0
CD22	gene	CD22	False	2	0
CD226	gene	CD226	False	2	0
CD24	gene	CD24	True	0	1
CD244	gene	CD244	False	1	0
CD247	gene	CD247	False	6	1
CD27	gene	CD27	False	1	0
CD274	gene	CD274	True	6	1
CD28	gene	CD28	False	4	3
CD2AP	gene	CD2AP	True	2	0
CD300LB	gene	CD300LB	False	1	2
CD300LF	gene	CD300LF	False	1	0
CD33	gene	CD33	False	2	0
CD34	gene	CD34	False	0	1
CD36	gene	CD36	False	4	0
CD38	gene	CD38	False	1	0
CD3E	gene	CD3E	False	1	1
CD4	gene	CD4	False	3	2
CD40	gene	CD40	False	2	2
CD40LG	gene	CD40LG	False	0	1
CD44	gene	CD44	True	10	0
CD47	gene	CD47	True	3	0
CD48	gene	CD48	False	0	1
CD5	gene	CD5	False	5	0
CD55	gene	CD55	True	0	1
CD59	gene	CD59	True	1	1
CD70	gene	CD70	True	0	1
CD72	gene	CD72	False	1	0
CD74	gene	CD74	True	1	1
CD79A	gene	CD79A	False	5	0
CD79B	gene	CD79B	False	4	0
CD80	gene	CD80	False	0	3
CD82	gene	CD82	True	1	0
CD86	gene	CD86	False	0	2
CD8A	gene	CD8A	False	5	0
CDC14A	gene	CDC14A	True	1	7
CDC14B	gene	CDC14B	True	0	6
CDC16	gene	CDC16	True	1	0
CDC20	gene	CDC20	True	10	4
CDC23	gene	CDC23	True	2	0
CDC25A	gene	CDC25A	True	18	5
CDC25B	gene	CDC25B	True	14	1
CDC25C	gene	CDC25C	True	23	0
CDC26	gene	CDC26	True	2	0
CDC27	gene	CDC27	True	3	0
CDC34	gene	CDC34	True	3	1
CDC37	gene	CDC37	True	3	0
CDC42	gene	CDC42	True	29	16
CDC42BPA	gene	CDC42BPA	True	1	5
CDC42BPB	gene	CDC42BPB	True	0	1
CDC42EP4	gene	CDC42EP4	True	1	0
CDC45	gene	CDC45	True	1	0
CDC5L	gene	CDC5L	True	2	1
CDC6	gene	CDC6	True	3	0
CDC7	gene	CDC7	True	1	7
CDC73	gene	CDC73	True	0	3
CDCA2	gene	CDCA2	True	1	1
CDCA3	gene	CDCA3	True	0	1
CDCA4	gene	CDCA4	True	1	0
CDCA5	gene	CDCA5	True	2	2
CDCA7	gene	CDCA7	True	1	0
CDCA8	gene	CDCA8	True	4	0
CDH1	gene	CDH1	False	14	6
CDH10	gene	CDH10	True	0	1
CDH11	gene	CDH11	True	0	1
CDH15	gene	CDH15	False	0	2
CDH16	gene	CDH16	False	0	1
CDH2	gene	CDH2	True	5	2
CDH24	gene	CDH24	True	0	1
CDH3	gene	CDH3	True	1	1
CDH5	gene	CDH5	False	2	1
CDH6	gene	CDH6	False	0	1
CDH7	gene	CDH7	True	0	1
CDH8	gene	CDH8	True	0	1
CDH9	gene	CDH9	True	0	1
CDK1	gene	CDK1	True	17	201
CDK10	gene	CDK10	True	0	1
CDK11A	gene	CDK11A	True	0	4
CDK11B	gene	CDK11B	True	3	1
CDK12	gene	CDK12	True	0	2
CDK13	gene	CDK13	True	0	1
CDK14	gene	CDK14	True	0	3
CDK16	gene	CDK16	True	2	4
CDK18	gene	CDK18	False	1	1
CDK19	gene	CDK19	True	0	1
CDK2	gene	CDK2	True	16	97
CDK20	gene	CDK20	True	0	2
CDK2AP1	gene	CDK2AP1	True	0	1
CDK3	gene	CDK3	False	1	7
CDK4	gene	CDK4	True	12	19
CDK5	gene	CDK5	True	6	92
CDK5R1	gene	CDK5R1	True	6	1
CDK5RAP2	gene	CDK5RAP2	True	3	2
CDK5RAP3	gene	CDK5RAP3	True	0	2
CDK6	gene	CDK6	True	8	9
CDK7	gene	CDK7	True	1	19
CDK8	gene	CDK8	True	2	9
CDK9	gene	CDK9	True	5	12
CDKL5	gene	CDKL5	True	0	2
CDKN1A	gene	CDKN1A	True	49	7
CDKN1B	gene	CDKN1B	True	40	1
CDKN1C	gene	CDKN1C	True	4	0
CDKN2A	gene	CDKN2A	True	14	6
CDKN2AIP	gene	CDKN2AIP	True	1	0
CDKN2B	gene	CDKN2B	False	3	1
CDKN2C	gene	CDKN2C	True	1	2
CDKN2D	gene	CDKN2D	True	3	2
CDKN3	gene	CDKN3	True	0	1
CDO1	gene	CDO1	True	0	1
CDON	gene	CDON	True	4	2
CDR2	gene	CDR2	True	0	1
CDS1	gene	CDS1	True	1	0
CDT1	gene	CDT1	True	5	0
CDX2	gene	CDX2	False	2	1
CDX4	gene	CDX4	False	1	0
CEACAM1	gene	CEACAM1	True	4	0
CEBPA	gene	CEBPA	False	6	10
CEBPB	gene	CEBPB	True	9	8
CEBPD	gene	CEBPD	True	2	0
CEBPE	gene	CEBPE	False	0	1
CEBPG	gene	CEBPG	True	1	0
CELF1	gene	CELF1	True	1	0
CELF2	gene	CELF2	True	1	0
CENPA	gene	CENPA	True	7	0
CENPB	gene	CENPB	True	1	0
CENPE	gene	CENPE	True	1	0
CENPF	gene	CENPF	True	1	0
CENPK	gene	CENPK	True	0	1
CENPQ	gene	CENPQ	True	1	0
CENPS	gene	CENPS	True	1	0
CENPU	gene	CENPU	True	1	0
CENPX	gene	CENPX	True	1	0
CEP131	gene	CEP131	True	1	0
CEP135	gene	CEP135	True	0	2
CEP164	gene	CEP164	True	3	0
CEP192	gene	CEP192	True	1	1
CEP250	gene	CEP250	True	2	0
CEP55	gene	CEP55	True	3	0
CEP63	gene	CEP63	True	1	0
CEP68	gene	CEP68	True	1	1
CEP85	gene	CEP85	True	0	1
CERS5	gene	CERS5	True	1	0
CERT1	gene	CERT1	True	3	0
CETN1	gene	CETN1	False	1	0
CETN2	gene	CETN2	True	2	0
CFB	gene	CFB	False	1	0
CFD	gene	CFD	False	0	1
CFH	gene	CFH	False	2	4
CFHR1	gene	CFHR1	False	0	1
CFI	gene	CFI	False	1	1
CFL1	gene	CFL1	True	13	1
CFL2	gene	CFL2	True	4	0
CFLAR	gene	CFLAR	True	7	4
CFTR	gene	CFTR	False	11	0
CGA	gene	CGA	False	3	3
CGAS	gene	CGAS	True	2	0
CGB3	gene	CGB3	False	0	1
CH25H	gene	CH25H	True	1	0
CHAD	gene	CHAD	False	0	2
CHAF1A	gene	CHAF1A	True	1	0
CHAF1B	gene	CHAF1B	True	3	0
CHAMP1	gene	CHAMP1	True	0	1
CHAT	gene	CHAT	False	8	0
CHD1L	gene	CHD1L	False	1	0
CHD3	gene	CHD3	True	1	0
CHD4	gene	CHD4	True	1	0
CHD8	gene	CHD8	True	0	1
CHEK1	gene	CHEK1	True	11	34
CHEK2	gene	CHEK2	True	11	29
CHFR	gene	CHFR	True	1	3
CHIA	gene	CHIA	False	1	0
CHKA	gene	CHKA	True	0	5
CHKB	gene	CHKB	False	1	0
CHM	gene	CHM	True	0	1
CHMP2A	gene	CHMP2A	True	1	0
CHMP4C	gene	CHMP4C	False	2	0
CHMP7	gene	CHMP7	True	1	0
CHN1	gene	CHN1	True	0	2
CHN2	gene	CHN2	True	4	1
CHP1	gene	CHP1	True	0	1
CHRM1	gene	CHRM1	False	0	3
CHRM2	gene	CHRM2	False	1	3
CHRM3	gene	CHRM3	False	0	1
CHRM4	gene	CHRM4	False	0	4
CHRNA1	gene	CHRNA1	False	1	0
CHRNA7	gene	CHRNA7	True	1	0
CHRNB1	gene	CHRNB1	True	1	0
CHUK	gene	CHUK	True	16	29
CIB1	gene	CIB1	True	1	2
CIC	gene	CIC	True	4	0
CIDEC	gene	CIDEC	False	1	0
CIITA	gene	CIITA	True	4	1
CILK1	gene	CILK1	True	4	1
CIRSR	gene	CIRSR	True	1	0
CISD2	gene	CISD2	True	0	1
CISH	gene	CISH	True	0	3
CIT	gene	CIT	True	1	1
CITED2	gene	CITED2	True	1	0
CKAP2	gene	CKAP2	True	2	0
CKB	gene	CKB	True	1	0
CKMT1B	gene	CKMT1B	True	1	0
CKS1B	gene	CKS1B	True	1	1
CKS2	gene	CKS2	True	1	1
CLASP1	gene	CLASP1	True	0	1
CLASP2	gene	CLASP2	True	3	3
CLCC1	gene	CLCC1	True	0	1
CLCF1	gene	CLCF1	True	0	4
CLCN3	gene	CLCN3	True	1	0
CLDN17	gene	CLDN17	False	1	0
CLDN4	gene	CLDN4	False	1	0
CLDN7	gene	CLDN7	False	1	0
CLEC7A	gene	CLEC7A	False	1	0
CLIC4	gene	CLIC4	True	1	0
CLIC5	gene	CLIC5	False	1	0
CLIP1	gene	CLIP1	True	7	1
CLIP2	gene	CLIP2	True	1	0
CLK1	gene	CLK1	True	0	4
CLK2	gene	CLK2	True	1	3
CLK3	gene	CLK3	True	0	2
CLK4	gene	CLK4	True	0	2
CLOCK	gene	CLOCK	True	2	1
CLSPN	gene	CLSPN	True	8	2
CLTA	gene	CLTA	True	1	0
CLTC	gene	CLTC	True	4	0
CLTCL1	gene	CLTCL1	True	1	0
CLU	gene	CLU	True	0	2
CMA1	gene	CMA1	False	0	2
CMKLR1	gene	CMKLR1	False	1	0
CMKLR2	gene	CMKLR2	True	1	0
CMTM6	gene	CMTM6	True	0	1
CNKSR1	gene	CNKSR1	True	1	2
CNKSR2	gene	CNKSR2	True	0	1
CNN1	gene	CNN1	True	1	0
CNN3	gene	CNN3	True	1	0
CNR1	gene	CNR1	True	0	5
CNR2	gene	CNR2	False	1	3
CNTF	gene	CNTF	False	0	4
CNTFR	gene	CNTFR	True	3	1
CNTN1	gene	CNTN1	False	1	2
CNTN6	gene	CNTN6	True	0	1
CNTNAP1	gene	CNTNAP1	True	1	1
CNTROB	gene	CNTROB	True	1	0
COIL	gene	COIL	True	2	0
COL11A1	gene	COL11A1	True	0	2
COL18A1	gene	COL18A1	True	1	3
COL1A1	gene	COL1A1	True	3	9
COL1A2	gene	COL1A2	False	1	8
COL2A1	gene	COL2A1	True	2	5
COL3A1	gene	COL3A1	True	0	4
COL4A1	gene	COL4A1	True	0	5
COL4A4	gene	COL4A4	False	0	2
COL4A6	gene	COL4A6	True	0	2
COL5A1	gene	COL5A1	False	1	2
COL5A2	gene	COL5A2	True	1	0
COL5A3	gene	COL5A3	True	0	1
COL7A1	gene	COL7A1	True	1	0
COLEC11	gene	COLEC11	False	0	1
COMMD1	gene	COMMD1	True	1	0
COMP	gene	COMP	False	0	4
COP1	gene	COP1	True	3	7
COPE	gene	COPE	True	1	0
COPS3	gene	COPS3	True	1	0
COPS5	gene	COPS5	True	2	10
COPS6	gene	COPS6	True	1	0
CORO1A	gene	CORO1A	True	1	0
CORO1B	gene	CORO1B	True	2	0
CORO1C	gene	CORO1C	True	1	0
CORO7	gene	CORO7	True	1	0
CORT	gene	CORT	False	0	7
COX5B	gene	COX5B	True	0	1
CP	gene	CP	True	1	0
CPAP	gene	CPAP	True	3	0
CPEB1	gene	CPEB1	False	1	0
CPM	gene	CPM	False	0	1
CPSF3	gene	CPSF3	True	1	0
CR1	gene	CR1	False	1	0
CR2	gene	CR2	False	0	1
CRADD	gene	CRADD	True	1	2
CRAT	gene	CRAT	True	1	0
CRBN	gene	CRBN	True	0	2
CREB1	gene	CREB1	True	36	26
CREB3	gene	CREB3	True	2	0
CREB3L3	gene	CREB3L3	False	1	0
CREB5	gene	CREB5	True	0	2
CREBBP	gene	CREBBP	True	13	29
CREM	gene	CREM	True	4	2
CRH	gene	CRH	False	1	2
CRHR1	gene	CRHR1	False	4	2
CRHR2	gene	CRHR2	False	4	0
CRIPTO	gene	CRIPTO	False	0	2
CRK	gene	CRK	True	15	11
CRKL	gene	CRKL	True	5	7
CRLF1	gene	CRLF1	False	2	1
CRLF2	gene	CRLF2	False	2	1
CRMP1	gene	CRMP1	True	4	0
CROCC	gene	CROCC	True	1	0
CRP	gene	CRP	False	1	1
CRTC1	gene	CRTC1	True	1	0
CRTC2	gene	CRTC2	True	5	4
CRTC3	gene	CRTC3	True	1	0
CRX	gene	CRX	False	1	0
CRY1	gene	CRY1	True	3	1
CRY2	gene	CRY2	True	3	1
CRYAA	gene	CRYAA	False	1	1
CRYAB	gene	CRYAB	False	2	3
CRYBB2	gene	CRYBB2	False	1	0
CRYGC	gene	CRYGC	False	1	0
CRYGD	gene	CRYGD	False	1	0
CRYGS	gene	CRYGS	False	1	0
CRYZ	gene	CRYZ	True	1	0
CSAG3	gene	CSAG3	True	0	1
CSF1	gene	CSF1	True	1	3
CSF1R	gene	CSF1R	False	7	1
CSF2	gene	CSF2	False	1	3
CSF2RA	gene	CSF2RA	False	5	1
CSF2RB	gene	CSF2RB	False	7	0
CSF3	gene	CSF3	False	1	2
CSF3R	gene	CSF3R	False	6	3
CSH1	gene	CSH1	False	0	1
CSK	gene	CSK	True	6	13
CSN1S1	gene	CSN1S1	False	0	1
CSN2	gene	CSN2	False	1	0
CSNK1A1	gene	CSNK1A1	True	5	45
CSNK1A1L	gene	CSNK1A1L	False	5	7
CSNK1D	gene	CSNK1D	True	3	31
CSNK1E	gene	CSNK1E	True	4	22
CSNK1G1	gene	CSNK1G1	True	1	8
CSNK1G2	gene	CSNK1G2	True	0	6
CSNK1G3	gene	CSNK1G3	True	0	2
CSNK2A1	gene	CSNK2A1	True	4	182
CSNK2A2	gene	CSNK2A2	True	0	33
CSNK2A3	gene	CSNK2A3	True	0	1
CSNK2B	gene	CSNK2B	True	2	15
CSPG4	gene	CSPG4	True	1	0
CSRP3	gene	CSRP3	False	0	3
CSTF1	gene	CSTF1	True	1	0
CSTF2	gene	CSTF2	True	1	0
CTBP1	gene	CTBP1	True	7	3
CTBP2	gene	CTBP2	True	2	0
CTCF	gene	CTCF	True	3	0
CTDNEP1	gene	CTDNEP1	True	0	2
CTDP1	gene	CTDP1	True	3	0
CTDSP1	gene	CTDSP1	True	0	5
CTDSP2	gene	CTDSP2	True	0	3
CTDSPL	gene	CTDSPL	True	0	4
CTDSPL2	gene	CTDSPL2	True	0	2
CTF1	gene	CTF1	False	0	2
CTH	gene	CTH	True	1	0
CTLA4	gene	CTLA4	False	6	0
CTNNA1	gene	CTNNA1	True	3	1
CTNNA3	gene	CTNNA3	True	0	1
CTNNB1	gene	CTNNB1	True	98	19
CTNNBIP1	gene	CTNNBIP1	True	0	1
CTNND1	gene	CTNND1	True	14	4
CTNND2	gene	CTNND2	True	2	3
CTPS1	gene	CTPS1	True	1	0
CTPS2	gene	CTPS2	True	1	0
CTSB	gene	CTSB	True	0	2
CTSD	gene	CTSD	True	2	2
CTSE	gene	CTSE	False	0	1
CTSG	gene	CTSG	False	0	5
CTSH	gene	CTSH	True	0	2
CTSK	gene	CTSK	True	0	1
CTSL	gene	CTSL	True	0	1
CTSS	gene	CTSS	False	0	2
CTTN	gene	CTTN	True	20	2
CTTNBP2	gene	CTTNBP2	True	0	1
CTTNBP2NL	gene	CTTNBP2NL	True	0	1
CUL1	gene	CUL1	True	5	4
CUL2	gene	CUL2	True	2	0
CUL3	gene	CUL3	True	2	6
CUL4A	gene	CUL4A	True	4	0
CUL5	gene	CUL5	True	1	1
CUX1	gene	CUX1	True	1	0
CX3CL1	gene	CX3CL1	True	1	1
CX3CR1	gene	CX3CR1	False	2	0
CXCL1	gene	CXCL1	False	1	3
CXCL10	gene	CXCL10	True	1	2
CXCL11	gene	CXCL11	False	0	4
CXCL12	gene	CXCL12	False	1	3
CXCL13	gene	CXCL13	False	0	3
CXCL14	gene	CXCL14	False	0	1
CXCL16	gene	CXCL16	False	0	1
CXCL17	gene	CXCL17	False	0	1
CXCL2	gene	CXCL2	False	1	3
CXCL3	gene	CXCL3	True	1	2
CXCL5	gene	CXCL5	False	1	2
CXCL6	gene	CXCL6	True	0	2
CXCL8	gene	CXCL8	False	2	2
CXCL9	gene	CXCL9	False	0	2
CXCR1	gene	CXCR1	False	7	0
CXCR2	gene	CXCR2	False	8	0
CXCR3	gene	CXCR3	False	15	0
CXCR4	gene	CXCR4	True	13	4
CXCR5	gene	CXCR5	False	1	0
CXCR6	gene	CXCR6	False	1	0
CXXC4	gene	CXXC4	True	0	1
CXXC5	gene	CXXC5	True	0	1
CYBA	gene	CYBA	False	3	0
CYC1	gene	CYC1	True	1	0
CYCS	gene	CYCS	True	10	2
CYLD	gene	CYLD	True	4	4
CYP11A1	gene	CYP11A1	False	1	0
CYP17A1	gene	CYP17A1	False	1	0
CYP19A1	gene	CYP19A1	False	2	0
CYP2B6	gene	CYP2B6	False	1	0
CYP2C9	gene	CYP2C9	False	1	0
CYP3A4	gene	CYP3A4	False	1	0
CYP3A5	gene	CYP3A5	True	1	0
CYTH2	gene	CYTH2	True	3	2
DAAM1	gene	DAAM1	True	1	3
DAB1	gene	DAB1	True	3	1
DAB2	gene	DAB2	False	2	8
DAB2IP	gene	DAB2IP	True	2	1
DACH2	gene	DACH2	True	2	1
DACT1	gene	DACT1	True	0	1
DACT2	gene	DACT2	False	0	3
DAG1	gene	DAG1	True	8	0
DAP	gene	DAP	True	1	0
DAP3	gene	DAP3	True	1	1
DAPK1	gene	DAPK1	True	19	25
DAPK2	gene	DAPK2	False	4	2
DAPK3	gene	DAPK3	True	4	13
DAPP1	gene	DAPP1	False	4	0
DAXX	gene	DAXX	True	6	4
DAZAP1	gene	DAZAP1	True	1	0
DBF4	gene	DBF4	True	4	0
DBI	gene	DBI	True	2	0
DBN1	gene	DBN1	True	1	0
DBNL	gene	DBNL	True	1	0
DBP	gene	DBP	True	3	0
DCAF1	gene	DCAF1	True	0	2
DCAF12	gene	DCAF12	True	0	1
DCAF15	gene	DCAF15	True	0	1
DCAF4	gene	DCAF4	True	0	1
DCAF7	gene	DCAF7	True	0	2
DCC	gene	DCC	True	4	2
DCK	gene	DCK	True	2	0
DCLRE1A	gene	DCLRE1A	True	2	0
DCLRE1B	gene	DCLRE1B	True	1	4
DCLRE1C	gene	DCLRE1C	True	2	1
DCN	gene	DCN	False	3	1
DCT	gene	DCT	False	1	0
DCTN1	gene	DCTN1	True	3	0
DCTN2	gene	DCTN2	True	1	0
DCTN6	gene	DCTN6	True	1	0
DCX	gene	DCX	True	2	0
DDAH2	gene	DDAH2	True	1	0
DDB1	gene	DDB1	True	1	0
DDB2	gene	DDB2	True	7	2
DDC	gene	DDC	False	1	0
DDHD1	gene	DDHD1	True	2	0
DDIAS	gene	DDIAS	True	1	0
DDIT3	gene	DDIT3	True	3	6
DDIT4	gene	DDIT4	True	2	0
DDR1	gene	DDR1	True	2	3
DDR2	gene	DDR2	True	2	1
DDX17	gene	DDX17	True	1	2
DDX21	gene	DDX21	True	0	1
DDX3X	gene	DDX3X	True	2	3
DDX41	gene	DDX41	True	1	0
DDX5	gene	DDX5	True	3	3
DDX6	gene	DDX6	True	0	1
DEF6	gene	DEF6	False	1	1
DEFB104B	gene	DEFB104B	False	1	0
DEFB4A	gene	DEFB4A	False	1	1
DEK	gene	DEK	True	2	0
DENND3	gene	DENND3	True	2	0
DENND4A	gene	DENND4A	True	0	1
DENR	gene	DENR	True	1	0
DEPTOR	gene	DEPTOR	False	6	0
DERL1	gene	DERL1	True	2	0
DES	gene	DES	False	3	0
DFFA	gene	DFFA	True	3	1
DFFB	gene	DFFB	True	2	0
DGCR8	gene	DGCR8	True	4	0
DGKA	gene	DGKA	True	1	0
DGKD	gene	DGKD	True	1	0
DGKZ	gene	DGKZ	True	1	0
DGUOK	gene	DGUOK	True	1	0
DHH	gene	DHH	False	0	3
DHPS	gene	DHPS	True	0	1
DHX16	gene	DHX16	True	1	0
DHX33	gene	DHX33	True	1	0
DHX58	gene	DHX58	True	0	3
DHX9	gene	DHX9	True	2	1
DIABLO	gene	DIABLO	True	8	4
DIAPH1	gene	DIAPH1	True	1	0
DIAPH2	gene	DIAPH2	True	1	0
DIAPH3	gene	DIAPH3	True	1	1
DICER1	gene	DICER1	True	1	0
DIP2A	gene	DIP2A	True	1	0
DISC1	gene	DISC1	True	0	2
DISP1	gene	DISP1	True	0	1
DISP2	gene	DISP2	True	0	1
DISP3	gene	DISP3	True	0	1
DIXDC1	gene	DIXDC1	True	0	3
DKC1	gene	DKC1	True	0	1
DKK1	gene	DKK1	False	1	4
DKK4	gene	DKK4	False	0	2
DLC1	gene	DLC1	False	2	1
DLD	gene	DLD	True	1	0
DLG1	gene	DLG1	True	3	0
DLG2	gene	DLG2	True	1	0
DLG3	gene	DLG3	True	1	0
DLG4	gene	DLG4	True	14	7
DLGAP1	gene	DLGAP1	True	2	4
DLGAP2	gene	DLGAP2	False	0	1
DLGAP3	gene	DLGAP3	True	0	1
DLGAP4	gene	DLGAP4	True	0	1
DLGAP5	gene	DLGAP5	True	1	0
DLK1	gene	DLK1	False	0	1
DLK2	gene	DLK2	True	0	1
DLL1	gene	DLL1	True	2	4
DLL3	gene	DLL3	True	0	4
DLL4	gene	DLL4	True	1	4
DLX2	gene	DLX2	False	1	2
DLX3	gene	DLX3	False	1	0
DLX5	gene	DLX5	False	5	1
DMAP1	gene	DMAP1	True	1	0
DMPK	gene	DMPK	True	0	3
DNAJB1	gene	DNAJB1	True	1	1
DNAJC3	gene	DNAJC3	True	0	2
DNM1	gene	DNM1	True	10	0
DNM1L	gene	DNM1L	True	15	0
DNM2	gene	DNM2	True	2	1
DNMBP	gene	DNMBP	True	0	1
DNMT1	gene	DNMT1	True	10	0
DNMT3A	gene	DNMT3A	True	4	1
DNMT3B	gene	DNMT3B	True	1	0
DNMT3L	gene	DNMT3L	False	1	0
DNPEP	gene	DNPEP	True	1	0
DOC2A	gene	DOC2A	True	0	1
DOCK1	gene	DOCK1	True	3	1
DOCK6	gene	DOCK6	True	0	1
DOCK7	gene	DOCK7	True	2	1
DOCK8	gene	DOCK8	False	1	1
DOK1	gene	DOK1	True	9	6
DOK2	gene	DOK2	False	2	0
DOK3	gene	DOK3	True	1	1
DOK4	gene	DOK4	True	2	3
DOK5	gene	DOK5	True	2	0
DOK6	gene	DOK6	True	1	0
DOK7	gene	DOK7	False	0	2
DOT1L	gene	DOT1L	True	0	1
DPP3	gene	DPP3	True	0	1
DPP4	gene	DPP4	True	2	0
DPP6	gene	DPP6	False	0	1
DPYD	gene	DPYD	True	1	0
DPYSL2	gene	DPYSL2	True	4	0
DPYSL3	gene	DPYSL3	True	2	0
DPYSL5	gene	DPYSL5	True	1	0
DRC2	gene	DRC2	True	1	0
DRD1	gene	DRD1	False	0	2
DRD2	gene	DRD2	True	3	4
DRD3	gene	DRD3	False	0	4
DRD5	gene	DRD5	False	0	1
DROSHA	gene	DROSHA	True	1	0
DSCAM	gene	DSCAM	False	1	0
DSN1	gene	DSN1	True	1	0
DSP	gene	DSP	False	2	0
DSTN	gene	DSTN	True	1	0
DTD1	gene	DTD1	True	1	0
DTL	gene	DTL	True	1	2
DTNBP1	gene	DTNBP1	True	2	0
DTX1	gene	DTX1	False	1	3
DTX3L	gene	DTX3L	False	0	1
DTX4	gene	DTX4	True	0	2
DUOX1	gene	DUOX1	True	1	0
DUSP1	gene	DUSP1	True	4	6
DUSP10	gene	DUSP10	True	0	3
DUSP16	gene	DUSP16	True	1	5
DUSP19	gene	DUSP19	True	0	1
DUSP2	gene	DUSP2	False	0	2
DUSP22	gene	DUSP22	True	0	3
DUSP23	gene	DUSP23	False	0	1
DUSP26	gene	DUSP26	True	0	3
DUSP3	gene	DUSP3	True	3	6
DUSP4	gene	DUSP4	True	1	5
DUSP5	gene	DUSP5	True	2	2
DUSP6	gene	DUSP6	True	2	4
DUSP7	gene	DUSP7	True	0	3
DUSP8	gene	DUSP8	True	0	2
DUSP9	gene	DUSP9	True	0	3
DUT	gene	DUT	True	1	0
DVL1	gene	DVL1	True	22	11
DVL2	gene	DVL2	True	17	6
DVL3	gene	DVL3	True	8	5
DYNC1H1	gene	DYNC1H1	True	2	0
DYNLL1	gene	DYNLL1	True	2	2
DYNLL2	gene	DYNLL2	True	0	2
DYNLRB1	gene	DYNLRB1	False	1	0
DYRK1A	gene	DYRK1A	True	1	24
DYRK1B	gene	DYRK1B	True	4	9
DYRK2	gene	DYRK2	True	2	16
DYRK3	gene	DYRK3	True	0	3
DZIP3	gene	DZIP3	True	0	3
E2F1	gene	E2F1	True	21	35
E2F2	gene	E2F2	True	1	8
E2F3	gene	E2F3	True	2	5
E2F4	gene	E2F4	True	2	5
E2F5	gene	E2F5	True	2	0
E2F6	gene	E2F6	True	1	5
E2F7	gene	E2F7	True	0	2
E2F8	gene	E2F8	True	1	0
E4F1	gene	E4F1	True	1	1
EAF1	gene	EAF1	True	0	1
EAF2	gene	EAF2	True	0	1
EBAG9	gene	EBAG9	True	1	0
EBF1	gene	EBF1	True	1	0
EBI3	gene	EBI3	False	0	2
ECE1	gene	ECE1	True	0	1
ECSIT	gene	ECSIT	True	2	0
ECT2	gene	ECT2	True	2	2
EDA	gene	EDA	True	0	2
EDA2R	gene	EDA2R	True	1	0
EDAR	gene	EDAR	False	1	0
EDF1	gene	EDF1	True	1	0
EDN1	gene	EDN1	False	3	2
EDN2	gene	EDN2	False	1	1
EDN3	gene	EDN3	True	1	1
EDNRA	gene	EDNRA	False	2	2
EDNRB	gene	EDNRB	True	3	1
EEA1	gene	EEA1	True	2	0
EED	gene	EED	True	2	0
EEF1A1	gene	EEF1A1	True	4	1
EEF1A2	gene	EEF1A2	True	4	0
EEF1D	gene	EEF1D	True	1	0
EEF1E1	gene	EEF1E1	True	0	2
EEF2	gene	EEF2	True	2	0
EEF2K	gene	EEF2K	True	12	1
EEIG1	gene	EEIG1	True	1	0
EFEMP2	gene	EFEMP2	True	2	1
EFL1	gene	EFL1	True	1	0
EFNA1	gene	EFNA1	False	0	8
EFNA2	gene	EFNA2	True	0	6
EFNA3	gene	EFNA3	True	0	8
EFNA4	gene	EFNA4	True	0	7
EFNA5	gene	EFNA5	True	0	8
EFNB1	gene	EFNB1	True	2	5
EFNB2	gene	EFNB2	True	0	6
EFNB3	gene	EFNB3	True	0	2
EGF	gene	EGF	True	0	2
EGFR	gene	EGFR	True	55	80
EGLN1	gene	EGLN1	True	1	1
EGLN2	gene	EGLN2	True	2	1
EGLN3	gene	EGLN3	True	1	1
EGR1	gene	EGR1	True	6	15
EGR2	gene	EGR2	True	2	0
EHMT1	gene	EHMT1	True	1	2
EHMT2	gene	EHMT2	True	0	3
EID1	gene	EID1	True	3	1
EID2	gene	EID2	True	0	1
EIF2A	gene	EIF2A	True	4	1
EIF2AK1	gene	EIF2AK1	True	0	1
EIF2AK2	gene	EIF2AK2	True	6	12
EIF2AK3	gene	EIF2AK3	True	4	8
EIF2AK4	gene	EIF2AK4	True	1	3
EIF2B1	gene	EIF2B1	True	0	2
EIF2B2	gene	EIF2B2	True	0	1
EIF2B3	gene	EIF2B3	True	0	3
EIF2B4	gene	EIF2B4	True	0	2
EIF2B5	gene	EIF2B5	True	4	3
EIF2S1	gene	EIF2S1	True	15	0
EIF2S2	gene	EIF2S2	True	8	0
EIF2S3	gene	EIF2S3	True	3	0
EIF3F	gene	EIF3F	True	3	0
EIF3I	gene	EIF3I	True	2	0
EIF3J	gene	EIF3J	True	2	1
EIF4A1	gene	EIF4A1	True	2	0
EIF4B	gene	EIF4B	True	4	0
EIF4E	gene	EIF4E	True	13	2
EIF4E2	gene	EIF4E2	True	1	0
EIF4EBP1	gene	EIF4EBP1	True	15	2
EIF4EBP2	gene	EIF4EBP2	True	1	1
EIF4EBP3	gene	EIF4EBP3	False	1	1
EIF4ENIF1	gene	EIF4ENIF1	True	1	0
EIF4G1	gene	EIF4G1	True	4	0
EIF4G2	gene	EIF4G2	True	4	5
EIF4G3	gene	EIF4G3	True	3	0
EIF4H	gene	EIF4H	True	0	1
EIF5	gene	EIF5	True	2	0
EIF5A	gene	EIF5A	True	1	0
EIF6	gene	EIF6	True	1	0
ELANE	gene	ELANE	False	3	2
ELAVL1	gene	ELAVL1	True	7	20
ELF1	gene	ELF1	True	2	0
ELF3	gene	ELF3	False	1	0
ELF4	gene	ELF4	True	4	0
ELK1	gene	ELK1	True	10	0
ELK3	gene	ELK3	True	5	0
ELK4	gene	ELK4	True	4	0
ELL	gene	ELL	True	2	0
ELMO1	gene	ELMO1	True	3	1
ELN	gene	ELN	True	2	0
ELOC	gene	ELOC	True	0	2
ELOVL7	gene	ELOVL7	False	1	0
ELP1	gene	ELP1	True	1	1
EMD	gene	EMD	True	1	0
EMSY	gene	EMSY	True	0	3
ENAH	gene	ENAH	True	2	0
ENC1	gene	ENC1	True	0	1
ENDOG	gene	ENDOG	True	2	0
ENG	gene	ENG	False	3	0
ENHO	gene	ENHO	True	0	1
ENO1	gene	ENO1	True	2	0
ENOX2	gene	ENOX2	True	1	0
ENPEP	gene	ENPEP	True	0	1
ENPP1	gene	ENPP1	True	0	1
ENSA	gene	ENSA	True	1	0
ENTPD1	gene	ENTPD1	True	1	0
EP300	gene	EP300	True	24	42
EP400	gene	EP400	True	0	4
EPAS1	gene	EPAS1	False	2	0
EPB41	gene	EPB41	True	1	2
EPGN	gene	EPGN	False	0	2
EPHA1	gene	EPHA1	False	1	0
EPHA2	gene	EPHA2	True	13	5
EPHA3	gene	EPHA3	True	6	5
EPHA4	gene	EPHA4	True	7	3
EPHA5	gene	EPHA5	False	5	0
EPHA6	gene	EPHA6	False	5	0
EPHA7	gene	EPHA7	True	5	0
EPHA8	gene	EPHA8	False	5	0
EPHB1	gene	EPHB1	True	3	6
EPHB2	gene	EPHB2	True	5	8
EPHB3	gene	EPHB3	True	3	2
EPHB4	gene	EPHB4	True	2	0
EPHB6	gene	EPHB6	False	1	1
EPM2A	gene	EPM2A	True	1	2
EPN1	gene	EPN1	True	1	1
EPO	gene	EPO	False	0	2
EPOR	gene	EPOR	True	5	2
EPRS1	gene	EPRS1	True	2	0
EPS15	gene	EPS15	True	2	0
EPS8	gene	EPS8	True	4	0
ERBB2	gene	ERBB2	True	22	18
ERBB3	gene	ERBB3	False	11	7
ERBB4	gene	ERBB4	True	13	12
ERBIN	gene	ERBIN	True	2	4
ERC1	gene	ERC1	True	1	1
ERCC1	gene	ERCC1	True	1	0
ERCC2	gene	ERCC2	True	1	1
ERCC3	gene	ERCC3	True	4	0
ERCC4	gene	ERCC4	True	2	0
ERCC5	gene	ERCC5	False	0	2
ERCC6	gene	ERCC6	True	2	4
ERCC6L	gene	ERCC6L	True	2	0
ERCC8	gene	ERCC8	True	0	5
EREG	gene	EREG	False	0	3
ERF	gene	ERF	True	1	0
ERG	gene	ERG	False	2	1
ERGIC1	gene	ERGIC1	True	0	1
ERGIC3	gene	ERGIC3	True	1	0
ERN1	gene	ERN1	True	1	3
ERN2	gene	ERN2	False	1	0
ERO1A	gene	ERO1A	True	2	1
ERO1B	gene	ERO1B	True	0	1
ERP44	gene	ERP44	True	2	1
ERRFI1	gene	ERRFI1	True	3	1
ESCO1	gene	ESCO1	True	0	3
ESPL1	gene	ESPL1	True	4	2
ESPN	gene	ESPN	False	0	1
ESR1	gene	ESR1	False	57	27
ESR2	gene	ESR2	False	4	2
ESRRA	gene	ESRRA	True	2	0
ESRRB	gene	ESRRB	False	2	1
ESRRG	gene	ESRRG	True	2	0
ETS1	gene	ETS1	True	8	2
ETS2	gene	ETS2	True	2	1
ETV1	gene	ETV1	True	4	0
ETV3	gene	ETV3	True	1	0
ETV4	gene	ETV4	True	1	0
ETV5	gene	ETV5	True	1	0
ETV6	gene	ETV6	True	2	0
EVI5	gene	EVI5	True	1	1
EWSR1	gene	EWSR1	True	3	0
EXO1	gene	EXO1	True	2	0
EXOC7	gene	EXOC7	True	2	0
EXOSC9	gene	EXOSC9	True	1	0
EXTL1	gene	EXTL1	False	0	1
EYA1	gene	EYA1	True	1	2
EYA2	gene	EYA2	False	0	1
EYA3	gene	EYA3	True	0	1
EZH2	gene	EZH2	True	11	8
EZR	gene	EZR	True	19	1
F10	gene	F10	False	3	2
F11	gene	F11	False	0	1
F11R	gene	F11R	True	2	0
F12	gene	F12	False	3	1
F13A1	gene	F13A1	False	1	0
F2	gene	F2	False	4	9
F2R	gene	F2R	True	5	4
F2RL1	gene	F2RL1	True	9	2
F2RL2	gene	F2RL2	False	1	0
F2RL3	gene	F2RL3	False	1	1
F3	gene	F3	True	3	0
F5	gene	F5	False	3	0
F7	gene	F7	False	3	3
F8	gene	F8	True	3	1
F9	gene	F9	False	3	2
FAAP100	gene	FAAP100	True	0	1
FAAP20	gene	FAAP20	True	1	0
FAAP24	gene	FAAP24	True	0	2
FABP3	gene	FABP3	True	1	0
FABP4	gene	FABP4	False	2	0
FADD	gene	FADD	True	15	4
FAF1	gene	FAF1	True	3	0
FAIM2	gene	FAIM2	False	1	1
FAM20C	gene	FAM20C	False	0	8
FAM3C	gene	FAM3C	True	0	1
FAM8A1	gene	FAM8A1	True	0	1
FAN1	gene	FAN1	True	1	0
FANCA	gene	FANCA	True	7	0
FANCC	gene	FANCC	True	2	2
FANCD2	gene	FANCD2	True	9	3
FANCE	gene	FANCE	True	1	0
FANCF	gene	FANCF	True	1	0
FANCG	gene	FANCG	True	1	1
FANCI	gene	FANCI	True	6	0
FANCL	gene	FANCL	True	2	3
FANCM	gene	FANCM	True	2	5
FAS	gene	FAS	True	10	5
FASLG	gene	FASLG	False	4	2
FBH1	gene	FBH1	True	0	1
FBLIM1	gene	FBLIM1	True	1	3
FBLN5	gene	FBLN5	False	0	1
FBN1	gene	FBN1	True	0	1
FBP1	gene	FBP1	False	1	1
FBXL15	gene	FBXL15	True	0	1
FBXL17	gene	FBXL17	True	0	2
FBXL2	gene	FBXL2	True	1	3
FBXL21P	gene	FBXL21P	False	1	0
FBXL3	gene	FBXL3	True	0	1
FBXL5	gene	FBXL5	True	0	2
FBXL7	gene	FBXL7	True	0	1
FBXO11	gene	FBXO11	True	0	2
FBXO21	gene	FBXO21	True	0	1
FBXO25	gene	FBXO25	True	0	1
FBXO3	gene	FBXO3	True	0	1
FBXO31	gene	FBXO31	True	2	1
FBXO32	gene	FBXO32	True	0	1
FBXO33	gene	FBXO33	True	0	1
FBXO38	gene	FBXO38	True	0	1
FBXO4	gene	FBXO4	False	1	0
FBXO43	gene	FBXO43	True	1	0
FBXO45	gene	FBXO45	True	0	2
FBXO5	gene	FBXO5	True	6	4
FBXO9	gene	FBXO9	True	0	2
FBXW11	gene	FBXW11	True	0	8
FBXW2	gene	FBXW2	True	0	1
FBXW5	gene	FBXW5	True	1	0
FBXW7	gene	FBXW7	True	7	13
FBXW8	gene	FBXW8	True	0	2
FCAR	gene	FCAR	False	3	0
FCER2	gene	FCER2	False	0	1
FCGR2A	gene	FCGR2A	False	5	0
FCGR2B	gene	FCGR2B	False	4	0
FCGR2C	gene	FCGR2C	False	5	0
FCGR3A	gene	FCGR3A	False	0	1
FCN2	gene	FCN2	False	0	2
FCN3	gene	FCN3	False	0	1
FCRL3	gene	FCRL3	False	1	1
FDXR	gene	FDXR	True	1	0
FEN1	gene	FEN1	True	8	0
FER	gene	FER	True	0	7
FERMT2	gene	FERMT2	True	1	1
FERMT3	gene	FERMT3	True	1	0
FES	gene	FES	True	3	5
FFAR1	gene	FFAR1	False	0	2
FFAR2	gene	FFAR2	False	0	2
FFAR3	gene	FFAR3	False	0	1
FFAR4	gene	FFAR4	False	0	2
FGA	gene	FGA	False	0	3
FGD1	gene	FGD1	True	0	1
FGD3	gene	FGD3	True	0	1
FGD4	gene	FGD4	True	0	1
FGF1	gene	FGF1	False	1	4
FGF10	gene	FGF10	True	3	1
FGF12	gene	FGF12	True	0	2
FGF13	gene	FGF13	True	0	3
FGF14	gene	FGF14	True	2	1
FGF16	gene	FGF16	False	0	4
FGF17	gene	FGF17	False	0	4
FGF18	gene	FGF18	True	0	4
FGF19	gene	FGF19	True	0	4
FGF2	gene	FGF2	True	1	9
FGF20	gene	FGF20	False	0	4
FGF21	gene	FGF21	False	0	4
FGF22	gene	FGF22	False	0	2
FGF23	gene	FGF23	True	1	5
FGF3	gene	FGF3	False	2	2
FGF4	gene	FGF4	False	0	2
FGF5	gene	FGF5	False	0	2
FGF6	gene	FGF6	False	0	2
FGF7	gene	FGF7	False	0	1
FGF8	gene	FGF8	False	1	1
FGF9	gene	FGF9	True	0	2
FGFR1	gene	FGFR1	True	18	12
FGFR2	gene	FGFR2	True	19	4
FGFR3	gene	FGFR3	True	10	5
FGFR4	gene	FGFR4	True	11	5
FGG	gene	FGG	False	0	1
FGR	gene	FGR	False	3	10
FH	gene	FH	True	2	0
FHIT	gene	FHIT	True	1	1
FHL1	gene	FHL1	True	2	1
FHL2	gene	FHL2	True	0	2
FHL5	gene	FHL5	False	0	1
FHOD1	gene	FHOD1	True	3	1
FIG4	gene	FIG4	True	1	0
FIS1	gene	FIS1	True	1	0
FIZ1	gene	FIZ1	True	0	1
FKBP1A	gene	FKBP1A	True	0	2
FKBP4	gene	FKBP4	True	2	2
FKBP5	gene	FKBP5	True	2	1
FKBP6	gene	FKBP6	False	0	1
FKBP8	gene	FKBP8	True	1	3
FLCN	gene	FLCN	True	0	1
FLI1	gene	FLI1	False	2	3
FLII	gene	FLII	True	1	0
FLNA	gene	FLNA	True	12	2
FLNB	gene	FLNB	True	1	0
FLNC	gene	FLNC	True	2	0
FLOT1	gene	FLOT1	True	1	0
FLT1	gene	FLT1	False	5	1
FLT3	gene	FLT3	False	5	9
FLT3LG	gene	FLT3LG	False	0	1
FLT4	gene	FLT4	True	3	2
FMNL2	gene	FMNL2	True	2	0
FMR1	gene	FMR1	True	0	1
FN1	gene	FN1	True	2	16
FNTA	gene	FNTA	True	1	2
FNTB	gene	FNTB	True	0	2
FOS	gene	FOS	True	15	3
FOSB	gene	FOSB	False	1	0
FOSL1	gene	FOSL1	True	5	0
FOXA2	gene	FOXA2	False	2	2
FOXC1	gene	FOXC1	True	2	0
FOXC2	gene	FOXC2	False	1	0
FOXD3	gene	FOXD3	False	0	1
FOXE3	gene	FOXE3	False	2	0
FOXF2	gene	FOXF2	False	1	1
FOXG1	gene	FOXG1	False	2	1
FOXH1	gene	FOXH1	True	0	1
FOXI1	gene	FOXI1	False	1	2
FOXI2	gene	FOXI2	False	2	0
FOXJ2	gene	FOXJ2	True	1	0
FOXK2	gene	FOXK2	True	2	0
FOXL2	gene	FOXL2	True	2	22
FOXM1	gene	FOXM1	True	6	22
FOXN2	gene	FOXN2	True	1	0
FOXO1	gene	FOXO1	True	30	21
FOXO3	gene	FOXO3	True	28	26
FOXO3B	gene	FOXO3B	True	1	0
FOXO4	gene	FOXO4	True	11	0
FOXO6	gene	FOXO6	True	1	0
FOXP3	gene	FOXP3	False	3	0
FPR1	gene	FPR1	False	2	1
FPR2	gene	FPR2	False	5	0
FPR3	gene	FPR3	False	3	0
FRAT1	gene	FRAT1	True	2	1
FRAT2	gene	FRAT2	True	0	1
FRK	gene	FRK	False	0	3
FRS2	gene	FRS2	True	7	4
FRS3	gene	FRS3	True	1	0
FRZB	gene	FRZB	True	0	3
FSCN1	gene	FSCN1	True	1	0
FSHB	gene	FSHB	False	2	1
FSHR	gene	FSHR	False	2	0
FST	gene	FST	True	1	3
FSTL1	gene	FSTL1	True	0	1
FSTL3	gene	FSTL3	True	0	1
FUBP1	gene	FUBP1	True	1	1
FUNDC1	gene	FUNDC1	True	4	0
FURIN	gene	FURIN	True	0	2
FUS	gene	FUS	True	5	6
FXN	gene	FXN	True	1	0
FXR1	gene	FXR1	True	1	0
FXYD1	gene	FXYD1	False	1	0
FYB1	gene	FYB1	False	1	0
FYCO1	gene	FYCO1	True	2	2
FYN	gene	FYN	True	14	93
FZD1	gene	FZD1	True	11	0
FZD10	gene	FZD10	True	6	0
FZD2	gene	FZD2	True	8	1
FZD3	gene	FZD3	True	8	2
FZD4	gene	FZD4	True	11	2
FZD5	gene	FZD5	True	13	1
FZD6	gene	FZD6	True	6	0
FZD7	gene	FZD7	True	11	1
FZD8	gene	FZD8	True	13	2
FZD9	gene	FZD9	True	4	0
FZR1	gene	FZR1	True	5	5
G3BP1	gene	G3BP1	True	3	3
G3BP2	gene	G3BP2	True	1	2
G6PC1	gene	G6PC1	False	3	0
G6PD	gene	G6PD	True	4	0
GAB1	gene	GAB1	True	11	4
GAB2	gene	GAB2	True	12	2
GABARAP	gene	GABARAP	False	6	3
GABARAPL1	gene	GABARAPL1	True	3	1
GABARAPL2	gene	GABARAPL2	True	7	1
GABBR1	gene	GABBR1	True	1	0
GABBR2	gene	GABBR2	False	1	0
GABPA	gene	GABPA	True	4	2
GABPB1	gene	GABPB1	True	0	1
GABRA1	gene	GABRA1	False	2	0
GABRG2	gene	GABRG2	False	1	0
GAD1	gene	GAD1	False	1	1
GADD45A	gene	GADD45A	True	11	3
GADD45B	gene	GADD45B	True	0	1
GADD45GIP1	gene	GADD45GIP1	True	0	2
GAK	gene	GAK	True	1	1
GAL	gene	GAL	False	1	3
GALM	gene	GALM	True	1	0
GALP	gene	GALP	False	0	3
GALR1	gene	GALR1	False	2	1
GALR2	gene	GALR2	False	3	1
GALR3	gene	GALR3	False	3	0
GAN	gene	GAN	True	0	1
GAP43	gene	GAP43	True	1	0
GAPDH	gene	GAPDH	True	4	4
GAS2	gene	GAS2	False	1	0
GAS2L1	gene	GAS2L1	True	1	0
GAS6	gene	GAS6	True	0	3
GAST	gene	GAST	False	0	1
GATA1	gene	GATA1	False	6	2
GATA2	gene	GATA2	False	4	1
GATA3	gene	GATA3	False	6	2
GATA4	gene	GATA4	False	3	0
GATA6	gene	GATA6	False	2	0
GBF1	gene	GBF1	True	2	0
GBGT1	gene	GBGT1	False	1	0
GBX2	gene	GBX2	True	1	0
GCG	gene	GCG	False	0	4
GCGR	gene	GCGR	False	1	0
GCH1	gene	GCH1	True	2	0
GCHFR	gene	GCHFR	False	0	1
GCK	gene	GCK	False	1	0
GCLC	gene	GCLC	True	2	0
GCLM	gene	GCLM	True	1	0
GCM1	gene	GCM1	False	3	0
GCNT1	gene	GCNT1	True	1	0
GCSAM	gene	GCSAM	False	2	0
GDE1	gene	GDE1	True	0	3
GDF1	gene	GDF1	False	0	4
GDF10	gene	GDF10	False	0	1
GDF11	gene	GDF11	True	1	4
GDF15	gene	GDF15	True	2	1
GDF2	gene	GDF2	False	0	5
GDF5	gene	GDF5	False	1	6
GDF6	gene	GDF6	True	0	2
GDF7	gene	GDF7	True	0	3
GDF9	gene	GDF9	False	0	5
GDI1	gene	GDI1	True	0	1
GDNF	gene	GDNF	True	0	4
GEM	gene	GEM	True	0	1
GFAP	gene	GFAP	False	6	0
GFI1	gene	GFI1	False	4	2
GFI1B	gene	GFI1B	False	0	1
GFPT1	gene	GFPT1	True	2	0
GFRA1	gene	GFRA1	True	3	0
GFRA2	gene	GFRA2	False	2	0
GFRA3	gene	GFRA3	False	1	0
GFRA4	gene	GFRA4	False	1	0
GFRAL	gene	GFRAL	False	1	0
GGA1	gene	GGA1	True	1	0
GGCX	gene	GGCX	True	0	6
GH1	gene	GH1	False	0	2
GH2	gene	GH2	False	0	1
GHR	gene	GHR	False	9	3
GHRH	gene	GHRH	False	0	2
GHRHR	gene	GHRHR	False	1	0
GHRL	gene	GHRL	False	0	1
GHSR	gene	GHSR	False	3	1
GIGYF2	gene	GIGYF2	True	0	1
GIP	gene	GIP	False	0	1
GIPR	gene	GIPR	False	1	1
GIT1	gene	GIT1	True	2	5
GIT2	gene	GIT2	True	1	0
GJA1	gene	GJA1	True	10	0
GJA5	gene	GJA5	False	1	0
GJB1	gene	GJB1	False	2	0
GJB2	gene	GJB2	False	1	1
GJB6	gene	GJB6	False	1	1
GJC2	gene	GJC2	False	1	0
GLI1	gene	GLI1	True	18	5
GLI2	gene	GLI2	True	11	2
GLI3	gene	GLI3	True	12	1
GLIPR2	gene	GLIPR2	True	1	0
GLIS2	gene	GLIS2	True	7	0
GLIS3	gene	GLIS3	True	1	0
GLMN	gene	GLMN	True	1	0
GLO1	gene	GLO1	True	1	0
GLP1R	gene	GLP1R	False	1	0
GLP2R	gene	GLP2R	False	1	0
GLRA1	gene	GLRA1	False	1	0
GLRB	gene	GLRB	True	1	0
GLRX	gene	GLRX	True	0	6
GLS	gene	GLS	True	2	0
GLUD1	gene	GLUD1	True	1	0
GMCL1	gene	GMCL1	True	2	0
GMFB	gene	GMFB	True	1	0
GMFG	gene	GMFG	False	1	0
GMIP	gene	GMIP	True	0	1
GML	gene	GML	False	1	0
GMNN	gene	GMNN	True	3	2
GNA11	gene	GNA11	True	5	3
GNA12	gene	GNA12	True	4	6
GNA13	gene	GNA13	True	9	6
GNA14	gene	GNA14	False	3	0
GNA15	gene	GNA15	False	1	0
GNAI1	gene	GNAI1	True	59	7
GNAI2	gene	GNAI2	True	5	7
GNAI3	gene	GNAI3	True	28	3
GNAO1	gene	GNAO1	True	20	1
GNAQ	gene	GNAQ	True	37	3
GNAS	gene	GNAS	True	23	6
GNAT1	gene	GNAT1	False	1	0
GNAT2	gene	GNAT2	False	1	0
GNAZ	gene	GNAZ	True	7	2
GNB1	gene	GNB1	True	2	1
GNB2	gene	GNB2	True	9	6
GNB3	gene	GNB3	True	1	0
GNB5	gene	GNB5	True	0	2
GNG2	gene	GNG2	True	2	2
GNG3	gene	GNG3	False	1	1
GNG4	gene	GNG4	True	0	2
GNGT1	gene	GNGT1	True	0	1
GNL3	gene	GNL3	True	0	1
GNRH1	gene	GNRH1	True	1	3
GNRH2	gene	GNRH2	False	0	1
GNRHR	gene	GNRHR	False	6	13
GOLGA2	gene	GOLGA2	True	2	1
GOLGA3	gene	GOLGA3	True	1	1
GOLGA7	gene	GOLGA7	True	0	1
GOLGB1	gene	GOLGB1	True	1	0
GOLPH3	gene	GOLPH3	True	2	0
GOPC	gene	GOPC	True	1	3
GORASP1	gene	GORASP1	True	5	0
GORASP2	gene	GORASP2	True	1	0
GP1BA	gene	GP1BA	False	1	0
GP1BB	gene	GP1BB	False	1	0
GP6	gene	GP6	False	2	0
GP9	gene	GP9	False	2	0
GPAA1	gene	GPAA1	True	1	0
GPC1	gene	GPC1	True	3	0
GPC3	gene	GPC3	True	0	1
GPHA2	gene	GPHA2	False	0	1
GPHB5	gene	GPHB5	False	0	1
GPHN	gene	GPHN	True	2	1
GPI	gene	GPI	True	1	1
GPKOW	gene	GPKOW	True	2	1
GPM6A	gene	GPM6A	True	1	0
GPR119	gene	GPR119	False	0	1
GPR135	gene	GPR135	True	1	0
GPR15	gene	GPR15	False	1	0
GPR15LG	gene	GPR15LG	False	0	1
GPR161	gene	GPR161	True	0	1
GPR174	gene	GPR174	False	0	1
GPR183	gene	GPR183	False	0	1
GPR19	gene	GPR19	True	1	0
GPR34	gene	GPR34	False	0	1
GPR35	gene	GPR35	False	1	1
GPR37	gene	GPR37	True	3	0
GPR37L1	gene	GPR37L1	False	1	0
GPR75	gene	GPR75	True	1	0
GPR84	gene	GPR84	False	0	1
GPRC5A	gene	GPRC5A	False	2	0
GPSM2	gene	GPSM2	True	1	0
GPSM3	gene	GPSM3	False	1	1
GPX1	gene	GPX1	True	3	0
GRAP	gene	GRAP	False	17	4
GRAP2	gene	GRAP2	False	1	0
GRB10	gene	GRB10	True	9	2
GRB14	gene	GRB14	True	5	1
GRB2	gene	GRB2	True	28	14
GRB7	gene	GRB7	False	9	1
GREB1	gene	GREB1	True	1	0
GRHL3	gene	GRHL3	False	0	1
GRIA1	gene	GRIA1	True	6	0
GRIA2	gene	GRIA2	False	1	0
GRIA4	gene	GRIA4	True	4	0
GRID2	gene	GRID2	True	1	0
GRID2IP	gene	GRID2IP	False	0	1
GRIK2	gene	GRIK2	False	1	0
GRIN1	gene	GRIN1	False	4	0
GRIN2A	gene	GRIN2A	True	10	2
GRIN2B	gene	GRIN2B	True	15	0
GRIN2C	gene	GRIN2C	False	0	1
GRIP1	gene	GRIP1	True	0	1
GRIPAP1	gene	GRIPAP1	True	2	0
GRK1	gene	GRK1	False	0	1
GRK2	gene	GRK2	True	12	24
GRK3	gene	GRK3	True	0	4
GRK4	gene	GRK4	True	0	1
GRK5	gene	GRK5	True	0	8
GRK6	gene	GRK6	True	0	7
GRM1	gene	GRM1	False	1	2
GRM4	gene	GRM4	False	1	0
GRM5	gene	GRM5	False	7	0
GRM7	gene	GRM7	True	5	1
GRN	gene	GRN	True	0	1
GRP	gene	GRP	False	0	2
GRPR	gene	GRPR	False	2	1
GSDMD	gene	GSDMD	True	1	0
GSK3A	gene	GSK3A	True	16	34
GSK3B	gene	GSK3B	True	30	165
GSN	gene	GSN	True	3	1
GSR	gene	GSR	True	1	0
GSTA2	gene	GSTA2	False	1	0
GSTP1	gene	GSTP1	True	2	1
GTF2A1	gene	GTF2A1	True	4	0
GTF2A1L	gene	GTF2A1L	False	2	0
GTF2A2	gene	GTF2A2	True	0	1
GTF2B	gene	GTF2B	True	0	1
GTF2F1	gene	GTF2F1	True	1	0
GTF2F2	gene	GTF2F2	True	0	2
GTF2H1	gene	GTF2H1	True	0	1
GTF2H2	gene	GTF2H2	True	0	1
GTF2I	gene	GTF2I	True	6	5
GTF3C4	gene	GTF3C4	True	0	1
GTSE1	gene	GTSE1	True	2	0
GUCA2A	gene	GUCA2A	False	0	1
GUCA2B	gene	GUCA2B	False	0	1
GUCY2C	gene	GUCY2C	False	2	0
GYS1	gene	GYS1	True	9	0
GZMA	gene	GZMA	False	0	4
GZMB	gene	GZMB	False	0	8
H1-1	gene	H1-1	False	3	0
H1-2	gene	H1-2	True	2	1
H1-4	gene	H1-4	False	3	0
H1-5	gene	H1-5	False	2	0
H2AC17	gene	H2AC17	False	2	0
H2AC20	gene	H2AC20	True	2	0
H2AC25	gene	H2AC25	True	1	0
H2AX	gene	H2AX	True	19	4
H2AZ1	gene	H2AZ1	True	13	0
H2BC11	gene	H2BC11	True	9	0
H2BC21	gene	H2BC21	True	2	0
H2BC5	gene	H2BC5	True	1	0
H3-3B	gene	H3-3B	True	12	0
H3-4	gene	H3-4	False	9	1
H3-5	gene	H3-5	False	1	0
H3-7	gene	H3-7	False	1	0
H3C15	gene	H3C15	False	4	1
H3C3	gene	H3C3	False	73	0
H4C9	gene	H4C9	False	21	4
HABP4	gene	HABP4	True	6	0
HACE1	gene	HACE1	True	1	2
HAND1	gene	HAND1	False	1	0
HAP1	gene	HAP1	True	0	1
HAPLN1	gene	HAPLN1	False	6	0
HAS2	gene	HAS2	True	4	2
HASPIN	gene	HASPIN	True	2	1
HAT1	gene	HAT1	True	1	1
HAVCR1	gene	HAVCR1	False	1	0
HAVCR2	gene	HAVCR2	False	1	0
HAX1	gene	HAX1	True	2	0
HBA1	gene	HBA1	False	3	0
HBB	gene	HBB	False	1	0
HBEGF	gene	HBEGF	True	2	2
HBP1	gene	HBP1	True	3	1
HCFC1	gene	HCFC1	True	1	2
HCK	gene	HCK	False	3	20
HCLS1	gene	HCLS1	False	5	0
HCN2	gene	HCN2	True	2	0
HCN4	gene	HCN4	True	1	0
HCRT	gene	HCRT	False	0	2
HCRTR1	gene	HCRTR1	False	2	0
HCRTR2	gene	HCRTR2	False	1	1
HDAC1	gene	HDAC1	True	19	8
HDAC10	gene	HDAC10	True	0	1
HDAC2	gene	HDAC2	True	7	8
HDAC3	gene	HDAC3	True	10	9
HDAC4	gene	HDAC4	True	7	5
HDAC5	gene	HDAC5	True	11	4
HDAC6	gene	HDAC6	True	5	5
HDAC7	gene	HDAC7	True	7	0
HDAC8	gene	HDAC8	True	1	1
HDAC9	gene	HDAC9	True	2	1
HDC	gene	HDC	False	0	4
HDLBP	gene	HDLBP	True	0	1
HEBP1	gene	HEBP1	True	0	1
HECTD3	gene	HECTD3	True	0	2
HECW1	gene	HECW1	True	0	1
HECW2	gene	HECW2	True	0	1
HELLS	gene	HELLS	True	0	4
HERC2	gene	HERC2	True	3	5
HERC5	gene	HERC5	True	0	1
HERPUD1	gene	HERPUD1	True	2	0
HES1	gene	HES1	True	4	0
HES5	gene	HES5	True	2	1
HES6	gene	HES6	True	1	0
HEXIM1	gene	HEXIM1	True	1	0
HEY1	gene	HEY1	True	1	0
HGF	gene	HGF	False	3	1
HGS	gene	HGS	True	1	2
HHAT	gene	HHAT	True	0	1
HHIP	gene	HHIP	True	3	0
HIC1	gene	HIC1	True	3	1
HIF1A	gene	HIF1A	True	27	1
HIF1AN	gene	HIF1AN	True	0	3
HIF3A	gene	HIF3A	True	1	0
HINFP	gene	HINFP	True	1	4
HIPK1	gene	HIPK1	True	0	2
HIPK2	gene	HIPK2	True	7	20
HIPK3	gene	HIPK3	True	0	2
HIPK4	gene	HIPK4	False	0	1
HIRA	gene	HIRA	True	1	0
HJURP	gene	HJURP	True	0	1
HJV	gene	HJV	False	2	0
HK1	gene	HK1	True	1	0
HK2	gene	HK2	True	2	0
HLA-A	gene	HLA-A	False	0	6
HLA-B	gene	HLA-B	False	0	6
HLA-C	gene	HLA-C	False	0	8
HLA-DRA	gene	HLA-DRA	False	1	0
HLA-E	gene	HLA-E	True	0	4
HLA-F	gene	HLA-F	False	0	2
HLA-G	gene	HLA-G	False	0	6
HLTF	gene	HLTF	True	0	1
HMGA1	gene	HMGA1	True	5	1
HMGA2	gene	HMGA2	True	2	2
HMGB1	gene	HMGB1	True	0	6
HMGB2	gene	HMGB2	True	1	3
HMGCR	gene	HMGCR	True	2	0
HMGN1	gene	HMGN1	True	8	4
HMGN2	gene	HMGN2	True	2	1
HMMR	gene	HMMR	True	1	0
HMOX1	gene	HMOX1	True	3	0
HMOX2	gene	HMOX2	True	1	0
HNF1A	gene	HNF1A	False	5	1
HNF1B	gene	HNF1B	False	1	3
HNF4A	gene	HNF4A	False	6	4
HNRNPA0	gene	HNRNPA0	True	1	1
HNRNPA1	gene	HNRNPA1	True	5	0
HNRNPA3	gene	HNRNPA3	True	1	0
HNRNPC	gene	HNRNPC	True	2	0
HNRNPD	gene	HNRNPD	True	2	1
HNRNPK	gene	HNRNPK	True	5	9
HNRNPL	gene	HNRNPL	True	1	0
HNRNPM	gene	HNRNPM	True	2	0
HNRNPU	gene	HNRNPU	True	2	0
HOMER1	gene	HOMER1	True	0	1
HOMER2	gene	HOMER2	True	0	1
HOMER3	gene	HOMER3	True	1	0
HOXA1	gene	HOXA1	True	2	0
HOXA10	gene	HOXA10	False	1	1
HOXA11	gene	HOXA11	False	1	0
HOXA5	gene	HOXA5	True	0	1
HOXA7	gene	HOXA7	True	1	0
HOXA9	gene	HOXA9	True	2	1
HOXB1	gene	HOXB1	True	1	0
HOXB7	gene	HOXB7	False	1	1
HOXB8	gene	HOXB8	False	0	2
HOXB9	gene	HOXB9	False	2	0
HOXC6	gene	HOXC6	False	2	0
HOXC8	gene	HOXC8	False	4	0
HOXC9	gene	HOXC9	False	1	0
HOXD11	gene	HOXD11	False	0	1
HOXD12	gene	HOXD12	False	0	3
HOXD13	gene	HOXD13	True	0	1
HOXD9	gene	HOXD9	False	1	0
HP	gene	HP	False	1	3
HPCA	gene	HPCA	False	0	1
HPD	gene	HPD	False	3	0
HPN	gene	HPN	False	0	1
HRAS	gene	HRAS	True	12	11
HRC	gene	HRC	True	1	0
HRG	gene	HRG	False	0	1
HRH1	gene	HRH1	False	5	0
HRH2	gene	HRH2	False	1	1
HRH3	gene	HRH3	True	1	1
HRH4	gene	HRH4	False	2	1
HRK	gene	HRK	True	0	2
HSBP1	gene	HSBP1	True	0	1
HSD17B10	gene	HSD17B10	True	1	0
HSD3B1	gene	HSD3B1	False	2	0
HSF1	gene	HSF1	True	15	5
HSF2	gene	HSF2	True	3	0
HSF4	gene	HSF4	False	1	0
HSP90AA1	gene	HSP90AA1	True	8	14
HSP90AB1	gene	HSP90AB1	True	6	1
HSP90B1	gene	HSP90B1	True	2	1
HSPA1A	gene	HSPA1A	False	4	5
HSPA1B	gene	HSPA1B	True	4	1
HSPA1L	gene	HSPA1L	False	1	0
HSPA5	gene	HSPA5	True	2	4
HSPA8	gene	HSPA8	True	5	1
HSPA9	gene	HSPA9	True	1	1
HSPB1	gene	HSPB1	True	11	4
HSPB2	gene	HSPB2	False	2	4
HSPB6	gene	HSPB6	False	1	2
HSPB8	gene	HSPB8	True	2	0
HSPD1	gene	HSPD1	True	2	1
HSPG2	gene	HSPG2	True	0	2
HSPH1	gene	HSPH1	True	2	0
HTATIP2	gene	HTATIP2	True	0	1
HTR1A	gene	HTR1A	False	2	2
HTR1B	gene	HTR1B	False	1	1
HTR1D	gene	HTR1D	True	0	1
HTR1E	gene	HTR1E	False	1	1
HTR1F	gene	HTR1F	False	1	1
HTR2A	gene	HTR2A	False	1	2
HTR2B	gene	HTR2B	False	1	1
HTR2C	gene	HTR2C	False	1	1
HTR4	gene	HTR4	False	1	2
HTR5A	gene	HTR5A	False	1	0
HTR6	gene	HTR6	False	2	1
HTR7	gene	HTR7	False	1	1
HTRA2	gene	HTRA2	True	7	5
HTT	gene	HTT	True	3	1
HUNK	gene	HUNK	True	0	1
HUS1	gene	HUS1	True	0	1
HUWE1	gene	HUWE1	True	1	6
HVCN1	gene	HVCN1	True	1	0
HYAL2	gene	HYAL2	True	0	1
IAPP	gene	IAPP	False	2	4
IBSP	gene	IBSP	False	0	2
IBTK	gene	IBTK	True	1	0
ICAM1	gene	ICAM1	False	1	4
ICAM2	gene	ICAM2	False	0	2
ICAM3	gene	ICAM3	False	1	1
ICAM4	gene	ICAM4	False	0	6
ICAM5	gene	ICAM5	False	0	2
ICOS	gene	ICOS	False	1	1
ICOSLG	gene	ICOSLG	False	1	1
ID1	gene	ID1	True	1	4
ID2	gene	ID2	True	4	3
ID3	gene	ID3	True	3	4
IDE	gene	IDE	True	0	1
IDH1	gene	IDH1	True	1	0
IDH2	gene	IDH2	True	1	0
IER3	gene	IER3	True	6	1
IFI16	gene	IFI16	True	1	0
IFIH1	gene	IFIH1	True	7	4
IFIT1	gene	IFIT1	True	1	0
IFITM3	gene	IFITM3	False	1	0
IFNA10	gene	IFNA10	False	0	2
IFNA13	gene	IFNA13	False	0	2
IFNA14	gene	IFNA14	False	0	2
IFNA16	gene	IFNA16	False	0	2
IFNA17	gene	IFNA17	False	0	2
IFNA2	gene	IFNA2	False	0	2
IFNA21	gene	IFNA21	False	0	2
IFNA4	gene	IFNA4	False	0	2
IFNA5	gene	IFNA5	False	0	2
IFNA6	gene	IFNA6	False	0	2
IFNA7	gene	IFNA7	False	0	2
IFNA8	gene	IFNA8	False	0	2
IFNAR1	gene	IFNAR1	True	19	2
IFNAR2	gene	IFNAR2	True	19	2
IFNB1	gene	IFNB1	False	3	4
IFNE	gene	IFNE	False	0	2
IFNG	gene	IFNG	False	0	2
IFNGR1	gene	IFNGR1	True	3	2
IFNGR2	gene	IFNGR2	True	1	2
IFNK	gene	IFNK	False	0	2
IFNL1	gene	IFNL1	False	1	2
IFNL2	gene	IFNL2	False	0	2
IFNL3	gene	IFNL3	False	0	2
IFNLR1	gene	IFNLR1	False	3	2
IFNW1	gene	IFNW1	False	0	2
IGF1	gene	IGF1	False	0	3
IGF1R	gene	IGF1R	True	13	14
IGF2	gene	IGF2	True	1	3
IGF2BP1	gene	IGF2BP1	True	0	2
IGF2R	gene	IGF2R	True	4	0
IGFBP1	gene	IGFBP1	False	1	0
IGFBP3	gene	IGFBP3	True	4	0
IGFBP4	gene	IGFBP4	True	1	0
IHH	gene	IHH	False	0	3
IKBKB	gene	IKBKB	True	26	27
IKBKE	gene	IKBKE	False	9	18
IKBKG	gene	IKBKG	True	20	5
IKZF1	gene	IKZF1	False	7	0
IKZF3	gene	IKZF3	False	1	0
IL10	gene	IL10	False	7	4
IL10RA	gene	IL10RA	False	2	1
IL10RB	gene	IL10RB	False	6	2
IL11	gene	IL11	True	1	2
IL11RA	gene	IL11RA	True	1	0
IL12A	gene	IL12A	False	1	3
IL12B	gene	IL12B	False	1	3
IL12RB1	gene	IL12RB1	False	4	1
IL12RB2	gene	IL12RB2	False	2	0
IL13	gene	IL13	False	1	3
IL13RA1	gene	IL13RA1	True	2	3
IL13RA2	gene	IL13RA2	False	1	0
IL15	gene	IL15	False	0	3
IL15RA	gene	IL15RA	False	2	1
IL16	gene	IL16	False	4	1
IL17A	gene	IL17A	False	0	2
IL17B	gene	IL17B	False	0	1
IL17C	gene	IL17C	False	0	2
IL17F	gene	IL17F	False	0	2
IL17RA	gene	IL17RA	True	4	0
IL17RB	gene	IL17RB	True	2	0
IL17RC	gene	IL17RC	False	2	0
IL17RE	gene	IL17RE	True	1	0
IL18	gene	IL18	False	2	3
IL18R1	gene	IL18R1	False	2	0
IL18RAP	gene	IL18RAP	False	1	0
IL19	gene	IL19	False	0	2
IL1A	gene	IL1A	False	1	3
IL1B	gene	IL1B	False	3	3
IL1R1	gene	IL1R1	False	5	4
IL1R2	gene	IL1R2	False	3	0
IL1RAP	gene	IL1RAP	True	4	2
IL1RAPL1	gene	IL1RAPL1	False	1	1
IL1RN	gene	IL1RN	False	0	2
IL2	gene	IL2	False	1	3
IL20	gene	IL20	False	0	3
IL20RA	gene	IL20RA	False	5	2
IL20RB	gene	IL20RB	False	3	2
IL21	gene	IL21	False	0	2
IL21R	gene	IL21R	True	1	2
IL22	gene	IL22	False	0	5
IL22RA1	gene	IL22RA1	False	3	2
IL22RA2	gene	IL22RA2	False	1	0
IL23A	gene	IL23A	False	0	2
IL23R	gene	IL23R	False	2	2
IL24	gene	IL24	False	0	4
IL25	gene	IL25	False	0	2
IL26	gene	IL26	False	0	2
IL27	gene	IL27	False	0	2
IL27RA	gene	IL27RA	True	2	0
IL2RA	gene	IL2RA	False	1	0
IL2RB	gene	IL2RB	False	6	1
IL2RG	gene	IL2RG	False	7	4
IL3	gene	IL3	False	1	2
IL31	gene	IL31	False	0	2
IL31RA	gene	IL31RA	False	1	2
IL33	gene	IL33	False	1	2
IL33R	gene	IL33R	False	1	4
IL34	gene	IL34	False	0	1
IL36A	gene	IL36A	False	0	1
IL36B	gene	IL36B	False	0	1
IL36G	gene	IL36G	False	0	3
IL36R	gene	IL36R	False	4	0
IL36RN	gene	IL36RN	False	0	1
IL37	gene	IL37	False	1	2
IL3RA	gene	IL3RA	False	2	1
IL4	gene	IL4	False	0	3
IL4R	gene	IL4R	True	3	6
IL5	gene	IL5	False	0	2
IL5RA	gene	IL5RA	False	2	2
IL6	gene	IL6	False	1	2
IL6R	gene	IL6R	False	2	1
IL6ST	gene	IL6ST	True	14	5
IL7	gene	IL7	False	0	2
IL7R	gene	IL7R	False	4	1
IL9	gene	IL9	False	0	2
IL9R	gene	IL9R	False	1	2
ILF3	gene	ILF3	True	2	0
ILK	gene	ILK	False	4	12
IMMT	gene	IMMT	True	1	0
IMP3	gene	IMP3	True	1	0
IMP4	gene	IMP4	True	1	0
IMPDH2	gene	IMPDH2	True	1	0
INA	gene	INA	True	1	0
INCENP	gene	INCENP	True	4	2
INF2	gene	INF2	True	1	0
ING1	gene	ING1	True	0	3
ING2	gene	ING2	True	0	2
ING5	gene	ING5	True	1	0
INHA	gene	INHA	False	0	3
INHBA	gene	INHBA	False	1	7
INHBB	gene	INHBB	False	0	5
INHBC	gene	INHBC	False	0	4
INHBE	gene	INHBE	True	0	2
INPP5D	gene	INPP5D	True	3	2
INPPL1	gene	INPPL1	True	1	1
INS	gene	INS	False	2	2
INSIG1	gene	INSIG1	True	2	2
INSIG2	gene	INSIG2	True	0	1
INSL3	gene	INSL3	False	0	2
INSL5	gene	INSL5	False	0	2
INSM1	gene	INSM1	True	0	1
INSR	gene	INSR	True	22	24
INTS4	gene	INTS4	True	0	1
INVS	gene	INVS	True	0	1
IP6K2	gene	IP6K2	True	1	0
IQGAP1	gene	IQGAP1	True	7	2
IRAG1	gene	IRAG1	True	1	0
IRAK1	gene	IRAK1	True	6	10
IRAK2	gene	IRAK2	False	2	0
IRAK4	gene	IRAK4	True	2	4
IREB2	gene	IREB2	True	3	0
IRF1	gene	IRF1	True	4	13
IRF2	gene	IRF2	True	3	0
IRF2BP1	gene	IRF2BP1	True	0	1
IRF2BP2	gene	IRF2BP2	True	0	1
IRF3	gene	IRF3	True	10	5
IRF4	gene	IRF4	False	1	0
IRF5	gene	IRF5	False	7	0
IRF7	gene	IRF7	True	6	1
IRF8	gene	IRF8	False	5	0
IRF9	gene	IRF9	True	3	1
IRGC	gene	IRGC	False	1	0
IRS1	gene	IRS1	True	41	11
IRS2	gene	IRS2	True	7	2
IRS4	gene	IRS4	False	4	2
IRX2	gene	IRX2	True	2	0
ISCU	gene	ISCU	True	1	0
ISG15	gene	ISG15	True	2	1
ISG20	gene	ISG20	False	1	0
ISL1	gene	ISL1	False	1	0
ISL2	gene	ISL2	True	1	0
IST1	gene	IST1	True	1	1
ITCH	gene	ITCH	True	9	19
ITGA1	gene	ITGA1	True	4	0
ITGA10	gene	ITGA10	False	1	0
ITGA11	gene	ITGA11	False	2	0
ITGA2	gene	ITGA2	True	13	0
ITGA2B	gene	ITGA2B	True	8	0
ITGA3	gene	ITGA3	False	11	0
ITGA4	gene	ITGA4	False	8	0
ITGA5	gene	ITGA5	True	11	0
ITGA6	gene	ITGA6	True	13	0
ITGA7	gene	ITGA7	True	6	0
ITGA8	gene	ITGA8	False	3	0
ITGA9	gene	ITGA9	True	7	0
ITGAD	gene	ITGAD	False	1	0
ITGAE	gene	ITGAE	True	1	0
ITGAL	gene	ITGAL	False	4	0
ITGAM	gene	ITGAM	False	6	0
ITGAV	gene	ITGAV	True	11	0
ITGAX	gene	ITGAX	False	3	0
ITGB1	gene	ITGB1	True	46	4
ITGB1BP1	gene	ITGB1BP1	True	1	1
ITGB2	gene	ITGB2	False	16	0
ITGB3	gene	ITGB3	False	24	2
ITGB3BP	gene	ITGB3BP	True	1	0
ITGB4	gene	ITGB4	False	13	5
ITGB5	gene	ITGB5	True	7	2
ITGB6	gene	ITGB6	False	2	0
ITGB7	gene	ITGB7	False	7	0
ITGB8	gene	ITGB8	True	5	0
ITK	gene	ITK	False	1	10
ITLN1	gene	ITLN1	False	1	0
ITM2A	gene	ITM2A	False	1	0
ITPKA	gene	ITPKA	True	3	0
ITPKB	gene	ITPKB	True	2	0
ITPR1	gene	ITPR1	True	8	1
ITPR2	gene	ITPR2	True	1	1
ITPR3	gene	ITPR3	False	0	2
ITSN1	gene	ITSN1	True	1	1
IWS1	gene	IWS1	True	1	0
JADE1	gene	JADE1	True	1	0
JAG1	gene	JAG1	True	5	4
JAG2	gene	JAG2	True	2	3
JAK1	gene	JAK1	True	33	24
JAK2	gene	JAK2	True	33	32
JAK3	gene	JAK3	False	12	19
JAM2	gene	JAM2	True	1	0
JAM3	gene	JAM3	True	1	0
JARID2	gene	JARID2	True	0	3
JAZF1	gene	JAZF1	True	0	1
JDP2	gene	JDP2	True	1	2
JKAMP	gene	JKAMP	True	1	0
JMJD6	gene	JMJD6	True	1	0
JMY	gene	JMY	True	1	0
JUN	gene	JUN	True	34	9
JUNB	gene	JUNB	True	6	3
JUND	gene	JUND	True	6	0
JUP	gene	JUP	True	3	0
KALRN	gene	KALRN	True	1	0
KANK1	gene	KANK1	True	0	1
KARS1	gene	KARS1	True	2	0
KAT2A	gene	KAT2A	True	3	5
KAT2B	gene	KAT2B	True	3	15
KAT5	gene	KAT5	True	9	8
KAT6A	gene	KAT6A	True	0	3
KAT6B	gene	KAT6B	True	0	1
KAT7	gene	KAT7	True	3	3
KAT8	gene	KAT8	True	2	1
KATNA1	gene	KATNA1	True	2	1
KATNB1	gene	KATNB1	True	1	1
KCNA2	gene	KCNA2	False	1	0
KCNA3	gene	KCNA3	False	2	0
KCNA4	gene	KCNA4	False	1	0
KCNA5	gene	KCNA5	False	1	0
KCNB1	gene	KCNB1	False	2	1
KCNC4	gene	KCNC4	True	1	0
KCND2	gene	KCND2	True	6	0
KCND3	gene	KCND3	False	1	0
KCNE1	gene	KCNE1	False	1	1
KCNE3	gene	KCNE3	False	0	1
KCNH2	gene	KCNH2	True	4	1
KCNIP3	gene	KCNIP3	False	1	2
KCNIP4	gene	KCNIP4	False	0	1
KCNJ1	gene	KCNJ1	False	4	0
KCNJ11	gene	KCNJ11	True	1	0
KCNJ12	gene	KCNJ12	True	1	0
KCNJ13	gene	KCNJ13	False	2	0
KCNJ2	gene	KCNJ2	False	1	0
KCNJ3	gene	KCNJ3	False	2	0
KCNJ4	gene	KCNJ4	True	3	0
KCNK3	gene	KCNK3	False	3	0
KCNK9	gene	KCNK9	True	1	0
KCNMA1	gene	KCNMA1	False	1	0
KCNN1	gene	KCNN1	True	1	0
KCNN2	gene	KCNN2	False	1	0
KCNN4	gene	KCNN4	False	3	0
KCNQ1	gene	KCNQ1	False	2	0
KCNQ2	gene	KCNQ2	True	2	1
KCNQ3	gene	KCNQ3	False	1	1
KCNQ4	gene	KCNQ4	True	3	1
KCNQ5	gene	KCNQ5	False	1	0
KCTD10	gene	KCTD10	True	2	0
KCTD12	gene	KCTD12	True	1	0
KCTD13	gene	KCTD13	True	1	1
KDELR1	gene	KDELR1	True	1	0
KDM1A	gene	KDM1A	True	10	11
KDM1B	gene	KDM1B	True	0	1
KDM2B	gene	KDM2B	True	0	3
KDM3A	gene	KDM3A	True	1	2
KDM3B	gene	KDM3B	True	0	1
KDM4A	gene	KDM4A	True	0	3
KDM4B	gene	KDM4B	True	1	1
KDM4C	gene	KDM4C	True	1	2
KDM5A	gene	KDM5A	True	1	1
KDM5B	gene	KDM5B	True	2	4
KDM5C	gene	KDM5C	True	0	1
KDM5D	gene	KDM5D	True	0	1
KDM6A	gene	KDM6A	True	0	2
KDM6B	gene	KDM6B	True	0	1
KDM7A	gene	KDM7A	True	0	1
KDR	gene	KDR	False	13	5
KEAP1	gene	KEAP1	True	5	5
KHDRBS1	gene	KHDRBS1	True	7	1
KHDRBS2	gene	KHDRBS2	False	3	0
KHDRBS3	gene	KHDRBS3	True	1	0
KHK	gene	KHK	True	0	1
KHSRP	gene	KHSRP	True	4	0
KIDINS220	gene	KIDINS220	True	1	0
KIF11	gene	KIF11	True	4	0
KIF13B	gene	KIF13B	True	2	0
KIF14	gene	KIF14	True	1	0
KIF1A	gene	KIF1A	True	1	0
KIF20A	gene	KIF20A	True	4	0
KIF20B	gene	KIF20B	True	1	0
KIF22	gene	KIF22	True	1	0
KIF23	gene	KIF23	True	1	0
KIF24	gene	KIF24	True	1	0
KIF2A	gene	KIF2A	True	2	0
KIF2B	gene	KIF2B	False	1	0
KIF2C	gene	KIF2C	True	5	0
KIF3A	gene	KIF3A	True	2	1
KIF4A	gene	KIF4A	True	4	1
KIF5B	gene	KIF5B	True	1	0
KIF5C	gene	KIF5C	True	1	1
KIF7	gene	KIF7	True	1	2
KIFC1	gene	KIFC1	True	3	0
KIR2DL1	gene	KIR2DL1	False	1	0
KIR2DL2	gene	KIR2DL2	False	1	0
KIR2DL3	gene	KIR2DL3	False	2	0
KIR2DL4	gene	KIR2DL4	False	1	0
KIR2DS1	gene	KIR2DS1	False	1	0
KIR2DS2	gene	KIR2DS2	False	2	0
KIR2DS4	gene	KIR2DS4	False	2	0
KIR3DL1	gene	KIR3DL1	False	7	0
KIR3DL2	gene	KIR3DL2	False	3	0
KIR3DS1	gene	KIR3DS1	False	1	0
KIRREL1	gene	KIRREL1	True	1	0
KISS1	gene	KISS1	False	0	1
KISS1R	gene	KISS1R	True	1	0
KIT	gene	KIT	True	14	10
KITLG	gene	KITLG	True	0	1
KIZ	gene	KIZ	True	1	0
KL	gene	KL	False	0	4
KLC1	gene	KLC1	True	2	0
KLC2	gene	KLC2	True	1	1
KLF1	gene	KLF1	False	4	1
KLF10	gene	KLF10	True	2	1
KLF11	gene	KLF11	True	0	1
KLF13	gene	KLF13	True	1	0
KLF15	gene	KLF15	True	1	0
KLF16	gene	KLF16	True	1	1
KLF2	gene	KLF2	False	0	1
KLF4	gene	KLF4	True	4	1
KLF5	gene	KLF5	True	4	0
KLF6	gene	KLF6	True	0	2
KLF7	gene	KLF7	True	1	0
KLF8	gene	KLF8	False	1	1
KLHL12	gene	KLHL12	True	0	3
KLHL13	gene	KLHL13	True	0	1
KLHL15	gene	KLHL15	True	0	1
KLHL2	gene	KLHL2	True	0	5
KLHL20	gene	KLHL20	True	0	1
KLHL22	gene	KLHL22	True	0	1
KLHL25	gene	KLHL25	True	0	1
KLHL3	gene	KLHL3	True	0	1
KLHL8	gene	KLHL8	True	0	1
KLHL9	gene	KLHL9	True	0	1
KLK2	gene	KLK2	False	1	1
KLK3	gene	KLK3	False	2	2
KLK4	gene	KLK4	False	1	0
KLKB1	gene	KLKB1	False	1	4
KLRC1	gene	KLRC1	False	2	0
KLRC2	gene	KLRC2	False	1	0
KLRD1	gene	KLRD1	False	5	0
KLRK1	gene	KLRK1	False	7	0
KMT2A	gene	KMT2A	True	2	16
KMT2B	gene	KMT2B	True	0	2
KMT2D	gene	KMT2D	True	1	3
KMT2E	gene	KMT2E	True	0	2
KMT5A	gene	KMT5A	True	5	1
KMT5B	gene	KMT5B	True	0	2
KMT5C	gene	KMT5C	True	0	1
KNG1	gene	KNG1	False	1	3
KNL1	gene	KNL1	True	1	2
KPNA1	gene	KPNA1	True	0	1
KPNA2	gene	KPNA2	True	2	3
KPNB1	gene	KPNB1	True	1	1
KRAS	gene	KRAS	True	11	5
KREMEN1	gene	KREMEN1	True	1	1
KREMEN2	gene	KREMEN2	True	1	1
KRT1	gene	KRT1	False	0	1
KRT14	gene	KRT14	False	0	1
KRT18	gene	KRT18	False	2	1
KRT20	gene	KRT20	False	1	0
KRT8	gene	KRT8	False	11	0
KSR1	gene	KSR1	True	6	2
KSR2	gene	KSR2	False	2	2
KTN1	gene	KTN1	True	2	1
L1CAM	gene	L1CAM	True	4	2
L3MBTL2	gene	L3MBTL2	True	1	0
LAMA1	gene	LAMA1	True	0	5
LAMA2	gene	LAMA2	True	0	7
LAMA3	gene	LAMA3	False	0	4
LAMA4	gene	LAMA4	True	1	4
LAMA5	gene	LAMA5	True	0	5
LAMB1	gene	LAMB1	True	0	6
LAMB2	gene	LAMB2	True	0	4
LAMB3	gene	LAMB3	False	0	4
LAMC1	gene	LAMC1	True	0	5
LAMC2	gene	LAMC2	False	0	4
LAMTOR3	gene	LAMTOR3	True	0	3
LAMTOR5	gene	LAMTOR5	True	1	0
LAPTM5	gene	LAPTM5	True	2	0
LARP1	gene	LARP1	True	1	0
LARP4B	gene	LARP4B	True	1	1
LARP6	gene	LARP6	True	1	0
LARP7	gene	LARP7	True	1	1
LARS1	gene	LARS1	True	1	0
LASP1	gene	LASP1	True	5	0
LAT	gene	LAT	False	11	5
LAT2	gene	LAT2	True	1	0
LATS1	gene	LATS1	True	10	6
LATS2	gene	LATS2	True	7	9
LAX1	gene	LAX1	False	3	0
LBP	gene	LBP	False	1	0
LBR	gene	LBR	True	1	0
LCAT	gene	LCAT	True	1	0
LCK	gene	LCK	False	13	60
LCMT1	gene	LCMT1	True	0	2
LCP1	gene	LCP1	False	1	0
LCP2	gene	LCP2	False	7	1
LDB1	gene	LDB1	True	1	0
LDB2	gene	LDB2	True	1	0
LDHA	gene	LDHA	True	1	0
LDHB	gene	LDHB	True	1	0
LDHC	gene	LDHC	False	2	0
LDLR	gene	LDLR	True	6	0
LEAP2	gene	LEAP2	False	0	1
LEF1	gene	LEF1	True	9	4
LEFTY2	gene	LEFTY2	False	0	1
LEP	gene	LEP	False	0	1
LEPR	gene	LEPR	True	5	4
LETM1	gene	LETM1	True	1	0
LFNG	gene	LFNG	True	2	2
LGALS3	gene	LGALS3	True	3	0
LGI3	gene	LGI3	False	1	0
LGMN	gene	LGMN	True	1	0
LGR4	gene	LGR4	True	4	0
LGR5	gene	LGR5	True	4	0
LGR6	gene	LGR6	False	4	0
LHB	gene	LHB	False	0	1
LHCGR	gene	LHCGR	False	4	0
LHX2	gene	LHX2	False	1	1
LHX3	gene	LHX3	False	1	3
LHX4	gene	LHX4	True	1	0
LIF	gene	LIF	True	1	2
LIFR	gene	LIFR	True	9	4
LIG1	gene	LIG1	True	4	0
LIG3	gene	LIG3	True	4	0
LIG4	gene	LIG4	True	2	0
LILRB1	gene	LILRB1	False	1	0
LIMA1	gene	LIMA1	True	1	0
LIME1	gene	LIME1	True	2	0
LIMK1	gene	LIMK1	True	9	2
LIMK2	gene	LIMK2	True	4	3
LIN28A	gene	LIN28A	True	1	0
LIN28B	gene	LIN28B	True	1	0
LIN52	gene	LIN52	True	1	0
LIN9	gene	LIN9	True	1	0
LINGO1	gene	LINGO1	True	2	0
LIPE	gene	LIPE	True	5	0
LIPH	gene	LIPH	False	0	2
LLGL1	gene	LLGL1	True	1	0
LLGL2	gene	LLGL2	True	1	0
LMNA	gene	LMNA	True	4	1
LMO1	gene	LMO1	True	0	1
LMO2	gene	LMO2	False	0	1
LMO3	gene	LMO3	True	0	1
LMO4	gene	LMO4	True	0	1
LMTK1	gene	LMTK1	True	0	2
LMTK2	gene	LMTK2	True	2	2
LNPK	gene	LNPK	True	1	0
LNX1	gene	LNX1	False	0	6
LNX2	gene	LNX2	True	0	1
LONP1	gene	LONP1	True	1	0
LOX	gene	LOX	True	0	1
LPAR1	gene	LPAR1	True	0	5
LPAR2	gene	LPAR2	True	1	1
LPAR3	gene	LPAR3	True	0	4
LPAR4	gene	LPAR4	True	1	0
LPCAT2	gene	LPCAT2	True	1	0
LPIN1	gene	LPIN1	True	2	0
LPL	gene	LPL	True	1	0
LPXN	gene	LPXN	True	1	0
LRFN1	gene	LRFN1	True	1	0
LRFN5	gene	LRFN5	True	0	3
LRIG1	gene	LRIG1	True	1	4
LRP1	gene	LRP1	True	20	0
LRP11	gene	LRP11	True	1	0
LRP2	gene	LRP2	True	2	0
LRP4	gene	LRP4	True	1	1
LRP5	gene	LRP5	True	18	2
LRP6	gene	LRP6	True	38	1
LRP8	gene	LRP8	True	2	0
LRPAP1	gene	LRPAP1	True	0	1
LRRC4	gene	LRRC4	True	1	0
LRRC45	gene	LRRC45	True	1	0
LRRC4B	gene	LRRC4B	True	0	1
LRRC4C	gene	LRRC4C	True	1	0
LRRFIP2	gene	LRRFIP2	True	0	1
LRRK1	gene	LRRK1	False	2	3
LRRK2	gene	LRRK2	False	5	28
LRSAM1	gene	LRSAM1	True	0	1
LSP1	gene	LSP1	False	1	0
LTA	gene	LTA	False	0	4
LTB	gene	LTB	False	0	2
LTB4R	gene	LTB4R	True	1	1
LTBP1	gene	LTBP1	True	0	1
LTBR	gene	LTBR	False	3	2
LTC4S	gene	LTC4S	False	2	9
LTF	gene	LTF	False	1	3
LTK	gene	LTK	False	0	7
LYN	gene	LYN	True	10	61
LYZ	gene	LYZ	False	1	0
LZTR1	gene	LZTR1	True	0	1
M6PR	gene	M6PR	True	1	0
MAB21L1	gene	MAB21L1	False	1	1
MACF1	gene	MACF1	True	1	0
MACROH2A1	gene	MACROH2A1	True	2	0
MAD1L1	gene	MAD1L1	False	7	0
MAD2L1	gene	MAD2L1	True	0	2
MAD2L1BP	gene	MAD2L1BP	True	1	1
MAD2L2	gene	MAD2L2	True	2	4
MADCAM1	gene	MADCAM1	False	0	2
MAF	gene	MAF	True	2	6
MAF1	gene	MAF1	True	1	1
MAFA	gene	MAFA	False	1	0
MAFF	gene	MAFF	True	2	0
MAFG	gene	MAFG	True	2	0
MAFK	gene	MAFK	True	2	0
MAG	gene	MAG	False	2	0
MAGEA11	gene	MAGEA11	False	1	0
MAGEA3	gene	MAGEA3	False	1	1
MAGEC2	gene	MAGEC2	False	0	1
MAGED1	gene	MAGED1	True	1	0
MAGEL2	gene	MAGEL2	True	0	1
MAGI1	gene	MAGI1	True	1	0
MAGI2	gene	MAGI2	True	0	1
MAGI3	gene	MAGI3	True	0	1
MALT1	gene	MALT1	True	3	1
MAML1	gene	MAML1	True	1	7
MAML2	gene	MAML2	True	1	4
MAML3	gene	MAML3	True	1	4
MAP1A	gene	MAP1A	True	1	0
MAP1B	gene	MAP1B	True	1	1
MAP1LC3A	gene	MAP1LC3A	False	5	2
MAP1LC3B	gene	MAP1LC3B	True	7	2
MAP1LC3C	gene	MAP1LC3C	True	2	3
MAP2	gene	MAP2	True	7	0
MAP2K1	gene	MAP2K1	True	17	10
MAP2K2	gene	MAP2K2	True	7	4
MAP2K3	gene	MAP2K3	True	12	5
MAP2K4	gene	MAP2K4	True	22	6
MAP2K5	gene	MAP2K5	True	5	1
MAP2K6	gene	MAP2K6	True	10	9
MAP2K7	gene	MAP2K7	True	16	5
MAP3K1	gene	MAP3K1	True	17	14
MAP3K10	gene	MAP3K10	True	4	6
MAP3K11	gene	MAP3K11	True	9	5
MAP3K12	gene	MAP3K12	True	4	3
MAP3K13	gene	MAP3K13	True	0	2
MAP3K14	gene	MAP3K14	True	11	9
MAP3K2	gene	MAP3K2	True	0	7
MAP3K20	gene	MAP3K20	True	0	5
MAP3K21	gene	MAP3K21	True	0	1
MAP3K3	gene	MAP3K3	True	4	7
MAP3K4	gene	MAP3K4	True	6	3
MAP3K5	gene	MAP3K5	False	19	9
MAP3K6	gene	MAP3K6	True	0	2
MAP3K7	gene	MAP3K7	True	19	21
MAP3K8	gene	MAP3K8	True	4	9
MAP4	gene	MAP4	True	3	0
MAP4K1	gene	MAP4K1	False	8	6
MAP4K2	gene	MAP4K2	True	1	2
MAP4K3	gene	MAP4K3	True	0	4
MAP4K4	gene	MAP4K4	True	1	5
MAP4K5	gene	MAP4K5	True	2	2
MAP7	gene	MAP7	True	0	1
MAP9	gene	MAP9	True	2	0
MAPK1	gene	MAPK1	True	32	203
MAPK10	gene	MAPK10	True	8	16
MAPK11	gene	MAPK11	True	2	13
MAPK12	gene	MAPK12	True	5	11
MAPK13	gene	MAPK13	True	3	8
MAPK14	gene	MAPK14	True	35	92
MAPK15	gene	MAPK15	True	2	1
MAPK3	gene	MAPK3	True	27	161
MAPK4	gene	MAPK4	True	1	0
MAPK6	gene	MAPK6	True	7	3
MAPK7	gene	MAPK7	True	4	12
MAPK8	gene	MAPK8	True	31	80
MAPK8IP1	gene	MAPK8IP1	True	6	6
MAPK8IP2	gene	MAPK8IP2	True	1	7
MAPK8IP3	gene	MAPK8IP3	True	1	7
MAPK9	gene	MAPK9	True	11	35
MAPKAP1	gene	MAPKAP1	True	1	0
MAPKAPK2	gene	MAPKAPK2	True	3	40
MAPKAPK3	gene	MAPKAPK3	True	1	4
MAPKAPK5	gene	MAPKAPK5	True	6	9
MAPRE1	gene	MAPRE1	True	3	0
MAPRE3	gene	MAPRE3	True	2	0
MAPT	gene	MAPT	True	39	0
MARCHF1	gene	MARCHF1	True	0	2
MARCHF2	gene	MARCHF2	True	0	1
MARCHF5	gene	MARCHF5	True	0	5
MARCHF7	gene	MARCHF7	True	2	1
MARCHF8	gene	MARCHF8	True	0	1
MARCKS	gene	MARCKS	True	7	0
MARK1	gene	MARK1	True	2	4
MARK2	gene	MARK2	True	5	13
MARK3	gene	MARK3	True	3	3
MARK4	gene	MARK4	True	1	1
MARS1	gene	MARS1	True	1	0
MAS1	gene	MAS1	False	1	0
MASP1	gene	MASP1	True	4	2
MASP2	gene	MASP2	True	2	3
MAST1	gene	MAST1	True	0	1
MAST2	gene	MAST2	True	0	2
MAST3	gene	MAST3	True	0	1
MASTL	gene	MASTL	True	2	2
MAT1A	gene	MAT1A	False	0	2
MATK	gene	MATK	False	1	2
MATR3	gene	MATR3	True	1	0
MAVS	gene	MAVS	True	8	8
MAX	gene	MAX	True	5	7
MAZ	gene	MAZ	True	2	0
MBD1	gene	MBD1	True	1	1
MBD3	gene	MBD3	True	1	0
MBD4	gene	MBD4	True	1	0
MBIP	gene	MBIP	True	0	1
MBL2	gene	MBL2	False	0	2
MBP	gene	MBP	False	5	0
MC1R	gene	MC1R	True	3	1
MC2R	gene	MC2R	False	4	0
MC3R	gene	MC3R	False	3	1
MC4R	gene	MC4R	False	5	1
MC5R	gene	MC5R	False	3	1
MCC	gene	MCC	True	1	0
MCF2	gene	MCF2	False	1	2
MCF2L	gene	MCF2L	True	0	2
MCHR1	gene	MCHR1	False	1	0
MCHR2	gene	MCHR2	False	1	0
MCL1	gene	MCL1	True	12	3
MCM10	gene	MCM10	True	0	1
MCM2	gene	MCM2	True	8	0
MCM3	gene	MCM3	True	5	0
MCM3AP	gene	MCM3AP	True	1	0
MCM4	gene	MCM4	True	5	0
MCM5	gene	MCM5	True	1	0
MCM6	gene	MCM6	True	2	0
MCM7	gene	MCM7	True	4	0
MCM8	gene	MCM8	True	1	0
MCOLN1	gene	MCOLN1	True	2	2
MCOLN2	gene	MCOLN2	False	1	2
MCOLN3	gene	MCOLN3	False	2	0
MCPH1	gene	MCPH1	True	1	5
MCRIP1	gene	MCRIP1	True	2	0
MCRS1	gene	MCRS1	True	1	0
MCTS1	gene	MCTS1	True	0	1
MCU	gene	MCU	True	1	0
MDC1	gene	MDC1	True	5	3
MDFI	gene	MDFI	True	0	4
MDK	gene	MDK	True	0	2
MDM2	gene	MDM2	True	39	30
MDM4	gene	MDM4	True	11	1
ME1	gene	ME1	False	1	0
MECOM	gene	MECOM	True	4	1
MECP2	gene	MECP2	True	2	3
MED1	gene	MED1	True	2	0
MED12	gene	MED12	True	1	0
MED13	gene	MED13	True	1	0
MED14	gene	MED14	True	0	1
MED28	gene	MED28	True	2	0
MEF2A	gene	MEF2A	True	11	2
MEF2B	gene	MEF2B	False	1	0
MEF2C	gene	MEF2C	True	13	2
MEF2D	gene	MEF2D	True	11	0
MEFV	gene	MEFV	False	2	0
MEGF10	gene	MEGF10	True	1	1
MEIS1	gene	MEIS1	True	5	0
MEIS2	gene	MEIS2	True	0	1
MELK	gene	MELK	True	1	3
MEN1	gene	MEN1	True	0	9
MEOX1	gene	MEOX1	True	2	0
MEOX2	gene	MEOX2	False	3	0
MEP1B	gene	MEP1B	False	3	0
MERTK	gene	MERTK	True	1	1
MET	gene	MET	True	17	13
METTL1	gene	METTL1	True	2	0
METTL3	gene	METTL3	True	3	0
MEX3B	gene	MEX3B	True	0	1
MFAP2	gene	MFAP2	True	0	1
MFAP5	gene	MFAP5	False	0	1
MFF	gene	MFF	True	2	1
MFN1	gene	MFN1	True	2	1
MFN2	gene	MFN2	True	6	0
MFNG	gene	MFNG	False	1	4
MGA	gene	MGA	True	1	0
MGRN1	gene	MGRN1	True	2	1
MGST1	gene	MGST1	True	1	0
MIB1	gene	MIB1	True	0	5
MIB2	gene	MIB2	True	0	1
MICB	gene	MICB	True	0	1
MID1	gene	MID1	True	0	1
MIF	gene	MIF	False	1	3
MIIP	gene	MIIP	True	1	0
MINK1	gene	MINK1	True	0	3
MIP	gene	MIP	False	1	0
MIR155HG	gene	MIR155HG	False	1	6
MIR17HG	gene	MIR17HG	True	5	15
MIR22HG	gene	MIR22HG	True	0	5
MITF	gene	MITF	False	11	0
MKKS	gene	MKKS	True	1	0
MKNK1	gene	MKNK1	True	6	4
MKNK2	gene	MKNK2	True	4	1
MKRN1	gene	MKRN1	True	0	3
MLF1	gene	MLF1	True	0	1
MLH1	gene	MLH1	True	1	1
MLKL	gene	MLKL	False	2	1
MLN	gene	MLN	False	0	1
MLNR	gene	MLNR	False	1	0
MLST8	gene	MLST8	True	1	0
MLXIPL	gene	MLXIPL	False	1	0
MME	gene	MME	False	2	0
MMP1	gene	MMP1	False	0	2
MMP10	gene	MMP10	False	0	1
MMP12	gene	MMP12	False	0	2
MMP13	gene	MMP13	False	0	3
MMP14	gene	MMP14	False	4	4
MMP15	gene	MMP15	True	1	0
MMP19	gene	MMP19	False	0	1
MMP2	gene	MMP2	True	11	6
MMP20	gene	MMP20	False	0	1
MMP25	gene	MMP25	False	0	1
MMP26	gene	MMP26	False	0	1
MMP3	gene	MMP3	False	0	4
MMP7	gene	MMP7	False	0	3
MMP9	gene	MMP9	False	5	5
MN1	gene	MN1	True	1	1
MNAT1	gene	MNAT1	True	0	2
MNT	gene	MNT	True	1	0
MNX1	gene	MNX1	False	1	0
MOAP1	gene	MOAP1	True	0	1
MOB1A	gene	MOB1A	True	2	2
MOB1B	gene	MOB1B	True	3	2
MORC2	gene	MORC2	True	2	0
MOS	gene	MOS	False	0	1
MOV10	gene	MOV10	True	0	1
MPEG1	gene	MPEG1	False	1	0
MPG	gene	MPG	True	1	2
MPHOSPH10	gene	MPHOSPH10	True	0	2
MPL	gene	MPL	False	2	2
MPLKIP	gene	MPLKIP	True	1	0
MPO	gene	MPO	False	2	0
MPRIP	gene	MPRIP	True	1	0
MPZ	gene	MPZ	False	2	0
MPZL1	gene	MPZL1	True	2	0
MRAP	gene	MRAP	False	0	1
MRAP2	gene	MRAP2	True	0	1
MRAS	gene	MRAS	True	1	0
MRE11	gene	MRE11	True	8	1
MRGPRX1	gene	MRGPRX1	False	1	1
MRGPRX2	gene	MRGPRX2	False	3	1
MRTFA	gene	MRTFA	True	2	1
MRTFB	gene	MRTFB	True	0	1
MSC	gene	MSC	True	0	1
MSH2	gene	MSH2	True	1	1
MSL1	gene	MSL1	True	0	1
MSL2	gene	MSL2	True	0	2
MSN	gene	MSN	True	8	0
MST1	gene	MST1	True	2	4
MST1R	gene	MST1R	False	2	4
MSTN	gene	MSTN	False	2	1
MSX1	gene	MSX1	True	2	3
MSX2	gene	MSX2	True	3	2
MT-RNR2	gene	MT-RNR2	True	0	2
MT2A	gene	MT2A	True	1	0
MTA1	gene	MTA1	True	0	4
MTA2	gene	MTA2	True	0	1
MTA3	gene	MTA3	True	1	0
MTCH2	gene	MTCH2	True	0	1
MTCP1	gene	MTCP1	False	0	2
MTMR2	gene	MTMR2	True	1	0
MTMR4	gene	MTMR4	True	0	2
MTNR1A	gene	MTNR1A	False	1	4
MTNR1B	gene	MTNR1B	False	1	2
MTOR	gene	MTOR	True	9	32
MTSS1	gene	MTSS1	True	1	4
MTURN	gene	MTURN	True	1	0
MUC1	gene	MUC1	True	8	0
MUS81	gene	MUS81	True	3	0
MUSK	gene	MUSK	False	6	0
MVD	gene	MVD	True	2	0
MX1	gene	MX1	False	0	1
MXD1	gene	MXD1	True	5	0
MXD3	gene	MXD3	True	2	0
MXD4	gene	MXD4	True	2	0
MXI1	gene	MXI1	True	3	0
MYB	gene	MYB	True	8	5
MYBL1	gene	MYBL1	True	2	0
MYBL2	gene	MYBL2	True	4	2
MYBPC3	gene	MYBPC3	False	5	0
MYC	gene	MYC	True	50	27
MYCBP	gene	MYCBP	True	1	1
MYCBP2	gene	MYCBP2	True	0	3
MYCN	gene	MYCN	True	1	8
MYD88	gene	MYD88	True	11	3
MYF5	gene	MYF5	False	3	0
MYF6	gene	MYF6	False	1	0
MYH10	gene	MYH10	True	2	0
MYH9	gene	MYH9	True	2	0
MYL1	gene	MYL1	False	1	0
MYL12A	gene	MYL12A	True	6	0
MYL12B	gene	MYL12B	True	6	0
MYL2	gene	MYL2	False	3	0
MYL3	gene	MYL3	False	1	0
MYL5	gene	MYL5	True	1	0
MYL9	gene	MYL9	True	8	0
MYLIP	gene	MYLIP	True	0	1
MYLK	gene	MYLK	True	9	6
MYLK2	gene	MYLK2	False	3	1
MYLK3	gene	MYLK3	False	0	4
MYO10	gene	MYO10	True	1	1
MYO15A	gene	MYO15A	False	1	1
MYO18A	gene	MYO18A	True	1	0
MYO1E	gene	MYO1E	True	1	0
MYO5A	gene	MYO5A	True	1	0
MYO6	gene	MYO6	True	1	0
MYO7A	gene	MYO7A	True	1	1
MYO9B	gene	MYO9B	True	0	1
MYOCD	gene	MYOCD	False	1	1
MYOD1	gene	MYOD1	False	24	0
MYOG	gene	MYOG	False	2	0
MYOM2	gene	MYOM2	True	1	0
MYT1	gene	MYT1	True	1	1
MZF1	gene	MZF1	True	2	0
N4BP1	gene	N4BP1	True	0	1
NAA10	gene	NAA10	True	0	1
NAB1	gene	NAB1	True	0	1
NAB2	gene	NAB2	True	0	1
NABP2	gene	NABP2	True	1	0
NACA	gene	NACA	True	2	0
NACC1	gene	NACC1	True	0	1
NAE1	gene	NAE1	True	1	0
NAIP	gene	NAIP	True	1	1
NALCN	gene	NALCN	False	1	0
NAMPT	gene	NAMPT	True	0	1
NANOG	gene	NANOG	False	13	0
NANOS1	gene	NANOS1	True	0	1
NASP	gene	NASP	True	1	1
NBEAL2	gene	NBEAL2	True	0	1
NBN	gene	NBN	True	8	0
NBR1	gene	NBR1	True	4	5
NCAM1	gene	NCAM1	True	2	3
NCAPH2	gene	NCAPH2	True	1	0
NCF1	gene	NCF1	False	8	1
NCF4	gene	NCF4	False	2	0
NCK1	gene	NCK1	True	7	3
NCK2	gene	NCK2	True	4	2
NCKAP1	gene	NCKAP1	True	0	1
NCKAP5L	gene	NCKAP5L	True	1	0
NCKIPSD	gene	NCKIPSD	True	2	0
NCOA1	gene	NCOA1	True	4	3
NCOA2	gene	NCOA2	True	2	7
NCOA3	gene	NCOA3	True	15	2
NCOA4	gene	NCOA4	True	0	2
NCOA6	gene	NCOA6	True	1	0
NCOR1	gene	NCOR1	True	2	4
NCOR2	gene	NCOR2	True	8	9
NCR2	gene	NCR2	False	2	0
NCR3	gene	NCR3	False	2	0
NCR3LG1	gene	NCR3LG1	True	0	1
NCS1	gene	NCS1	True	1	2
NCSTN	gene	NCSTN	True	2	3
NDC80	gene	NDC80	True	2	0
NDE1	gene	NDE1	True	3	0
NDEL1	gene	NDEL1	True	8	1
NDFIP1	gene	NDFIP1	True	0	1
NDN	gene	NDN	True	0	2
NDP	gene	NDP	True	0	1
NDRG1	gene	NDRG1	False	3	0
NDRG2	gene	NDRG2	False	1	0
NDUFB6	gene	NDUFB6	True	1	0
NDUFV2	gene	NDUFV2	False	1	0
NECTIN2	gene	NECTIN2	True	0	1
NECTIN3	gene	NECTIN3	True	0	1
NEDD1	gene	NEDD1	True	5	0
NEDD4	gene	NEDD4	True	5	11
NEDD4L	gene	NEDD4L	True	2	7
NEDD8	gene	NEDD8	True	0	2
NEDD9	gene	NEDD9	True	7	2
NEFH	gene	NEFH	True	2	0
NEFL	gene	NEFL	True	1	0
NEIL1	gene	NEIL1	True	3	0
NEIL2	gene	NEIL2	True	1	0
NEK1	gene	NEK1	True	1	3
NEK10	gene	NEK10	True	0	1
NEK11	gene	NEK11	False	2	1
NEK2	gene	NEK2	True	2	14
NEK3	gene	NEK3	True	0	1
NEK6	gene	NEK6	True	1	11
NEK7	gene	NEK7	True	1	3
NEK9	gene	NEK9	True	2	4
NELFCD	gene	NELFCD	False	2	0
NEO1	gene	NEO1	True	4	3
NET1	gene	NET1	True	1	1
NEURL1	gene	NEURL1	False	0	1
NEUROD1	gene	NEUROD1	False	3	2
NF1	gene	NF1	True	1	3
NF2	gene	NF2	True	6	2
NFASC	gene	NFASC	True	0	2
NFAT5	gene	NFAT5	True	7	4
NFATC1	gene	NFATC1	True	14	0
NFATC2	gene	NFATC2	False	10	1
NFATC3	gene	NFATC3	True	5	0
NFATC4	gene	NFATC4	True	10	0
NFE2	gene	NFE2	False	2	0
NFE2L1	gene	NFE2L1	True	1	0
NFE2L2	gene	NFE2L2	True	17	6
NFIB	gene	NFIB	False	0	2
NFIC	gene	NFIC	True	1	0
NFIL3	gene	NFIL3	True	1	0
NFIX	gene	NFIX	False	1	0
NFKB1	gene	NFKB1	True	17	3
NFKB2	gene	NFKB2	True	7	1
NFKBIA	gene	NFKBIA	True	37	0
NFKBIB	gene	NFKBIB	True	6	1
NFKBIE	gene	NFKBIE	True	1	1
NFKBIZ	gene	NFKBIZ	True	0	1
NFU1	gene	NFU1	True	1	0
NFX1	gene	NFX1	True	2	1
NFYA	gene	NFYA	True	4	2
NFYB	gene	NFYB	True	1	0
NFYC	gene	NFYC	True	1	0
NGEF	gene	NGEF	True	2	1
NGF	gene	NGF	False	0	2
NGFR	gene	NGFR	True	5	0
NGLY1	gene	NGLY1	True	1	1
NHEJ1	gene	NHEJ1	True	1	0
NHERF1	gene	NHERF1	True	4	3
NHERF2	gene	NHERF2	True	1	1
NHLH2	gene	NHLH2	False	1	0
NHLRC1	gene	NHLRC1	False	0	4
NHS	gene	NHS	True	1	0
NIBAN2	gene	NIBAN2	True	1	0
NID1	gene	NID1	True	0	1
NIFK	gene	NIFK	True	3	0
NINL	gene	NINL	True	2	0
NKD1	gene	NKD1	True	0	2
NKD2	gene	NKD2	True	1	0
NKIRAS1	gene	NKIRAS1	True	0	1
NKIRAS2	gene	NKIRAS2	True	0	1
NKRF	gene	NKRF	True	0	4
NKX2-1	gene	NKX2-1	False	2	0
NKX2-2	gene	NKX2-2	False	1	0
NKX2-5	gene	NKX2-5	False	3	0
NKX3-1	gene	NKX3-1	False	6	1
NKX6-1	gene	NKX6-1	True	1	0
NLGN1	gene	NLGN1	True	0	4
NLGN2	gene	NLGN2	True	0	4
NLGN3	gene	NLGN3	True	0	4
NLGN4X	gene	NLGN4X	True	0	2
NLK	gene	NLK	True	3	9
NLRC4	gene	NLRC4	False	6	2
NLRP1	gene	NLRP1	False	4	2
NLRP2	gene	NLRP2	True	4	0
NLRP3	gene	NLRP3	False	5	0
NLRP5	gene	NLRP5	False	1	0
NLRX1	gene	NLRX1	True	0	2
NMB	gene	NMB	True	0	2
NMBR	gene	NMBR	False	1	1
NME1	gene	NME1	True	4	1
NME2	gene	NME2	True	1	1
NMI	gene	NMI	False	1	1
NMS	gene	NMS	False	0	2
NMU	gene	NMU	True	0	2
NMUR1	gene	NMUR1	False	2	0
NMUR2	gene	NMUR2	False	2	1
NOD1	gene	NOD1	True	1	5
NOD2	gene	NOD2	False	4	6
NODAL	gene	NODAL	False	0	4
NOG	gene	NOG	False	0	6
NOL3	gene	NOL3	True	2	3
NOLC1	gene	NOLC1	True	1	2
NONO	gene	NONO	True	1	1
NOP53	gene	NOP53	True	1	0
NOS1	gene	NOS1	False	11	2
NOS2	gene	NOS2	False	6	0
NOS3	gene	NOS3	True	30	0
NOTCH1	gene	NOTCH1	True	40	17
NOTCH2	gene	NOTCH2	True	15	1
NOTCH3	gene	NOTCH3	True	12	1
NOTCH4	gene	NOTCH4	True	10	1
NOVA2	gene	NOVA2	True	1	0
NOX1	gene	NOX1	False	2	0
NOX4	gene	NOX4	True	1	0
NOX5	gene	NOX5	False	3	0
NOXA1	gene	NOXA1	False	7	1
NOXO1	gene	NOXO1	False	1	1
NPAS2	gene	NPAS2	False	0	2
NPAT	gene	NPAT	True	1	1
NPB	gene	NPB	False	0	2
NPBWR1	gene	NPBWR1	False	2	0
NPBWR2	gene	NPBWR2	False	2	0
NPFF	gene	NPFF	False	0	2
NPFFR1	gene	NPFFR1	False	2	0
NPFFR2	gene	NPFFR2	False	2	0
NPHP1	gene	NPHP1	True	3	0
NPHS1	gene	NPHS1	False	2	0
NPLOC4	gene	NPLOC4	True	1	1
NPM1	gene	NPM1	True	8	3
NPNT	gene	NPNT	False	0	2
NPPA	gene	NPPA	False	0	2
NPPB	gene	NPPB	True	0	3
NPPC	gene	NPPC	True	0	2
NPR1	gene	NPR1	False	2	0
NPR2	gene	NPR2	True	2	0
NPR3	gene	NPR3	False	4	0
NPS	gene	NPS	False	0	1
NPSR1	gene	NPSR1	False	1	0
NPVF	gene	NPVF	False	0	2
NPW	gene	NPW	False	0	2
NPY	gene	NPY	False	0	5
NPY1R	gene	NPY1R	False	2	0
NPY2R	gene	NPY2R	True	2	0
NPY4R	gene	NPY4R	False	3	0
NPY5R	gene	NPY5R	False	3	0
NQO1	gene	NQO1	True	4	0
NR0B1	gene	NR0B1	False	2	9
NR0B2	gene	NR0B2	False	0	20
NR1D1	gene	NR1D1	True	3	1
NR1D2	gene	NR1D2	True	0	1
NR1H2	gene	NR1H2	True	5	4
NR1H3	gene	NR1H3	True	5	2
NR1H4	gene	NR1H4	False	3	0
NR1I2	gene	NR1I2	False	3	2
NR1I3	gene	NR1I3	False	1	2
NR2C1	gene	NR2C1	True	0	1
NR2C2	gene	NR2C2	True	2	4
NR2E3	gene	NR2E3	False	0	1
NR2F1	gene	NR2F1	True	3	1
NR2F2	gene	NR2F2	True	5	8
NR2F6	gene	NR2F6	True	2	3
NR3C1	gene	NR3C1	True	28	13
NR3C2	gene	NR3C2	False	3	1
NR4A1	gene	NR4A1	True	15	5
NR4A2	gene	NR4A2	True	6	6
NR4A3	gene	NR4A3	True	4	3
NR5A1	gene	NR5A1	True	4	1
NR5A2	gene	NR5A2	False	3	0
NRAS	gene	NRAS	True	9	4
NRBF2	gene	NRBF2	True	1	2
NRCAM	gene	NRCAM	True	4	2
NREP	gene	NREP	True	1	0
NRF1	gene	NRF1	True	1	3
NRG1	gene	NRG1	True	0	3
NRG2	gene	NRG2	False	0	2
NRG3	gene	NRG3	True	0	2
NRG4	gene	NRG4	False	0	1
NRGN	gene	NRGN	True	3	0
NRIP1	gene	NRIP1	True	4	3
NRL	gene	NRL	True	1	0
NRP1	gene	NRP1	True	6	0
NRP2	gene	NRP2	True	6	0
NRTN	gene	NRTN	True	0	3
NRXN1	gene	NRXN1	True	8	1
NRXN2	gene	NRXN2	False	5	1
NRXN3	gene	NRXN3	True	5	1
NSD2	gene	NSD2	True	0	1
NSF	gene	NSF	True	4	0
NSFL1C	gene	NSFL1C	True	1	0
NSMCE1	gene	NSMCE1	True	1	0
NSMCE2	gene	NSMCE2	True	1	6
NSMCE3	gene	NSMCE3	True	0	1
NSUN2	gene	NSUN2	True	1	0
NTF3	gene	NTF3	True	1	4
NTF4	gene	NTF4	False	0	4
NTN1	gene	NTN1	True	0	5
NTN3	gene	NTN3	True	0	2
NTN4	gene	NTN4	True	0	3
NTNG1	gene	NTNG1	False	0	1
NTNG2	gene	NTNG2	False	0	1
NTRK1	gene	NTRK1	False	7	14
NTRK2	gene	NTRK2	True	7	7
NTRK3	gene	NTRK3	False	1	2
NTS	gene	NTS	False	0	2
NTSR1	gene	NTSR1	False	1	1
NTSR2	gene	NTSR2	False	1	0
NUAK1	gene	NUAK1	True	2	5
NUAK2	gene	NUAK2	True	1	2
NUCKS1	gene	NUCKS1	True	1	0
NUCLEOLIN	gene	NUCLEOLIN	True	0	3
NUDC	gene	NUDC	True	1	0
NUDCD2	gene	NUDCD2	True	0	1
NUMA1	gene	NUMA1	True	4	0
NUMB	gene	NUMB	True	6	6
NUMBL	gene	NUMBL	True	0	1
NUP153	gene	NUP153	True	1	3
NUP210	gene	NUP210	True	1	0
NUP214	gene	NUP214	True	0	3
NUP50	gene	NUP50	True	3	0
NUP62	gene	NUP62	True	1	0
NUP98	gene	NUP98	True	3	0
NUSAP1	gene	NUSAP1	False	1	1
NUTF2	gene	NUTF2	True	0	1
NXF1	gene	NXF1	True	2	0
NXPH1	gene	NXPH1	False	0	3
NXPH3	gene	NXPH3	False	0	3
OBSCN	gene	OBSCN	True	1	1
OCLN	gene	OCLN	True	5	0
OCRL	gene	OCRL	True	1	0
ODC1	gene	ODC1	True	3	0
ODF2	gene	ODF2	True	1	0
OGFR	gene	OGFR	True	1	0
OGG1	gene	OGG1	True	1	0
OGT	gene	OGT	True	3	0
OLR1	gene	OLR1	False	1	0
OMG	gene	OMG	False	0	2
OPHN1	gene	OPHN1	True	0	3
OPRD1	gene	OPRD1	False	4	3
OPRK1	gene	OPRK1	True	3	4
OPRL1	gene	OPRL1	False	1	4
OPRM1	gene	OPRM1	False	6	3
OPTN	gene	OPTN	True	3	0
ORAI1	gene	ORAI1	True	2	1
ORC1	gene	ORC1	True	1	0
ORC2	gene	ORC2	True	1	0
ORM1	gene	ORM1	False	1	0
OS9	gene	OS9	True	0	2
OSBP	gene	OSBP	True	1	0
OSGIN1	gene	OSGIN1	False	1	0
OSM	gene	OSM	False	0	3
OSMR	gene	OSMR	False	2	3
OSTF1	gene	OSTF1	False	1	0
OSTN	gene	OSTN	False	0	1
OTUB1	gene	OTUB1	True	1	5
OTUB2	gene	OTUB2	True	0	2
OTUD5	gene	OTUD5	True	1	1
OTULIN	gene	OTULIN	True	0	1
OTX1	gene	OTX1	True	1	0
OTX2	gene	OTX2	False	2	0
OVOL2	gene	OVOL2	False	1	0
OXSR1	gene	OXSR1	True	2	4
OXT	gene	OXT	False	0	4
OXTR	gene	OXTR	True	2	3
P2RX6	gene	P2RX6	False	1	0
P2RX7	gene	P2RX7	False	1	0
P2RY14	gene	P2RY14	False	1	0
P4HA2	gene	P4HA2	True	1	0
P4HB	gene	P4HB	True	1	0
PA2G4	gene	PA2G4	True	2	0
PABIR1	gene	PABIR1	True	1	1
PABPC1	gene	PABPC1	True	3	1
PABPC4	gene	PABPC4	True	0	1
PACS1	gene	PACS1	True	1	0
PACSIN1	gene	PACSIN1	False	3	0
PACSIN3	gene	PACSIN3	True	0	1
PADI3	gene	PADI3	False	2	0
PADI4	gene	PADI4	False	1	3
PAF1	gene	PAF1	True	0	1
PAFAH1B1	gene	PAFAH1B1	True	3	3
PAG1	gene	PAG1	True	2	1
PAGE4	gene	PAGE4	False	1	0
PAIP2	gene	PAIP2	True	1	2
PAK1	gene	PAK1	True	33	48
PAK1IP1	gene	PAK1IP1	True	1	1
PAK2	gene	PAK2	True	7	15
PAK3	gene	PAK3	True	1	6
PAK4	gene	PAK4	True	1	11
PAK5	gene	PAK5	True	0	6
PAK6	gene	PAK6	False	2	9
PALB2	gene	PALB2	True	2	3
PAN2	gene	PAN2	True	1	0
PANX1	gene	PANX1	True	1	0
PANX2	gene	PANX2	False	1	0
PAPOLA	gene	PAPOLA	True	1	0
PARD3	gene	PARD3	True	4	4
PARD6A	gene	PARD6A	True	4	1
PARG	gene	PARG	True	0	1
PARK7	gene	PARK7	True	2	1
PARN	gene	PARN	True	1	1
PARP1	gene	PARP1	True	13	19
PARP10	gene	PARP10	True	1	0
PARP2	gene	PARP2	True	0	1
PARVA	gene	PARVA	True	1	0
PARVB	gene	PARVB	False	1	0
PASK	gene	PASK	True	0	2
PATZ1	gene	PATZ1	True	0	1
PAWR	gene	PAWR	True	2	1
PAX1	gene	PAX1	False	0	2
PAX2	gene	PAX2	False	4	0
PAX3	gene	PAX3	True	5	3
PAX5	gene	PAX5	False	2	6
PAX6	gene	PAX6	True	3	9
PAX7	gene	PAX7	False	1	0
PAX8	gene	PAX8	False	4	1
PAX9	gene	PAX9	True	1	0
PAXIP1	gene	PAXIP1	True	1	3
PBK	gene	PBK	True	3	6
PBRM1	gene	PBRM1	True	2	0
PBX1	gene	PBX1	True	4	3
PBX3	gene	PBX3	True	1	0
PBXIP1	gene	PBXIP1	True	2	1
PCBD1	gene	PCBD1	True	0	1
PCBP1	gene	PCBP1	True	1	1
PCBP2	gene	PCBP2	True	2	2
PCBP4	gene	PCBP4	True	1	0
PCDH15	gene	PCDH15	True	1	1
PCGF2	gene	PCGF2	True	0	1
PCK1	gene	PCK1	False	1	0
PCK2	gene	PCK2	True	1	0
PCM1	gene	PCM1	True	2	1
PCNA	gene	PCNA	True	15	12
PCNP	gene	PCNP	True	1	0
PCNT	gene	PCNT	True	1	1
PCSK1	gene	PCSK1	True	0	1
PCSK2	gene	PCSK2	False	0	1
PCSK9	gene	PCSK9	True	1	1
PCYT1A	gene	PCYT1A	True	2	0
PDC	gene	PDC	False	1	0
PDCD1	gene	PDCD1	False	3	2
PDCD10	gene	PDCD10	True	1	0
PDCD1LG2	gene	PDCD1LG2	False	0	1
PDCD4	gene	PDCD4	True	4	0
PDCD5	gene	PDCD5	True	1	0
PDCD6IP	gene	PDCD6IP	True	1	0
PDCL	gene	PDCL	True	2	0
PDE1A	gene	PDE1A	True	3	0
PDE1B	gene	PDE1B	True	3	0
PDE1C	gene	PDE1C	True	3	0
PDE3A	gene	PDE3A	True	2	0
PDE3B	gene	PDE3B	True	3	0
PDE4A	gene	PDE4A	True	1	0
PDE4B	gene	PDE4B	True	1	0
PDE4C	gene	PDE4C	False	1	0
PDE4D	gene	PDE4D	True	4	0
PDE4DIP	gene	PDE4DIP	True	0	1
PDE5A	gene	PDE5A	True	1	0
PDE6G	gene	PDE6G	False	1	0
PDGFA	gene	PDGFA	True	1	2
PDGFB	gene	PDGFB	False	1	2
PDGFC	gene	PDGFC	True	0	2
PDGFD	gene	PDGFD	True	0	1
PDGFRA	gene	PDGFRA	True	8	5
PDGFRB	gene	PDGFRB	True	14	16
PDHA1	gene	PDHA1	True	8	0
PDHA2	gene	PDHA2	False	4	0
PDIK1L	gene	PDIK1L	True	1	0
PDK1	gene	PDK1	True	2	16
PDK2	gene	PDK2	True	0	4
PDK3	gene	PDK3	True	0	2
PDK4	gene	PDK4	False	0	2
PDP1	gene	PDP1	True	1	2
PDP2	gene	PDP2	True	0	2
PDPK1	gene	PDPK1	True	6	30
PDPK2P	gene	PDPK2P	False	0	1
PDX1	gene	PDX1	False	4	0
PDXP	gene	PDXP	True	0	1
PDYN	gene	PDYN	False	0	3
PEA15	gene	PEA15	True	4	2
PEBP1	gene	PEBP1	True	5	5
PECAM1	gene	PECAM1	False	4	1
PELI1	gene	PELI1	True	4	2
PELI2	gene	PELI2	True	2	0
PELI3	gene	PELI3	True	1	2
PELP1	gene	PELP1	True	2	0
PENK	gene	PENK	False	0	5
PER1	gene	PER1	True	10	2
PER2	gene	PER2	True	7	2
PER3	gene	PER3	True	2	1
PERP	gene	PERP	True	1	0
PEX1	gene	PEX1	True	1	0
PEX12	gene	PEX12	True	0	1
PEX13	gene	PEX13	True	1	0
PEX14	gene	PEX14	True	0	3
PEX19	gene	PEX19	True	1	0
PEX2	gene	PEX2	True	0	1
PEX26	gene	PEX26	True	0	1
PEX3	gene	PEX3	True	0	1
PEX5	gene	PEX5	True	4	0
PEX6	gene	PEX6	True	1	1
PEX7	gene	PEX7	True	1	0
PF4	gene	PF4	False	0	5
PF4V1	gene	PF4V1	False	0	1
PFAS	gene	PFAS	True	1	0
PFKFB1	gene	PFKFB1	False	1	0
PFKFB2	gene	PFKFB2	True	7	0
PFKFB3	gene	PFKFB3	True	6	0
PFKFB4	gene	PFKFB4	True	0	1
PFKP	gene	PFKP	True	0	1
PFN1	gene	PFN1	True	4	0
PFN2	gene	PFN2	True	1	0
PGAM1	gene	PGAM1	True	3	0
PGAM5	gene	PGAM5	True	1	2
PGC	gene	PGC	False	1	0
PGD	gene	PGD	True	1	0
PGF	gene	PGF	True	0	2
PGK1	gene	PGK1	True	1	1
PGM1	gene	PGM1	True	2	0
PGR	gene	PGR	False	9	2
PHACTR1	gene	PHACTR1	True	0	1
PHACTR3	gene	PHACTR3	False	1	0
PHB1	gene	PHB1	True	2	0
PHB2	gene	PHB2	True	3	2
PHEX	gene	PHEX	False	1	0
PHF1	gene	PHF1	True	0	1
PHF12	gene	PHF12	True	0	1
PHF20	gene	PHF20	True	1	0
PHF21A	gene	PHF21A	True	0	1
PHF8	gene	PHF8	True	1	2
PHIP	gene	PHIP	True	0	1
PHKA1	gene	PHKA1	True	1	1
PHKA2	gene	PHKA2	True	0	1
PHKG1	gene	PHKG1	False	0	4
PHKG2	gene	PHKG2	True	1	3
PHLDA1	gene	PHLDA1	True	1	0
PHLPP1	gene	PHLPP1	True	2	8
PHLPP2	gene	PHLPP2	True	0	7
PHOX2A	gene	PHOX2A	True	1	0
PHPT1	gene	PHPT1	True	0	1
PI4K2A	gene	PI4K2A	True	0	1
PI4K2B	gene	PI4K2B	True	2	0
PI4KB	gene	PI4KB	True	3	0
PIAS1	gene	PIAS1	True	5	8
PIAS2	gene	PIAS2	True	2	2
PIAS3	gene	PIAS3	True	0	3
PIAS4	gene	PIAS4	True	2	8
PICALM	gene	PICALM	True	0	2
PICK1	gene	PICK1	True	0	4
PIDD1	gene	PIDD1	True	2	5
PIGBOS1	gene	PIGBOS1	True	1	0
PIGF	gene	PIGF	True	0	1
PIGG	gene	PIGG	True	1	0
PIGK	gene	PIGK	True	1	0
PIGS	gene	PIGS	True	0	2
PIK3AP1	gene	PIK3AP1	True	2	1
PIK3C2A	gene	PIK3C2A	True	1	0
PIK3C2B	gene	PIK3C2B	True	2	0
PIK3C3	gene	PIK3C3	True	11	0
PIK3CA	gene	PIK3CA	True	23	6
PIK3CB	gene	PIK3CB	True	6	1
PIK3CD	gene	PIK3CD	True	5	0
PIK3CG	gene	PIK3CG	False	14	4
PIK3R1	gene	PIK3R1	True	39	5
PIK3R2	gene	PIK3R2	False	11	1
PIK3R3	gene	PIK3R3	True	1	2
PIK3R4	gene	PIK3R4	True	4	1
PIK3R6	gene	PIK3R6	False	1	0
PIKFYVE	gene	PIKFYVE	True	2	0
PIM1	gene	PIM1	True	1	23
PIM2	gene	PIM2	True	0	6
PIM3	gene	PIM3	True	0	2
PIMREG	gene	PIMREG	True	1	0
PIN1	gene	PIN1	True	8	12
PIN4	gene	PIN4	True	1	0
PINK1	gene	PINK1	True	2	16
PINX1	gene	PINX1	True	1	0
PIP4K2A	gene	PIP4K2A	True	2	0
PIP4K2B	gene	PIP4K2B	True	1	0
PIP5K1A	gene	PIP5K1A	True	2	0
PIP5K1B	gene	PIP5K1B	True	2	0
PIP5K1C	gene	PIP5K1C	True	5	0
PITPNC1	gene	PITPNC1	True	1	0
PITPNM1	gene	PITPNM1	True	2	0
PITRM1	gene	PITRM1	True	0	1
PITX1	gene	PITX1	True	1	1
PITX2	gene	PITX2	True	1	0
PJA1	gene	PJA1	True	0	3
PJA2	gene	PJA2	True	1	1
PKD1	gene	PKD1	True	3	1
PKD2	gene	PKD2	True	4	2
PKD2L1	gene	PKD2L1	False	1	0
PKIA	gene	PKIA	True	1	1
PKM	gene	PKM	True	5	2
PKMYT1	gene	PKMYT1	True	2	1
PKN1	gene	PKN1	True	3	12
PKN2	gene	PKN2	True	3	2
PKN3	gene	PKN3	True	0	1
PKNOX1	gene	PKNOX1	True	0	3
PKP1	gene	PKP1	False	1	0
PKP2	gene	PKP2	True	0	1
PKP3	gene	PKP3	False	1	0
PLA2G4A	gene	PLA2G4A	True	7	0
PLA2G6	gene	PLA2G6	True	0	2
PLAC8	gene	PLAC8	False	1	1
PLAGL1	gene	PLAGL1	True	1	0
PLAT	gene	PLAT	True	0	2
PLAU	gene	PLAU	True	0	2
PLAUR	gene	PLAUR	True	2	1
PLCB1	gene	PLCB1	True	7	0
PLCB2	gene	PLCB2	True	1	0
PLCB3	gene	PLCB3	True	8	0
PLCE1	gene	PLCE1	True	2	0
PLCG1	gene	PLCG1	True	40	3
PLCG2	gene	PLCG2	True	11	1
PLD1	gene	PLD1	False	9	0
PLD2	gene	PLD2	True	7	0
PLEC	gene	PLEC	True	1	0
PLEK	gene	PLEK	False	1	0
PLEKHG2	gene	PLEKHG2	True	1	0
PLEKHG6	gene	PLEKHG6	True	2	0
PLG	gene	PLG	False	1	5
PLIN1	gene	PLIN1	False	1	0
PLIN2	gene	PLIN2	False	1	0
PLIN3	gene	PLIN3	True	2	2
PLK1	gene	PLK1	True	16	109
PLK2	gene	PLK2	True	0	8
PLK3	gene	PLK3	True	0	14
PLK4	gene	PLK4	True	0	5
PLN	gene	PLN	False	4	1
PLP1	gene	PLP1	True	1	0
PLRG1	gene	PLRG1	True	0	1
PLSCR1	gene	PLSCR1	True	3	0
PLSCR3	gene	PLSCR3	False	1	0
PLXNA1	gene	PLXNA1	True	2	0
PLXNA2	gene	PLXNA2	True	2	0
PLXNA3	gene	PLXNA3	True	1	0
PLXNA4	gene	PLXNA4	True	2	0
PLXNB1	gene	PLXNB1	True	1	0
PLXNB2	gene	PLXNB2	True	1	0
PLXNB3	gene	PLXNB3	False	1	0
PLXNC1	gene	PLXNC1	True	1	0
PLXND1	gene	PLXND1	True	1	0
PMAIP1	gene	PMAIP1	True	5	6
PMCH	gene	PMCH	False	0	2
PML	gene	PML	True	9	7
PMP22	gene	PMP22	True	0	1
PMS2	gene	PMS2	True	2	1
PNCK	gene	PNCK	True	0	1
PNKP	gene	PNKP	True	4	0
PNOC	gene	PNOC	False	0	1
PNPLA2	gene	PNPLA2	True	1	0
PNPLA8	gene	PNPLA8	True	1	1
PNPT1	gene	PNPT1	True	1	0
PODXL2	gene	PODXL2	True	0	1
POFUT1	gene	POFUT1	True	0	4
POGLUT1	gene	POGLUT1	True	0	1
POGZ	gene	POGZ	True	0	1
POLA1	gene	POLA1	True	5	0
POLB	gene	POLB	True	4	0
POLD3	gene	POLD3	True	1	0
POLD4	gene	POLD4	False	2	0
POLH	gene	POLH	True	4	1
POLI	gene	POLI	True	1	0
POLK	gene	POLK	True	4	0
POLL	gene	POLL	True	3	0
POLN	gene	POLN	False	1	0
POLR1B	gene	POLR1B	True	1	0
POLR2A	gene	POLR2A	True	10	0
POLR2E	gene	POLR2E	True	1	0
POLR2L	gene	POLR2L	True	1	0
POMC	gene	POMC	True	0	8
PORCN	gene	PORCN	True	0	1
POT1	gene	POT1	True	0	1
POU1F1	gene	POU1F1	False	2	0
POU2AF1	gene	POU2AF1	False	0	2
POU2F1	gene	POU2F1	True	5	1
POU2F2	gene	POU2F2	True	2	0
POU3F1	gene	POU3F1	True	2	0
POU3F2	gene	POU3F2	True	1	1
POU3F3	gene	POU3F3	True	1	0
POU3F4	gene	POU3F4	False	0	2
POU4F1	gene	POU4F1	False	1	1
POU4F2	gene	POU4F2	False	0	1
POU4F3	gene	POU4F3	False	1	4
POU5F1	gene	POU5F1	True	9	1
POU6F1	gene	POU6F1	True	1	0
PPARA	gene	PPARA	True	11	11
PPARD	gene	PPARD	True	4	2
PPARG	gene	PPARG	False	27	16
PPARGC1A	gene	PPARGC1A	True	9	2
PPBP	gene	PPBP	False	0	2
PPFIA1	gene	PPFIA1	True	0	1
PPIF	gene	PPIF	True	2	0
PPM1A	gene	PPM1A	True	0	13
PPM1B	gene	PPM1B	True	0	5
PPM1D	gene	PPM1D	True	4	14
PPM1E	gene	PPM1E	True	0	1
PPM1F	gene	PPM1F	True	0	4
PPM1G	gene	PPM1G	True	1	1
PPM1J	gene	PPM1J	False	4	0
PPM1K	gene	PPM1K	True	0	1
PPM1L	gene	PPM1L	True	0	3
PPME1	gene	PPME1	True	0	1
PPP1CA	gene	PPP1CA	True	12	30
PPP1CB	gene	PPP1CB	True	0	11
PPP1CC	gene	PPP1CC	True	6	15
PPP1R12A	gene	PPP1R12A	True	10	0
PPP1R12B	gene	PPP1R12B	True	1	0
PPP1R12C	gene	PPP1R12C	True	2	0
PPP1R13B	gene	PPP1R13B	True	0	1
PPP1R13L	gene	PPP1R13L	True	1	1
PPP1R14A	gene	PPP1R14A	False	8	1
PPP1R14B	gene	PPP1R14B	True	2	0
PPP1R14C	gene	PPP1R14C	True	1	0
PPP1R15A	gene	PPP1R15A	True	4	1
PPP1R16B	gene	PPP1R16B	True	1	0
PPP1R17	gene	PPP1R17	True	1	0
PPP1R1A	gene	PPP1R1A	True	4	1
PPP1R1B	gene	PPP1R1B	False	8	2
PPP1R2	gene	PPP1R2	True	5	1
PPP1R3A	gene	PPP1R3A	False	1	1
PPP1R3C	gene	PPP1R3C	True	2	1
PPP1R8	gene	PPP1R8	True	4	1
PPP1R9B	gene	PPP1R9B	True	3	1
PPP2CA	gene	PPP2CA	True	13	56
PPP2CB	gene	PPP2CB	True	6	22
PPP2R1A	gene	PPP2R1A	True	0	3
PPP2R1B	gene	PPP2R1B	True	0	1
PPP2R2A	gene	PPP2R2A	True	2	4
PPP2R2C	gene	PPP2R2C	False	1	0
PPP2R2D	gene	PPP2R2D	True	1	0
PPP2R3B	gene	PPP2R3B	False	1	0
PPP2R5A	gene	PPP2R5A	True	2	0
PPP2R5B	gene	PPP2R5B	True	0	4
PPP2R5C	gene	PPP2R5C	True	5	7
PPP2R5D	gene	PPP2R5D	True	2	0
PPP3CA	gene	PPP3CA	True	4	11
PPP3CB	gene	PPP3CB	True	1	8
PPP3CC	gene	PPP3CC	True	1	7
PPP3R1	gene	PPP3R1	True	3	9
PPP4C	gene	PPP4C	True	1	9
PPP4R3A	gene	PPP4R3A	True	0	1
PPP5C	gene	PPP5C	True	4	9
PPP6C	gene	PPP6C	True	0	2
PPY	gene	PPY	False	0	2
PRC1	gene	PRC1	True	6	0
PRCC	gene	PRCC	True	0	1
PRDM1	gene	PRDM1	True	3	1
PRDM16	gene	PRDM16	False	0	2
PRDM2	gene	PRDM2	True	0	1
PRDX1	gene	PRDX1	True	8	0
PRDX3	gene	PRDX3	True	2	0
PRDX4	gene	PRDX4	True	1	0
PRDX6	gene	PRDX6	True	2	0
PREB	gene	PREB	True	1	0
PREX1	gene	PREX1	True	4	1
PREX2	gene	PREX2	True	1	2
PRG4	gene	PRG4	False	0	1
PRH2	gene	PRH2	False	1	0
PRICKLE1	gene	PRICKLE1	True	3	1
PRKAA1	gene	PRKAA1	True	8	66
PRKAA2	gene	PRKAA2	True	5	19
PRKAB1	gene	PRKAB1	True	2	5
PRKACA	gene	PRKACA	True	11	224
PRKACB	gene	PRKACB	True	5	6
PRKACG	gene	PRKACG	False	0	6
PRKAG1	gene	PRKAG1	False	4	1
PRKAR1A	gene	PRKAR1A	True	2	2
PRKAR1B	gene	PRKAR1B	True	0	2
PRKAR2A	gene	PRKAR2A	True	1	2
PRKAR2B	gene	PRKAR2B	True	1	1
PRKCA	gene	PRKCA	True	9	205
PRKCB	gene	PRKCB	False	6	55
PRKCD	gene	PRKCD	True	11	90
PRKCE	gene	PRKCE	True	2	33
PRKCG	gene	PRKCG	True	2	31
PRKCH	gene	PRKCH	False	0	7
PRKCI	gene	PRKCI	True	1	9
PRKCQ	gene	PRKCQ	True	4	20
PRKCZ	gene	PRKCZ	False	4	43
PRKD1	gene	PRKD1	True	8	41
PRKD2	gene	PRKD2	True	3	3
PRKD3	gene	PRKD3	True	1	1
PRKDC	gene	PRKDC	True	16	34
PRKG1	gene	PRKG1	True	1	25
PRKG2	gene	PRKG2	False	0	9
PRKN	gene	PRKN	True	11	28
PRKRA	gene	PRKRA	True	0	1
PRKX	gene	PRKX	True	0	3
PRL	gene	PRL	False	1	1
PRLH	gene	PRLH	False	0	1
PRLHR	gene	PRLHR	False	2	0
PRLR	gene	PRLR	False	5	1
PRMT1	gene	PRMT1	True	0	7
PRMT5	gene	PRMT5	True	3	4
PRMT6	gene	PRMT6	True	0	4
PRND	gene	PRND	False	0	1
PRNP	gene	PRNP	True	2	1
PROC	gene	PROC	True	1	3
PROCR	gene	PROCR	True	2	0
PROK1	gene	PROK1	False	0	2
PROK2	gene	PROK2	False	0	2
PROKR1	gene	PROKR1	False	2	1
PROKR2	gene	PROKR2	False	2	0
PROS1	gene	PROS1	True	1	2
PROX1	gene	PROX1	True	0	2
PRP4K	gene	PRP4K	True	0	2
PRPF3	gene	PRPF3	True	2	0
PRPS1	gene	PRPS1	True	3	0
PRPS2	gene	PRPS2	True	1	0
PRRX1	gene	PRRX1	True	1	3
PRSS1	gene	PRSS1	False	0	1
PRTN3	gene	PRTN3	False	1	1
PSAP	gene	PSAP	True	0	3
PSEN1	gene	PSEN1	True	21	5
PSEN2	gene	PSEN2	True	10	0
PSENEN	gene	PSENEN	True	1	1
PSIP1	gene	PSIP1	True	3	7
PSMA5	gene	PSMA5	True	0	1
PSMA6	gene	PSMA6	True	1	1
PSMA7	gene	PSMA7	True	2	1
PSMC3	gene	PSMC3	True	0	1
PSMC4	gene	PSMC4	True	1	0
PSMD2	gene	PSMD2	True	3	0
PSMD4	gene	PSMD4	True	6	0
PSME3	gene	PSME3	True	1	2
PSPN	gene	PSPN	True	0	2
PSTPIP1	gene	PSTPIP1	True	2	1
PTAFR	gene	PTAFR	False	0	4
PTBP1	gene	PTBP1	True	3	0
PTCH1	gene	PTCH1	True	5	2
PTCH2	gene	PTCH2	True	3	1
PTDSS1	gene	PTDSS1	True	0	2
PTEN	gene	PTEN	True	24	11
PTGDR2	gene	PTGDR2	False	1	0
PTGER1	gene	PTGER1	False	0	1
PTGER2	gene	PTGER2	False	0	1
PTGER3	gene	PTGER3	False	0	1
PTGER4	gene	PTGER4	False	0	2
PTGES3	gene	PTGES3	True	1	1
PTGFR	gene	PTGFR	False	0	1
PTGIR	gene	PTGIR	False	0	1
PTGS1	gene	PTGS1	True	1	0
PTGS2	gene	PTGS2	False	10	1
PTH	gene	PTH	False	1	2
PTH1R	gene	PTH1R	False	3	1
PTH2	gene	PTH2	False	0	2
PTH2R	gene	PTH2R	False	3	0
PTHLH	gene	PTHLH	False	3	2
PTK2	gene	PTK2	True	39	17
PTK2B	gene	PTK2B	True	13	14
PTK6	gene	PTK6	False	1	15
PTK7	gene	PTK7	True	1	1
PTMA	gene	PTMA	True	0	1
PTN	gene	PTN	True	0	3
PTP4A1	gene	PTP4A1	False	0	1
PTP4A3	gene	PTP4A3	True	1	4
PTPA	gene	PTPA	True	0	3
PTPN1	gene	PTPN1	True	12	38
PTPN11	gene	PTPN11	True	14	41
PTPN12	gene	PTPN12	True	3	14
PTPN13	gene	PTPN13	True	0	9
PTPN14	gene	PTPN14	True	0	1
PTPN18	gene	PTPN18	True	1	1
PTPN2	gene	PTPN2	True	0	19
PTPN21	gene	PTPN21	True	0	1
PTPN22	gene	PTPN22	False	1	4
PTPN3	gene	PTPN3	True	0	3
PTPN5	gene	PTPN5	False	2	5
PTPN6	gene	PTPN6	False	12	35
PTPN7	gene	PTPN7	False	4	1
PTPN9	gene	PTPN9	True	0	6
PTPRA	gene	PTPRA	True	4	4
PTPRB	gene	PTPRB	False	0	9
PTPRC	gene	PTPRC	False	3	9
PTPRCAP	gene	PTPRCAP	False	1	0
PTPRD	gene	PTPRD	True	1	1
PTPRE	gene	PTPRE	True	0	6
PTPRF	gene	PTPRF	True	6	9
PTPRG	gene	PTPRG	True	0	29
PTPRH	gene	PTPRH	False	1	6
PTPRJ	gene	PTPRJ	True	1	15
PTPRK	gene	PTPRK	True	0	1
PTPRM	gene	PTPRM	True	0	2
PTPRO	gene	PTPRO	True	0	2
PTPRR	gene	PTPRR	False	3	4
PTPRS	gene	PTPRS	True	2	1
PTPRT	gene	PTPRT	False	1	2
PTPRU	gene	PTPRU	True	0	1
PTPRZ1	gene	PTPRZ1	True	1	3
PTRH2	gene	PTRH2	True	1	0
PTS	gene	PTS	True	2	0
PTTG1	gene	PTTG1	True	11	2
PTTG1IP	gene	PTTG1IP	True	1	0
PTTG2	gene	PTTG2	False	1	0
PTX3	gene	PTX3	True	0	1
PUF60	gene	PUF60	True	1	2
PVR	gene	PVR	True	0	2
PXN	gene	PXN	True	26	2
PYCARD	gene	PYCARD	False	5	1
PYGB	gene	PYGB	True	3	0
PYGL	gene	PYGL	True	3	0
PYGM	gene	PYGM	False	2	0
PYGO1	gene	PYGO1	True	1	0
PYY	gene	PYY	False	0	4
PZP	gene	PZP	False	2	2
Q15300	gene	Q15300	False	0	1
Q96EV4	gene	Q96EV4	False	4	0
QRFP	gene	QRFP	False	0	2
QRFPR	gene	QRFPR	False	1	0
RAB10	gene	RAB10	True	1	0
RAB11A	gene	RAB11A	True	0	1
RAB11FIP1	gene	RAB11FIP1	True	1	0
RAB11FIP2	gene	RAB11FIP2	True	1	0
RAB11FIP3	gene	RAB11FIP3	True	1	0
RAB11FIP5	gene	RAB11FIP5	True	1	0
RAB14	gene	RAB14	True	0	1
RAB1A	gene	RAB1A	True	0	3
RAB29	gene	RAB29	True	1	0
RAB2A	gene	RAB2A	True	0	1
RAB33B	gene	RAB33B	True	0	1
RAB37	gene	RAB37	False	1	0
RAB3A	gene	RAB3A	True	5	0
RAB3C	gene	RAB3C	True	1	0
RAB3IP	gene	RAB3IP	True	1	0
RAB4A	gene	RAB4A	True	0	1
RAB5A	gene	RAB5A	True	5	2
RAB5B	gene	RAB5B	True	1	0
RAB5C	gene	RAB5C	True	0	1
RAB7A	gene	RAB7A	True	1	1
RAB8A	gene	RAB8A	True	4	0
RAB9A	gene	RAB9A	True	0	2
RABEP1	gene	RABEP1	True	1	2
RABEPK	gene	RABEPK	True	1	0
RABGEF1	gene	RABGEF1	False	1	1
RABGGTA	gene	RABGGTA	True	2	1
RABGGTB	gene	RABGGTB	True	0	2
RAC1	gene	RAC1	True	44	16
RAC2	gene	RAC2	False	0	2
RAC3	gene	RAC3	True	0	2
RACGAP1	gene	RACGAP1	True	3	1
RACK1	gene	RACK1	True	1	5
RAD1	gene	RAD1	True	1	0
RAD17	gene	RAD17	True	2	1
RAD18	gene	RAD18	True	0	2
RAD21	gene	RAD21	True	5	0
RAD23A	gene	RAD23A	True	1	0
RAD23B	gene	RAD23B	True	2	1
RAD50	gene	RAD50	True	1	3
RAD51	gene	RAD51	True	14	0
RAD51AP1	gene	RAD51AP1	True	0	1
RAD51C	gene	RAD51C	True	1	0
RAD51D	gene	RAD51D	True	1	0
RAD52	gene	RAD52	True	2	1
RAD54L	gene	RAD54L	True	1	1
RAD9A	gene	RAD9A	True	6	0
RAE1	gene	RAE1	True	0	1
RAET1E	gene	RAET1E	False	0	1
RAET1G	gene	RAET1G	False	0	1
RAET1L	gene	RAET1L	False	0	1
RAF1	gene	RAF1	True	41	9
RALA	gene	RALA	True	3	2
RALB	gene	RALB	True	1	1
RALBP1	gene	RALBP1	True	3	2
RALGDS	gene	RALGDS	True	2	2
RAMAC	gene	RAMAC	True	0	1
RAMP1	gene	RAMP1	False	5	0
RAMP2	gene	RAMP2	False	5	0
RAMP3	gene	RAMP3	False	5	0
RAN	gene	RAN	True	2	2
RANBP2	gene	RANBP2	True	2	3
RANBP3	gene	RANBP3	True	2	1
RANBP9	gene	RANBP9	True	2	1
RANGAP1	gene	RANGAP1	True	4	0
RAP1A	gene	RAP1A	True	9	4
RAP1B	gene	RAP1B	True	3	1
RAP1GAP	gene	RAP1GAP	True	1	3
RAP1GDS1	gene	RAP1GDS1	True	0	6
RAP2A	gene	RAP2A	True	0	1
RAPGEF1	gene	RAPGEF1	True	5	1
RAPGEF2	gene	RAPGEF2	True	4	1
RAPGEF3	gene	RAPGEF3	True	0	2
RAPGEF4	gene	RAPGEF4	True	0	2
RAPGEF5	gene	RAPGEF5	True	0	1
RAPH1	gene	RAPH1	True	2	1
RAPSN	gene	RAPSN	False	1	0
RARA	gene	RARA	True	14	12
RARB	gene	RARB	True	2	5
RARG	gene	RARG	True	6	3
RARRES2	gene	RARRES2	True	0	2
RASA1	gene	RASA1	True	9	2
RASA4	gene	RASA4	True	0	1
RASD2	gene	RASD2	False	1	0
RASGRF1	gene	RASGRF1	False	5	2
RASGRF2	gene	RASGRF2	True	1	0
RASGRP1	gene	RASGRP1	True	1	0
RASGRP2	gene	RASGRP2	False	1	0
RASGRP3	gene	RASGRP3	False	4	1
RASSF1	gene	RASSF1	True	7	5
RASSF5	gene	RASSF5	False	0	2
RASSF6	gene	RASSF6	False	0	1
RASSF9	gene	RASSF9	False	1	0
RAVER1	gene	RAVER1	True	0	1
RB1	gene	RB1	True	22	8
RB1CC1	gene	RB1CC1	True	2	5
RBBP6	gene	RBBP6	True	0	2
RBBP7	gene	RBBP7	True	1	0
RBBP8	gene	RBBP8	True	9	1
RBCK1	gene	RBCK1	True	0	2
RBL1	gene	RBL1	True	2	0
RBL2	gene	RBL2	True	5	2
RBM17	gene	RBM17	True	1	0
RBM38	gene	RBM38	True	2	0
RBM39	gene	RBM39	True	2	0
RBM8A	gene	RBM8A	True	1	0
RBP1	gene	RBP1	True	0	1
RBPJ	gene	RBPJ	True	13	5
RBSN	gene	RBSN	True	1	0
RBX1	gene	RBX1	True	1	3
RCAN1	gene	RCAN1	True	6	1
RCC1	gene	RCC1	True	2	0
RCHY1	gene	RCHY1	True	2	4
RCOR1	gene	RCOR1	True	1	2
RCSD1	gene	RCSD1	False	5	0
RDX	gene	RDX	True	6	0
REC8	gene	REC8	True	1	0
RECQL4	gene	RECQL4	True	6	3
RECQL5	gene	RECQL5	True	0	1
REL	gene	REL	True	3	1
RELA	gene	RELA	True	38	6
RELB	gene	RELB	True	9	0
RELN	gene	RELN	False	0	4
REM1	gene	REM1	False	1	0
REN	gene	REN	False	1	2
REPS2	gene	REPS2	False	1	0
REST	gene	REST	True	2	0
RET	gene	RET	False	9	23
RETNLB	gene	RETNLB	False	1	0
RETREG1	gene	RETREG1	False	1	0
REV1	gene	REV1	True	1	1
REV3L	gene	REV3L	True	3	0
RFC1	gene	RFC1	True	2	0
RFWD3	gene	RFWD3	True	1	3
RFX1	gene	RFX1	True	0	1
RFX5	gene	RFX5	True	1	0
RGCC	gene	RGCC	False	1	0
RGMA	gene	RGMA	True	0	1
RGS10	gene	RGS10	True	1	0
RGS13	gene	RGS13	False	1	0
RGS14	gene	RGS14	True	1	0
RGS16	gene	RGS16	True	4	0
RGS18	gene	RGS18	False	1	0
RGS19	gene	RGS19	True	1	1
RGS2	gene	RGS2	True	1	2
RGS4	gene	RGS4	True	0	1
RGS7	gene	RGS7	True	1	0
RHEB	gene	RHEB	True	5	6
RHO	gene	RHO	False	2	0
RHOA	gene	RHOA	True	43	16
RHOB	gene	RHOB	True	2	0
RHOC	gene	RHOC	True	1	0
RHOQ	gene	RHOQ	True	0	2
RHOT1	gene	RHOT1	True	2	0
RHOU	gene	RHOU	True	2	1
RICTOR	gene	RICTOR	True	3	0
RIF1	gene	RIF1	True	2	0
RIGI	gene	RIGI	False	10	4
RILPL2	gene	RILPL2	True	0	1
RIMBP2	gene	RIMBP2	False	0	2
RIMS1	gene	RIMS1	True	4	4
RIMS2	gene	RIMS2	True	2	2
RIN1	gene	RIN1	True	3	3
RING1	gene	RING1	True	0	2
RINT1	gene	RINT1	True	2	0
RIOK1	gene	RIOK1	True	1	0
RIOK2	gene	RIOK2	True	1	0
RIOK3	gene	RIOK3	True	0	1
RIOX1	gene	RIOX1	True	0	1
RIOX2	gene	RIOX2	True	1	0
RIPK1	gene	RIPK1	True	20	7
RIPK2	gene	RIPK2	True	6	6
RIPK3	gene	RIPK3	False	4	5
RIPK4	gene	RIPK4	False	2	1
RIT1	gene	RIT1	True	3	1
RIT2	gene	RIT2	False	3	1
RITA1	gene	RITA1	True	0	1
RLF	gene	RLF	True	0	1
RLIM	gene	RLIM	True	0	3
RLN1	gene	RLN1	False	0	2
RLN2	gene	RLN2	False	0	3
RLN3	gene	RLN3	False	0	4
RNASE2	gene	RNASE2	False	0	1
RND1	gene	RND1	True	1	0
RND3	gene	RND3	True	1	0
RNF10	gene	RNF10	True	0	1
RNF11	gene	RNF11	True	1	3
RNF111	gene	RNF111	True	1	7
RNF123	gene	RNF123	True	0	1
RNF125	gene	RNF125	True	0	2
RNF135	gene	RNF135	True	0	1
RNF138	gene	RNF138	True	2	1
RNF139	gene	RNF139	True	0	1
RNF144A	gene	RNF144A	True	0	1
RNF144B	gene	RNF144B	False	1	1
RNF146	gene	RNF146	True	0	4
RNF167	gene	RNF167	True	1	1
RNF168	gene	RNF168	True	3	1
RNF180	gene	RNF180	False	0	1
RNF182	gene	RNF182	True	0	1
RNF187	gene	RNF187	True	1	0
RNF19A	gene	RNF19A	True	0	2
RNF19B	gene	RNF19B	True	1	1
RNF2	gene	RNF2	True	3	3
RNF20	gene	RNF20	True	2	1
RNF208	gene	RNF208	True	0	1
RNF216	gene	RNF216	True	0	4
RNF24	gene	RNF24	True	0	1
RNF31	gene	RNF31	True	0	2
RNF34	gene	RNF34	True	0	1
RNF4	gene	RNF4	True	2	3
RNF40	gene	RNF40	True	2	1
RNF41	gene	RNF41	True	1	3
RNF43	gene	RNF43	False	1	0
RNF5	gene	RNF5	True	0	5
RNF7	gene	RNF7	True	3	2
RNF8	gene	RNF8	True	2	8
RNMT	gene	RNMT	True	3	0
ROBO1	gene	ROBO1	True	5	0
ROBO2	gene	ROBO2	True	3	0
ROBO3	gene	ROBO3	True	1	0
ROBO4	gene	ROBO4	False	1	0
ROCK1	gene	ROCK1	True	3	32
ROCK2	gene	ROCK2	True	2	12
ROR1	gene	ROR1	True	1	2
ROR2	gene	ROR2	True	4	4
RORA	gene	RORA	True	2	0
RORB	gene	RORB	False	0	1
RORC	gene	RORC	False	0	2
ROS1	gene	ROS1	False	2	0
RPA1	gene	RPA1	True	5	4
RPA2	gene	RPA2	True	5	0
RPAP2	gene	RPAP2	True	0	1
RPGR	gene	RPGR	True	1	0
RPGRIP1	gene	RPGRIP1	False	0	1
RPH3A	gene	RPH3A	False	2	1
RPL10	gene	RPL10	True	0	1
RPL11	gene	RPL11	True	0	3
RPL13A	gene	RPL13A	True	1	2
RPL26	gene	RPL26	True	1	0
RPLP2	gene	RPLP2	True	1	0
RPRD1B	gene	RPRD1B	True	1	0
RPS15	gene	RPS15	True	1	0
RPS19	gene	RPS19	True	1	1
RPS19BP1	gene	RPS19BP1	True	0	1
RPS27A	gene	RPS27A	True	2	0
RPS27L	gene	RPS27L	True	1	0
RPS3	gene	RPS3	True	7	0
RPS6	gene	RPS6	True	4	0
RPS6KA1	gene	RPS6KA1	True	5	40
RPS6KA2	gene	RPS6KA2	True	4	8
RPS6KA3	gene	RPS6KA3	True	7	32
RPS6KA4	gene	RPS6KA4	True	4	6
RPS6KA5	gene	RPS6KA5	True	4	17
RPS6KA6	gene	RPS6KA6	True	0	1
RPS6KB1	gene	RPS6KB1	True	14	27
RPS6KB2	gene	RPS6KB2	True	2	4
RPS6KC1	gene	RPS6KC1	True	0	1
RPSA	gene	RPSA	True	4	0
RPTOR	gene	RPTOR	True	14	1
RRAGC	gene	RRAGC	True	1	1
RRAGD	gene	RRAGD	True	0	1
RRAS	gene	RRAS	True	3	1
RRM1	gene	RRM1	True	1	0
RRM2	gene	RRM2	True	1	0
RRM2B	gene	RRM2B	True	3	1
RRN3	gene	RRN3	True	5	0
RSF1	gene	RSF1	True	1	1
RSPH3	gene	RSPH3	True	1	0
RSPO1	gene	RSPO1	False	0	6
RSPO2	gene	RSPO2	False	0	3
RSPO3	gene	RSPO3	False	0	4
RSPO4	gene	RSPO4	False	0	3
RTKN	gene	RTKN	True	1	0
RTN4	gene	RTN4	True	0	3
RTN4R	gene	RTN4R	True	1	0
RUBCN	gene	RUBCN	True	0	2
RUFY1	gene	RUFY1	True	3	0
RUNX1	gene	RUNX1	False	7	9
RUNX2	gene	RUNX2	True	14	0
RUNX3	gene	RUNX3	False	3	1
RUSC1	gene	RUSC1	True	1	1
RWDD3	gene	RWDD3	True	0	1
RXFP1	gene	RXFP1	False	4	0
RXFP2	gene	RXFP2	False	4	0
RXFP3	gene	RXFP3	False	3	0
RXFP4	gene	RXFP4	False	2	0
RXRA	gene	RXRA	True	27	11
RXRB	gene	RXRB	True	4	12
RXRG	gene	RXRG	True	7	4
RYBP	gene	RYBP	True	0	1
RYK	gene	RYK	True	4	4
RYR1	gene	RYR1	False	5	0
RYR2	gene	RYR2	True	2	0
S100A10	gene	S100A10	True	0	2
S100A2	gene	S100A2	False	1	0
S100A4	gene	S100A4	False	0	1
S100A8	gene	S100A8	False	0	2
S100A9	gene	S100A9	False	0	2
S1PR1	gene	S1PR1	True	2	2
S1PR2	gene	S1PR2	True	0	4
S1PR3	gene	S1PR3	False	0	3
S1PR5	gene	S1PR5	False	0	1
SAA1	gene	SAA1	False	0	3
SACK1A	gene	SACK1A	False	0	1
SACK1B	gene	SACK1B	False	0	4
SACK1C	gene	SACK1C	False	0	1
SACK1D	gene	SACK1D	True	0	2
SACK1G	gene	SACK1G	False	2	1
SACK1H	gene	SACK1H	True	0	4
SAFB	gene	SAFB	True	0	1
SALL4	gene	SALL4	True	1	0
SAMHD1	gene	SAMHD1	True	1	0
SAP18	gene	SAP18	True	1	0
SAR1A	gene	SAR1A	True	0	2
SARM1	gene	SARM1	True	1	1
SASS6	gene	SASS6	True	1	0
SATB1	gene	SATB1	True	1	0
SATB2	gene	SATB2	True	1	0
SAV1	gene	SAV1	True	1	2
SBDS	gene	SBDS	True	0	1
SBF1	gene	SBF1	True	0	1
SCAF11	gene	SCAF11	True	0	1
SCAMP1	gene	SCAMP1	True	1	0
SCAMP3	gene	SCAMP3	True	1	0
SCAND1	gene	SCAND1	True	0	1
SCAP	gene	SCAP	True	3	2
SCARB1	gene	SCARB1	True	2	0
SCARF1	gene	SCARF1	True	1	0
SCD	gene	SCD	True	1	0
SCG2	gene	SCG2	False	1	0
SCN1A	gene	SCN1A	True	2	0
SCN2A	gene	SCN2A	True	2	0
SCN3A	gene	SCN3A	True	1	0
SCN3B	gene	SCN3B	True	1	0
SCN5A	gene	SCN5A	False	7	0
SCN8A	gene	SCN8A	True	3	0
SCN9A	gene	SCN9A	True	1	0
SCNN1A	gene	SCNN1A	False	2	0
SCNN1B	gene	SCNN1B	False	2	0
SCNN1G	gene	SCNN1G	False	2	0
SCP2	gene	SCP2	True	2	0
SCRIB	gene	SCRIB	True	1	0
SCT	gene	SCT	False	0	1
SCTR	gene	SCTR	False	2	0
SCYL1	gene	SCYL1	True	1	0
SCYL2	gene	SCYL2	True	0	1
SDC1	gene	SDC1	True	3	0
SDC2	gene	SDC2	True	5	0
SDC3	gene	SDC3	True	3	0
SDC4	gene	SDC4	True	8	1
SDCBP	gene	SDCBP	True	0	1
SDCBP2	gene	SDCBP2	False	1	0
SDHA	gene	SDHA	True	1	0
SEC14L2	gene	SEC14L2	True	1	0
SEC23A	gene	SEC23A	True	2	0
SEC23B	gene	SEC23B	True	1	0
SEC23IP	gene	SEC23IP	True	0	1
SEC24A	gene	SEC24A	True	1	0
SEC31A	gene	SEC31A	True	1	0
SEC62	gene	SEC62	True	1	0
SEC63	gene	SEC63	True	2	1
SECISBP2L	gene	SECISBP2L	True	1	0
SELE	gene	SELE	False	1	0
SELENOS	gene	SELENOS	True	0	2
SELL	gene	SELL	False	3	0
SELP	gene	SELP	False	2	0
SELPLG	gene	SELPLG	False	0	2
SEM1	gene	SEM1	True	0	1
SEMA3A	gene	SEMA3A	True	0	4
SEMA3B	gene	SEMA3B	True	0	4
SEMA3C	gene	SEMA3C	True	0	1
SEMA3E	gene	SEMA3E	True	0	1
SEMA3F	gene	SEMA3F	False	0	2
SEMA4D	gene	SEMA4D	True	0	3
SEMA5A	gene	SEMA5A	True	0	2
SEMA6D	gene	SEMA6D	True	0	2
SEMA7A	gene	SEMA7A	True	0	2
SENP1	gene	SENP1	True	0	2
SENP2	gene	SENP2	True	1	1
SENP3	gene	SENP3	True	0	2
SEPTIN12	gene	SEPTIN12	False	0	1
SEPTIN2	gene	SEPTIN2	True	1	0
SEPTIN3	gene	SEPTIN3	True	1	0
SEPTIN4	gene	SEPTIN4	True	1	1
SEPTIN5	gene	SEPTIN5	False	1	0
SEPTIN6	gene	SEPTIN6	True	1	0
SERBP1	gene	SERBP1	True	2	0
SERINC3	gene	SERINC3	True	1	0
SERINC5	gene	SERINC5	True	1	0
SERPINA1	gene	SERPINA1	False	0	1
SERPINB2	gene	SERPINB2	False	1	1
SERPINB5	gene	SERPINB5	False	1	0
SERPINB9	gene	SERPINB9	False	0	1
SERPINC1	gene	SERPINC1	False	0	4
SERPIND1	gene	SERPIND1	False	2	0
SERPINE1	gene	SERPINE1	True	2	1
SERPINE2	gene	SERPINE2	True	0	1
SERPINF1	gene	SERPINF1	True	0	1
SERPING1	gene	SERPING1	True	0	1
SESN1	gene	SESN1	True	1	0
SET	gene	SET	True	5	2
SETBP1	gene	SETBP1	True	0	1
SETD1A	gene	SETD1A	True	0	2
SETD1B	gene	SETD1B	True	0	1
SETD2	gene	SETD2	True	0	1
SETD7	gene	SETD7	True	0	4
SETDB1	gene	SETDB1	True	2	1
SETDB2	gene	SETDB2	True	0	1
SETMAR	gene	SETMAR	True	1	0
SF1	gene	SF1	True	2	2
SF3B1	gene	SF3B1	True	2	0
SFN	gene	SFN	False	5	1
SFPQ	gene	SFPQ	True	4	2
SFRP1	gene	SFRP1	True	1	5
SFRP2	gene	SFRP2	True	1	3
SGK1	gene	SGK1	True	7	30
SGK2	gene	SGK2	False	1	1
SGK3	gene	SGK3	False	2	7
SGO1	gene	SGO1	True	3	0
SGTA	gene	SGTA	True	1	1
SH2B1	gene	SH2B1	True	1	1
SH2B2	gene	SH2B2	True	2	2
SH2B3	gene	SH2B3	True	2	0
SH2D1A	gene	SH2D1A	False	1	0
SH2D2A	gene	SH2D2A	True	1	0
SH2D3C	gene	SH2D3C	True	1	0
SH3BP1	gene	SH3BP1	True	0	1
SH3BP2	gene	SH3BP2	True	3	0
SH3BP4	gene	SH3BP4	True	0	1
SH3BP5	gene	SH3BP5	True	1	0
SH3GL1	gene	SH3GL1	True	2	0
SH3GL2	gene	SH3GL2	True	3	0
SH3GLB1	gene	SH3GLB1	True	0	5
SH3KBP1	gene	SH3KBP1	True	0	1
SH3PXD2A	gene	SH3PXD2A	True	1	0
SH3PXD2B	gene	SH3PXD2B	True	1	0
SH3RF1	gene	SH3RF1	True	3	8
SHANK1	gene	SHANK1	False	2	2
SHANK2	gene	SHANK2	False	1	0
SHANK3	gene	SHANK3	True	1	0
SHC1	gene	SHC1	True	46	6
SHC2	gene	SHC2	True	2	0
SHC3	gene	SHC3	True	6	1
SHCBP1	gene	SHCBP1	True	1	0
SHH	gene	SHH	False	7	7
SHOC2	gene	SHOC2	True	1	3
SHOX	gene	SHOX	False	1	0
SHPRH	gene	SHPRH	True	0	2
SHROOM3	gene	SHROOM3	True	1	0
SIAH1	gene	SIAH1	True	4	5
SIAH2	gene	SIAH2	True	1	3
SIGIRR	gene	SIGIRR	True	2	0
SIGLEC10	gene	SIGLEC10	True	3	0
SIGLEC7	gene	SIGLEC7	False	1	0
SIK1	gene	SIK1	False	2	4
SIK2	gene	SIK2	True	2	6
SIK3	gene	SIK3	True	1	1
SIKE1	gene	SIKE1	True	1	0
SIL1	gene	SIL1	True	0	1
SIM2	gene	SIM2	False	0	1
SIN3A	gene	SIN3A	True	4	0
SIN3B	gene	SIN3B	True	0	1
SIRPA	gene	SIRPA	True	3	0
SIRT1	gene	SIRT1	True	13	23
SIRT2	gene	SIRT2	True	4	4
SIRT3	gene	SIRT3	True	2	1
SIRT5	gene	SIRT5	True	0	1
SIRT6	gene	SIRT6	True	1	3
SIRT7	gene	SIRT7	True	1	7
SIT1	gene	SIT1	False	2	0
SIVA1	gene	SIVA1	True	1	1
SIX1	gene	SIX1	True	1	11
SIX3	gene	SIX3	False	4	1
SIX6	gene	SIX6	False	2	0
SKA3	gene	SKA3	True	2	0
SKAP1	gene	SKAP1	False	2	0
SKI	gene	SKI	True	5	4
SKIL	gene	SKIL	True	3	4
SKP1	gene	SKP1	True	3	1
SKP2	gene	SKP2	True	5	8
SLA	gene	SLA	False	1	1
SLAMF1	gene	SLAMF1	False	3	0
SLBP	gene	SLBP	True	2	0
SLC11A1	gene	SLC11A1	False	4	0
SLC12A1	gene	SLC12A1	False	2	0
SLC12A2	gene	SLC12A2	True	2	0
SLC12A3	gene	SLC12A3	False	3	0
SLC12A5	gene	SLC12A5	True	1	0
SLC12A6	gene	SLC12A6	True	3	0
SLC1A3	gene	SLC1A3	True	1	0
SLC25A1	gene	SLC25A1	True	1	0
SLC25A5	gene	SLC25A5	True	1	0
SLC26A5	gene	SLC26A5	False	1	0
SLC29A1	gene	SLC29A1	True	2	0
SLC2A1	gene	SLC2A1	True	2	0
SLC2A2	gene	SLC2A2	False	1	0
SLC2A4	gene	SLC2A4	True	2	0
SLC2A4RG	gene	SLC2A4RG	True	0	1
SLC38A2	gene	SLC38A2	True	1	0
SLC47A1	gene	SLC47A1	False	1	0
SLC4A1	gene	SLC4A1	False	2	0
SLC4A3	gene	SLC4A3	True	1	0
SLC4A4	gene	SLC4A4	True	1	0
SLC5A3	gene	SLC5A3	True	1	0
SLC67A1	gene	SLC67A1	False	2	0
SLC6A12	gene	SLC6A12	False	1	0
SLC6A3	gene	SLC6A3	False	1	0
SLC6A4	gene	SLC6A4	False	3	0
SLC6A9	gene	SLC6A9	True	2	0
SLC7A1	gene	SLC7A1	True	1	0
SLC8B1	gene	SLC8B1	True	1	0
SLC9A1	gene	SLC9A1	True	6	3
SLC9A3	gene	SLC9A3	True	2	0
SLC9A5	gene	SLC9A5	True	3	0
SLIT1	gene	SLIT1	True	0	4
SLIT2	gene	SLIT2	True	0	5
SLIT3	gene	SLIT3	True	0	2
SLITRK1	gene	SLITRK1	True	1	0
SLK	gene	SLK	True	1	1
SLN	gene	SLN	False	1	1
SLU7	gene	SLU7	True	1	0
SLX4	gene	SLX4	True	2	1
SMAD1	gene	SMAD1	True	29	3
SMAD2	gene	SMAD2	True	42	10
SMAD3	gene	SMAD3	True	57	20
SMAD4	gene	SMAD4	True	34	9
SMAD5	gene	SMAD5	True	5	1
SMAD6	gene	SMAD6	True	4	12
SMAD7	gene	SMAD7	True	13	14
SMAD9	gene	SMAD9	True	2	1
SMARCA1	gene	SMARCA1	True	1	0
SMARCA2	gene	SMARCA2	True	2	1
SMARCA4	gene	SMARCA4	True	4	7
SMARCAD1	gene	SMARCAD1	True	0	1
SMARCB1	gene	SMARCB1	True	1	3
SMARCC1	gene	SMARCC1	True	3	0
SMARCC2	gene	SMARCC2	True	5	0
SMC1A	gene	SMC1A	True	5	0
SMC3	gene	SMC3	True	3	4
SMC6	gene	SMC6	True	1	0
SMCR8	gene	SMCR8	True	0	1
SMG1	gene	SMG1	True	0	2
SMN1	gene	SMN1	True	2	0
SMO	gene	SMO	True	8	17
SMPD1	gene	SMPD1	True	1	0
SMS	gene	SMS	True	1	0
SMURF1	gene	SMURF1	True	4	15
SMURF2	gene	SMURF2	True	4	12
SMYD2	gene	SMYD2	True	1	2
SMYD3	gene	SMYD3	True	0	1
SNAI1	gene	SNAI1	True	10	0
SNAI2	gene	SNAI2	True	2	0
SNAP25	gene	SNAP25	True	4	0
SNAP29	gene	SNAP29	True	1	0
SNAPIN	gene	SNAPIN	True	2	1
SNCA	gene	SNCA	True	20	1
SNCAIP	gene	SNCAIP	True	5	1
SNCB	gene	SNCB	False	4	1
SNCG	gene	SNCG	True	1	0
SND1	gene	SND1	True	0	1
SNIP1	gene	SNIP1	True	0	1
SNRK	gene	SNRK	True	1	0
SNRNP70	gene	SNRNP70	True	1	0
SNTA1	gene	SNTA1	True	1	1
SNTB1	gene	SNTB1	True	0	1
SNUPN	gene	SNUPN	True	1	0
SNW1	gene	SNW1	True	2	1
SNX27	gene	SNX27	True	1	0
SNX5	gene	SNX5	True	0	1
SNX8	gene	SNX8	True	1	0
SNX9	gene	SNX9	True	1	3
SOCS1	gene	SOCS1	True	6	5
SOCS2	gene	SOCS2	True	0	3
SOCS3	gene	SOCS3	True	3	15
SOCS5	gene	SOCS5	True	0	1
SOCS6	gene	SOCS6	True	0	1
SOD1	gene	SOD1	True	1	2
SOD2	gene	SOD2	True	3	0
SOD3	gene	SOD3	False	1	0
SORBS1	gene	SORBS1	True	3	1
SORBS2	gene	SORBS2	True	3	0
SORBS3	gene	SORBS3	True	3	0
SORL1	gene	SORL1	True	1	0
SORT1	gene	SORT1	True	1	0
SOS1	gene	SOS1	True	9	3
SOS2	gene	SOS2	True	1	1
SOST	gene	SOST	False	0	1
SOX10	gene	SOX10	False	0	15
SOX17	gene	SOX17	False	0	2
SOX2	gene	SOX2	True	7	2
SOX3	gene	SOX3	True	1	0
SOX4	gene	SOX4	True	3	2
SOX6	gene	SOX6	False	3	0
SOX8	gene	SOX8	True	1	0
SOX9	gene	SOX9	True	7	2
SP1	gene	SP1	True	20	49
SP3	gene	SP3	True	2	2
SP7	gene	SP7	False	2	0
SPAG5	gene	SPAG5	True	2	0
SPAG9	gene	SPAG9	True	1	4
SPART	gene	SPART	True	1	2
SPAST	gene	SPAST	True	1	0
SPATA13	gene	SPATA13	True	0	1
SPDEF	gene	SPDEF	False	1	0
SPDYA	gene	SPDYA	False	1	1
SPEN	gene	SPEN	True	3	1
SPHK1	gene	SPHK1	True	6	0
SPHK2	gene	SPHK2	True	2	2
SPI1	gene	SPI1	False	7	11
SPIB	gene	SPIB	False	2	2
SPIN1	gene	SPIN1	True	1	0
SPN	gene	SPN	False	1	0
SPNS1	gene	SPNS1	False	0	2
SPOP	gene	SPOP	True	1	10
SPP1	gene	SPP1	True	3	8
SPRED1	gene	SPRED1	True	1	1
SPRY1	gene	SPRY1	True	1	1
SPRY2	gene	SPRY2	True	3	1
SPRY4	gene	SPRY4	True	0	2
SPTAN1	gene	SPTAN1	True	3	0
SPTBN1	gene	SPTBN1	True	3	0
SPTBN2	gene	SPTBN2	True	1	0
SPTLC1	gene	SPTLC1	True	1	0
SPX	gene	SPX	True	0	2
SQSTM1	gene	SQSTM1	True	15	3
SRC	gene	SRC	True	29	231
SRCIN1	gene	SRCIN1	True	1	0
SREBF1	gene	SREBF1	True	11	0
SREBF2	gene	SREBF2	True	4	0
SRF	gene	SRF	True	15	0
SRGAP3	gene	SRGAP3	True	0	1
SRI	gene	SRI	True	0	1
SRMS	gene	SRMS	False	0	1
SRP19	gene	SRP19	True	0	3
SRP54	gene	SRP54	True	1	1
SRP68	gene	SRP68	True	2	0
SRP72	gene	SRP72	True	1	1
SRPK1	gene	SRPK1	True	0	2
SRPK2	gene	SRPK2	True	4	3
SRPRA	gene	SRPRA	True	1	0
SRSF1	gene	SRSF1	True	7	0
SRSF3	gene	SRSF3	True	0	1
SRSF5	gene	SRSF5	True	2	0
SRSF7	gene	SRSF7	True	0	1
SS18L1	gene	SS18L1	True	0	1
SSB	gene	SSB	True	1	0
SSBP1	gene	SSBP1	True	0	1
SSBP3	gene	SSBP3	True	1	0
SSH1	gene	SSH1	True	3	4
SSH2	gene	SSH2	True	0	1
SSH3	gene	SSH3	False	0	1
SSRP1	gene	SSRP1	True	2	0
SST	gene	SST	False	0	5
SSTR1	gene	SSTR1	False	2	1
SSTR2	gene	SSTR2	True	2	4
SSTR3	gene	SSTR3	False	2	1
SSTR4	gene	SSTR4	False	2	1
SSTR5	gene	SSTR5	False	2	0
SSU72	gene	SSU72	True	1	1
ST13	gene	ST13	True	1	0
ST6GAL1	gene	ST6GAL1	True	0	1
ST7	gene	ST7	True	1	0
STAG2	gene	STAG2	True	1	1
STAM	gene	STAM	True	3	0
STAM2	gene	STAM2	True	2	0
STAMBP	gene	STAMBP	True	3	0
STAP1	gene	STAP1	False	3	0
STAP2	gene	STAP2	True	3	0
STAR	gene	STAR	True	1	0
STARD10	gene	STARD10	True	1	0
STAT1	gene	STAT1	True	34	19
STAT2	gene	STAT2	True	7	2
STAT3	gene	STAT3	True	64	17
STAT4	gene	STAT4	True	6	0
STAT5A	gene	STAT5A	True	25	3
STAT5B	gene	STAT5B	True	13	0
STAT6	gene	STAT6	True	12	8
STEAP3	gene	STEAP3	True	1	0
STEAP4	gene	STEAP4	False	1	0
STIL	gene	STIL	True	0	1
STIM1	gene	STIM1	True	4	1
STING1	gene	STING1	False	5	0
STIP1	gene	STIP1	True	1	2
STK10	gene	STK10	True	0	2
STK11	gene	STK11	True	7	25
STK17A	gene	STK17A	True	0	1
STK17B	gene	STK17B	True	1	0
STK24	gene	STK24	True	1	3
STK25	gene	STK25	True	0	2
STK26	gene	STK26	True	0	4
STK3	gene	STK3	True	13	7
STK33	gene	STK33	True	0	1
STK35	gene	STK35	True	1	0
STK36	gene	STK36	True	1	2
STK38	gene	STK38	True	5	10
STK38L	gene	STK38L	True	1	1
STK39	gene	STK39	True	4	6
STK4	gene	STK4	True	14	14
STMN1	gene	STMN1	True	15	0
STMN2	gene	STMN2	True	4	0
STMN3	gene	STMN3	True	2	0
STOM	gene	STOM	False	0	1
STON2	gene	STON2	True	0	1
STRADA	gene	STRADA	True	1	0
STRAP	gene	STRAP	True	3	0
STRN	gene	STRN	True	1	2
STRN4	gene	STRN4	True	0	2
STUB1	gene	STUB1	True	2	23
STX11	gene	STX11	False	1	0
STX17	gene	STX17	True	2	0
STX1A	gene	STX1A	True	3	0
STX3	gene	STX3	True	1	1
STX4	gene	STX4	True	1	0
STXBP1	gene	STXBP1	True	6	1
STXBP2	gene	STXBP2	False	1	1
STXBP4	gene	STXBP4	True	1	1
STYK1	gene	STYK1	False	0	1
STYX	gene	STYX	True	0	1
SUFU	gene	SUFU	True	7	6
SUGT1	gene	SUGT1	True	1	0
SULT4A1	gene	SULT4A1	True	1	0
SUMO1	gene	SUMO1	True	1	17
SUMO2	gene	SUMO2	True	3	4
SUMO3	gene	SUMO3	True	0	1
SUN1	gene	SUN1	True	2	1
SUN2	gene	SUN2	True	1	1
SUPT16H	gene	SUPT16H	True	1	0
SUPT20H	gene	SUPT20H	True	0	1
SUPT5H	gene	SUPT5H	True	1	0
SUV39H1	gene	SUV39H1	True	2	1
SUV39H2	gene	SUV39H2	True	0	1
SUZ12	gene	SUZ12	True	2	0
SV2A	gene	SV2A	True	0	1
SVIL	gene	SVIL	True	1	0
SYK	gene	SYK	False	14	42
SYMPK	gene	SYMPK	True	0	2
SYN1	gene	SYN1	False	9	0
SYN2	gene	SYN2	False	1	0
SYN3	gene	SYN3	True	2	0
SYNCRIP	gene	SYNCRIP	True	1	0
SYNGAP1	gene	SYNGAP1	True	1	1
SYNJ1	gene	SYNJ1	True	2	1
SYNJ2	gene	SYNJ2	True	1	0
SYNJ2BP	gene	SYNJ2BP	True	0	1
SYNPO2	gene	SYNPO2	False	1	0
SYP	gene	SYP	True	0	1
SYT1	gene	SYT1	True	3	2
SYT11	gene	SYT11	True	1	0
SYT2	gene	SYT2	True	1	0
SYT4	gene	SYT4	True	1	0
SYT6	gene	SYT6	True	1	0
SYTL1	gene	SYTL1	True	1	0
SYVN1	gene	SYVN1	True	1	3
TAB1	gene	TAB1	True	5	1
TAB2	gene	TAB2	True	4	1
TAB3	gene	TAB3	True	2	1
TAC1	gene	TAC1	False	0	4
TAC3	gene	TAC3	False	0	3
TAC4	gene	TAC4	False	0	1
TACC1	gene	TACC1	True	2	0
TACC2	gene	TACC2	True	1	0
TACC3	gene	TACC3	True	1	0
TACR1	gene	TACR1	True	3	1
TACR2	gene	TACR2	False	2	0
TACR3	gene	TACR3	False	2	0
TACSTD2	gene	TACSTD2	False	1	1
TAF1	gene	TAF1	True	1	4
TAF10	gene	TAF10	True	1	0
TAF12	gene	TAF12	True	0	1
TAF15	gene	TAF15	True	1	0
TAF1A	gene	TAF1A	True	2	0
TAF4	gene	TAF4	True	0	1
TAGLN	gene	TAGLN	True	1	0
TAGLN2	gene	TAGLN2	True	2	0
TAL1	gene	TAL1	False	7	1
TANC1	gene	TANC1	True	1	0
TANK	gene	TANK	True	1	2
TAOK1	gene	TAOK1	True	1	4
TAOK2	gene	TAOK2	True	0	5
TAOK3	gene	TAOK3	True	1	0
TAP1	gene	TAP1	True	1	0
TARBP2	gene	TARBP2	True	1	1
TARDBP	gene	TARDBP	True	1	0
TASP1	gene	TASP1	True	0	1
TAX1BP1	gene	TAX1BP1	True	2	1
TBC1D1	gene	TBC1D1	True	2	0
TBC1D25	gene	TBC1D25	True	1	0
TBC1D32	gene	TBC1D32	True	1	0
TBC1D4	gene	TBC1D4	True	1	0
TBCB	gene	TBCB	True	1	0
TBK1	gene	TBK1	True	17	24
TBKBP1	gene	TBKBP1	True	0	1
TBL1X	gene	TBL1X	True	0	1
TBL1XR1	gene	TBL1XR1	True	2	0
TBP	gene	TBP	True	8	0
TBR1	gene	TBR1	False	1	0
TBX21	gene	TBX21	False	1	0
TBX3	gene	TBX3	False	1	0
TBXA2R	gene	TBXA2R	False	4	2
TBXAS1	gene	TBXAS1	True	1	0
TCAP	gene	TCAP	False	2	0
TCEA2	gene	TCEA2	True	1	0
TCF12	gene	TCF12	True	3	0
TCF3	gene	TCF3	True	11	1
TCF4	gene	TCF4	True	6	0
TCF7	gene	TCF7	True	2	0
TCF7L2	gene	TCF7L2	True	13	0
TCL1A	gene	TCL1A	False	2	3
TCL1B	gene	TCL1B	False	0	2
TCOF1	gene	TCOF1	True	1	1
TDG	gene	TDG	True	4	8
TDP1	gene	TDP1	True	3	0
TDP2	gene	TDP2	True	3	3
TEAD1	gene	TEAD1	True	2	0
TEAD2	gene	TEAD2	True	2	0
TEAD3	gene	TEAD3	True	2	0
TEAD4	gene	TEAD4	True	2	0
TEC	gene	TEC	False	1	6
TEK	gene	TEK	False	6	8
TELO2	gene	TELO2	True	2	2
TENT2	gene	TENT2	True	4	0
TERB1	gene	TERB1	False	0	1
TERF1	gene	TERF1	True	9	0
TERF2	gene	TERF2	True	4	1
TERF2IP	gene	TERF2IP	True	1	0
TERT	gene	TERT	True	13	0
TESK1	gene	TESK1	True	1	2
TESK2	gene	TESK2	True	0	3
TET2	gene	TET2	True	3	2
TET3	gene	TET3	True	0	1
TF	gene	TF	False	0	1
TFAM	gene	TFAM	True	2	0
TFAP2A	gene	TFAP2A	False	3	0
TFAP2B	gene	TFAP2B	True	1	0
TFCP2	gene	TFCP2	True	5	0
TFCP2L1	gene	TFCP2L1	False	1	0
TFDP1	gene	TFDP1	True	4	0
TFEB	gene	TFEB	False	7	0
TFF1	gene	TFF1	False	1	0
TFF2	gene	TFF2	False	0	1
TFPI	gene	TFPI	False	0	2
TFRC	gene	TFRC	True	3	0
TGFA	gene	TGFA	False	2	3
TGFB1	gene	TGFB1	True	4	6
TGFB1I1	gene	TGFB1I1	True	2	0
TGFB2	gene	TGFB2	True	0	3
TGFB3	gene	TGFB3	True	0	3
TGFBR1	gene	TGFBR1	True	18	19
TGFBR2	gene	TGFBR2	True	7	13
TGFBR3	gene	TGFBR3	True	6	0
TGIF1	gene	TGIF1	True	0	1
TGM2	gene	TGM2	False	0	1
TH	gene	TH	False	10	0
THBD	gene	THBD	False	3	0
THBS1	gene	THBS1	True	1	10
THBS2	gene	THBS2	True	0	5
THEM4	gene	THEM4	True	0	1
THOC5	gene	THOC5	True	1	0
THOP1	gene	THOP1	True	1	0
THPO	gene	THPO	False	0	1
THRA	gene	THRA	True	7	6
THRB	gene	THRB	True	5	4
THY1	gene	THY1	True	1	0
TIA1	gene	TIA1	True	0	1
TIAL1	gene	TIAL1	True	1	1
TIAM1	gene	TIAM1	True	8	1
TICAM1	gene	TICAM1	False	6	4
TICAM2	gene	TICAM2	False	3	2
TICRR	gene	TICRR	True	1	0
TIE1	gene	TIE1	True	2	1
TIFA	gene	TIFA	True	2	0
TIGAR	gene	TIGAR	True	1	0
TIGIT	gene	TIGIT	False	2	1
TIMD4	gene	TIMD4	False	0	1
TIMELESS	gene	TIMELESS	True	1	5
TIMP1	gene	TIMP1	True	2	1
TIMP2	gene	TIMP2	True	1	1
TIMP3	gene	TIMP3	False	1	2
TINF2	gene	TINF2	True	1	0
TIPE2	gene	TIPE2	False	1	0
TIPIN	gene	TIPIN	True	1	3
TIPRL	gene	TIPRL	True	0	1
TIRAP	gene	TIRAP	True	4	1
TJP1	gene	TJP1	True	0	1
TJP2	gene	TJP2	True	0	2
TK1	gene	TK1	True	4	0
TKT	gene	TKT	True	1	0
TLE1	gene	TLE1	True	2	2
TLE3	gene	TLE3	True	1	0
TLE4	gene	TLE4	True	1	0
TLE5	gene	TLE5	True	0	5
TLK1	gene	TLK1	True	1	4
TLK2	gene	TLK2	True	1	1
TLN1	gene	TLN1	True	2	5
TLR10	gene	TLR10	False	0	1
TLR2	gene	TLR2	False	3	4
TLR3	gene	TLR3	False	2	1
TLR4	gene	TLR4	False	6	4
TLR5	gene	TLR5	False	1	1
TLR7	gene	TLR7	False	0	1
TLR8	gene	TLR8	False	0	1
TLR9	gene	TLR9	False	2	1
TLX1	gene	TLX1	False	0	3
TM4SF1	gene	TM4SF1	False	1	1
TMED10	gene	TMED10	True	1	1
TMED5	gene	TMED5	True	0	1
TMIGD2	gene	TMIGD2	True	1	0
TMOD1	gene	TMOD1	False	0	1
TMPRSS2	gene	TMPRSS2	False	1	0
TMPRSS6	gene	TMPRSS6	False	0	1
TNC	gene	TNC	True	0	9
TNF	gene	TNF	False	3	5
TNFAIP1	gene	TNFAIP1	True	2	0
TNFAIP3	gene	TNFAIP3	True	2	7
TNFRSF10A	gene	TNFRSF10A	False	3	4
TNFRSF10B	gene	TNFRSF10B	True	3	3
TNFRSF10C	gene	TNFRSF10C	False	2	0
TNFRSF10D	gene	TNFRSF10D	False	2	0
TNFRSF11A	gene	TNFRSF11A	True	2	0
TNFRSF11B	gene	TNFRSF11B	False	2	0
TNFRSF12A	gene	TNFRSF12A	True	1	0
TNFRSF13B	gene	TNFRSF13B	False	2	0
TNFRSF13C	gene	TNFRSF13C	True	1	1
TNFRSF14	gene	TNFRSF14	False	2	1
TNFRSF17	gene	TNFRSF17	False	2	0
TNFRSF18	gene	TNFRSF18	False	1	0
TNFRSF19	gene	TNFRSF19	True	1	0
TNFRSF1A	gene	TNFRSF1A	True	6	4
TNFRSF1B	gene	TNFRSF1B	True	4	2
TNFRSF21	gene	TNFRSF21	True	1	1
TNFRSF25	gene	TNFRSF25	True	1	1
TNFRSF4	gene	TNFRSF4	False	1	0
TNFRSF6B	gene	TNFRSF6B	False	3	0
TNFRSF8	gene	TNFRSF8	True	1	0
TNFRSF9	gene	TNFRSF9	False	1	0
TNFSF10	gene	TNFSF10	False	2	5
TNFSF11	gene	TNFSF11	False	0	2
TNFSF12	gene	TNFSF12	False	0	1
TNFSF13	gene	TNFSF13	False	0	2
TNFSF13B	gene	TNFSF13B	False	0	4
TNFSF14	gene	TNFSF14	False	0	3
TNFSF15	gene	TNFSF15	False	0	2
TNFSF18	gene	TNFSF18	False	0	1
TNFSF4	gene	TNFSF4	True	0	1
TNFSF8	gene	TNFSF8	False	0	1
TNFSF9	gene	TNFSF9	True	0	1
TNIK	gene	TNIK	True	0	2
TNIP1	gene	TNIP1	True	1	2
TNIP2	gene	TNIP2	True	1	0
TNK1	gene	TNK1	False	0	1
TNK2	gene	TNK2	True	2	7
TNKS	gene	TNKS	True	2	4
TNKS2	gene	TNKS2	True	1	3
TNNI1	gene	TNNI1	False	1	0
TNNI3	gene	TNNI3	False	9	0
TNNT2	gene	TNNT2	False	1	0
TNPO1	gene	TNPO1	True	1	3
TNRC6B	gene	TNRC6B	True	0	1
TNS2	gene	TNS2	False	1	0
TNS3	gene	TNS3	True	1	0
TOB1	gene	TOB1	True	3	0
TOB2	gene	TOB2	True	1	0
TOLLIP	gene	TOLLIP	True	1	1
TOM1L1	gene	TOM1L1	True	1	0
TOMM70	gene	TOMM70	True	0	2
TOP1	gene	TOP1	True	8	2
TOP2A	gene	TOP2A	True	6	0
TOP2B	gene	TOP2B	True	2	0
TOPBP1	gene	TOPBP1	True	6	7
TOPORS	gene	TOPORS	True	1	1
TP53	gene	TP53	True	130	146
TP53AIP1	gene	TP53AIP1	False	2	1
TP53BP1	gene	TP53BP1	True	18	4
TP53BP2	gene	TP53BP2	True	1	1
TP53I3	gene	TP53I3	True	1	0
TP53INP1	gene	TP53INP1	True	3	3
TP53INP2	gene	TP53INP2	True	0	2
TP53RK	gene	TP53RK	True	2	1
TP53TG5	gene	TP53TG5	False	1	0
TP63	gene	TP63	False	13	1
TP73	gene	TP73	True	21	5
TPBG	gene	TPBG	True	0	1
TPH1	gene	TPH1	True	1	11
TPH2	gene	TPH2	True	1	0
TPI1	gene	TPI1	True	1	0
TPM1	gene	TPM1	True	2	0
TPM2	gene	TPM2	True	1	0
TPM3	gene	TPM3	True	1	0
TPPP	gene	TPPP	True	2	0
TPR	gene	TPR	True	1	1
TPSAB1	gene	TPSAB1	False	0	1
TPT1	gene	TPT1	True	1	0
TPX2	gene	TPX2	True	4	1
TRADD	gene	TRADD	False	9	6
TRAF1	gene	TRAF1	True	4	1
TRAF2	gene	TRAF2	True	16	11
TRAF3	gene	TRAF3	True	9	3
TRAF3IP2	gene	TRAF3IP2	True	1	0
TRAF4	gene	TRAF4	True	2	1
TRAF5	gene	TRAF5	True	1	0
TRAF6	gene	TRAF6	True	25	25
TRAF7	gene	TRAF7	True	0	1
TRAK2	gene	TRAK2	True	1	0
TRAP1	gene	TRAP1	True	1	0
TRAT1	gene	TRAT1	False	2	0
TRDMT1	gene	TRDMT1	True	0	1
TRH	gene	TRH	False	0	1
TRHR	gene	TRHR	False	1	0
TRIAP1	gene	TRIAP1	True	1	0
TRIB2	gene	TRIB2	True	1	0
TRIB3	gene	TRIB3	True	1	2
TRIM13	gene	TRIM13	True	0	1
TRIM2	gene	TRIM2	True	1	0
TRIM21	gene	TRIM21	True	0	3
TRIM22	gene	TRIM22	True	1	0
TRIM23	gene	TRIM23	True	0	1
TRIM24	gene	TRIM24	True	1	1
TRIM25	gene	TRIM25	True	2	4
TRIM27	gene	TRIM27	True	1	1
TRIM28	gene	TRIM28	True	16	11
TRIM29	gene	TRIM29	False	1	0
TRIM32	gene	TRIM32	True	0	1
TRIM33	gene	TRIM33	True	0	3
TRIM5	gene	TRIM5	True	1	0
TRIM56	gene	TRIM56	True	0	1
TRIM59	gene	TRIM59	True	1	1
TRIM62	gene	TRIM62	True	0	1
TRIM63	gene	TRIM63	False	2	2
TRIM65	gene	TRIM65	True	0	1
TRIM7	gene	TRIM7	False	0	1
TRIM71	gene	TRIM71	True	0	1
TRIM72	gene	TRIM72	False	0	1
TRIM8	gene	TRIM8	True	0	1
TRIM9	gene	TRIM9	True	0	1
TRIO	gene	TRIO	True	1	2
TRIOBP	gene	TRIOBP	True	2	0
TRIP10	gene	TRIP10	True	2	1
TRIP11	gene	TRIP11	True	1	0
TRIP12	gene	TRIP12	True	0	2
TRIP13	gene	TRIP13	True	2	0
TRIP6	gene	TRIP6	True	2	0
TRPC1	gene	TRPC1	True	12	7
TRPC3	gene	TRPC3	True	11	1
TRPC4	gene	TRPC4	True	3	1
TRPC5	gene	TRPC5	False	2	2
TRPC6	gene	TRPC6	False	10	0
TRPC7	gene	TRPC7	False	1	0
TRPM2	gene	TRPM2	False	1	0
TRPM4	gene	TRPM4	True	1	1
TRPM6	gene	TRPM6	False	1	2
TRPM7	gene	TRPM7	True	1	3
TRPM8	gene	TRPM8	False	1	0
TRPV1	gene	TRPV1	True	6	0
TRPV3	gene	TRPV3	True	1	0
TRPV4	gene	TRPV4	False	17	1
TRPV5	gene	TRPV5	False	9	1
TRPV6	gene	TRPV6	False	10	1
TRRAP	gene	TRRAP	True	2	1
TSC1	gene	TSC1	True	8	1
TSC2	gene	TSC2	True	20	3
TSC22D3	gene	TSC22D3	True	0	2
TSG101	gene	TSG101	True	2	0
TSHB	gene	TSHB	False	0	1
TSHR	gene	TSHR	False	4	1
TSKU	gene	TSKU	True	1	0
TSLP	gene	TSLP	False	0	2
TSNAX	gene	TSNAX	True	1	0
TSPAN33	gene	TSPAN33	True	0	1
TSPOAP1	gene	TSPOAP1	True	0	2
TSPY1	gene	TSPY1	False	1	0
TSSK3	gene	TSSK3	False	2	0
TSSK4	gene	TSSK4	True	0	1
TTBK1	gene	TTBK1	True	0	2
TTBK2	gene	TTBK2	True	0	1
TTC3	gene	TTC3	True	1	0
TTC36	gene	TTC36	False	0	1
TTC5	gene	TTC5	True	1	0
TTF2	gene	TTF2	True	0	1
TTI1	gene	TTI1	True	2	1
TTK	gene	TTK	True	2	13
TTN	gene	TTN	True	3	2
TTR	gene	TTR	False	1	0
TUB	gene	TUB	True	1	2
TUBA1A	gene	TUBA1A	True	1	0
TUBA1B	gene	TUBA1B	True	1	0
TUBA4A	gene	TUBA4A	False	1	0
TUBA4B	gene	TUBA4B	False	2	0
TUBG1	gene	TUBG1	True	1	0
TUBGCP6	gene	TUBGCP6	True	1	0
TUFM	gene	TUFM	True	1	0
TUT1	gene	TUT1	True	1	0
TWIST1	gene	TWIST1	True	11	6
TXK	gene	TXK	False	2	2
TXN	gene	TXN	True	2	6
TXNIP	gene	TXNIP	True	1	0
TXNRD1	gene	TXNRD1	True	1	0
TYK2	gene	TYK2	True	19	8
TYR	gene	TYR	False	2	0
TYRO3	gene	TYRO3	True	3	3
TYROBP	gene	TYROBP	False	1	0
TYRP1	gene	TYRP1	False	1	0
UBA1	gene	UBA1	True	1	0
UBA52	gene	UBA52	True	2	1
UBAP2L	gene	UBAP2L	True	0	1
UBASH3B	gene	UBASH3B	True	0	1
UBB	gene	UBB	False	1	0
UBC	gene	UBC	True	4	1
UBD	gene	UBD	False	1	0
UBE2A	gene	UBE2A	True	3	1
UBE2B	gene	UBE2B	True	2	0
UBE2D1	gene	UBE2D1	True	1	2
UBE2D2	gene	UBE2D2	True	0	3
UBE2D3	gene	UBE2D3	True	0	4
UBE2E1	gene	UBE2E1	True	0	1
UBE2E3	gene	UBE2E3	True	0	1
UBE2I	gene	UBE2I	True	1	17
UBE2J1	gene	UBE2J1	True	2	0
UBE2K	gene	UBE2K	True	0	1
UBE2L3	gene	UBE2L3	True	0	3
UBE2M	gene	UBE2M	True	0	2
UBE2N	gene	UBE2N	True	3	7
UBE2O	gene	UBE2O	True	0	1
UBE2R2	gene	UBE2R2	True	2	0
UBE2S	gene	UBE2S	True	3	0
UBE2T	gene	UBE2T	True	1	2
UBE2V1	gene	UBE2V1	True	1	1
UBE2V2	gene	UBE2V2	True	1	0
UBE3A	gene	UBE3A	True	2	9
UBE3C	gene	UBE3C	True	0	1
UBE4B	gene	UBE4B	True	0	2
UBL4A	gene	UBL4A	True	1	1
UBQLN2	gene	UBQLN2	True	0	2
UBQLN4	gene	UBQLN4	True	1	0
UBR1	gene	UBR1	True	0	1
UBR2	gene	UBR2	True	0	1
UBR5	gene	UBR5	True	2	3
UBTF	gene	UBTF	True	5	0
UBXN2B	gene	UBXN2B	True	1	0
UBXN8	gene	UBXN8	True	0	1
UCHL1	gene	UCHL1	True	0	1
UCHL3	gene	UCHL3	False	1	3
UCHL5	gene	UCHL5	True	1	3
UCK1	gene	UCK1	True	2	0
UCKL1	gene	UCKL1	True	1	0
UCN	gene	UCN	False	0	2
UCN2	gene	UCN2	False	0	2
UCN3	gene	UCN3	False	0	2
UFD1	gene	UFD1	True	2	0
UFL1	gene	UFL1	True	1	0
UGT1A3	gene	UGT1A3	False	1	0
UGT2B7	gene	UGT2B7	False	1	0
UHMK1	gene	UHMK1	True	0	5
UHRF1	gene	UHRF1	True	3	2
UHRF2	gene	UHRF2	True	0	3
UIMC1	gene	UIMC1	True	3	2
ULBP1	gene	ULBP1	True	0	1
ULBP2	gene	ULBP2	False	0	1
ULBP3	gene	ULBP3	True	0	1
ULK1	gene	ULK1	True	9	19
ULK2	gene	ULK2	True	2	2
ULK3	gene	ULK3	True	0	1
UNC13B	gene	UNC13B	True	5	0
UNC5A	gene	UNC5A	False	2	0
UNC5B	gene	UNC5B	True	1	2
UNC5C	gene	UNC5C	True	1	0
UNC79	gene	UNC79	True	1	0
UNC80	gene	UNC80	True	0	2
UNG	gene	UNG	True	3	0
UPF1	gene	UPF1	True	6	0
UPF2	gene	UPF2	True	0	1
UPF3B	gene	UPF3B	True	0	1
URI1	gene	URI1	True	1	0
USF1	gene	USF1	True	3	1
USF2	gene	USF2	True	1	0
USH2A	gene	USH2A	False	1	0
USO1	gene	USO1	True	2	1
USP1	gene	USP1	True	2	2
USP10	gene	USP10	True	2	1
USP13	gene	USP13	True	1	1
USP14	gene	USP14	True	1	0
USP15	gene	USP15	True	1	2
USP16	gene	USP16	True	3	1
USP17L2	gene	USP17L2	False	0	1
USP20	gene	USP20	True	2	1
USP21	gene	USP21	True	1	0
USP22	gene	USP22	True	1	3
USP24	gene	USP24	True	1	1
USP25	gene	USP25	True	2	0
USP28	gene	USP28	True	2	3
USP36	gene	USP36	True	0	3
USP37	gene	USP37	True	1	0
USP4	gene	USP4	True	1	2
USP5	gene	USP5	True	0	2
USP7	gene	USP7	True	2	12
USP8	gene	USP8	True	1	2
USP9X	gene	USP9X	True	2	3
UTRN	gene	UTRN	True	1	0
UTS2	gene	UTS2	False	0	1
UTS2B	gene	UTS2B	False	0	1
UTS2R	gene	UTS2R	False	2	0
UVRAG	gene	UVRAG	True	2	4
UXT	gene	UXT	True	1	0
VAC14	gene	VAC14	True	0	1
VAMP2	gene	VAMP2	True	2	0
VAMP4	gene	VAMP4	True	1	0
VAMP7	gene	VAMP7	False	1	0
VAPA	gene	VAPA	True	1	0
VASP	gene	VASP	True	9	0
VAV1	gene	VAV1	False	15	11
VAV2	gene	VAV2	True	9	4
VAV3	gene	VAV3	False	4	2
VCAM1	gene	VCAM1	True	0	4
VCAN	gene	VCAN	True	2	0
VCL	gene	VCL	True	4	0
VCP	gene	VCP	True	6	4
VCPIP1	gene	VCPIP1	True	1	1
VDAC1	gene	VDAC1	True	8	0
VDAC2	gene	VDAC2	True	0	1
VDR	gene	VDR	False	4	8
VEGFA	gene	VEGFA	True	4	4
VEGFB	gene	VEGFB	True	0	1
VEGFC	gene	VEGFC	True	0	4
VEGFD	gene	VEGFD	False	0	3
VEZT	gene	VEZT	True	1	0
VGLL1	gene	VGLL1	False	1	0
VHL	gene	VHL	True	4	3
VIL1	gene	VIL1	False	1	0
VIM	gene	VIM	True	19	0
VIP	gene	VIP	False	0	4
VIPR1	gene	VIPR1	False	3	0
VIPR2	gene	VIPR2	False	3	0
VLDLR	gene	VLDLR	True	4	0
VMP1	gene	VMP1	True	0	1
VPS11	gene	VPS11	True	0	1
VPS39	gene	VPS39	True	2	1
VPS4A	gene	VPS4A	True	0	1
VPS52	gene	VPS52	True	1	0
VRK1	gene	VRK1	True	2	8
VRK2	gene	VRK2	True	0	4
VRK3	gene	VRK3	True	1	1
VTN	gene	VTN	False	5	10
VWF	gene	VWF	False	3	8
WAC	gene	WAC	True	1	0
WAPL	gene	WAPL	True	1	1
WAS	gene	WAS	False	7	0
WASF1	gene	WASF1	True	5	0
WASF2	gene	WASF2	True	3	0
WASF3	gene	WASF3	True	1	0
WASL	gene	WASL	True	9	1
WBP2	gene	WBP2	True	1	0
WDCP	gene	WDCP	True	1	0
WDFY3	gene	WDFY3	True	1	4
WDHD1	gene	WDHD1	True	1	0
WDR45	gene	WDR45	True	0	2
WDR48	gene	WDR48	True	0	1
WDR5	gene	WDR5	True	1	0
WDR62	gene	WDR62	True	2	1
WDR77	gene	WDR77	True	1	0
WDR83	gene	WDR83	True	0	3
WEE1	gene	WEE1	True	7	2
WEE2	gene	WEE2	False	0	1
WHR1	gene	WHR1	True	0	1
WHRN	gene	WHRN	True	2	0
WIF1	gene	WIF1	False	0	1
WIPF1	gene	WIPF1	True	2	1
WIPI2	gene	WIPI2	True	0	1
WLS	gene	WLS	True	0	1
WNK1	gene	WNK1	True	6	4
WNK2	gene	WNK2	True	1	1
WNK3	gene	WNK3	True	1	3
WNK4	gene	WNK4	False	3	3
WNT1	gene	WNT1	False	6	22
WNT10A	gene	WNT10A	False	0	4
WNT10B	gene	WNT10B	False	0	5
WNT11	gene	WNT11	False	1	5
WNT2	gene	WNT2	False	1	10
WNT2B	gene	WNT2B	True	0	4
WNT3	gene	WNT3	True	0	6
WNT3A	gene	WNT3A	False	2	12
WNT4	gene	WNT4	False	3	7
WNT5A	gene	WNT5A	True	3	14
WNT5B	gene	WNT5B	True	0	3
WNT6	gene	WNT6	False	0	4
WNT7A	gene	WNT7A	True	0	7
WNT7B	gene	WNT7B	True	0	6
WNT8A	gene	WNT8A	True	2	5
WNT8B	gene	WNT8B	False	0	1
WNT9A	gene	WNT9A	False	0	5
WNT9B	gene	WNT9B	False	0	6
WRAP53	gene	WRAP53	True	1	1
WRN	gene	WRN	True	8	4
WSB1	gene	WSB1	True	0	1
WT1	gene	WT1	False	5	0
WWC1	gene	WWC1	True	2	0
WWOX	gene	WWOX	True	1	2
WWP1	gene	WWP1	True	2	5
WWP2	gene	WWP2	True	0	3
WWTR1	gene	WWTR1	True	7	8
XAB2	gene	XAB2	True	2	0
XAF1	gene	XAF1	False	0	3
XBP1	gene	XBP1	True	6	0
XCL1	gene	XCL1	False	0	1
XCL2	gene	XCL2	False	0	1
XCR1	gene	XCR1	False	3	0
XIAP	gene	XIAP	True	10	5
XPA	gene	XPA	True	5	3
XPC	gene	XPC	True	5	3
XPO1	gene	XPO1	True	2	2
XPO5	gene	XPO5	True	2	0
XPOT	gene	XPOT	True	1	0
XRCC1	gene	XRCC1	True	7	2
XRCC3	gene	XRCC3	True	1	1
XRCC4	gene	XRCC4	True	3	1
XRCC5	gene	XRCC5	True	0	2
XRCC6	gene	XRCC6	True	5	1
XRN2	gene	XRN2	True	1	0
YAP1	gene	YAP1	True	24	9
YBX1	gene	YBX1	True	7	1
YES1	gene	YES1	True	4	5
YTHDC1	gene	YTHDC1	True	2	0
YWHAB	gene	YWHAB	True	5	1
YWHAE	gene	YWHAE	True	0	3
YWHAG	gene	YWHAG	True	1	1
YWHAH	gene	YWHAH	True	1	6
YWHAQ	gene	YWHAQ	True	9	6
YWHAZ	gene	YWHAZ	True	8	1
YY1	gene	YY1	True	8	2
ZAP70	gene	ZAP70	False	10	11
ZBP1	gene	ZBP1	False	0	2
ZBTB14	gene	ZBTB14	True	1	0
ZBTB16	gene	ZBTB16	True	4	7
ZBTB17	gene	ZBTB17	True	3	1
ZBTB38	gene	ZBTB38	True	1	0
ZBTB4	gene	ZBTB4	True	1	1
ZBTB8A	gene	ZBTB8A	True	1	0
ZC3HAV1	gene	ZC3HAV1	True	2	0
ZC3HC1	gene	ZC3HC1	True	2	0
ZDHHC13	gene	ZDHHC13	True	1	0
ZDHHC16	gene	ZDHHC16	True	1	0
ZDHHC5	gene	ZDHHC5	True	1	0
ZDHHC9	gene	ZDHHC9	True	1	2
ZEB1	gene	ZEB1	True	1	0
ZEB2	gene	ZEB2	True	1	1
ZFHX3	gene	ZFHX3	True	1	2
ZFP36	gene	ZFP36	True	3	1
ZFP36L1	gene	ZFP36L1	True	2	0
ZFPM1	gene	ZFPM1	True	1	0
ZFPM2	gene	ZFPM2	False	0	1
ZFYVE9	gene	ZFYVE9	True	3	3
ZG16B	gene	ZG16B	False	0	1
ZHX1	gene	ZHX1	True	1	1
ZIC1	gene	ZIC1	True	0	3
ZIC2	gene	ZIC2	True	1	0
ZIC3	gene	ZIC3	True	0	1
ZMIZ1	gene	ZMIZ1	True	1	2
ZMYND11	gene	ZMYND11	True	2	1
ZNF148	gene	ZNF148	True	1	0
ZNF281	gene	ZNF281	True	1	0
ZNF318	gene	ZNF318	True	0	1
ZNF322	gene	ZNF322	True	2	0
ZNF350	gene	ZNF350	True	0	1
ZNF420	gene	ZNF420	True	1	1
ZNF462	gene	ZNF462	True	0	1
ZNF521	gene	ZNF521	True	0	1
ZNF622	gene	ZNF622	True	1	0
ZNF652	gene	ZNF652	True	2	0
ZNF692	gene	ZNF692	True	1	0
ZNF746	gene	ZNF746	True	1	0
ZNF76	gene	ZNF76	True	0	1
ZNHIT1	gene	ZNHIT1	True	1	0
ZNRF1	gene	ZNRF1	True	1	0
ZNRF3	gene	ZNRF3	True	1	2
ZRANB1	gene	ZRANB1	True	2	0
ZW10	gene	ZW10	True	0	1
ZWINT	gene	ZWINT	True	2	0
ZYX	gene	ZYX	True	2	0
