resource	pkn	record_type	tf	member_gene	is_complex	node_present	n_targets_expression
collectri	omnipath	tf	ABL1		False	True	10.0
collectri	omnipath	tf	AHR		False	False	92.0
collectri	omnipath	tf	AIRE		False	False	9.0
collectri	omnipath	tf	AP1		True	False	321.0
collectri	omnipath	tf	APEX1		False	True	25.0
collectri	omnipath	tf	AR		False	True	348.0
collectri	omnipath	tf	ARID1A		False	False	5.0
collectri	omnipath	tf	ARID3A		False	True	6.0
collectri	omnipath	tf	ARID3B		False	False	6.0
collectri	omnipath	tf	ARID4A		False	True	6.0
collectri	omnipath	tf	ARID4B		False	False	6.0
collectri	omnipath	tf	ARNT		False	True	40.0
collectri	omnipath	tf	ARX		False	False	19.0
collectri	omnipath	tf	ASCL1		False	False	50.0
collectri	omnipath	tf	ASCL2		False	False	8.0
collectri	omnipath	tf	ATF1		False	True	57.0
collectri	omnipath	tf	ATF2		False	True	76.0
collectri	omnipath	tf	ATF3		False	True	68.0
collectri	omnipath	tf	ATF4		False	True	85.0
collectri	omnipath	tf	ATF5		False	False	22.0
collectri	omnipath	tf	ATF6		False	True	44.0
collectri	omnipath	tf	BACH1		False	True	11.0
collectri	omnipath	tf	BACH2		False	True	5.0
collectri	omnipath	tf	BARX1		False	False	7.0
collectri	omnipath	tf	BARX2		False	False	10.0
collectri	omnipath	tf	BATF		False	False	6.0
collectri	omnipath	tf	BCL11A		False	False	7.0
collectri	omnipath	tf	BCL11B		False	False	15.0
collectri	omnipath	tf	BCL3		False	True	13.0
collectri	omnipath	tf	BCL6		False	True	45.0
collectri	omnipath	tf	BCLAF1		False	False	7.0
collectri	omnipath	tf	BCOR		False	True	6.0
collectri	omnipath	tf	BHLHA15		False	False	5.0
collectri	omnipath	tf	BHLHE40		False	False	25.0
collectri	omnipath	tf	BHLHE41		False	True	18.0
collectri	omnipath	tf	BMAL1		False	True	44.0
collectri	omnipath	tf	BMAL2		False	False	6.0
collectri	omnipath	tf	BRCA1		False	True	46.0
collectri	omnipath	tf	BRD4		False	True	8.0
collectri	omnipath	tf	BTG2		False	True	6.0
collectri	omnipath	tf	CDX1		False	False	16.0
collectri	omnipath	tf	CDX2		False	False	31.0
collectri	omnipath	tf	CEBPA		False	False	104.0
collectri	omnipath	tf	CEBPB		False	True	240.0
collectri	omnipath	tf	CEBPD		False	True	35.0
collectri	omnipath	tf	CEBPE		False	False	12.0
collectri	omnipath	tf	CEBPG		False	False	84.0
collectri	omnipath	tf	CEBPZ		False	False	13.0
collectri	omnipath	tf	CIITA		False	True	10.0
collectri	omnipath	tf	CLOCK		False	True	48.0
collectri	omnipath	tf	CREB1		False	True	271.0
collectri	omnipath	tf	CREB3		False	True	8.0
collectri	omnipath	tf	CREB3L1		False	False	6.0
collectri	omnipath	tf	CREB5		False	True	6.0
collectri	omnipath	tf	CREBBP		False	True	26.0
collectri	omnipath	tf	CREBZF		False	False	11.0
collectri	omnipath	tf	CREM		False	True	42.0
collectri	omnipath	tf	CRX		False	False	14.0
collectri	omnipath	tf	CTBP2		False	True	8.0
collectri	omnipath	tf	CTCF		False	True	91.0
collectri	omnipath	tf	CTCFL		False	False	7.0
collectri	omnipath	tf	CTNNB1		False	True	198.0
collectri	omnipath	tf	CUX1		False	True	71.0
collectri	omnipath	tf	CXXC1		False	False	11.0
collectri	omnipath	tf	DACH1		False	False	6.0
collectri	omnipath	tf	DBP		False	True	18.0
collectri	omnipath	tf	DDIT3		False	True	65.0
collectri	omnipath	tf	DEAF1		False	False	7.0
collectri	omnipath	tf	DLX1		False	False	5.0
collectri	omnipath	tf	DLX2		False	False	12.0
collectri	omnipath	tf	DLX3		False	False	8.0
collectri	omnipath	tf	DLX4		False	False	22.0
collectri	omnipath	tf	DLX5		False	False	22.0
collectri	omnipath	tf	DMTF1		False	False	13.0
collectri	omnipath	tf	DNMT1		False	True	106.0
collectri	omnipath	tf	DNMT3A		False	True	39.0
collectri	omnipath	tf	DNMT3B		False	True	41.0
collectri	omnipath	tf	DOT1L		False	False	8.0
collectri	omnipath	tf	E2F1		False	True	263.0
collectri	omnipath	tf	E2F2		False	True	47.0
collectri	omnipath	tf	E2F3		False	True	61.0
collectri	omnipath	tf	E2F4		False	True	151.0
collectri	omnipath	tf	E2F5		False	True	9.0
collectri	omnipath	tf	E2F6		False	True	35.0
collectri	omnipath	tf	E2F7		False	True	6.0
collectri	omnipath	tf	E4F1		False	True	10.0
collectri	omnipath	tf	EBF1		False	True	15.0
collectri	omnipath	tf	EBF3		False	False	8.0
collectri	omnipath	tf	EGR1		False	True	224.0
collectri	omnipath	tf	EGR2		False	True	44.0
collectri	omnipath	tf	EGR3		False	False	16.0
collectri	omnipath	tf	EGR4		False	False	8.0
collectri	omnipath	tf	EHF		False	False	6.0
collectri	omnipath	tf	ELF1		False	True	35.0
collectri	omnipath	tf	ELF2		False	False	5.0
collectri	omnipath	tf	ELF3		False	False	13.0
collectri	omnipath	tf	ELF4		False	True	24.0
collectri	omnipath	tf	ELF5		False	False	5.0
collectri	omnipath	tf	ELK1		False	True	46.0
collectri	omnipath	tf	ELK3		False	True	15.0
collectri	omnipath	tf	ELK4		False	True	6.0
collectri	omnipath	tf	EMX2		False	False	6.0
collectri	omnipath	tf	EN1		False	False	7.0
collectri	omnipath	tf	ENO1		False	True	11.0
collectri	omnipath	tf	EOMES		False	False	12.0
collectri	omnipath	tf	EP300		False	True	40.0
collectri	omnipath	tf	EPAS1		False	False	58.0
collectri	omnipath	tf	ERF		False	True	12.0
collectri	omnipath	tf	ERG		False	False	26.0
collectri	omnipath	tf	ESR1		False	False	400.0
collectri	omnipath	tf	ESR2		False	False	135.0
collectri	omnipath	tf	ESRRA		False	True	29.0
collectri	omnipath	tf	ESRRB		False	False	7.0
collectri	omnipath	tf	ESRRG		False	False	16.0
collectri	omnipath	tf	ETS1		False	True	111.0
collectri	omnipath	tf	ETS2		False	True	59.0
collectri	omnipath	tf	ETV1		False	True	16.0
collectri	omnipath	tf	ETV3		False	True	11.0
collectri	omnipath	tf	ETV4		False	True	42.0
collectri	omnipath	tf	ETV5		False	True	7.0
collectri	omnipath	tf	ETV6		False	True	13.0
collectri	omnipath	tf	ETV7		False	False	8.0
collectri	omnipath	tf	EWSR1		False	True	42.0
collectri	omnipath	tf	EZH2		False	True	99.0
collectri	omnipath	tf	FEZF1		False	False	5.0
collectri	omnipath	tf	FEZF2		False	False	6.0
collectri	omnipath	tf	FGF2		False	True	7.0
collectri	omnipath	tf	FHL2		False	True	6.0
collectri	omnipath	tf	FLI1		False	False	52.0
collectri	omnipath	tf	FOS		False	True	180.0
collectri	omnipath	tf	FOSB		False	False	24.0
collectri	omnipath	tf	FOSL1		False	True	29.0
collectri	omnipath	tf	FOSL2		False	False	21.0
collectri	omnipath	tf	FOXA1		False	False	27.0
collectri	omnipath	tf	FOXA2		False	False	50.0
collectri	omnipath	tf	FOXC1		False	True	13.0
collectri	omnipath	tf	FOXC2		False	False	12.0
collectri	omnipath	tf	FOXD3		False	False	7.0
collectri	omnipath	tf	FOXF2		False	False	6.0
collectri	omnipath	tf	FOXG1		False	False	12.0
collectri	omnipath	tf	FOXH1		False	True	8.0
collectri	omnipath	tf	FOXJ1		False	False	12.0
collectri	omnipath	tf	FOXL2		False	True	13.0
collectri	omnipath	tf	FOXM1		False	True	55.0
collectri	omnipath	tf	FOXN1		False	False	29.0
collectri	omnipath	tf	FOXN4		False	False	6.0
collectri	omnipath	tf	FOXO1		False	True	176.0
collectri	omnipath	tf	FOXO3		False	True	145.0
collectri	omnipath	tf	FOXO4		False	True	20.0
collectri	omnipath	tf	FOXP1		False	False	10.0
collectri	omnipath	tf	FOXP2		False	False	6.0
collectri	omnipath	tf	FOXP3		False	False	28.0
collectri	omnipath	tf	FOXQ1		False	False	10.0
collectri	omnipath	tf	GABPA		False	True	24.0
collectri	omnipath	tf	GATA1		False	False	55.0
collectri	omnipath	tf	GATA2		False	False	39.0
collectri	omnipath	tf	GATA3		False	False	102.0
collectri	omnipath	tf	GATA4		False	False	67.0
collectri	omnipath	tf	GATA5		False	False	10.0
collectri	omnipath	tf	GATA6		False	False	44.0
collectri	omnipath	tf	GBX2		False	False	5.0
collectri	omnipath	tf	GCM1		False	False	6.0
collectri	omnipath	tf	GFI1		False	False	31.0
collectri	omnipath	tf	GFI1B		False	False	8.0
collectri	omnipath	tf	GLI1		False	True	129.0
collectri	omnipath	tf	GLI2		False	True	100.0
collectri	omnipath	tf	GLI3		False	True	25.0
collectri	omnipath	tf	GRHL3		False	False	15.0
collectri	omnipath	tf	GSC		False	False	7.0
collectri	omnipath	tf	GTF2I		False	True	17.0
collectri	omnipath	tf	GTF2IRD1		False	False	6.0
collectri	omnipath	tf	GTF3A		False	False	20.0
collectri	omnipath	tf	HAND2		False	False	24.0
collectri	omnipath	tf	HBP1		False	True	29.0
collectri	omnipath	tf	HCFC1		False	True	7.0
collectri	omnipath	tf	HDAC1		False	True	51.0
collectri	omnipath	tf	HDAC3		False	True	15.0
collectri	omnipath	tf	HDAC4		False	True	16.0
collectri	omnipath	tf	HDAC5		False	True	7.0
collectri	omnipath	tf	HDAC7		False	True	9.0
collectri	omnipath	tf	HDAC9		False	True	13.0
collectri	omnipath	tf	HDGF		False	False	5.0
collectri	omnipath	tf	HES1		False	True	59.0
collectri	omnipath	tf	HES6		False	True	5.0
collectri	omnipath	tf	HESX1		False	False	14.0
collectri	omnipath	tf	HEY1		False	True	25.0
collectri	omnipath	tf	HEY2		False	False	10.0
collectri	omnipath	tf	HHEX		False	False	15.0
collectri	omnipath	tf	HIC1		False	True	16.0
collectri	omnipath	tf	HIF1A		False	True	303.0
collectri	omnipath	tf	HINFP		False	True	10.0
collectri	omnipath	tf	HIPK2		False	True	8.0
collectri	omnipath	tf	HIVEP1		False	False	7.0
collectri	omnipath	tf	HLF		False	False	9.0
collectri	omnipath	tf	HLX		False	False	13.0
collectri	omnipath	tf	HMGA1		False	True	33.0
collectri	omnipath	tf	HMGA2		False	True	31.0
collectri	omnipath	tf	HMGB2		False	True	8.0
collectri	omnipath	tf	HNF1A		False	False	40.0
collectri	omnipath	tf	HNF1B		False	False	17.0
collectri	omnipath	tf	HNF4A		False	False	130.0
collectri	omnipath	tf	HOPX		False	False	5.0
collectri	omnipath	tf	HOXA1		False	True	17.0
collectri	omnipath	tf	HOXA10		False	False	30.0
collectri	omnipath	tf	HOXA11		False	False	5.0
collectri	omnipath	tf	HOXA13		False	False	10.0
collectri	omnipath	tf	HOXA2		False	False	5.0
collectri	omnipath	tf	HOXA5		False	True	9.0
collectri	omnipath	tf	HOXA7		False	True	12.0
collectri	omnipath	tf	HOXA9		False	True	30.0
collectri	omnipath	tf	HOXB1		False	True	7.0
collectri	omnipath	tf	HOXB13		False	False	9.0
collectri	omnipath	tf	HOXB3		False	False	5.0
collectri	omnipath	tf	HOXB4		False	False	7.0
collectri	omnipath	tf	HOXB7		False	False	14.0
collectri	omnipath	tf	HOXC6		False	False	8.0
collectri	omnipath	tf	HOXC8		False	False	12.0
collectri	omnipath	tf	HOXD1		False	False	5.0
collectri	omnipath	tf	HOXD13		False	True	15.0
collectri	omnipath	tf	HOXD3		False	False	7.0
collectri	omnipath	tf	HOXD8		False	False	5.0
collectri	omnipath	tf	HR		False	False	53.0
collectri	omnipath	tf	HSF1		False	True	61.0
collectri	omnipath	tf	HSF2		False	True	16.0
collectri	omnipath	tf	HSF4		False	False	7.0
collectri	omnipath	tf	HTATIP2		False	True	12.0
collectri	omnipath	tf	ID1		False	True	49.0
collectri	omnipath	tf	ID2		False	True	40.0
collectri	omnipath	tf	ID3		False	True	26.0
collectri	omnipath	tf	ID4		False	False	8.0
collectri	omnipath	tf	IKZF1		False	False	13.0
collectri	omnipath	tf	ING4		False	False	11.0
collectri	omnipath	tf	IRF1		False	True	81.0
collectri	omnipath	tf	IRF2		False	True	32.0
collectri	omnipath	tf	IRF3		False	True	40.0
collectri	omnipath	tf	IRF4		False	False	21.0
collectri	omnipath	tf	IRF5		False	False	6.0
collectri	omnipath	tf	IRF6		False	False	8.0
collectri	omnipath	tf	IRF7		False	True	8.0
collectri	omnipath	tf	IRF8		False	False	26.0
collectri	omnipath	tf	IRF9		False	True	15.0
collectri	omnipath	tf	IRX1		False	False	10.0
collectri	omnipath	tf	ISL1		False	False	14.0
collectri	omnipath	tf	JARID2		False	True	9.0
collectri	omnipath	tf	JDP2		False	True	24.0
collectri	omnipath	tf	JUN		False	True	363.0
collectri	omnipath	tf	JUNB		False	True	54.0
collectri	omnipath	tf	JUND		False	True	52.0
collectri	omnipath	tf	KAT2B		False	True	13.0
collectri	omnipath	tf	KAT5		False	True	43.0
collectri	omnipath	tf	KAT6A		False	True	8.0
collectri	omnipath	tf	KAT6B		False	True	6.0
collectri	omnipath	tf	KAT7		False	True	45.0
collectri	omnipath	tf	KCNIP3		False	False	8.0
collectri	omnipath	tf	KDM2A		False	False	7.0
collectri	omnipath	tf	KDM5A		False	True	13.0
collectri	omnipath	tf	KDM5B		False	True	22.0
collectri	omnipath	tf	KDM5C		False	False	9.0
collectri	omnipath	tf	KDM5D		False	False	6.0
collectri	omnipath	tf	KLF1		False	False	12.0
collectri	omnipath	tf	KLF10		False	True	22.0
collectri	omnipath	tf	KLF11		False	True	13.0
collectri	omnipath	tf	KLF13		False	True	9.0
collectri	omnipath	tf	KLF15		False	False	15.0
collectri	omnipath	tf	KLF17		False	False	5.0
collectri	omnipath	tf	KLF2		False	False	31.0
collectri	omnipath	tf	KLF4		False	True	74.0
collectri	omnipath	tf	KLF5		False	True	48.0
collectri	omnipath	tf	KLF6		False	True	33.0
collectri	omnipath	tf	KLF7		False	True	8.0
collectri	omnipath	tf	KLF8		False	False	13.0
collectri	omnipath	tf	KLF9		False	False	14.0
collectri	omnipath	tf	KMT2A		False	True	50.0
collectri	omnipath	tf	KMT2B		False	True	9.0
collectri	omnipath	tf	LEF1		False	True	63.0
collectri	omnipath	tf	LHX2		False	False	17.0
collectri	omnipath	tf	LHX8		False	False	6.0
collectri	omnipath	tf	LITAF		False	False	18.0
collectri	omnipath	tf	LMO2		False	False	14.0
collectri	omnipath	tf	LMX1B		False	False	13.0
collectri	omnipath	tf	LRRFIP1		False	False	8.0
collectri	omnipath	tf	LYL1		False	False	9.0
collectri	omnipath	tf	MAF		False	True	25.0
collectri	omnipath	tf	MAFA		False	False	10.0
collectri	omnipath	tf	MAFB		False	False	21.0
collectri	omnipath	tf	MAFG		False	True	8.0
collectri	omnipath	tf	MAFK		False	True	12.0
collectri	omnipath	tf	MAML1		False	True	5.0
collectri	omnipath	tf	MAX		False	True	37.0
collectri	omnipath	tf	MAZ		False	True	24.0
collectri	omnipath	tf	MBD1		False	True	10.0
collectri	omnipath	tf	MBD2		False	False	55.0
collectri	omnipath	tf	MECOM		False	True	13.0
collectri	omnipath	tf	MECP2		False	True	20.0
collectri	omnipath	tf	MED1		False	True	9.0
collectri	omnipath	tf	MEF2A		False	True	62.0
collectri	omnipath	tf	MEF2C		False	True	44.0
collectri	omnipath	tf	MEF2D		False	True	18.0
collectri	omnipath	tf	MEIS1		False	True	15.0
collectri	omnipath	tf	MEOX1		False	True	6.0
collectri	omnipath	tf	MEOX2		False	False	6.0
collectri	omnipath	tf	MESP2		False	False	7.0
collectri	omnipath	tf	MITF		False	False	60.0
collectri	omnipath	tf	MLXIP		False	False	5.0
collectri	omnipath	tf	MLXIPL		False	False	12.0
collectri	omnipath	tf	MNT		False	True	8.0
collectri	omnipath	tf	MSC		False	True	14.0
collectri	omnipath	tf	MSX1		False	True	14.0
collectri	omnipath	tf	MSX2		False	True	26.0
collectri	omnipath	tf	MTA1		False	True	36.0
collectri	omnipath	tf	MTA3		False	True	10.0
collectri	omnipath	tf	MTF1		False	False	23.0
collectri	omnipath	tf	MTF2		False	False	5.0
collectri	omnipath	tf	MXD1		False	True	19.0
collectri	omnipath	tf	MXI1		False	True	8.0
collectri	omnipath	tf	MYB		False	True	105.0
collectri	omnipath	tf	MYBL1		False	True	6.0
collectri	omnipath	tf	MYBL2		False	True	43.0
collectri	omnipath	tf	MYC		False	True	706.0
collectri	omnipath	tf	MYCN		False	True	101.0
collectri	omnipath	tf	MYF5		False	False	13.0
collectri	omnipath	tf	MYF6		False	False	9.0
collectri	omnipath	tf	MYOCD		False	False	5.0
collectri	omnipath	tf	MYOD1		False	False	96.0
collectri	omnipath	tf	MYOG		False	False	35.0
collectri	omnipath	tf	MYRF		False	False	6.0
collectri	omnipath	tf	MYT1		False	True	5.0
collectri	omnipath	tf	MZF1		False	True	17.0
collectri	omnipath	tf	NAB2		False	True	5.0
collectri	omnipath	tf	NANOG		False	False	38.0
collectri	omnipath	tf	NCOA1		False	True	48.0
collectri	omnipath	tf	NCOA2		False	True	42.0
collectri	omnipath	tf	NCOA3		False	True	48.0
collectri	omnipath	tf	NCOR1		False	True	53.0
collectri	omnipath	tf	NCOR2		False	True	41.0
collectri	omnipath	tf	NEUROD1		False	False	34.0
collectri	omnipath	tf	NEUROD2		False	False	7.0
collectri	omnipath	tf	NEUROD6		False	False	5.0
collectri	omnipath	tf	NEUROG1		False	False	8.0
collectri	omnipath	tf	NEUROG2		False	False	18.0
collectri	omnipath	tf	NEUROG3		False	False	19.0
collectri	omnipath	tf	NFAT5		False	True	29.0
collectri	omnipath	tf	NFATC1		False	True	61.0
collectri	omnipath	tf	NFATC2		False	False	37.0
collectri	omnipath	tf	NFATC3		False	True	14.0
collectri	omnipath	tf	NFATC4		False	True	21.0
collectri	omnipath	tf	NFE2		False	False	9.0
collectri	omnipath	tf	NFE2L1		False	True	6.0
collectri	omnipath	tf	NFE2L2		False	True	137.0
collectri	omnipath	tf	NFE2L3		False	False	5.0
collectri	omnipath	tf	NFIA		False	False	32.0
collectri	omnipath	tf	NFIB		False	False	16.0
collectri	omnipath	tf	NFIC		False	False	45.0
collectri	omnipath	tf	NFIL3		False	True	12.0
collectri	omnipath	tf	NFIX		False	False	16.0
collectri	omnipath	tf	NFKB		True	False	466.0
collectri	omnipath	tf	NFKB1		False	True	215.0
collectri	omnipath	tf	NFKB2		False	True	37.0
collectri	omnipath	tf	NFKBIB		False	True	12.0
collectri	omnipath	tf	NFYA		False	True	69.0
collectri	omnipath	tf	NFYB		False	True	26.0
collectri	omnipath	tf	NFYC		False	True	13.0
collectri	omnipath	tf	NKX2-1		False	False	32.0
collectri	omnipath	tf	NKX2-2		False	False	10.0
collectri	omnipath	tf	NKX2-5		False	False	38.0
collectri	omnipath	tf	NKX3-1		False	False	50.0
collectri	omnipath	tf	NKX3-2		False	False	6.0
collectri	omnipath	tf	NKX6-1		False	True	6.0
collectri	omnipath	tf	NONO		False	True	13.0
collectri	omnipath	tf	NOTCH1		False	True	48.0
collectri	omnipath	tf	NOTO		False	False	5.0
collectri	omnipath	tf	NPAS2		False	False	6.0
collectri	omnipath	tf	NPM1		False	True	10.0
collectri	omnipath	tf	NR0B1		False	False	29.0
collectri	omnipath	tf	NR0B2		False	False	65.0
collectri	omnipath	tf	NR1D1		False	True	10.0
collectri	omnipath	tf	NR1H2		False	True	30.0
collectri	omnipath	tf	NR1H3		False	True	65.0
collectri	omnipath	tf	NR1H4		False	False	60.0
collectri	omnipath	tf	NR1I2		False	False	151.0
collectri	omnipath	tf	NR1I3		False	False	23.0
collectri	omnipath	tf	NR2C1		False	True	9.0
collectri	omnipath	tf	NR2C2		False	True	34.0
collectri	omnipath	tf	NR2E1		False	False	12.0
collectri	omnipath	tf	NR2E3		False	False	6.0
collectri	omnipath	tf	NR2F1		False	True	26.0
collectri	omnipath	tf	NR2F2		False	True	33.0
collectri	omnipath	tf	NR3C1		False	True	145.0
collectri	omnipath	tf	NR3C2		False	False	33.0
collectri	omnipath	tf	NR4A1		False	True	57.0
collectri	omnipath	tf	NR4A2		False	True	27.0
collectri	omnipath	tf	NR4A3		False	True	15.0
collectri	omnipath	tf	NR5A1		False	True	55.0
collectri	omnipath	tf	NR5A2		False	False	25.0
collectri	omnipath	tf	NR6A1		False	False	6.0
collectri	omnipath	tf	NRF1		False	True	68.0
collectri	omnipath	tf	NRG1		False	True	25.0
collectri	omnipath	tf	NRL		False	True	10.0
collectri	omnipath	tf	NSD2		False	True	7.0
collectri	omnipath	tf	NUPR1		False	False	6.0
collectri	omnipath	tf	OLIG2		False	False	11.0
collectri	omnipath	tf	ONECUT1		False	False	10.0
collectri	omnipath	tf	OTX2		False	False	14.0
collectri	omnipath	tf	OVOL1		False	False	8.0
collectri	omnipath	tf	PATZ1		False	True	8.0
collectri	omnipath	tf	PAWR		False	True	5.0
collectri	omnipath	tf	PAX2		False	False	12.0
collectri	omnipath	tf	PAX3		False	True	70.0
collectri	omnipath	tf	PAX5		False	False	35.0
collectri	omnipath	tf	PAX6		False	True	94.0
collectri	omnipath	tf	PAX7		False	False	13.0
collectri	omnipath	tf	PAX8		False	False	13.0
collectri	omnipath	tf	PAX9		False	True	8.0
collectri	omnipath	tf	PBRM1		False	True	7.0
collectri	omnipath	tf	PBX1		False	True	33.0
collectri	omnipath	tf	PDX1		False	False	53.0
collectri	omnipath	tf	PEG3		False	False	6.0
collectri	omnipath	tf	PGR		False	False	78.0
collectri	omnipath	tf	PHF20		False	True	7.0
collectri	omnipath	tf	PHOX2A		False	True	5.0
collectri	omnipath	tf	PHOX2B		False	False	7.0
collectri	omnipath	tf	PIN1		False	True	5.0
collectri	omnipath	tf	PITX1		False	True	20.0
collectri	omnipath	tf	PITX2		False	True	68.0
collectri	omnipath	tf	PITX3		False	False	9.0
collectri	omnipath	tf	PKNOX1		False	True	11.0
collectri	omnipath	tf	PLAG1		False	False	6.0
collectri	omnipath	tf	PLAGL1		False	True	13.0
collectri	omnipath	tf	PML		False	True	15.0
collectri	omnipath	tf	POU1F1		False	False	28.0
collectri	omnipath	tf	POU2F1		False	True	51.0
collectri	omnipath	tf	POU2F2		False	True	15.0
collectri	omnipath	tf	POU3F1		False	True	9.0
collectri	omnipath	tf	POU3F2		False	True	19.0
collectri	omnipath	tf	POU4F1		False	False	18.0
collectri	omnipath	tf	POU4F2		False	False	18.0
collectri	omnipath	tf	POU5F1		False	True	55.0
collectri	omnipath	tf	PPARA		False	True	145.0
collectri	omnipath	tf	PPARD		False	True	60.0
collectri	omnipath	tf	PPARG		False	False	201.0
collectri	omnipath	tf	PPARGC1A		False	True	21.0
collectri	omnipath	tf	PRDM1		False	True	29.0
collectri	omnipath	tf	PRDM2		False	False	7.0
collectri	omnipath	tf	PRDM4		False	False	5.0
collectri	omnipath	tf	PREB		False	False	7.0
collectri	omnipath	tf	PROX1		False	False	22.0
collectri	omnipath	tf	PRRX1		False	True	5.0
collectri	omnipath	tf	PTF1A		False	False	5.0
collectri	omnipath	tf	PURA		False	False	12.0
collectri	omnipath	tf	RARA		False	True	96.0
collectri	omnipath	tf	RARB		False	True	30.0
collectri	omnipath	tf	RARG		False	True	20.0
collectri	omnipath	tf	RB1		False	True	25.0
collectri	omnipath	tf	RBPJ		False	True	97.0
collectri	omnipath	tf	RCOR2		False	False	13.0
collectri	omnipath	tf	REL		False	True	53.0
collectri	omnipath	tf	RELA		False	True	293.0
collectri	omnipath	tf	RELB		False	True	29.0
collectri	omnipath	tf	REST		False	True	40.0
collectri	omnipath	tf	RFX1		False	True	12.0
collectri	omnipath	tf	RFX5		False	True	7.0
collectri	omnipath	tf	RFXANK		False	False	5.0
collectri	omnipath	tf	RORA		False	True	35.0
collectri	omnipath	tf	RUNX1		False	False	104.0
collectri	omnipath	tf	RUNX2		False	True	76.0
collectri	omnipath	tf	RUNX3		False	False	38.0
collectri	omnipath	tf	RXRA		False	True	49.0
collectri	omnipath	tf	RXRB		False	True	5.0
collectri	omnipath	tf	SALL1		False	False	5.0
collectri	omnipath	tf	SALL2		False	False	6.0
collectri	omnipath	tf	SALL3		False	False	6.0
collectri	omnipath	tf	SALL4		False	True	13.0
collectri	omnipath	tf	SATB1		False	True	24.0
collectri	omnipath	tf	SATB2		False	True	21.0
collectri	omnipath	tf	SCX		False	False	7.0
collectri	omnipath	tf	SF1		False	True	6.0
collectri	omnipath	tf	SFPQ		False	True	16.0
collectri	omnipath	tf	SIM2		False	False	9.0
collectri	omnipath	tf	SIN3A		False	True	7.0
collectri	omnipath	tf	SIRT1		False	True	43.0
collectri	omnipath	tf	SIX1		False	True	11.0
collectri	omnipath	tf	SIX4		False	False	5.0
collectri	omnipath	tf	SKIL		False	True	12.0
collectri	omnipath	tf	SMAD1		False	True	42.0
collectri	omnipath	tf	SMAD2		False	True	57.0
collectri	omnipath	tf	SMAD3		False	True	100.0
collectri	omnipath	tf	SMAD4		False	True	74.0
collectri	omnipath	tf	SMAD5		False	True	25.0
collectri	omnipath	tf	SMAD6		False	True	15.0
collectri	omnipath	tf	SMAD7		False	True	43.0
collectri	omnipath	tf	SMARCA1		False	True	35.0
collectri	omnipath	tf	SMARCA4		False	True	9.0
collectri	omnipath	tf	SMARCA5		False	False	10.0
collectri	omnipath	tf	SMARCB1		False	True	5.0
collectri	omnipath	tf	SMARCC1		False	True	6.0
collectri	omnipath	tf	SNAI1		False	True	66.0
collectri	omnipath	tf	SNAI2		False	True	30.0
collectri	omnipath	tf	SOX10		False	False	17.0
collectri	omnipath	tf	SOX11		False	False	8.0
collectri	omnipath	tf	SOX17		False	False	24.0
collectri	omnipath	tf	SOX2		False	True	54.0
collectri	omnipath	tf	SOX4		False	True	20.0
collectri	omnipath	tf	SOX5		False	False	9.0
collectri	omnipath	tf	SOX6		False	False	12.0
collectri	omnipath	tf	SOX9		False	True	55.0
collectri	omnipath	tf	SP1		False	True	796.0
collectri	omnipath	tf	SP2		False	False	15.0
collectri	omnipath	tf	SP3		False	True	261.0
collectri	omnipath	tf	SP4		False	False	37.0
collectri	omnipath	tf	SP7		False	False	20.0
collectri	omnipath	tf	SPDEF		False	False	8.0
collectri	omnipath	tf	SPI1		False	False	137.0
collectri	omnipath	tf	SPIB		False	False	6.0
collectri	omnipath	tf	SREBF1		False	True	86.0
collectri	omnipath	tf	SREBF2		False	True	49.0
collectri	omnipath	tf	SRF		False	True	65.0
collectri	omnipath	tf	SRSF2		False	False	12.0
collectri	omnipath	tf	SRY		False	False	18.0
collectri	omnipath	tf	SSRP1		False	True	78.0
collectri	omnipath	tf	STAT1		False	True	181.0
collectri	omnipath	tf	STAT2		False	True	24.0
collectri	omnipath	tf	STAT3		False	True	259.0
collectri	omnipath	tf	STAT4		False	True	11.0
collectri	omnipath	tf	STAT5A		False	True	108.0
collectri	omnipath	tf	STAT5B		False	True	56.0
collectri	omnipath	tf	STAT6		False	True	47.0
collectri	omnipath	tf	STOX1		False	False	5.0
collectri	omnipath	tf	TADA2A		False	False	7.0
collectri	omnipath	tf	TAF1		False	True	36.0
collectri	omnipath	tf	TAL1		False	False	55.0
collectri	omnipath	tf	TBP		False	True	109.0
collectri	omnipath	tf	TBPL1		False	False	24.0
collectri	omnipath	tf	TBPL2		False	False	8.0
collectri	omnipath	tf	TBX1		False	False	9.0
collectri	omnipath	tf	TBX15		False	False	17.0
collectri	omnipath	tf	TBX18		False	False	9.0
collectri	omnipath	tf	TBX2		False	False	19.0
collectri	omnipath	tf	TBX21		False	False	17.0
collectri	omnipath	tf	TBX3		False	False	13.0
collectri	omnipath	tf	TBX5		False	False	16.0
collectri	omnipath	tf	TBXT		False	False	7.0
collectri	omnipath	tf	TCF12		False	True	28.0
collectri	omnipath	tf	TCF21		False	False	12.0
collectri	omnipath	tf	TCF3		False	True	67.0
collectri	omnipath	tf	TCF4		False	True	34.0
collectri	omnipath	tf	TCF7		False	True	11.0
collectri	omnipath	tf	TCF7L2		False	True	74.0
collectri	omnipath	tf	TEAD1		False	True	15.0
collectri	omnipath	tf	TEAD2		False	True	5.0
collectri	omnipath	tf	TEAD4		False	True	7.0
collectri	omnipath	tf	TEF		False	False	8.0
collectri	omnipath	tf	TET1		False	False	11.0
collectri	omnipath	tf	TFAM		False	True	10.0
collectri	omnipath	tf	TFAP2A		False	False	181.0
collectri	omnipath	tf	TFAP2B		False	True	11.0
collectri	omnipath	tf	TFAP2C		False	False	17.0
collectri	omnipath	tf	TFAP4		False	False	21.0
collectri	omnipath	tf	TFCP2		False	True	37.0
collectri	omnipath	tf	TFDP1		False	True	30.0
collectri	omnipath	tf	TFDP2		False	False	6.0
collectri	omnipath	tf	TFDP3		False	False	5.0
collectri	omnipath	tf	TFE3		False	False	21.0
collectri	omnipath	tf	TGFB1I1		False	True	12.0
collectri	omnipath	tf	TGIF1		False	True	10.0
collectri	omnipath	tf	THAP11		False	False	6.0
collectri	omnipath	tf	THRA		False	True	47.0
collectri	omnipath	tf	THRB		False	True	27.0
collectri	omnipath	tf	TLX1		False	False	7.0
collectri	omnipath	tf	TP53		False	True	707.0
collectri	omnipath	tf	TP63		False	False	141.0
collectri	omnipath	tf	TP73		False	True	94.0
collectri	omnipath	tf	TRIM28		False	True	5.0
collectri	omnipath	tf	TRPS1		False	False	11.0
collectri	omnipath	tf	TSC22D1		False	False	7.0
collectri	omnipath	tf	TTF1		False	False	30.0
collectri	omnipath	tf	TWIST1		False	True	49.0
collectri	omnipath	tf	TWIST2		False	False	23.0
collectri	omnipath	tf	UBTF		False	True	8.0
collectri	omnipath	tf	USF1		False	True	120.0
collectri	omnipath	tf	USF2		False	True	63.0
collectri	omnipath	tf	VDR		False	False	69.0
collectri	omnipath	tf	VEZF1		False	False	5.0
collectri	omnipath	tf	VHL		False	True	20.0
collectri	omnipath	tf	VSX2		False	False	17.0
collectri	omnipath	tf	WT1		False	False	101.0
collectri	omnipath	tf	WWTR1		False	True	6.0
collectri	omnipath	tf	XBP1		False	True	34.0
collectri	omnipath	tf	YAP1		False	True	7.0
collectri	omnipath	tf	YBX1		False	True	66.0
collectri	omnipath	tf	YBX3		False	False	22.0
collectri	omnipath	tf	YY1		False	True	162.0
collectri	omnipath	tf	ZBED1		False	False	16.0
collectri	omnipath	tf	ZBTB14		False	True	5.0
collectri	omnipath	tf	ZBTB16		False	True	36.0
collectri	omnipath	tf	ZBTB17		False	True	29.0
collectri	omnipath	tf	ZBTB18		False	False	7.0
collectri	omnipath	tf	ZBTB33		False	False	7.0
collectri	omnipath	tf	ZBTB4		False	True	11.0
collectri	omnipath	tf	ZBTB7A		False	False	28.0
collectri	omnipath	tf	ZBTB7B		False	False	8.0
collectri	omnipath	tf	ZEB1		False	True	30.0
collectri	omnipath	tf	ZEB2		False	True	18.0
collectri	omnipath	tf	ZFHX3		False	True	5.0
collectri	omnipath	tf	ZFP42		False	False	12.0
collectri	omnipath	tf	ZFPM1		False	False	7.0
collectri	omnipath	tf	ZFPM2		False	False	7.0
collectri	omnipath	tf	ZGLP1		False	False	11.0
collectri	omnipath	tf	ZHX2		False	False	9.0
collectri	omnipath	tf	ZIC1		False	True	11.0
collectri	omnipath	tf	ZIC2		False	False	5.0
collectri	omnipath	tf	ZKSCAN7		False	False	10.0
collectri	omnipath	tf	ZMYND8		False	False	6.0
collectri	omnipath	tf	ZNF143		False	False	20.0
collectri	omnipath	tf	ZNF148		False	True	17.0
collectri	omnipath	tf	ZNF236		False	False	5.0
collectri	omnipath	tf	ZNF331		False	False	17.0
collectri	omnipath	tf	ZNF335		False	False	5.0
collectri	omnipath	tf	ZNF350		False	True	8.0
collectri	omnipath	tf	ZNF354C		False	False	16.0
collectri	omnipath	tf	ZNF362		False	False	9.0
collectri	omnipath	tf	ZNF382		False	False	8.0
collectri	omnipath	tf	ZNF384		False	False	10.0
collectri	omnipath	tf	ZNF395		False	False	5.0
collectri	omnipath	tf	ZNF436		False	False	5.0
collectri	omnipath	tf	ZNF699		False	False	33.0
collectri	omnipath	tf	ZNF76		False	True	6.0
collectri	omnipath	tf	ZNF804A		False	False	7.0
collectri	omnipath	tf	ZNF91		False	False	24.0
collectri	omnipath	complex_member	AP1	ATF3	True	True	
collectri	omnipath	complex_member	AP1	FOS	True	True	
collectri	omnipath	complex_member	AP1	FOSB	True	False	
collectri	omnipath	complex_member	AP1	JUN	True	True	
collectri	omnipath	complex_member	AP1	JUNB	True	True	
collectri	omnipath	complex_member	NFKB	NFKB1	True	True	
collectri	omnipath	complex_member	NFKB	NFKB2	True	True	
collectri	omnipath	complex_member	NFKB	RELA	True	True	
collectri	omnipath	complex_member	NFKB	RELB	True	True	
collectri	omnipath	complex_member	NFKB	REL	True	True	
collectri	cosmos	tf	ABL1		False	True	10.0
collectri	cosmos	tf	AHR		False	True	92.0
collectri	cosmos	tf	AIRE		False	False	9.0
collectri	cosmos	tf	AP1		True	False	321.0
collectri	cosmos	tf	APEX1		False	True	25.0
collectri	cosmos	tf	AR		False	True	348.0
collectri	cosmos	tf	ARID1A		False	False	5.0
collectri	cosmos	tf	ARID3A		False	True	6.0
collectri	cosmos	tf	ARID3B		False	False	6.0
collectri	cosmos	tf	ARID4A		False	True	6.0
collectri	cosmos	tf	ARID4B		False	False	6.0
collectri	cosmos	tf	ARNT		False	True	40.0
collectri	cosmos	tf	ARX		False	False	19.0
collectri	cosmos	tf	ASCL1		False	False	50.0
collectri	cosmos	tf	ASCL2		False	False	8.0
collectri	cosmos	tf	ATF1		False	True	57.0
collectri	cosmos	tf	ATF2		False	True	76.0
collectri	cosmos	tf	ATF3		False	True	68.0
collectri	cosmos	tf	ATF4		False	True	85.0
collectri	cosmos	tf	ATF5		False	False	22.0
collectri	cosmos	tf	ATF6		False	True	44.0
collectri	cosmos	tf	BACH1		False	True	11.0
collectri	cosmos	tf	BACH2		False	False	5.0
collectri	cosmos	tf	BARX1		False	False	7.0
collectri	cosmos	tf	BARX2		False	False	10.0
collectri	cosmos	tf	BATF		False	False	6.0
collectri	cosmos	tf	BCL11A		False	False	7.0
collectri	cosmos	tf	BCL11B		False	False	15.0
collectri	cosmos	tf	BCL3		False	True	13.0
collectri	cosmos	tf	BCL6		False	True	45.0
collectri	cosmos	tf	BCLAF1		False	False	7.0
collectri	cosmos	tf	BCOR		False	True	6.0
collectri	cosmos	tf	BHLHA15		False	False	5.0
collectri	cosmos	tf	BHLHE40		False	False	25.0
collectri	cosmos	tf	BHLHE41		False	True	18.0
collectri	cosmos	tf	BMAL1		False	True	44.0
collectri	cosmos	tf	BMAL2		False	False	6.0
collectri	cosmos	tf	BRCA1		False	True	46.0
collectri	cosmos	tf	BRD4		False	True	8.0
collectri	cosmos	tf	BTG2		False	True	6.0
collectri	cosmos	tf	CDX1		False	False	16.0
collectri	cosmos	tf	CDX2		False	False	31.0
collectri	cosmos	tf	CEBPA		False	False	104.0
collectri	cosmos	tf	CEBPB		False	True	240.0
collectri	cosmos	tf	CEBPD		False	True	35.0
collectri	cosmos	tf	CEBPE		False	False	12.0
collectri	cosmos	tf	CEBPG		False	False	84.0
collectri	cosmos	tf	CEBPZ		False	False	13.0
collectri	cosmos	tf	CIITA		False	True	10.0
collectri	cosmos	tf	CLOCK		False	True	48.0
collectri	cosmos	tf	CREB1		False	True	271.0
collectri	cosmos	tf	CREB3		False	True	8.0
collectri	cosmos	tf	CREB3L1		False	False	6.0
collectri	cosmos	tf	CREB5		False	True	6.0
collectri	cosmos	tf	CREBBP		False	True	26.0
collectri	cosmos	tf	CREBZF		False	True	11.0
collectri	cosmos	tf	CREM		False	True	42.0
collectri	cosmos	tf	CRX		False	False	14.0
collectri	cosmos	tf	CTBP2		False	True	8.0
collectri	cosmos	tf	CTCF		False	True	91.0
collectri	cosmos	tf	CTCFL		False	False	7.0
collectri	cosmos	tf	CTNNB1		False	True	198.0
collectri	cosmos	tf	CUX1		False	True	71.0
collectri	cosmos	tf	CXXC1		False	False	11.0
collectri	cosmos	tf	DACH1		False	True	6.0
collectri	cosmos	tf	DBP		False	True	18.0
collectri	cosmos	tf	DDIT3		False	True	65.0
collectri	cosmos	tf	DEAF1		False	False	7.0
collectri	cosmos	tf	DLX1		False	False	5.0
collectri	cosmos	tf	DLX2		False	False	12.0
collectri	cosmos	tf	DLX3		False	False	8.0
collectri	cosmos	tf	DLX4		False	False	22.0
collectri	cosmos	tf	DLX5		False	False	22.0
collectri	cosmos	tf	DMTF1		False	False	13.0
collectri	cosmos	tf	DNMT1		False	True	106.0
collectri	cosmos	tf	DNMT3A		False	True	39.0
collectri	cosmos	tf	DNMT3B		False	True	41.0
collectri	cosmos	tf	DOT1L		False	True	8.0
collectri	cosmos	tf	E2F1		False	True	263.0
collectri	cosmos	tf	E2F2		False	True	47.0
collectri	cosmos	tf	E2F3		False	True	61.0
collectri	cosmos	tf	E2F4		False	True	151.0
collectri	cosmos	tf	E2F5		False	True	9.0
collectri	cosmos	tf	E2F6		False	True	35.0
collectri	cosmos	tf	E2F7		False	True	6.0
collectri	cosmos	tf	E4F1		False	True	10.0
collectri	cosmos	tf	EBF1		False	True	15.0
collectri	cosmos	tf	EBF3		False	False	8.0
collectri	cosmos	tf	EGR1		False	True	224.0
collectri	cosmos	tf	EGR2		False	False	44.0
collectri	cosmos	tf	EGR3		False	False	16.0
collectri	cosmos	tf	EGR4		False	False	8.0
collectri	cosmos	tf	EHF		False	False	6.0
collectri	cosmos	tf	ELF1		False	True	35.0
collectri	cosmos	tf	ELF2		False	False	5.0
collectri	cosmos	tf	ELF3		False	False	13.0
collectri	cosmos	tf	ELF4		False	True	24.0
collectri	cosmos	tf	ELF5		False	False	5.0
collectri	cosmos	tf	ELK1		False	True	46.0
collectri	cosmos	tf	ELK3		False	True	15.0
collectri	cosmos	tf	ELK4		False	True	6.0
collectri	cosmos	tf	EMX2		False	False	6.0
collectri	cosmos	tf	EN1		False	False	7.0
collectri	cosmos	tf	ENO1		False	True	11.0
collectri	cosmos	tf	EOMES		False	False	12.0
collectri	cosmos	tf	EP300		False	True	40.0
collectri	cosmos	tf	EPAS1		False	False	58.0
collectri	cosmos	tf	ERF		False	True	12.0
collectri	cosmos	tf	ERG		False	False	26.0
collectri	cosmos	tf	ESR1		False	False	400.0
collectri	cosmos	tf	ESR2		False	False	135.0
collectri	cosmos	tf	ESRRA		False	True	29.0
collectri	cosmos	tf	ESRRB		False	False	7.0
collectri	cosmos	tf	ESRRG		False	True	16.0
collectri	cosmos	tf	ETS1		False	True	111.0
collectri	cosmos	tf	ETS2		False	True	59.0
collectri	cosmos	tf	ETV1		False	True	16.0
collectri	cosmos	tf	ETV3		False	True	11.0
collectri	cosmos	tf	ETV4		False	True	42.0
collectri	cosmos	tf	ETV5		False	True	7.0
collectri	cosmos	tf	ETV6		False	True	13.0
collectri	cosmos	tf	ETV7		False	False	8.0
collectri	cosmos	tf	EWSR1		False	True	42.0
collectri	cosmos	tf	EZH2		False	True	99.0
collectri	cosmos	tf	FEZF1		False	False	5.0
collectri	cosmos	tf	FEZF2		False	False	6.0
collectri	cosmos	tf	FGF2		False	True	7.0
collectri	cosmos	tf	FHL2		False	True	6.0
collectri	cosmos	tf	FLI1		False	False	52.0
collectri	cosmos	tf	FOS		False	True	180.0
collectri	cosmos	tf	FOSB		False	False	24.0
collectri	cosmos	tf	FOSL1		False	True	29.0
collectri	cosmos	tf	FOSL2		False	True	21.0
collectri	cosmos	tf	FOXA1		False	False	27.0
collectri	cosmos	tf	FOXA2		False	False	50.0
collectri	cosmos	tf	FOXC1		False	True	13.0
collectri	cosmos	tf	FOXC2		False	False	12.0
collectri	cosmos	tf	FOXD3		False	False	7.0
collectri	cosmos	tf	FOXF2		False	False	6.0
collectri	cosmos	tf	FOXG1		False	False	12.0
collectri	cosmos	tf	FOXH1		False	True	8.0
collectri	cosmos	tf	FOXJ1		False	True	12.0
collectri	cosmos	tf	FOXL2		False	True	13.0
collectri	cosmos	tf	FOXM1		False	True	55.0
collectri	cosmos	tf	FOXN1		False	False	29.0
collectri	cosmos	tf	FOXN4		False	False	6.0
collectri	cosmos	tf	FOXO1		False	True	176.0
collectri	cosmos	tf	FOXO3		False	True	145.0
collectri	cosmos	tf	FOXO4		False	True	20.0
collectri	cosmos	tf	FOXP1		False	False	10.0
collectri	cosmos	tf	FOXP2		False	False	6.0
collectri	cosmos	tf	FOXP3		False	False	28.0
collectri	cosmos	tf	FOXQ1		False	False	10.0
collectri	cosmos	tf	GABPA		False	True	24.0
collectri	cosmos	tf	GATA1		False	False	55.0
collectri	cosmos	tf	GATA2		False	False	39.0
collectri	cosmos	tf	GATA3		False	False	102.0
collectri	cosmos	tf	GATA4		False	False	67.0
collectri	cosmos	tf	GATA5		False	False	10.0
collectri	cosmos	tf	GATA6		False	False	44.0
collectri	cosmos	tf	GBX2		False	False	5.0
collectri	cosmos	tf	GCM1		False	False	6.0
collectri	cosmos	tf	GFI1		False	False	31.0
collectri	cosmos	tf	GFI1B		False	False	8.0
collectri	cosmos	tf	GLI1		False	True	129.0
collectri	cosmos	tf	GLI2		False	True	100.0
collectri	cosmos	tf	GLI3		False	True	25.0
collectri	cosmos	tf	GRHL3		False	False	15.0
collectri	cosmos	tf	GSC		False	False	7.0
collectri	cosmos	tf	GTF2I		False	True	17.0
collectri	cosmos	tf	GTF2IRD1		False	False	6.0
collectri	cosmos	tf	GTF3A		False	True	20.0
collectri	cosmos	tf	HAND2		False	True	24.0
collectri	cosmos	tf	HBP1		False	True	29.0
collectri	cosmos	tf	HCFC1		False	True	7.0
collectri	cosmos	tf	HDAC1		False	True	51.0
collectri	cosmos	tf	HDAC3		False	True	15.0
collectri	cosmos	tf	HDAC4		False	True	16.0
collectri	cosmos	tf	HDAC5		False	True	7.0
collectri	cosmos	tf	HDAC7		False	True	9.0
collectri	cosmos	tf	HDAC9		False	True	13.0
collectri	cosmos	tf	HDGF		False	False	5.0
collectri	cosmos	tf	HES1		False	True	59.0
collectri	cosmos	tf	HES6		False	True	5.0
collectri	cosmos	tf	HESX1		False	False	14.0
collectri	cosmos	tf	HEY1		False	True	25.0
collectri	cosmos	tf	HEY2		False	False	10.0
collectri	cosmos	tf	HHEX		False	False	15.0
collectri	cosmos	tf	HIC1		False	True	16.0
collectri	cosmos	tf	HIF1A		False	True	303.0
collectri	cosmos	tf	HINFP		False	True	10.0
collectri	cosmos	tf	HIPK2		False	True	8.0
collectri	cosmos	tf	HIVEP1		False	False	7.0
collectri	cosmos	tf	HLF		False	False	9.0
collectri	cosmos	tf	HLX		False	False	13.0
collectri	cosmos	tf	HMGA1		False	True	33.0
collectri	cosmos	tf	HMGA2		False	True	31.0
collectri	cosmos	tf	HMGB2		False	True	8.0
collectri	cosmos	tf	HNF1A		False	False	40.0
collectri	cosmos	tf	HNF1B		False	False	17.0
collectri	cosmos	tf	HNF4A		False	False	130.0
collectri	cosmos	tf	HOPX		False	False	5.0
collectri	cosmos	tf	HOXA1		False	True	17.0
collectri	cosmos	tf	HOXA10		False	False	30.0
collectri	cosmos	tf	HOXA11		False	False	5.0
collectri	cosmos	tf	HOXA13		False	False	10.0
collectri	cosmos	tf	HOXA2		False	False	5.0
collectri	cosmos	tf	HOXA5		False	False	9.0
collectri	cosmos	tf	HOXA7		False	True	12.0
collectri	cosmos	tf	HOXA9		False	True	30.0
collectri	cosmos	tf	HOXB1		False	True	7.0
collectri	cosmos	tf	HOXB13		False	False	9.0
collectri	cosmos	tf	HOXB3		False	True	5.0
collectri	cosmos	tf	HOXB4		False	False	7.0
collectri	cosmos	tf	HOXB7		False	False	14.0
collectri	cosmos	tf	HOXC6		False	False	8.0
collectri	cosmos	tf	HOXC8		False	False	12.0
collectri	cosmos	tf	HOXD1		False	False	5.0
collectri	cosmos	tf	HOXD13		False	True	15.0
collectri	cosmos	tf	HOXD3		False	False	7.0
collectri	cosmos	tf	HOXD8		False	False	5.0
collectri	cosmos	tf	HR		False	False	53.0
collectri	cosmos	tf	HSF1		False	True	61.0
collectri	cosmos	tf	HSF2		False	True	16.0
collectri	cosmos	tf	HSF4		False	False	7.0
collectri	cosmos	tf	HTATIP2		False	True	12.0
collectri	cosmos	tf	ID1		False	True	49.0
collectri	cosmos	tf	ID2		False	True	40.0
collectri	cosmos	tf	ID3		False	True	26.0
collectri	cosmos	tf	ID4		False	False	8.0
collectri	cosmos	tf	IKZF1		False	False	13.0
collectri	cosmos	tf	ING4		False	False	11.0
collectri	cosmos	tf	IRF1		False	True	81.0
collectri	cosmos	tf	IRF2		False	True	32.0
collectri	cosmos	tf	IRF3		False	True	40.0
collectri	cosmos	tf	IRF4		False	False	21.0
collectri	cosmos	tf	IRF5		False	False	6.0
collectri	cosmos	tf	IRF6		False	False	8.0
collectri	cosmos	tf	IRF7		False	True	8.0
collectri	cosmos	tf	IRF8		False	False	26.0
collectri	cosmos	tf	IRF9		False	True	15.0
collectri	cosmos	tf	IRX1		False	False	10.0
collectri	cosmos	tf	ISL1		False	False	14.0
collectri	cosmos	tf	JARID2		False	True	9.0
collectri	cosmos	tf	JDP2		False	True	24.0
collectri	cosmos	tf	JUN		False	True	363.0
collectri	cosmos	tf	JUNB		False	True	54.0
collectri	cosmos	tf	JUND		False	True	52.0
collectri	cosmos	tf	KAT2B		False	True	13.0
collectri	cosmos	tf	KAT5		False	True	43.0
collectri	cosmos	tf	KAT6A		False	True	8.0
collectri	cosmos	tf	KAT6B		False	True	6.0
collectri	cosmos	tf	KAT7		False	True	45.0
collectri	cosmos	tf	KCNIP3		False	False	8.0
collectri	cosmos	tf	KDM2A		False	True	7.0
collectri	cosmos	tf	KDM5A		False	True	13.0
collectri	cosmos	tf	KDM5B		False	True	22.0
collectri	cosmos	tf	KDM5C		False	False	9.0
collectri	cosmos	tf	KDM5D		False	True	6.0
collectri	cosmos	tf	KLF1		False	False	12.0
collectri	cosmos	tf	KLF10		False	True	22.0
collectri	cosmos	tf	KLF11		False	True	13.0
collectri	cosmos	tf	KLF13		False	True	9.0
collectri	cosmos	tf	KLF15		False	False	15.0
collectri	cosmos	tf	KLF17		False	False	5.0
collectri	cosmos	tf	KLF2		False	False	31.0
collectri	cosmos	tf	KLF4		False	True	74.0
collectri	cosmos	tf	KLF5		False	True	48.0
collectri	cosmos	tf	KLF6		False	True	33.0
collectri	cosmos	tf	KLF7		False	True	8.0
collectri	cosmos	tf	KLF8		False	False	13.0
collectri	cosmos	tf	KLF9		False	True	14.0
collectri	cosmos	tf	KMT2A		False	True	50.0
collectri	cosmos	tf	KMT2B		False	True	9.0
collectri	cosmos	tf	LEF1		False	True	63.0
collectri	cosmos	tf	LHX2		False	False	17.0
collectri	cosmos	tf	LHX8		False	False	6.0
collectri	cosmos	tf	LITAF		False	False	18.0
collectri	cosmos	tf	LMO2		False	False	14.0
collectri	cosmos	tf	LMX1B		False	False	13.0
collectri	cosmos	tf	LRRFIP1		False	False	8.0
collectri	cosmos	tf	LYL1		False	True	9.0
collectri	cosmos	tf	MAF		False	True	25.0
collectri	cosmos	tf	MAFA		False	False	10.0
collectri	cosmos	tf	MAFB		False	False	21.0
collectri	cosmos	tf	MAFG		False	True	8.0
collectri	cosmos	tf	MAFK		False	True	12.0
collectri	cosmos	tf	MAML1		False	True	5.0
collectri	cosmos	tf	MAX		False	True	37.0
collectri	cosmos	tf	MAZ		False	True	24.0
collectri	cosmos	tf	MBD1		False	True	10.0
collectri	cosmos	tf	MBD2		False	False	55.0
collectri	cosmos	tf	MECOM		False	True	13.0
collectri	cosmos	tf	MECP2		False	True	20.0
collectri	cosmos	tf	MED1		False	True	9.0
collectri	cosmos	tf	MEF2A		False	True	62.0
collectri	cosmos	tf	MEF2C		False	True	44.0
collectri	cosmos	tf	MEF2D		False	True	18.0
collectri	cosmos	tf	MEIS1		False	True	15.0
collectri	cosmos	tf	MEOX1		False	True	6.0
collectri	cosmos	tf	MEOX2		False	False	6.0
collectri	cosmos	tf	MESP2		False	False	7.0
collectri	cosmos	tf	MITF		False	False	60.0
collectri	cosmos	tf	MLXIP		False	False	5.0
collectri	cosmos	tf	MLXIPL		False	False	12.0
collectri	cosmos	tf	MNT		False	True	8.0
collectri	cosmos	tf	MSC		False	True	14.0
collectri	cosmos	tf	MSX1		False	True	14.0
collectri	cosmos	tf	MSX2		False	True	26.0
collectri	cosmos	tf	MTA1		False	True	36.0
collectri	cosmos	tf	MTA3		False	False	10.0
collectri	cosmos	tf	MTF1		False	False	23.0
collectri	cosmos	tf	MTF2		False	False	5.0
collectri	cosmos	tf	MXD1		False	True	19.0
collectri	cosmos	tf	MXI1		False	True	8.0
collectri	cosmos	tf	MYB		False	True	105.0
collectri	cosmos	tf	MYBL1		False	True	6.0
collectri	cosmos	tf	MYBL2		False	True	43.0
collectri	cosmos	tf	MYC		False	True	706.0
collectri	cosmos	tf	MYCN		False	True	101.0
collectri	cosmos	tf	MYF5		False	False	13.0
collectri	cosmos	tf	MYF6		False	False	9.0
collectri	cosmos	tf	MYOCD		False	False	5.0
collectri	cosmos	tf	MYOD1		False	False	96.0
collectri	cosmos	tf	MYOG		False	False	35.0
collectri	cosmos	tf	MYRF		False	False	6.0
collectri	cosmos	tf	MYT1		False	True	5.0
collectri	cosmos	tf	MZF1		False	True	17.0
collectri	cosmos	tf	NAB2		False	True	5.0
collectri	cosmos	tf	NANOG		False	False	38.0
collectri	cosmos	tf	NCOA1		False	True	48.0
collectri	cosmos	tf	NCOA2		False	True	42.0
collectri	cosmos	tf	NCOA3		False	True	48.0
collectri	cosmos	tf	NCOR1		False	True	53.0
collectri	cosmos	tf	NCOR2		False	True	41.0
collectri	cosmos	tf	NEUROD1		False	False	34.0
collectri	cosmos	tf	NEUROD2		False	False	7.0
collectri	cosmos	tf	NEUROD6		False	False	5.0
collectri	cosmos	tf	NEUROG1		False	False	8.0
collectri	cosmos	tf	NEUROG2		False	False	18.0
collectri	cosmos	tf	NEUROG3		False	False	19.0
collectri	cosmos	tf	NFAT5		False	True	29.0
collectri	cosmos	tf	NFATC1		False	True	61.0
collectri	cosmos	tf	NFATC2		False	False	37.0
collectri	cosmos	tf	NFATC3		False	True	14.0
collectri	cosmos	tf	NFATC4		False	True	21.0
collectri	cosmos	tf	NFE2		False	False	9.0
collectri	cosmos	tf	NFE2L1		False	True	6.0
collectri	cosmos	tf	NFE2L2		False	True	137.0
collectri	cosmos	tf	NFE2L3		False	False	5.0
collectri	cosmos	tf	NFIA		False	False	32.0
collectri	cosmos	tf	NFIB		False	False	16.0
collectri	cosmos	tf	NFIC		False	False	45.0
collectri	cosmos	tf	NFIL3		False	True	12.0
collectri	cosmos	tf	NFIX		False	False	16.0
collectri	cosmos	tf	NFKB		True	False	466.0
collectri	cosmos	tf	NFKB1		False	True	215.0
collectri	cosmos	tf	NFKB2		False	True	37.0
collectri	cosmos	tf	NFKBIB		False	True	12.0
collectri	cosmos	tf	NFYA		False	True	69.0
collectri	cosmos	tf	NFYB		False	True	26.0
collectri	cosmos	tf	NFYC		False	True	13.0
collectri	cosmos	tf	NKX2-1		False	False	32.0
collectri	cosmos	tf	NKX2-2		False	False	10.0
collectri	cosmos	tf	NKX2-5		False	False	38.0
collectri	cosmos	tf	NKX3-1		False	False	50.0
collectri	cosmos	tf	NKX3-2		False	False	6.0
collectri	cosmos	tf	NKX6-1		False	True	6.0
collectri	cosmos	tf	NONO		False	True	13.0
collectri	cosmos	tf	NOTCH1		False	True	48.0
collectri	cosmos	tf	NOTO		False	False	5.0
collectri	cosmos	tf	NPAS2		False	False	6.0
collectri	cosmos	tf	NPM1		False	True	10.0
collectri	cosmos	tf	NR0B1		False	False	29.0
collectri	cosmos	tf	NR0B2		False	False	65.0
collectri	cosmos	tf	NR1D1		False	True	10.0
collectri	cosmos	tf	NR1H2		False	True	30.0
collectri	cosmos	tf	NR1H3		False	True	65.0
collectri	cosmos	tf	NR1H4		False	False	60.0
collectri	cosmos	tf	NR1I2		False	False	151.0
collectri	cosmos	tf	NR1I3		False	False	23.0
collectri	cosmos	tf	NR2C1		False	True	9.0
collectri	cosmos	tf	NR2C2		False	True	34.0
collectri	cosmos	tf	NR2E1		False	False	12.0
collectri	cosmos	tf	NR2E3		False	False	6.0
collectri	cosmos	tf	NR2F1		False	True	26.0
collectri	cosmos	tf	NR2F2		False	True	33.0
collectri	cosmos	tf	NR3C1		False	True	145.0
collectri	cosmos	tf	NR3C2		False	False	33.0
collectri	cosmos	tf	NR4A1		False	True	57.0
collectri	cosmos	tf	NR4A2		False	True	27.0
collectri	cosmos	tf	NR4A3		False	True	15.0
collectri	cosmos	tf	NR5A1		False	True	55.0
collectri	cosmos	tf	NR5A2		False	False	25.0
collectri	cosmos	tf	NR6A1		False	False	6.0
collectri	cosmos	tf	NRF1		False	True	68.0
collectri	cosmos	tf	NRG1		False	True	25.0
collectri	cosmos	tf	NRL		False	True	10.0
collectri	cosmos	tf	NSD2		False	True	7.0
collectri	cosmos	tf	NUPR1		False	False	6.0
collectri	cosmos	tf	OLIG2		False	False	11.0
collectri	cosmos	tf	ONECUT1		False	False	10.0
collectri	cosmos	tf	OTX2		False	False	14.0
collectri	cosmos	tf	OVOL1		False	False	8.0
collectri	cosmos	tf	PATZ1		False	True	8.0
collectri	cosmos	tf	PAWR		False	False	5.0
collectri	cosmos	tf	PAX2		False	False	12.0
collectri	cosmos	tf	PAX3		False	True	70.0
collectri	cosmos	tf	PAX5		False	False	35.0
collectri	cosmos	tf	PAX6		False	True	94.0
collectri	cosmos	tf	PAX7		False	False	13.0
collectri	cosmos	tf	PAX8		False	False	13.0
collectri	cosmos	tf	PAX9		False	True	8.0
collectri	cosmos	tf	PBRM1		False	True	7.0
collectri	cosmos	tf	PBX1		False	True	33.0
collectri	cosmos	tf	PDX1		False	False	53.0
collectri	cosmos	tf	PEG3		False	False	6.0
collectri	cosmos	tf	PGR		False	False	78.0
collectri	cosmos	tf	PHF20		False	True	7.0
collectri	cosmos	tf	PHOX2A		False	True	5.0
collectri	cosmos	tf	PHOX2B		False	False	7.0
collectri	cosmos	tf	PIN1		False	True	5.0
collectri	cosmos	tf	PITX1		False	True	20.0
collectri	cosmos	tf	PITX2		False	True	68.0
collectri	cosmos	tf	PITX3		False	False	9.0
collectri	cosmos	tf	PKNOX1		False	True	11.0
collectri	cosmos	tf	PLAG1		False	True	6.0
collectri	cosmos	tf	PLAGL1		False	True	13.0
collectri	cosmos	tf	PML		False	True	15.0
collectri	cosmos	tf	POU1F1		False	False	28.0
collectri	cosmos	tf	POU2F1		False	True	51.0
collectri	cosmos	tf	POU2F2		False	True	15.0
collectri	cosmos	tf	POU3F1		False	True	9.0
collectri	cosmos	tf	POU3F2		False	False	19.0
collectri	cosmos	tf	POU4F1		False	False	18.0
collectri	cosmos	tf	POU4F2		False	False	18.0
collectri	cosmos	tf	POU5F1		False	True	55.0
collectri	cosmos	tf	PPARA		False	True	145.0
collectri	cosmos	tf	PPARD		False	True	60.0
collectri	cosmos	tf	PPARG		False	False	201.0
collectri	cosmos	tf	PPARGC1A		False	True	21.0
collectri	cosmos	tf	PRDM1		False	True	29.0
collectri	cosmos	tf	PRDM2		False	False	7.0
collectri	cosmos	tf	PRDM4		False	False	5.0
collectri	cosmos	tf	PREB		False	False	7.0
collectri	cosmos	tf	PROX1		False	True	22.0
collectri	cosmos	tf	PRRX1		False	True	5.0
collectri	cosmos	tf	PTF1A		False	False	5.0
collectri	cosmos	tf	PURA		False	True	12.0
collectri	cosmos	tf	RARA		False	True	96.0
collectri	cosmos	tf	RARB		False	True	30.0
collectri	cosmos	tf	RARG		False	True	20.0
collectri	cosmos	tf	RB1		False	True	25.0
collectri	cosmos	tf	RBPJ		False	True	97.0
collectri	cosmos	tf	RCOR2		False	False	13.0
collectri	cosmos	tf	REL		False	True	53.0
collectri	cosmos	tf	RELA		False	True	293.0
collectri	cosmos	tf	RELB		False	True	29.0
collectri	cosmos	tf	REST		False	True	40.0
collectri	cosmos	tf	RFX1		False	True	12.0
collectri	cosmos	tf	RFX5		False	True	7.0
collectri	cosmos	tf	RFXANK		False	True	5.0
collectri	cosmos	tf	RORA		False	True	35.0
collectri	cosmos	tf	RUNX1		False	False	104.0
collectri	cosmos	tf	RUNX2		False	True	76.0
collectri	cosmos	tf	RUNX3		False	False	38.0
collectri	cosmos	tf	RXRA		False	True	49.0
collectri	cosmos	tf	RXRB		False	True	5.0
collectri	cosmos	tf	SALL1		False	False	5.0
collectri	cosmos	tf	SALL2		False	False	6.0
collectri	cosmos	tf	SALL3		False	False	6.0
collectri	cosmos	tf	SALL4		False	False	13.0
collectri	cosmos	tf	SATB1		False	True	24.0
collectri	cosmos	tf	SATB2		False	False	21.0
collectri	cosmos	tf	SCX		False	False	7.0
collectri	cosmos	tf	SF1		False	True	6.0
collectri	cosmos	tf	SFPQ		False	True	16.0
collectri	cosmos	tf	SIM2		False	False	9.0
collectri	cosmos	tf	SIN3A		False	True	7.0
collectri	cosmos	tf	SIRT1		False	True	43.0
collectri	cosmos	tf	SIX1		False	True	11.0
collectri	cosmos	tf	SIX4		False	False	5.0
collectri	cosmos	tf	SKIL		False	True	12.0
collectri	cosmos	tf	SMAD1		False	True	42.0
collectri	cosmos	tf	SMAD2		False	True	57.0
collectri	cosmos	tf	SMAD3		False	True	100.0
collectri	cosmos	tf	SMAD4		False	True	74.0
collectri	cosmos	tf	SMAD5		False	True	25.0
collectri	cosmos	tf	SMAD6		False	True	15.0
collectri	cosmos	tf	SMAD7		False	True	43.0
collectri	cosmos	tf	SMARCA1		False	True	35.0
collectri	cosmos	tf	SMARCA4		False	True	9.0
collectri	cosmos	tf	SMARCA5		False	True	10.0
collectri	cosmos	tf	SMARCB1		False	True	5.0
collectri	cosmos	tf	SMARCC1		False	True	6.0
collectri	cosmos	tf	SNAI1		False	True	66.0
collectri	cosmos	tf	SNAI2		False	False	30.0
collectri	cosmos	tf	SOX10		False	False	17.0
collectri	cosmos	tf	SOX11		False	False	8.0
collectri	cosmos	tf	SOX17		False	False	24.0
collectri	cosmos	tf	SOX2		False	True	54.0
collectri	cosmos	tf	SOX4		False	True	20.0
collectri	cosmos	tf	SOX5		False	False	9.0
collectri	cosmos	tf	SOX6		False	False	12.0
collectri	cosmos	tf	SOX9		False	True	55.0
collectri	cosmos	tf	SP1		False	True	796.0
collectri	cosmos	tf	SP2		False	True	15.0
collectri	cosmos	tf	SP3		False	True	261.0
collectri	cosmos	tf	SP4		False	False	37.0
collectri	cosmos	tf	SP7		False	False	20.0
collectri	cosmos	tf	SPDEF		False	False	8.0
collectri	cosmos	tf	SPI1		False	False	137.0
collectri	cosmos	tf	SPIB		False	False	6.0
collectri	cosmos	tf	SREBF1		False	True	86.0
collectri	cosmos	tf	SREBF2		False	True	49.0
collectri	cosmos	tf	SRF		False	True	65.0
collectri	cosmos	tf	SRSF2		False	True	12.0
collectri	cosmos	tf	SRY		False	False	18.0
collectri	cosmos	tf	SSRP1		False	True	78.0
collectri	cosmos	tf	STAT1		False	True	181.0
collectri	cosmos	tf	STAT2		False	True	24.0
collectri	cosmos	tf	STAT3		False	True	259.0
collectri	cosmos	tf	STAT4		False	True	11.0
collectri	cosmos	tf	STAT5A		False	True	108.0
collectri	cosmos	tf	STAT5B		False	True	56.0
collectri	cosmos	tf	STAT6		False	True	47.0
collectri	cosmos	tf	STOX1		False	False	5.0
collectri	cosmos	tf	TADA2A		False	False	7.0
collectri	cosmos	tf	TAF1		False	True	36.0
collectri	cosmos	tf	TAL1		False	False	55.0
collectri	cosmos	tf	TBP		False	True	109.0
collectri	cosmos	tf	TBPL1		False	False	24.0
collectri	cosmos	tf	TBPL2		False	False	8.0
collectri	cosmos	tf	TBX1		False	True	9.0
collectri	cosmos	tf	TBX15		False	False	17.0
collectri	cosmos	tf	TBX18		False	False	9.0
collectri	cosmos	tf	TBX2		False	False	19.0
collectri	cosmos	tf	TBX21		False	False	17.0
collectri	cosmos	tf	TBX3		False	False	13.0
collectri	cosmos	tf	TBX5		False	False	16.0
collectri	cosmos	tf	TBXT		False	False	7.0
collectri	cosmos	tf	TCF12		False	True	28.0
collectri	cosmos	tf	TCF21		False	False	12.0
collectri	cosmos	tf	TCF3		False	True	67.0
collectri	cosmos	tf	TCF4		False	True	34.0
collectri	cosmos	tf	TCF7		False	True	11.0
collectri	cosmos	tf	TCF7L2		False	True	74.0
collectri	cosmos	tf	TEAD1		False	True	15.0
collectri	cosmos	tf	TEAD2		False	True	5.0
collectri	cosmos	tf	TEAD4		False	True	7.0
collectri	cosmos	tf	TEF		False	False	8.0
collectri	cosmos	tf	TET1		False	True	11.0
collectri	cosmos	tf	TFAM		False	True	10.0
collectri	cosmos	tf	TFAP2A		False	False	181.0
collectri	cosmos	tf	TFAP2B		False	True	11.0
collectri	cosmos	tf	TFAP2C		False	False	17.0
collectri	cosmos	tf	TFAP4		False	True	21.0
collectri	cosmos	tf	TFCP2		False	True	37.0
collectri	cosmos	tf	TFDP1		False	True	30.0
collectri	cosmos	tf	TFDP2		False	True	6.0
collectri	cosmos	tf	TFDP3		False	False	5.0
collectri	cosmos	tf	TFE3		False	False	21.0
collectri	cosmos	tf	TGFB1I1		False	True	12.0
collectri	cosmos	tf	TGIF1		False	True	10.0
collectri	cosmos	tf	THAP11		False	False	6.0
collectri	cosmos	tf	THRA		False	True	47.0
collectri	cosmos	tf	THRB		False	True	27.0
collectri	cosmos	tf	TLX1		False	False	7.0
collectri	cosmos	tf	TP53		False	True	707.0
collectri	cosmos	tf	TP63		False	False	141.0
collectri	cosmos	tf	TP73		False	True	94.0
collectri	cosmos	tf	TRIM28		False	True	5.0
collectri	cosmos	tf	TRPS1		False	True	11.0
collectri	cosmos	tf	TSC22D1		False	False	7.0
collectri	cosmos	tf	TTF1		False	True	30.0
collectri	cosmos	tf	TWIST1		False	True	49.0
collectri	cosmos	tf	TWIST2		False	False	23.0
collectri	cosmos	tf	UBTF		False	True	8.0
collectri	cosmos	tf	USF1		False	True	120.0
collectri	cosmos	tf	USF2		False	True	63.0
collectri	cosmos	tf	VDR		False	False	69.0
collectri	cosmos	tf	VEZF1		False	False	5.0
collectri	cosmos	tf	VHL		False	True	20.0
collectri	cosmos	tf	VSX2		False	False	17.0
collectri	cosmos	tf	WT1		False	False	101.0
collectri	cosmos	tf	WWTR1		False	True	6.0
collectri	cosmos	tf	XBP1		False	True	34.0
collectri	cosmos	tf	YAP1		False	True	7.0
collectri	cosmos	tf	YBX1		False	True	66.0
collectri	cosmos	tf	YBX3		False	False	22.0
collectri	cosmos	tf	YY1		False	True	162.0
collectri	cosmos	tf	ZBED1		False	False	16.0
collectri	cosmos	tf	ZBTB14		False	True	5.0
collectri	cosmos	tf	ZBTB16		False	True	36.0
collectri	cosmos	tf	ZBTB17		False	True	29.0
collectri	cosmos	tf	ZBTB18		False	False	7.0
collectri	cosmos	tf	ZBTB33		False	True	7.0
collectri	cosmos	tf	ZBTB4		False	True	11.0
collectri	cosmos	tf	ZBTB7A		False	False	28.0
collectri	cosmos	tf	ZBTB7B		False	False	8.0
collectri	cosmos	tf	ZEB1		False	True	30.0
collectri	cosmos	tf	ZEB2		False	True	18.0
collectri	cosmos	tf	ZFHX3		False	False	5.0
collectri	cosmos	tf	ZFP42		False	False	12.0
collectri	cosmos	tf	ZFPM1		False	False	7.0
collectri	cosmos	tf	ZFPM2		False	False	7.0
collectri	cosmos	tf	ZGLP1		False	False	11.0
collectri	cosmos	tf	ZHX2		False	False	9.0
collectri	cosmos	tf	ZIC1		False	True	11.0
collectri	cosmos	tf	ZIC2		False	False	5.0
collectri	cosmos	tf	ZKSCAN7		False	False	10.0
collectri	cosmos	tf	ZMYND8		False	True	6.0
collectri	cosmos	tf	ZNF143		False	False	20.0
collectri	cosmos	tf	ZNF148		False	True	17.0
collectri	cosmos	tf	ZNF236		False	False	5.0
collectri	cosmos	tf	ZNF331		False	False	17.0
collectri	cosmos	tf	ZNF335		False	False	5.0
collectri	cosmos	tf	ZNF350		False	True	8.0
collectri	cosmos	tf	ZNF354C		False	False	16.0
collectri	cosmos	tf	ZNF362		False	False	9.0
collectri	cosmos	tf	ZNF382		False	False	8.0
collectri	cosmos	tf	ZNF384		False	False	10.0
collectri	cosmos	tf	ZNF395		False	False	5.0
collectri	cosmos	tf	ZNF436		False	False	5.0
collectri	cosmos	tf	ZNF699		False	False	33.0
collectri	cosmos	tf	ZNF76		False	True	6.0
collectri	cosmos	tf	ZNF804A		False	False	7.0
collectri	cosmos	tf	ZNF91		False	False	24.0
collectri	cosmos	complex_member	AP1	ATF3	True	True	
collectri	cosmos	complex_member	AP1	FOS	True	True	
collectri	cosmos	complex_member	AP1	FOSB	True	False	
collectri	cosmos	complex_member	AP1	JUN	True	True	
collectri	cosmos	complex_member	AP1	JUNB	True	True	
collectri	cosmos	complex_member	NFKB	NFKB1	True	True	
collectri	cosmos	complex_member	NFKB	NFKB2	True	True	
collectri	cosmos	complex_member	NFKB	RELA	True	True	
collectri	cosmos	complex_member	NFKB	RELB	True	True	
collectri	cosmos	complex_member	NFKB	REL	True	True	
collectri_nocomplex	omnipath	tf	ABL1		False	True	10.0
collectri_nocomplex	omnipath	tf	AHR		False	False	92.0
collectri_nocomplex	omnipath	tf	AIRE		False	False	9.0
collectri_nocomplex	omnipath	tf	APEX1		False	True	25.0
collectri_nocomplex	omnipath	tf	AR		False	True	348.0
collectri_nocomplex	omnipath	tf	ARID1A		False	False	5.0
collectri_nocomplex	omnipath	tf	ARID3A		False	True	6.0
collectri_nocomplex	omnipath	tf	ARID3B		False	False	6.0
collectri_nocomplex	omnipath	tf	ARID4A		False	True	6.0
collectri_nocomplex	omnipath	tf	ARID4B		False	False	6.0
collectri_nocomplex	omnipath	tf	ARNT		False	True	40.0
collectri_nocomplex	omnipath	tf	ARX		False	False	19.0
collectri_nocomplex	omnipath	tf	ASCL1		False	False	50.0
collectri_nocomplex	omnipath	tf	ASCL2		False	False	8.0
collectri_nocomplex	omnipath	tf	ATF1		False	True	57.0
collectri_nocomplex	omnipath	tf	ATF2		False	True	76.0
collectri_nocomplex	omnipath	tf	ATF3		False	True	68.0
collectri_nocomplex	omnipath	tf	ATF4		False	True	85.0
collectri_nocomplex	omnipath	tf	ATF5		False	False	22.0
collectri_nocomplex	omnipath	tf	ATF6		False	True	44.0
collectri_nocomplex	omnipath	tf	BACH1		False	True	11.0
collectri_nocomplex	omnipath	tf	BACH2		False	True	5.0
collectri_nocomplex	omnipath	tf	BARX1		False	False	7.0
collectri_nocomplex	omnipath	tf	BARX2		False	False	10.0
collectri_nocomplex	omnipath	tf	BATF		False	False	6.0
collectri_nocomplex	omnipath	tf	BCL11A		False	False	7.0
collectri_nocomplex	omnipath	tf	BCL11B		False	False	15.0
collectri_nocomplex	omnipath	tf	BCL3		False	True	13.0
collectri_nocomplex	omnipath	tf	BCL6		False	True	45.0
collectri_nocomplex	omnipath	tf	BCLAF1		False	False	7.0
collectri_nocomplex	omnipath	tf	BCOR		False	True	6.0
collectri_nocomplex	omnipath	tf	BHLHA15		False	False	5.0
collectri_nocomplex	omnipath	tf	BHLHE40		False	False	25.0
collectri_nocomplex	omnipath	tf	BHLHE41		False	True	18.0
collectri_nocomplex	omnipath	tf	BMAL1		False	True	44.0
collectri_nocomplex	omnipath	tf	BMAL2		False	False	6.0
collectri_nocomplex	omnipath	tf	BRCA1		False	True	46.0
collectri_nocomplex	omnipath	tf	BRD4		False	True	8.0
collectri_nocomplex	omnipath	tf	BTG2		False	True	6.0
collectri_nocomplex	omnipath	tf	CDX1		False	False	16.0
collectri_nocomplex	omnipath	tf	CDX2		False	False	31.0
collectri_nocomplex	omnipath	tf	CEBPA		False	False	104.0
collectri_nocomplex	omnipath	tf	CEBPB		False	True	240.0
collectri_nocomplex	omnipath	tf	CEBPD		False	True	35.0
collectri_nocomplex	omnipath	tf	CEBPE		False	False	12.0
collectri_nocomplex	omnipath	tf	CEBPG		False	False	84.0
collectri_nocomplex	omnipath	tf	CEBPZ		False	False	13.0
collectri_nocomplex	omnipath	tf	CIITA		False	True	10.0
collectri_nocomplex	omnipath	tf	CLOCK		False	True	48.0
collectri_nocomplex	omnipath	tf	CREB1		False	True	271.0
collectri_nocomplex	omnipath	tf	CREB3		False	True	8.0
collectri_nocomplex	omnipath	tf	CREB3L1		False	False	6.0
collectri_nocomplex	omnipath	tf	CREB5		False	True	6.0
collectri_nocomplex	omnipath	tf	CREBBP		False	True	26.0
collectri_nocomplex	omnipath	tf	CREBZF		False	False	11.0
collectri_nocomplex	omnipath	tf	CREM		False	True	42.0
collectri_nocomplex	omnipath	tf	CRX		False	False	14.0
collectri_nocomplex	omnipath	tf	CTBP2		False	True	8.0
collectri_nocomplex	omnipath	tf	CTCF		False	True	91.0
collectri_nocomplex	omnipath	tf	CTCFL		False	False	7.0
collectri_nocomplex	omnipath	tf	CTNNB1		False	True	198.0
collectri_nocomplex	omnipath	tf	CUX1		False	True	71.0
collectri_nocomplex	omnipath	tf	CXXC1		False	False	11.0
collectri_nocomplex	omnipath	tf	DACH1		False	False	6.0
collectri_nocomplex	omnipath	tf	DBP		False	True	18.0
collectri_nocomplex	omnipath	tf	DDIT3		False	True	65.0
collectri_nocomplex	omnipath	tf	DEAF1		False	False	7.0
collectri_nocomplex	omnipath	tf	DLX1		False	False	5.0
collectri_nocomplex	omnipath	tf	DLX2		False	False	12.0
collectri_nocomplex	omnipath	tf	DLX3		False	False	8.0
collectri_nocomplex	omnipath	tf	DLX4		False	False	22.0
collectri_nocomplex	omnipath	tf	DLX5		False	False	22.0
collectri_nocomplex	omnipath	tf	DMTF1		False	False	13.0
collectri_nocomplex	omnipath	tf	DNMT1		False	True	106.0
collectri_nocomplex	omnipath	tf	DNMT3A		False	True	39.0
collectri_nocomplex	omnipath	tf	DNMT3B		False	True	41.0
collectri_nocomplex	omnipath	tf	DOT1L		False	False	8.0
collectri_nocomplex	omnipath	tf	E2F1		False	True	263.0
collectri_nocomplex	omnipath	tf	E2F2		False	True	47.0
collectri_nocomplex	omnipath	tf	E2F3		False	True	61.0
collectri_nocomplex	omnipath	tf	E2F4		False	True	151.0
collectri_nocomplex	omnipath	tf	E2F5		False	True	9.0
collectri_nocomplex	omnipath	tf	E2F6		False	True	35.0
collectri_nocomplex	omnipath	tf	E2F7		False	True	6.0
collectri_nocomplex	omnipath	tf	E4F1		False	True	10.0
collectri_nocomplex	omnipath	tf	EBF1		False	True	15.0
collectri_nocomplex	omnipath	tf	EBF3		False	False	8.0
collectri_nocomplex	omnipath	tf	EGR1		False	True	224.0
collectri_nocomplex	omnipath	tf	EGR2		False	True	44.0
collectri_nocomplex	omnipath	tf	EGR3		False	False	16.0
collectri_nocomplex	omnipath	tf	EGR4		False	False	8.0
collectri_nocomplex	omnipath	tf	EHF		False	False	6.0
collectri_nocomplex	omnipath	tf	ELF1		False	True	35.0
collectri_nocomplex	omnipath	tf	ELF2		False	False	5.0
collectri_nocomplex	omnipath	tf	ELF3		False	False	13.0
collectri_nocomplex	omnipath	tf	ELF4		False	True	24.0
collectri_nocomplex	omnipath	tf	ELF5		False	False	5.0
collectri_nocomplex	omnipath	tf	ELK1		False	True	46.0
collectri_nocomplex	omnipath	tf	ELK3		False	True	15.0
collectri_nocomplex	omnipath	tf	ELK4		False	True	6.0
collectri_nocomplex	omnipath	tf	EMX2		False	False	6.0
collectri_nocomplex	omnipath	tf	EN1		False	False	7.0
collectri_nocomplex	omnipath	tf	ENO1		False	True	11.0
collectri_nocomplex	omnipath	tf	EOMES		False	False	12.0
collectri_nocomplex	omnipath	tf	EP300		False	True	40.0
collectri_nocomplex	omnipath	tf	EPAS1		False	False	58.0
collectri_nocomplex	omnipath	tf	ERF		False	True	12.0
collectri_nocomplex	omnipath	tf	ERG		False	False	26.0
collectri_nocomplex	omnipath	tf	ESR1		False	False	400.0
collectri_nocomplex	omnipath	tf	ESR2		False	False	135.0
collectri_nocomplex	omnipath	tf	ESRRA		False	True	29.0
collectri_nocomplex	omnipath	tf	ESRRB		False	False	7.0
collectri_nocomplex	omnipath	tf	ESRRG		False	False	16.0
collectri_nocomplex	omnipath	tf	ETS1		False	True	111.0
collectri_nocomplex	omnipath	tf	ETS2		False	True	59.0
collectri_nocomplex	omnipath	tf	ETV1		False	True	16.0
collectri_nocomplex	omnipath	tf	ETV3		False	True	11.0
collectri_nocomplex	omnipath	tf	ETV4		False	True	42.0
collectri_nocomplex	omnipath	tf	ETV5		False	True	7.0
collectri_nocomplex	omnipath	tf	ETV6		False	True	13.0
collectri_nocomplex	omnipath	tf	ETV7		False	False	8.0
collectri_nocomplex	omnipath	tf	EWSR1		False	True	42.0
collectri_nocomplex	omnipath	tf	EZH2		False	True	99.0
collectri_nocomplex	omnipath	tf	FEZF1		False	False	5.0
collectri_nocomplex	omnipath	tf	FEZF2		False	False	6.0
collectri_nocomplex	omnipath	tf	FGF2		False	True	7.0
collectri_nocomplex	omnipath	tf	FHL2		False	True	6.0
collectri_nocomplex	omnipath	tf	FLI1		False	False	52.0
collectri_nocomplex	omnipath	tf	FOS		False	True	180.0
collectri_nocomplex	omnipath	tf	FOSB		False	False	24.0
collectri_nocomplex	omnipath	tf	FOSL1		False	True	29.0
collectri_nocomplex	omnipath	tf	FOSL2		False	False	21.0
collectri_nocomplex	omnipath	tf	FOXA1		False	False	27.0
collectri_nocomplex	omnipath	tf	FOXA2		False	False	50.0
collectri_nocomplex	omnipath	tf	FOXC1		False	True	13.0
collectri_nocomplex	omnipath	tf	FOXC2		False	False	12.0
collectri_nocomplex	omnipath	tf	FOXD3		False	False	7.0
collectri_nocomplex	omnipath	tf	FOXF2		False	False	6.0
collectri_nocomplex	omnipath	tf	FOXG1		False	False	12.0
collectri_nocomplex	omnipath	tf	FOXH1		False	True	8.0
collectri_nocomplex	omnipath	tf	FOXJ1		False	False	12.0
collectri_nocomplex	omnipath	tf	FOXL2		False	True	13.0
collectri_nocomplex	omnipath	tf	FOXM1		False	True	55.0
collectri_nocomplex	omnipath	tf	FOXN1		False	False	29.0
collectri_nocomplex	omnipath	tf	FOXN4		False	False	6.0
collectri_nocomplex	omnipath	tf	FOXO1		False	True	176.0
collectri_nocomplex	omnipath	tf	FOXO3		False	True	145.0
collectri_nocomplex	omnipath	tf	FOXO4		False	True	20.0
collectri_nocomplex	omnipath	tf	FOXP1		False	False	10.0
collectri_nocomplex	omnipath	tf	FOXP2		False	False	6.0
collectri_nocomplex	omnipath	tf	FOXP3		False	False	28.0
collectri_nocomplex	omnipath	tf	FOXQ1		False	False	10.0
collectri_nocomplex	omnipath	tf	GABPA		False	True	24.0
collectri_nocomplex	omnipath	tf	GATA1		False	False	55.0
collectri_nocomplex	omnipath	tf	GATA2		False	False	39.0
collectri_nocomplex	omnipath	tf	GATA3		False	False	102.0
collectri_nocomplex	omnipath	tf	GATA4		False	False	67.0
collectri_nocomplex	omnipath	tf	GATA5		False	False	10.0
collectri_nocomplex	omnipath	tf	GATA6		False	False	44.0
collectri_nocomplex	omnipath	tf	GBX2		False	False	5.0
collectri_nocomplex	omnipath	tf	GCM1		False	False	6.0
collectri_nocomplex	omnipath	tf	GFI1		False	False	31.0
collectri_nocomplex	omnipath	tf	GFI1B		False	False	8.0
collectri_nocomplex	omnipath	tf	GLI1		False	True	129.0
collectri_nocomplex	omnipath	tf	GLI2		False	True	100.0
collectri_nocomplex	omnipath	tf	GLI3		False	True	25.0
collectri_nocomplex	omnipath	tf	GRHL3		False	False	15.0
collectri_nocomplex	omnipath	tf	GSC		False	False	7.0
collectri_nocomplex	omnipath	tf	GTF2I		False	True	17.0
collectri_nocomplex	omnipath	tf	GTF2IRD1		False	False	6.0
collectri_nocomplex	omnipath	tf	GTF3A		False	False	20.0
collectri_nocomplex	omnipath	tf	HAND2		False	False	24.0
collectri_nocomplex	omnipath	tf	HBP1		False	True	29.0
collectri_nocomplex	omnipath	tf	HCFC1		False	True	7.0
collectri_nocomplex	omnipath	tf	HDAC1		False	True	51.0
collectri_nocomplex	omnipath	tf	HDAC3		False	True	15.0
collectri_nocomplex	omnipath	tf	HDAC4		False	True	16.0
collectri_nocomplex	omnipath	tf	HDAC5		False	True	7.0
collectri_nocomplex	omnipath	tf	HDAC7		False	True	9.0
collectri_nocomplex	omnipath	tf	HDAC9		False	True	13.0
collectri_nocomplex	omnipath	tf	HDGF		False	False	5.0
collectri_nocomplex	omnipath	tf	HES1		False	True	59.0
collectri_nocomplex	omnipath	tf	HES6		False	True	5.0
collectri_nocomplex	omnipath	tf	HESX1		False	False	14.0
collectri_nocomplex	omnipath	tf	HEY1		False	True	25.0
collectri_nocomplex	omnipath	tf	HEY2		False	False	10.0
collectri_nocomplex	omnipath	tf	HHEX		False	False	15.0
collectri_nocomplex	omnipath	tf	HIC1		False	True	16.0
collectri_nocomplex	omnipath	tf	HIF1A		False	True	303.0
collectri_nocomplex	omnipath	tf	HINFP		False	True	10.0
collectri_nocomplex	omnipath	tf	HIPK2		False	True	8.0
collectri_nocomplex	omnipath	tf	HIVEP1		False	False	7.0
collectri_nocomplex	omnipath	tf	HLF		False	False	9.0
collectri_nocomplex	omnipath	tf	HLX		False	False	13.0
collectri_nocomplex	omnipath	tf	HMGA1		False	True	33.0
collectri_nocomplex	omnipath	tf	HMGA2		False	True	31.0
collectri_nocomplex	omnipath	tf	HMGB2		False	True	8.0
collectri_nocomplex	omnipath	tf	HNF1A		False	False	40.0
collectri_nocomplex	omnipath	tf	HNF1B		False	False	17.0
collectri_nocomplex	omnipath	tf	HNF4A		False	False	130.0
collectri_nocomplex	omnipath	tf	HOPX		False	False	5.0
collectri_nocomplex	omnipath	tf	HOXA1		False	True	17.0
collectri_nocomplex	omnipath	tf	HOXA10		False	False	30.0
collectri_nocomplex	omnipath	tf	HOXA11		False	False	5.0
collectri_nocomplex	omnipath	tf	HOXA13		False	False	10.0
collectri_nocomplex	omnipath	tf	HOXA2		False	False	5.0
collectri_nocomplex	omnipath	tf	HOXA5		False	True	9.0
collectri_nocomplex	omnipath	tf	HOXA7		False	True	12.0
collectri_nocomplex	omnipath	tf	HOXA9		False	True	30.0
collectri_nocomplex	omnipath	tf	HOXB1		False	True	7.0
collectri_nocomplex	omnipath	tf	HOXB13		False	False	9.0
collectri_nocomplex	omnipath	tf	HOXB3		False	False	5.0
collectri_nocomplex	omnipath	tf	HOXB4		False	False	7.0
collectri_nocomplex	omnipath	tf	HOXB7		False	False	14.0
collectri_nocomplex	omnipath	tf	HOXC6		False	False	8.0
collectri_nocomplex	omnipath	tf	HOXC8		False	False	12.0
collectri_nocomplex	omnipath	tf	HOXD1		False	False	5.0
collectri_nocomplex	omnipath	tf	HOXD13		False	True	15.0
collectri_nocomplex	omnipath	tf	HOXD3		False	False	7.0
collectri_nocomplex	omnipath	tf	HOXD8		False	False	5.0
collectri_nocomplex	omnipath	tf	HR		False	False	53.0
collectri_nocomplex	omnipath	tf	HSF1		False	True	61.0
collectri_nocomplex	omnipath	tf	HSF2		False	True	16.0
collectri_nocomplex	omnipath	tf	HSF4		False	False	7.0
collectri_nocomplex	omnipath	tf	HTATIP2		False	True	12.0
collectri_nocomplex	omnipath	tf	ID1		False	True	49.0
collectri_nocomplex	omnipath	tf	ID2		False	True	40.0
collectri_nocomplex	omnipath	tf	ID3		False	True	26.0
collectri_nocomplex	omnipath	tf	ID4		False	False	8.0
collectri_nocomplex	omnipath	tf	IKZF1		False	False	13.0
collectri_nocomplex	omnipath	tf	ING4		False	False	11.0
collectri_nocomplex	omnipath	tf	IRF1		False	True	81.0
collectri_nocomplex	omnipath	tf	IRF2		False	True	32.0
collectri_nocomplex	omnipath	tf	IRF3		False	True	40.0
collectri_nocomplex	omnipath	tf	IRF4		False	False	21.0
collectri_nocomplex	omnipath	tf	IRF5		False	False	6.0
collectri_nocomplex	omnipath	tf	IRF6		False	False	8.0
collectri_nocomplex	omnipath	tf	IRF7		False	True	8.0
collectri_nocomplex	omnipath	tf	IRF8		False	False	26.0
collectri_nocomplex	omnipath	tf	IRF9		False	True	15.0
collectri_nocomplex	omnipath	tf	IRX1		False	False	10.0
collectri_nocomplex	omnipath	tf	ISL1		False	False	14.0
collectri_nocomplex	omnipath	tf	JARID2		False	True	9.0
collectri_nocomplex	omnipath	tf	JDP2		False	True	24.0
collectri_nocomplex	omnipath	tf	JUN		False	True	363.0
collectri_nocomplex	omnipath	tf	JUNB		False	True	54.0
collectri_nocomplex	omnipath	tf	JUND		False	True	52.0
collectri_nocomplex	omnipath	tf	KAT2B		False	True	13.0
collectri_nocomplex	omnipath	tf	KAT5		False	True	43.0
collectri_nocomplex	omnipath	tf	KAT6A		False	True	8.0
collectri_nocomplex	omnipath	tf	KAT6B		False	True	6.0
collectri_nocomplex	omnipath	tf	KAT7		False	True	45.0
collectri_nocomplex	omnipath	tf	KCNIP3		False	False	8.0
collectri_nocomplex	omnipath	tf	KDM2A		False	False	7.0
collectri_nocomplex	omnipath	tf	KDM5A		False	True	13.0
collectri_nocomplex	omnipath	tf	KDM5B		False	True	22.0
collectri_nocomplex	omnipath	tf	KDM5C		False	False	9.0
collectri_nocomplex	omnipath	tf	KDM5D		False	False	6.0
collectri_nocomplex	omnipath	tf	KLF1		False	False	12.0
collectri_nocomplex	omnipath	tf	KLF10		False	True	22.0
collectri_nocomplex	omnipath	tf	KLF11		False	True	13.0
collectri_nocomplex	omnipath	tf	KLF13		False	True	9.0
collectri_nocomplex	omnipath	tf	KLF15		False	False	15.0
collectri_nocomplex	omnipath	tf	KLF17		False	False	5.0
collectri_nocomplex	omnipath	tf	KLF2		False	False	31.0
collectri_nocomplex	omnipath	tf	KLF4		False	True	74.0
collectri_nocomplex	omnipath	tf	KLF5		False	True	48.0
collectri_nocomplex	omnipath	tf	KLF6		False	True	33.0
collectri_nocomplex	omnipath	tf	KLF7		False	True	8.0
collectri_nocomplex	omnipath	tf	KLF8		False	False	13.0
collectri_nocomplex	omnipath	tf	KLF9		False	False	14.0
collectri_nocomplex	omnipath	tf	KMT2A		False	True	50.0
collectri_nocomplex	omnipath	tf	KMT2B		False	True	9.0
collectri_nocomplex	omnipath	tf	LEF1		False	True	63.0
collectri_nocomplex	omnipath	tf	LHX2		False	False	17.0
collectri_nocomplex	omnipath	tf	LHX8		False	False	6.0
collectri_nocomplex	omnipath	tf	LITAF		False	False	18.0
collectri_nocomplex	omnipath	tf	LMO2		False	False	14.0
collectri_nocomplex	omnipath	tf	LMX1B		False	False	13.0
collectri_nocomplex	omnipath	tf	LRRFIP1		False	False	8.0
collectri_nocomplex	omnipath	tf	LYL1		False	False	9.0
collectri_nocomplex	omnipath	tf	MAF		False	True	25.0
collectri_nocomplex	omnipath	tf	MAFA		False	False	10.0
collectri_nocomplex	omnipath	tf	MAFB		False	False	21.0
collectri_nocomplex	omnipath	tf	MAFG		False	True	8.0
collectri_nocomplex	omnipath	tf	MAFK		False	True	12.0
collectri_nocomplex	omnipath	tf	MAML1		False	True	5.0
collectri_nocomplex	omnipath	tf	MAX		False	True	37.0
collectri_nocomplex	omnipath	tf	MAZ		False	True	24.0
collectri_nocomplex	omnipath	tf	MBD1		False	True	10.0
collectri_nocomplex	omnipath	tf	MBD2		False	False	55.0
collectri_nocomplex	omnipath	tf	MECOM		False	True	13.0
collectri_nocomplex	omnipath	tf	MECP2		False	True	20.0
collectri_nocomplex	omnipath	tf	MED1		False	True	9.0
collectri_nocomplex	omnipath	tf	MEF2A		False	True	62.0
collectri_nocomplex	omnipath	tf	MEF2C		False	True	44.0
collectri_nocomplex	omnipath	tf	MEF2D		False	True	18.0
collectri_nocomplex	omnipath	tf	MEIS1		False	True	15.0
collectri_nocomplex	omnipath	tf	MEOX1		False	True	6.0
collectri_nocomplex	omnipath	tf	MEOX2		False	False	6.0
collectri_nocomplex	omnipath	tf	MESP2		False	False	7.0
collectri_nocomplex	omnipath	tf	MITF		False	False	60.0
collectri_nocomplex	omnipath	tf	MLXIP		False	False	5.0
collectri_nocomplex	omnipath	tf	MLXIPL		False	False	12.0
collectri_nocomplex	omnipath	tf	MNT		False	True	8.0
collectri_nocomplex	omnipath	tf	MSC		False	True	14.0
collectri_nocomplex	omnipath	tf	MSX1		False	True	14.0
collectri_nocomplex	omnipath	tf	MSX2		False	True	26.0
collectri_nocomplex	omnipath	tf	MTA1		False	True	36.0
collectri_nocomplex	omnipath	tf	MTA3		False	True	10.0
collectri_nocomplex	omnipath	tf	MTF1		False	False	23.0
collectri_nocomplex	omnipath	tf	MTF2		False	False	5.0
collectri_nocomplex	omnipath	tf	MXD1		False	True	19.0
collectri_nocomplex	omnipath	tf	MXI1		False	True	8.0
collectri_nocomplex	omnipath	tf	MYB		False	True	105.0
collectri_nocomplex	omnipath	tf	MYBL1		False	True	6.0
collectri_nocomplex	omnipath	tf	MYBL2		False	True	43.0
collectri_nocomplex	omnipath	tf	MYC		False	True	706.0
collectri_nocomplex	omnipath	tf	MYCN		False	True	101.0
collectri_nocomplex	omnipath	tf	MYF5		False	False	13.0
collectri_nocomplex	omnipath	tf	MYF6		False	False	9.0
collectri_nocomplex	omnipath	tf	MYOCD		False	False	5.0
collectri_nocomplex	omnipath	tf	MYOD1		False	False	96.0
collectri_nocomplex	omnipath	tf	MYOG		False	False	35.0
collectri_nocomplex	omnipath	tf	MYRF		False	False	6.0
collectri_nocomplex	omnipath	tf	MYT1		False	True	5.0
collectri_nocomplex	omnipath	tf	MZF1		False	True	17.0
collectri_nocomplex	omnipath	tf	NAB2		False	True	5.0
collectri_nocomplex	omnipath	tf	NANOG		False	False	38.0
collectri_nocomplex	omnipath	tf	NCOA1		False	True	48.0
collectri_nocomplex	omnipath	tf	NCOA2		False	True	42.0
collectri_nocomplex	omnipath	tf	NCOA3		False	True	48.0
collectri_nocomplex	omnipath	tf	NCOR1		False	True	53.0
collectri_nocomplex	omnipath	tf	NCOR2		False	True	41.0
collectri_nocomplex	omnipath	tf	NEUROD1		False	False	34.0
collectri_nocomplex	omnipath	tf	NEUROD2		False	False	7.0
collectri_nocomplex	omnipath	tf	NEUROD6		False	False	5.0
collectri_nocomplex	omnipath	tf	NEUROG1		False	False	8.0
collectri_nocomplex	omnipath	tf	NEUROG2		False	False	18.0
collectri_nocomplex	omnipath	tf	NEUROG3		False	False	19.0
collectri_nocomplex	omnipath	tf	NFAT5		False	True	29.0
collectri_nocomplex	omnipath	tf	NFATC1		False	True	61.0
collectri_nocomplex	omnipath	tf	NFATC2		False	False	37.0
collectri_nocomplex	omnipath	tf	NFATC3		False	True	14.0
collectri_nocomplex	omnipath	tf	NFATC4		False	True	21.0
collectri_nocomplex	omnipath	tf	NFE2		False	False	9.0
collectri_nocomplex	omnipath	tf	NFE2L1		False	True	6.0
collectri_nocomplex	omnipath	tf	NFE2L2		False	True	137.0
collectri_nocomplex	omnipath	tf	NFE2L3		False	False	5.0
collectri_nocomplex	omnipath	tf	NFIA		False	False	32.0
collectri_nocomplex	omnipath	tf	NFIB		False	False	16.0
collectri_nocomplex	omnipath	tf	NFIC		False	False	45.0
collectri_nocomplex	omnipath	tf	NFIL3		False	True	12.0
collectri_nocomplex	omnipath	tf	NFIX		False	False	16.0
collectri_nocomplex	omnipath	tf	NFKB1		False	True	215.0
collectri_nocomplex	omnipath	tf	NFKB2		False	True	37.0
collectri_nocomplex	omnipath	tf	NFKBIB		False	True	12.0
collectri_nocomplex	omnipath	tf	NFYA		False	True	69.0
collectri_nocomplex	omnipath	tf	NFYB		False	True	26.0
collectri_nocomplex	omnipath	tf	NFYC		False	True	13.0
collectri_nocomplex	omnipath	tf	NKX2-1		False	False	32.0
collectri_nocomplex	omnipath	tf	NKX2-2		False	False	10.0
collectri_nocomplex	omnipath	tf	NKX2-5		False	False	38.0
collectri_nocomplex	omnipath	tf	NKX3-1		False	False	50.0
collectri_nocomplex	omnipath	tf	NKX3-2		False	False	6.0
collectri_nocomplex	omnipath	tf	NKX6-1		False	True	6.0
collectri_nocomplex	omnipath	tf	NONO		False	True	13.0
collectri_nocomplex	omnipath	tf	NOTCH1		False	True	48.0
collectri_nocomplex	omnipath	tf	NOTO		False	False	5.0
collectri_nocomplex	omnipath	tf	NPAS2		False	False	6.0
collectri_nocomplex	omnipath	tf	NPM1		False	True	10.0
collectri_nocomplex	omnipath	tf	NR0B1		False	False	29.0
collectri_nocomplex	omnipath	tf	NR0B2		False	False	65.0
collectri_nocomplex	omnipath	tf	NR1D1		False	True	10.0
collectri_nocomplex	omnipath	tf	NR1H2		False	True	30.0
collectri_nocomplex	omnipath	tf	NR1H3		False	True	65.0
collectri_nocomplex	omnipath	tf	NR1H4		False	False	60.0
collectri_nocomplex	omnipath	tf	NR1I2		False	False	151.0
collectri_nocomplex	omnipath	tf	NR1I3		False	False	23.0
collectri_nocomplex	omnipath	tf	NR2C1		False	True	9.0
collectri_nocomplex	omnipath	tf	NR2C2		False	True	34.0
collectri_nocomplex	omnipath	tf	NR2E1		False	False	12.0
collectri_nocomplex	omnipath	tf	NR2E3		False	False	6.0
collectri_nocomplex	omnipath	tf	NR2F1		False	True	26.0
collectri_nocomplex	omnipath	tf	NR2F2		False	True	33.0
collectri_nocomplex	omnipath	tf	NR3C1		False	True	145.0
collectri_nocomplex	omnipath	tf	NR3C2		False	False	33.0
collectri_nocomplex	omnipath	tf	NR4A1		False	True	57.0
collectri_nocomplex	omnipath	tf	NR4A2		False	True	27.0
collectri_nocomplex	omnipath	tf	NR4A3		False	True	15.0
collectri_nocomplex	omnipath	tf	NR5A1		False	True	55.0
collectri_nocomplex	omnipath	tf	NR5A2		False	False	25.0
collectri_nocomplex	omnipath	tf	NR6A1		False	False	6.0
collectri_nocomplex	omnipath	tf	NRF1		False	True	68.0
collectri_nocomplex	omnipath	tf	NRG1		False	True	25.0
collectri_nocomplex	omnipath	tf	NRL		False	True	10.0
collectri_nocomplex	omnipath	tf	NSD2		False	True	7.0
collectri_nocomplex	omnipath	tf	NUPR1		False	False	6.0
collectri_nocomplex	omnipath	tf	OLIG2		False	False	11.0
collectri_nocomplex	omnipath	tf	ONECUT1		False	False	10.0
collectri_nocomplex	omnipath	tf	OTX2		False	False	14.0
collectri_nocomplex	omnipath	tf	OVOL1		False	False	8.0
collectri_nocomplex	omnipath	tf	PATZ1		False	True	8.0
collectri_nocomplex	omnipath	tf	PAWR		False	True	5.0
collectri_nocomplex	omnipath	tf	PAX2		False	False	12.0
collectri_nocomplex	omnipath	tf	PAX3		False	True	70.0
collectri_nocomplex	omnipath	tf	PAX5		False	False	35.0
collectri_nocomplex	omnipath	tf	PAX6		False	True	94.0
collectri_nocomplex	omnipath	tf	PAX7		False	False	13.0
collectri_nocomplex	omnipath	tf	PAX8		False	False	13.0
collectri_nocomplex	omnipath	tf	PAX9		False	True	8.0
collectri_nocomplex	omnipath	tf	PBRM1		False	True	7.0
collectri_nocomplex	omnipath	tf	PBX1		False	True	33.0
collectri_nocomplex	omnipath	tf	PDX1		False	False	53.0
collectri_nocomplex	omnipath	tf	PEG3		False	False	6.0
collectri_nocomplex	omnipath	tf	PGR		False	False	78.0
collectri_nocomplex	omnipath	tf	PHF20		False	True	7.0
collectri_nocomplex	omnipath	tf	PHOX2A		False	True	5.0
collectri_nocomplex	omnipath	tf	PHOX2B		False	False	7.0
collectri_nocomplex	omnipath	tf	PIN1		False	True	5.0
collectri_nocomplex	omnipath	tf	PITX1		False	True	20.0
collectri_nocomplex	omnipath	tf	PITX2		False	True	68.0
collectri_nocomplex	omnipath	tf	PITX3		False	False	9.0
collectri_nocomplex	omnipath	tf	PKNOX1		False	True	11.0
collectri_nocomplex	omnipath	tf	PLAG1		False	False	6.0
collectri_nocomplex	omnipath	tf	PLAGL1		False	True	13.0
collectri_nocomplex	omnipath	tf	PML		False	True	15.0
collectri_nocomplex	omnipath	tf	POU1F1		False	False	28.0
collectri_nocomplex	omnipath	tf	POU2F1		False	True	51.0
collectri_nocomplex	omnipath	tf	POU2F2		False	True	15.0
collectri_nocomplex	omnipath	tf	POU3F1		False	True	9.0
collectri_nocomplex	omnipath	tf	POU3F2		False	True	19.0
collectri_nocomplex	omnipath	tf	POU4F1		False	False	18.0
collectri_nocomplex	omnipath	tf	POU4F2		False	False	18.0
collectri_nocomplex	omnipath	tf	POU5F1		False	True	55.0
collectri_nocomplex	omnipath	tf	PPARA		False	True	145.0
collectri_nocomplex	omnipath	tf	PPARD		False	True	60.0
collectri_nocomplex	omnipath	tf	PPARG		False	False	201.0
collectri_nocomplex	omnipath	tf	PPARGC1A		False	True	21.0
collectri_nocomplex	omnipath	tf	PRDM1		False	True	29.0
collectri_nocomplex	omnipath	tf	PRDM2		False	False	7.0
collectri_nocomplex	omnipath	tf	PRDM4		False	False	5.0
collectri_nocomplex	omnipath	tf	PREB		False	False	7.0
collectri_nocomplex	omnipath	tf	PROX1		False	False	22.0
collectri_nocomplex	omnipath	tf	PRRX1		False	True	5.0
collectri_nocomplex	omnipath	tf	PTF1A		False	False	5.0
collectri_nocomplex	omnipath	tf	PURA		False	False	12.0
collectri_nocomplex	omnipath	tf	RARA		False	True	96.0
collectri_nocomplex	omnipath	tf	RARB		False	True	30.0
collectri_nocomplex	omnipath	tf	RARG		False	True	20.0
collectri_nocomplex	omnipath	tf	RB1		False	True	25.0
collectri_nocomplex	omnipath	tf	RBPJ		False	True	97.0
collectri_nocomplex	omnipath	tf	RCOR2		False	False	13.0
collectri_nocomplex	omnipath	tf	REL		False	True	53.0
collectri_nocomplex	omnipath	tf	RELA		False	True	293.0
collectri_nocomplex	omnipath	tf	RELB		False	True	29.0
collectri_nocomplex	omnipath	tf	REST		False	True	40.0
collectri_nocomplex	omnipath	tf	RFX1		False	True	12.0
collectri_nocomplex	omnipath	tf	RFX5		False	True	7.0
collectri_nocomplex	omnipath	tf	RFXANK		False	False	5.0
collectri_nocomplex	omnipath	tf	RORA		False	True	35.0
collectri_nocomplex	omnipath	tf	RUNX1		False	False	104.0
collectri_nocomplex	omnipath	tf	RUNX2		False	True	76.0
collectri_nocomplex	omnipath	tf	RUNX3		False	False	38.0
collectri_nocomplex	omnipath	tf	RXRA		False	True	49.0
collectri_nocomplex	omnipath	tf	RXRB		False	True	5.0
collectri_nocomplex	omnipath	tf	SALL1		False	False	5.0
collectri_nocomplex	omnipath	tf	SALL2		False	False	6.0
collectri_nocomplex	omnipath	tf	SALL3		False	False	6.0
collectri_nocomplex	omnipath	tf	SALL4		False	True	13.0
collectri_nocomplex	omnipath	tf	SATB1		False	True	24.0
collectri_nocomplex	omnipath	tf	SATB2		False	True	21.0
collectri_nocomplex	omnipath	tf	SCX		False	False	7.0
collectri_nocomplex	omnipath	tf	SF1		False	True	6.0
collectri_nocomplex	omnipath	tf	SFPQ		False	True	16.0
collectri_nocomplex	omnipath	tf	SIM2		False	False	9.0
collectri_nocomplex	omnipath	tf	SIN3A		False	True	7.0
collectri_nocomplex	omnipath	tf	SIRT1		False	True	43.0
collectri_nocomplex	omnipath	tf	SIX1		False	True	11.0
collectri_nocomplex	omnipath	tf	SIX4		False	False	5.0
collectri_nocomplex	omnipath	tf	SKIL		False	True	12.0
collectri_nocomplex	omnipath	tf	SMAD1		False	True	42.0
collectri_nocomplex	omnipath	tf	SMAD2		False	True	57.0
collectri_nocomplex	omnipath	tf	SMAD3		False	True	100.0
collectri_nocomplex	omnipath	tf	SMAD4		False	True	74.0
collectri_nocomplex	omnipath	tf	SMAD5		False	True	25.0
collectri_nocomplex	omnipath	tf	SMAD6		False	True	15.0
collectri_nocomplex	omnipath	tf	SMAD7		False	True	43.0
collectri_nocomplex	omnipath	tf	SMARCA1		False	True	35.0
collectri_nocomplex	omnipath	tf	SMARCA4		False	True	9.0
collectri_nocomplex	omnipath	tf	SMARCA5		False	False	10.0
collectri_nocomplex	omnipath	tf	SMARCB1		False	True	5.0
collectri_nocomplex	omnipath	tf	SMARCC1		False	True	6.0
collectri_nocomplex	omnipath	tf	SNAI1		False	True	66.0
collectri_nocomplex	omnipath	tf	SNAI2		False	True	30.0
collectri_nocomplex	omnipath	tf	SOX10		False	False	17.0
collectri_nocomplex	omnipath	tf	SOX11		False	False	8.0
collectri_nocomplex	omnipath	tf	SOX17		False	False	24.0
collectri_nocomplex	omnipath	tf	SOX2		False	True	54.0
collectri_nocomplex	omnipath	tf	SOX4		False	True	20.0
collectri_nocomplex	omnipath	tf	SOX5		False	False	9.0
collectri_nocomplex	omnipath	tf	SOX6		False	False	12.0
collectri_nocomplex	omnipath	tf	SOX9		False	True	55.0
collectri_nocomplex	omnipath	tf	SP1		False	True	796.0
collectri_nocomplex	omnipath	tf	SP2		False	False	15.0
collectri_nocomplex	omnipath	tf	SP3		False	True	261.0
collectri_nocomplex	omnipath	tf	SP4		False	False	37.0
collectri_nocomplex	omnipath	tf	SP7		False	False	20.0
collectri_nocomplex	omnipath	tf	SPDEF		False	False	8.0
collectri_nocomplex	omnipath	tf	SPI1		False	False	137.0
collectri_nocomplex	omnipath	tf	SPIB		False	False	6.0
collectri_nocomplex	omnipath	tf	SREBF1		False	True	86.0
collectri_nocomplex	omnipath	tf	SREBF2		False	True	49.0
collectri_nocomplex	omnipath	tf	SRF		False	True	65.0
collectri_nocomplex	omnipath	tf	SRSF2		False	False	12.0
collectri_nocomplex	omnipath	tf	SRY		False	False	18.0
collectri_nocomplex	omnipath	tf	SSRP1		False	True	78.0
collectri_nocomplex	omnipath	tf	STAT1		False	True	181.0
collectri_nocomplex	omnipath	tf	STAT2		False	True	24.0
collectri_nocomplex	omnipath	tf	STAT3		False	True	259.0
collectri_nocomplex	omnipath	tf	STAT4		False	True	11.0
collectri_nocomplex	omnipath	tf	STAT5A		False	True	108.0
collectri_nocomplex	omnipath	tf	STAT5B		False	True	56.0
collectri_nocomplex	omnipath	tf	STAT6		False	True	47.0
collectri_nocomplex	omnipath	tf	STOX1		False	False	5.0
collectri_nocomplex	omnipath	tf	TADA2A		False	False	7.0
collectri_nocomplex	omnipath	tf	TAF1		False	True	36.0
collectri_nocomplex	omnipath	tf	TAL1		False	False	55.0
collectri_nocomplex	omnipath	tf	TBP		False	True	109.0
collectri_nocomplex	omnipath	tf	TBPL1		False	False	24.0
collectri_nocomplex	omnipath	tf	TBPL2		False	False	8.0
collectri_nocomplex	omnipath	tf	TBX1		False	False	9.0
collectri_nocomplex	omnipath	tf	TBX15		False	False	17.0
collectri_nocomplex	omnipath	tf	TBX18		False	False	9.0
collectri_nocomplex	omnipath	tf	TBX2		False	False	19.0
collectri_nocomplex	omnipath	tf	TBX21		False	False	17.0
collectri_nocomplex	omnipath	tf	TBX3		False	False	13.0
collectri_nocomplex	omnipath	tf	TBX5		False	False	16.0
collectri_nocomplex	omnipath	tf	TBXT		False	False	7.0
collectri_nocomplex	omnipath	tf	TCF12		False	True	28.0
collectri_nocomplex	omnipath	tf	TCF21		False	False	12.0
collectri_nocomplex	omnipath	tf	TCF3		False	True	67.0
collectri_nocomplex	omnipath	tf	TCF4		False	True	34.0
collectri_nocomplex	omnipath	tf	TCF7		False	True	11.0
collectri_nocomplex	omnipath	tf	TCF7L2		False	True	74.0
collectri_nocomplex	omnipath	tf	TEAD1		False	True	15.0
collectri_nocomplex	omnipath	tf	TEAD2		False	True	5.0
collectri_nocomplex	omnipath	tf	TEAD4		False	True	7.0
collectri_nocomplex	omnipath	tf	TEF		False	False	8.0
collectri_nocomplex	omnipath	tf	TET1		False	False	11.0
collectri_nocomplex	omnipath	tf	TFAM		False	True	10.0
collectri_nocomplex	omnipath	tf	TFAP2A		False	False	181.0
collectri_nocomplex	omnipath	tf	TFAP2B		False	True	11.0
collectri_nocomplex	omnipath	tf	TFAP2C		False	False	17.0
collectri_nocomplex	omnipath	tf	TFAP4		False	False	21.0
collectri_nocomplex	omnipath	tf	TFCP2		False	True	37.0
collectri_nocomplex	omnipath	tf	TFDP1		False	True	30.0
collectri_nocomplex	omnipath	tf	TFDP2		False	False	6.0
collectri_nocomplex	omnipath	tf	TFDP3		False	False	5.0
collectri_nocomplex	omnipath	tf	TFE3		False	False	21.0
collectri_nocomplex	omnipath	tf	TGFB1I1		False	True	12.0
collectri_nocomplex	omnipath	tf	TGIF1		False	True	10.0
collectri_nocomplex	omnipath	tf	THAP11		False	False	6.0
collectri_nocomplex	omnipath	tf	THRA		False	True	47.0
collectri_nocomplex	omnipath	tf	THRB		False	True	27.0
collectri_nocomplex	omnipath	tf	TLX1		False	False	7.0
collectri_nocomplex	omnipath	tf	TP53		False	True	707.0
collectri_nocomplex	omnipath	tf	TP63		False	False	141.0
collectri_nocomplex	omnipath	tf	TP73		False	True	94.0
collectri_nocomplex	omnipath	tf	TRIM28		False	True	5.0
collectri_nocomplex	omnipath	tf	TRPS1		False	False	11.0
collectri_nocomplex	omnipath	tf	TSC22D1		False	False	7.0
collectri_nocomplex	omnipath	tf	TTF1		False	False	30.0
collectri_nocomplex	omnipath	tf	TWIST1		False	True	49.0
collectri_nocomplex	omnipath	tf	TWIST2		False	False	23.0
collectri_nocomplex	omnipath	tf	UBTF		False	True	8.0
collectri_nocomplex	omnipath	tf	USF1		False	True	120.0
collectri_nocomplex	omnipath	tf	USF2		False	True	63.0
collectri_nocomplex	omnipath	tf	VDR		False	False	69.0
collectri_nocomplex	omnipath	tf	VEZF1		False	False	5.0
collectri_nocomplex	omnipath	tf	VHL		False	True	20.0
collectri_nocomplex	omnipath	tf	VSX2		False	False	17.0
collectri_nocomplex	omnipath	tf	WT1		False	False	101.0
collectri_nocomplex	omnipath	tf	WWTR1		False	True	6.0
collectri_nocomplex	omnipath	tf	XBP1		False	True	34.0
collectri_nocomplex	omnipath	tf	YAP1		False	True	7.0
collectri_nocomplex	omnipath	tf	YBX1		False	True	66.0
collectri_nocomplex	omnipath	tf	YBX3		False	False	22.0
collectri_nocomplex	omnipath	tf	YY1		False	True	162.0
collectri_nocomplex	omnipath	tf	ZBED1		False	False	16.0
collectri_nocomplex	omnipath	tf	ZBTB14		False	True	5.0
collectri_nocomplex	omnipath	tf	ZBTB16		False	True	36.0
collectri_nocomplex	omnipath	tf	ZBTB17		False	True	29.0
collectri_nocomplex	omnipath	tf	ZBTB18		False	False	7.0
collectri_nocomplex	omnipath	tf	ZBTB33		False	False	7.0
collectri_nocomplex	omnipath	tf	ZBTB4		False	True	11.0
collectri_nocomplex	omnipath	tf	ZBTB7A		False	False	28.0
collectri_nocomplex	omnipath	tf	ZBTB7B		False	False	8.0
collectri_nocomplex	omnipath	tf	ZEB1		False	True	30.0
collectri_nocomplex	omnipath	tf	ZEB2		False	True	18.0
collectri_nocomplex	omnipath	tf	ZFHX3		False	True	5.0
collectri_nocomplex	omnipath	tf	ZFP42		False	False	12.0
collectri_nocomplex	omnipath	tf	ZFPM1		False	False	7.0
collectri_nocomplex	omnipath	tf	ZFPM2		False	False	7.0
collectri_nocomplex	omnipath	tf	ZGLP1		False	False	11.0
collectri_nocomplex	omnipath	tf	ZHX2		False	False	9.0
collectri_nocomplex	omnipath	tf	ZIC1		False	True	11.0
collectri_nocomplex	omnipath	tf	ZIC2		False	False	5.0
collectri_nocomplex	omnipath	tf	ZKSCAN7		False	False	10.0
collectri_nocomplex	omnipath	tf	ZMYND8		False	False	6.0
collectri_nocomplex	omnipath	tf	ZNF143		False	False	20.0
collectri_nocomplex	omnipath	tf	ZNF148		False	True	17.0
collectri_nocomplex	omnipath	tf	ZNF236		False	False	5.0
collectri_nocomplex	omnipath	tf	ZNF331		False	False	17.0
collectri_nocomplex	omnipath	tf	ZNF335		False	False	5.0
collectri_nocomplex	omnipath	tf	ZNF350		False	True	8.0
collectri_nocomplex	omnipath	tf	ZNF354C		False	False	16.0
collectri_nocomplex	omnipath	tf	ZNF362		False	False	9.0
collectri_nocomplex	omnipath	tf	ZNF382		False	False	8.0
collectri_nocomplex	omnipath	tf	ZNF384		False	False	10.0
collectri_nocomplex	omnipath	tf	ZNF395		False	False	5.0
collectri_nocomplex	omnipath	tf	ZNF436		False	False	5.0
collectri_nocomplex	omnipath	tf	ZNF699		False	False	33.0
collectri_nocomplex	omnipath	tf	ZNF76		False	True	6.0
collectri_nocomplex	omnipath	tf	ZNF804A		False	False	7.0
collectri_nocomplex	omnipath	tf	ZNF91		False	False	24.0
collectri_nocomplex	omnipath	complex_member	AP1	ATF3	True	True	
collectri_nocomplex	omnipath	complex_member	AP1	FOS	True	True	
collectri_nocomplex	omnipath	complex_member	AP1	FOSB	True	False	
collectri_nocomplex	omnipath	complex_member	AP1	JUN	True	True	
collectri_nocomplex	omnipath	complex_member	AP1	JUNB	True	True	
collectri_nocomplex	omnipath	complex_member	NFKB	NFKB1	True	True	
collectri_nocomplex	omnipath	complex_member	NFKB	NFKB2	True	True	
collectri_nocomplex	omnipath	complex_member	NFKB	RELA	True	True	
collectri_nocomplex	omnipath	complex_member	NFKB	RELB	True	True	
collectri_nocomplex	omnipath	complex_member	NFKB	REL	True	True	
collectri_nocomplex	cosmos	tf	ABL1		False	True	10.0
collectri_nocomplex	cosmos	tf	AHR		False	True	92.0
collectri_nocomplex	cosmos	tf	AIRE		False	False	9.0
collectri_nocomplex	cosmos	tf	APEX1		False	True	25.0
collectri_nocomplex	cosmos	tf	AR		False	True	348.0
collectri_nocomplex	cosmos	tf	ARID1A		False	False	5.0
collectri_nocomplex	cosmos	tf	ARID3A		False	True	6.0
collectri_nocomplex	cosmos	tf	ARID3B		False	False	6.0
collectri_nocomplex	cosmos	tf	ARID4A		False	True	6.0
collectri_nocomplex	cosmos	tf	ARID4B		False	False	6.0
collectri_nocomplex	cosmos	tf	ARNT		False	True	40.0
collectri_nocomplex	cosmos	tf	ARX		False	False	19.0
collectri_nocomplex	cosmos	tf	ASCL1		False	False	50.0
collectri_nocomplex	cosmos	tf	ASCL2		False	False	8.0
collectri_nocomplex	cosmos	tf	ATF1		False	True	57.0
collectri_nocomplex	cosmos	tf	ATF2		False	True	76.0
collectri_nocomplex	cosmos	tf	ATF3		False	True	68.0
collectri_nocomplex	cosmos	tf	ATF4		False	True	85.0
collectri_nocomplex	cosmos	tf	ATF5		False	False	22.0
collectri_nocomplex	cosmos	tf	ATF6		False	True	44.0
collectri_nocomplex	cosmos	tf	BACH1		False	True	11.0
collectri_nocomplex	cosmos	tf	BACH2		False	False	5.0
collectri_nocomplex	cosmos	tf	BARX1		False	False	7.0
collectri_nocomplex	cosmos	tf	BARX2		False	False	10.0
collectri_nocomplex	cosmos	tf	BATF		False	False	6.0
collectri_nocomplex	cosmos	tf	BCL11A		False	False	7.0
collectri_nocomplex	cosmos	tf	BCL11B		False	False	15.0
collectri_nocomplex	cosmos	tf	BCL3		False	True	13.0
collectri_nocomplex	cosmos	tf	BCL6		False	True	45.0
collectri_nocomplex	cosmos	tf	BCLAF1		False	False	7.0
collectri_nocomplex	cosmos	tf	BCOR		False	True	6.0
collectri_nocomplex	cosmos	tf	BHLHA15		False	False	5.0
collectri_nocomplex	cosmos	tf	BHLHE40		False	False	25.0
collectri_nocomplex	cosmos	tf	BHLHE41		False	True	18.0
collectri_nocomplex	cosmos	tf	BMAL1		False	True	44.0
collectri_nocomplex	cosmos	tf	BMAL2		False	False	6.0
collectri_nocomplex	cosmos	tf	BRCA1		False	True	46.0
collectri_nocomplex	cosmos	tf	BRD4		False	True	8.0
collectri_nocomplex	cosmos	tf	BTG2		False	True	6.0
collectri_nocomplex	cosmos	tf	CDX1		False	False	16.0
collectri_nocomplex	cosmos	tf	CDX2		False	False	31.0
collectri_nocomplex	cosmos	tf	CEBPA		False	False	104.0
collectri_nocomplex	cosmos	tf	CEBPB		False	True	240.0
collectri_nocomplex	cosmos	tf	CEBPD		False	True	35.0
collectri_nocomplex	cosmos	tf	CEBPE		False	False	12.0
collectri_nocomplex	cosmos	tf	CEBPG		False	False	84.0
collectri_nocomplex	cosmos	tf	CEBPZ		False	False	13.0
collectri_nocomplex	cosmos	tf	CIITA		False	True	10.0
collectri_nocomplex	cosmos	tf	CLOCK		False	True	48.0
collectri_nocomplex	cosmos	tf	CREB1		False	True	271.0
collectri_nocomplex	cosmos	tf	CREB3		False	True	8.0
collectri_nocomplex	cosmos	tf	CREB3L1		False	False	6.0
collectri_nocomplex	cosmos	tf	CREB5		False	True	6.0
collectri_nocomplex	cosmos	tf	CREBBP		False	True	26.0
collectri_nocomplex	cosmos	tf	CREBZF		False	True	11.0
collectri_nocomplex	cosmos	tf	CREM		False	True	42.0
collectri_nocomplex	cosmos	tf	CRX		False	False	14.0
collectri_nocomplex	cosmos	tf	CTBP2		False	True	8.0
collectri_nocomplex	cosmos	tf	CTCF		False	True	91.0
collectri_nocomplex	cosmos	tf	CTCFL		False	False	7.0
collectri_nocomplex	cosmos	tf	CTNNB1		False	True	198.0
collectri_nocomplex	cosmos	tf	CUX1		False	True	71.0
collectri_nocomplex	cosmos	tf	CXXC1		False	False	11.0
collectri_nocomplex	cosmos	tf	DACH1		False	True	6.0
collectri_nocomplex	cosmos	tf	DBP		False	True	18.0
collectri_nocomplex	cosmos	tf	DDIT3		False	True	65.0
collectri_nocomplex	cosmos	tf	DEAF1		False	False	7.0
collectri_nocomplex	cosmos	tf	DLX1		False	False	5.0
collectri_nocomplex	cosmos	tf	DLX2		False	False	12.0
collectri_nocomplex	cosmos	tf	DLX3		False	False	8.0
collectri_nocomplex	cosmos	tf	DLX4		False	False	22.0
collectri_nocomplex	cosmos	tf	DLX5		False	False	22.0
collectri_nocomplex	cosmos	tf	DMTF1		False	False	13.0
collectri_nocomplex	cosmos	tf	DNMT1		False	True	106.0
collectri_nocomplex	cosmos	tf	DNMT3A		False	True	39.0
collectri_nocomplex	cosmos	tf	DNMT3B		False	True	41.0
collectri_nocomplex	cosmos	tf	DOT1L		False	True	8.0
collectri_nocomplex	cosmos	tf	E2F1		False	True	263.0
collectri_nocomplex	cosmos	tf	E2F2		False	True	47.0
collectri_nocomplex	cosmos	tf	E2F3		False	True	61.0
collectri_nocomplex	cosmos	tf	E2F4		False	True	151.0
collectri_nocomplex	cosmos	tf	E2F5		False	True	9.0
collectri_nocomplex	cosmos	tf	E2F6		False	True	35.0
collectri_nocomplex	cosmos	tf	E2F7		False	True	6.0
collectri_nocomplex	cosmos	tf	E4F1		False	True	10.0
collectri_nocomplex	cosmos	tf	EBF1		False	True	15.0
collectri_nocomplex	cosmos	tf	EBF3		False	False	8.0
collectri_nocomplex	cosmos	tf	EGR1		False	True	224.0
collectri_nocomplex	cosmos	tf	EGR2		False	False	44.0
collectri_nocomplex	cosmos	tf	EGR3		False	False	16.0
collectri_nocomplex	cosmos	tf	EGR4		False	False	8.0
collectri_nocomplex	cosmos	tf	EHF		False	False	6.0
collectri_nocomplex	cosmos	tf	ELF1		False	True	35.0
collectri_nocomplex	cosmos	tf	ELF2		False	False	5.0
collectri_nocomplex	cosmos	tf	ELF3		False	False	13.0
collectri_nocomplex	cosmos	tf	ELF4		False	True	24.0
collectri_nocomplex	cosmos	tf	ELF5		False	False	5.0
collectri_nocomplex	cosmos	tf	ELK1		False	True	46.0
collectri_nocomplex	cosmos	tf	ELK3		False	True	15.0
collectri_nocomplex	cosmos	tf	ELK4		False	True	6.0
collectri_nocomplex	cosmos	tf	EMX2		False	False	6.0
collectri_nocomplex	cosmos	tf	EN1		False	False	7.0
collectri_nocomplex	cosmos	tf	ENO1		False	True	11.0
collectri_nocomplex	cosmos	tf	EOMES		False	False	12.0
collectri_nocomplex	cosmos	tf	EP300		False	True	40.0
collectri_nocomplex	cosmos	tf	EPAS1		False	False	58.0
collectri_nocomplex	cosmos	tf	ERF		False	True	12.0
collectri_nocomplex	cosmos	tf	ERG		False	False	26.0
collectri_nocomplex	cosmos	tf	ESR1		False	False	400.0
collectri_nocomplex	cosmos	tf	ESR2		False	False	135.0
collectri_nocomplex	cosmos	tf	ESRRA		False	True	29.0
collectri_nocomplex	cosmos	tf	ESRRB		False	False	7.0
collectri_nocomplex	cosmos	tf	ESRRG		False	True	16.0
collectri_nocomplex	cosmos	tf	ETS1		False	True	111.0
collectri_nocomplex	cosmos	tf	ETS2		False	True	59.0
collectri_nocomplex	cosmos	tf	ETV1		False	True	16.0
collectri_nocomplex	cosmos	tf	ETV3		False	True	11.0
collectri_nocomplex	cosmos	tf	ETV4		False	True	42.0
collectri_nocomplex	cosmos	tf	ETV5		False	True	7.0
collectri_nocomplex	cosmos	tf	ETV6		False	True	13.0
collectri_nocomplex	cosmos	tf	ETV7		False	False	8.0
collectri_nocomplex	cosmos	tf	EWSR1		False	True	42.0
collectri_nocomplex	cosmos	tf	EZH2		False	True	99.0
collectri_nocomplex	cosmos	tf	FEZF1		False	False	5.0
collectri_nocomplex	cosmos	tf	FEZF2		False	False	6.0
collectri_nocomplex	cosmos	tf	FGF2		False	True	7.0
collectri_nocomplex	cosmos	tf	FHL2		False	True	6.0
collectri_nocomplex	cosmos	tf	FLI1		False	False	52.0
collectri_nocomplex	cosmos	tf	FOS		False	True	180.0
collectri_nocomplex	cosmos	tf	FOSB		False	False	24.0
collectri_nocomplex	cosmos	tf	FOSL1		False	True	29.0
collectri_nocomplex	cosmos	tf	FOSL2		False	True	21.0
collectri_nocomplex	cosmos	tf	FOXA1		False	False	27.0
collectri_nocomplex	cosmos	tf	FOXA2		False	False	50.0
collectri_nocomplex	cosmos	tf	FOXC1		False	True	13.0
collectri_nocomplex	cosmos	tf	FOXC2		False	False	12.0
collectri_nocomplex	cosmos	tf	FOXD3		False	False	7.0
collectri_nocomplex	cosmos	tf	FOXF2		False	False	6.0
collectri_nocomplex	cosmos	tf	FOXG1		False	False	12.0
collectri_nocomplex	cosmos	tf	FOXH1		False	True	8.0
collectri_nocomplex	cosmos	tf	FOXJ1		False	True	12.0
collectri_nocomplex	cosmos	tf	FOXL2		False	True	13.0
collectri_nocomplex	cosmos	tf	FOXM1		False	True	55.0
collectri_nocomplex	cosmos	tf	FOXN1		False	False	29.0
collectri_nocomplex	cosmos	tf	FOXN4		False	False	6.0
collectri_nocomplex	cosmos	tf	FOXO1		False	True	176.0
collectri_nocomplex	cosmos	tf	FOXO3		False	True	145.0
collectri_nocomplex	cosmos	tf	FOXO4		False	True	20.0
collectri_nocomplex	cosmos	tf	FOXP1		False	False	10.0
collectri_nocomplex	cosmos	tf	FOXP2		False	False	6.0
collectri_nocomplex	cosmos	tf	FOXP3		False	False	28.0
collectri_nocomplex	cosmos	tf	FOXQ1		False	False	10.0
collectri_nocomplex	cosmos	tf	GABPA		False	True	24.0
collectri_nocomplex	cosmos	tf	GATA1		False	False	55.0
collectri_nocomplex	cosmos	tf	GATA2		False	False	39.0
collectri_nocomplex	cosmos	tf	GATA3		False	False	102.0
collectri_nocomplex	cosmos	tf	GATA4		False	False	67.0
collectri_nocomplex	cosmos	tf	GATA5		False	False	10.0
collectri_nocomplex	cosmos	tf	GATA6		False	False	44.0
collectri_nocomplex	cosmos	tf	GBX2		False	False	5.0
collectri_nocomplex	cosmos	tf	GCM1		False	False	6.0
collectri_nocomplex	cosmos	tf	GFI1		False	False	31.0
collectri_nocomplex	cosmos	tf	GFI1B		False	False	8.0
collectri_nocomplex	cosmos	tf	GLI1		False	True	129.0
collectri_nocomplex	cosmos	tf	GLI2		False	True	100.0
collectri_nocomplex	cosmos	tf	GLI3		False	True	25.0
collectri_nocomplex	cosmos	tf	GRHL3		False	False	15.0
collectri_nocomplex	cosmos	tf	GSC		False	False	7.0
collectri_nocomplex	cosmos	tf	GTF2I		False	True	17.0
collectri_nocomplex	cosmos	tf	GTF2IRD1		False	False	6.0
collectri_nocomplex	cosmos	tf	GTF3A		False	True	20.0
collectri_nocomplex	cosmos	tf	HAND2		False	True	24.0
collectri_nocomplex	cosmos	tf	HBP1		False	True	29.0
collectri_nocomplex	cosmos	tf	HCFC1		False	True	7.0
collectri_nocomplex	cosmos	tf	HDAC1		False	True	51.0
collectri_nocomplex	cosmos	tf	HDAC3		False	True	15.0
collectri_nocomplex	cosmos	tf	HDAC4		False	True	16.0
collectri_nocomplex	cosmos	tf	HDAC5		False	True	7.0
collectri_nocomplex	cosmos	tf	HDAC7		False	True	9.0
collectri_nocomplex	cosmos	tf	HDAC9		False	True	13.0
collectri_nocomplex	cosmos	tf	HDGF		False	False	5.0
collectri_nocomplex	cosmos	tf	HES1		False	True	59.0
collectri_nocomplex	cosmos	tf	HES6		False	True	5.0
collectri_nocomplex	cosmos	tf	HESX1		False	False	14.0
collectri_nocomplex	cosmos	tf	HEY1		False	True	25.0
collectri_nocomplex	cosmos	tf	HEY2		False	False	10.0
collectri_nocomplex	cosmos	tf	HHEX		False	False	15.0
collectri_nocomplex	cosmos	tf	HIC1		False	True	16.0
collectri_nocomplex	cosmos	tf	HIF1A		False	True	303.0
collectri_nocomplex	cosmos	tf	HINFP		False	True	10.0
collectri_nocomplex	cosmos	tf	HIPK2		False	True	8.0
collectri_nocomplex	cosmos	tf	HIVEP1		False	False	7.0
collectri_nocomplex	cosmos	tf	HLF		False	False	9.0
collectri_nocomplex	cosmos	tf	HLX		False	False	13.0
collectri_nocomplex	cosmos	tf	HMGA1		False	True	33.0
collectri_nocomplex	cosmos	tf	HMGA2		False	True	31.0
collectri_nocomplex	cosmos	tf	HMGB2		False	True	8.0
collectri_nocomplex	cosmos	tf	HNF1A		False	False	40.0
collectri_nocomplex	cosmos	tf	HNF1B		False	False	17.0
collectri_nocomplex	cosmos	tf	HNF4A		False	False	130.0
collectri_nocomplex	cosmos	tf	HOPX		False	False	5.0
collectri_nocomplex	cosmos	tf	HOXA1		False	True	17.0
collectri_nocomplex	cosmos	tf	HOXA10		False	False	30.0
collectri_nocomplex	cosmos	tf	HOXA11		False	False	5.0
collectri_nocomplex	cosmos	tf	HOXA13		False	False	10.0
collectri_nocomplex	cosmos	tf	HOXA2		False	False	5.0
collectri_nocomplex	cosmos	tf	HOXA5		False	False	9.0
collectri_nocomplex	cosmos	tf	HOXA7		False	True	12.0
collectri_nocomplex	cosmos	tf	HOXA9		False	True	30.0
collectri_nocomplex	cosmos	tf	HOXB1		False	True	7.0
collectri_nocomplex	cosmos	tf	HOXB13		False	False	9.0
collectri_nocomplex	cosmos	tf	HOXB3		False	True	5.0
collectri_nocomplex	cosmos	tf	HOXB4		False	False	7.0
collectri_nocomplex	cosmos	tf	HOXB7		False	False	14.0
collectri_nocomplex	cosmos	tf	HOXC6		False	False	8.0
collectri_nocomplex	cosmos	tf	HOXC8		False	False	12.0
collectri_nocomplex	cosmos	tf	HOXD1		False	False	5.0
collectri_nocomplex	cosmos	tf	HOXD13		False	True	15.0
collectri_nocomplex	cosmos	tf	HOXD3		False	False	7.0
collectri_nocomplex	cosmos	tf	HOXD8		False	False	5.0
collectri_nocomplex	cosmos	tf	HR		False	False	53.0
collectri_nocomplex	cosmos	tf	HSF1		False	True	61.0
collectri_nocomplex	cosmos	tf	HSF2		False	True	16.0
collectri_nocomplex	cosmos	tf	HSF4		False	False	7.0
collectri_nocomplex	cosmos	tf	HTATIP2		False	True	12.0
collectri_nocomplex	cosmos	tf	ID1		False	True	49.0
collectri_nocomplex	cosmos	tf	ID2		False	True	40.0
collectri_nocomplex	cosmos	tf	ID3		False	True	26.0
collectri_nocomplex	cosmos	tf	ID4		False	False	8.0
collectri_nocomplex	cosmos	tf	IKZF1		False	False	13.0
collectri_nocomplex	cosmos	tf	ING4		False	False	11.0
collectri_nocomplex	cosmos	tf	IRF1		False	True	81.0
collectri_nocomplex	cosmos	tf	IRF2		False	True	32.0
collectri_nocomplex	cosmos	tf	IRF3		False	True	40.0
collectri_nocomplex	cosmos	tf	IRF4		False	False	21.0
collectri_nocomplex	cosmos	tf	IRF5		False	False	6.0
collectri_nocomplex	cosmos	tf	IRF6		False	False	8.0
collectri_nocomplex	cosmos	tf	IRF7		False	True	8.0
collectri_nocomplex	cosmos	tf	IRF8		False	False	26.0
collectri_nocomplex	cosmos	tf	IRF9		False	True	15.0
collectri_nocomplex	cosmos	tf	IRX1		False	False	10.0
collectri_nocomplex	cosmos	tf	ISL1		False	False	14.0
collectri_nocomplex	cosmos	tf	JARID2		False	True	9.0
collectri_nocomplex	cosmos	tf	JDP2		False	True	24.0
collectri_nocomplex	cosmos	tf	JUN		False	True	363.0
collectri_nocomplex	cosmos	tf	JUNB		False	True	54.0
collectri_nocomplex	cosmos	tf	JUND		False	True	52.0
collectri_nocomplex	cosmos	tf	KAT2B		False	True	13.0
collectri_nocomplex	cosmos	tf	KAT5		False	True	43.0
collectri_nocomplex	cosmos	tf	KAT6A		False	True	8.0
collectri_nocomplex	cosmos	tf	KAT6B		False	True	6.0
collectri_nocomplex	cosmos	tf	KAT7		False	True	45.0
collectri_nocomplex	cosmos	tf	KCNIP3		False	False	8.0
collectri_nocomplex	cosmos	tf	KDM2A		False	True	7.0
collectri_nocomplex	cosmos	tf	KDM5A		False	True	13.0
collectri_nocomplex	cosmos	tf	KDM5B		False	True	22.0
collectri_nocomplex	cosmos	tf	KDM5C		False	False	9.0
collectri_nocomplex	cosmos	tf	KDM5D		False	True	6.0
collectri_nocomplex	cosmos	tf	KLF1		False	False	12.0
collectri_nocomplex	cosmos	tf	KLF10		False	True	22.0
collectri_nocomplex	cosmos	tf	KLF11		False	True	13.0
collectri_nocomplex	cosmos	tf	KLF13		False	True	9.0
collectri_nocomplex	cosmos	tf	KLF15		False	False	15.0
collectri_nocomplex	cosmos	tf	KLF17		False	False	5.0
collectri_nocomplex	cosmos	tf	KLF2		False	False	31.0
collectri_nocomplex	cosmos	tf	KLF4		False	True	74.0
collectri_nocomplex	cosmos	tf	KLF5		False	True	48.0
collectri_nocomplex	cosmos	tf	KLF6		False	True	33.0
collectri_nocomplex	cosmos	tf	KLF7		False	True	8.0
collectri_nocomplex	cosmos	tf	KLF8		False	False	13.0
collectri_nocomplex	cosmos	tf	KLF9		False	True	14.0
collectri_nocomplex	cosmos	tf	KMT2A		False	True	50.0
collectri_nocomplex	cosmos	tf	KMT2B		False	True	9.0
collectri_nocomplex	cosmos	tf	LEF1		False	True	63.0
collectri_nocomplex	cosmos	tf	LHX2		False	False	17.0
collectri_nocomplex	cosmos	tf	LHX8		False	False	6.0
collectri_nocomplex	cosmos	tf	LITAF		False	False	18.0
collectri_nocomplex	cosmos	tf	LMO2		False	False	14.0
collectri_nocomplex	cosmos	tf	LMX1B		False	False	13.0
collectri_nocomplex	cosmos	tf	LRRFIP1		False	False	8.0
collectri_nocomplex	cosmos	tf	LYL1		False	True	9.0
collectri_nocomplex	cosmos	tf	MAF		False	True	25.0
collectri_nocomplex	cosmos	tf	MAFA		False	False	10.0
collectri_nocomplex	cosmos	tf	MAFB		False	False	21.0
collectri_nocomplex	cosmos	tf	MAFG		False	True	8.0
collectri_nocomplex	cosmos	tf	MAFK		False	True	12.0
collectri_nocomplex	cosmos	tf	MAML1		False	True	5.0
collectri_nocomplex	cosmos	tf	MAX		False	True	37.0
collectri_nocomplex	cosmos	tf	MAZ		False	True	24.0
collectri_nocomplex	cosmos	tf	MBD1		False	True	10.0
collectri_nocomplex	cosmos	tf	MBD2		False	False	55.0
collectri_nocomplex	cosmos	tf	MECOM		False	True	13.0
collectri_nocomplex	cosmos	tf	MECP2		False	True	20.0
collectri_nocomplex	cosmos	tf	MED1		False	True	9.0
collectri_nocomplex	cosmos	tf	MEF2A		False	True	62.0
collectri_nocomplex	cosmos	tf	MEF2C		False	True	44.0
collectri_nocomplex	cosmos	tf	MEF2D		False	True	18.0
collectri_nocomplex	cosmos	tf	MEIS1		False	True	15.0
collectri_nocomplex	cosmos	tf	MEOX1		False	True	6.0
collectri_nocomplex	cosmos	tf	MEOX2		False	False	6.0
collectri_nocomplex	cosmos	tf	MESP2		False	False	7.0
collectri_nocomplex	cosmos	tf	MITF		False	False	60.0
collectri_nocomplex	cosmos	tf	MLXIP		False	False	5.0
collectri_nocomplex	cosmos	tf	MLXIPL		False	False	12.0
collectri_nocomplex	cosmos	tf	MNT		False	True	8.0
collectri_nocomplex	cosmos	tf	MSC		False	True	14.0
collectri_nocomplex	cosmos	tf	MSX1		False	True	14.0
collectri_nocomplex	cosmos	tf	MSX2		False	True	26.0
collectri_nocomplex	cosmos	tf	MTA1		False	True	36.0
collectri_nocomplex	cosmos	tf	MTA3		False	False	10.0
collectri_nocomplex	cosmos	tf	MTF1		False	False	23.0
collectri_nocomplex	cosmos	tf	MTF2		False	False	5.0
collectri_nocomplex	cosmos	tf	MXD1		False	True	19.0
collectri_nocomplex	cosmos	tf	MXI1		False	True	8.0
collectri_nocomplex	cosmos	tf	MYB		False	True	105.0
collectri_nocomplex	cosmos	tf	MYBL1		False	True	6.0
collectri_nocomplex	cosmos	tf	MYBL2		False	True	43.0
collectri_nocomplex	cosmos	tf	MYC		False	True	706.0
collectri_nocomplex	cosmos	tf	MYCN		False	True	101.0
collectri_nocomplex	cosmos	tf	MYF5		False	False	13.0
collectri_nocomplex	cosmos	tf	MYF6		False	False	9.0
collectri_nocomplex	cosmos	tf	MYOCD		False	False	5.0
collectri_nocomplex	cosmos	tf	MYOD1		False	False	96.0
collectri_nocomplex	cosmos	tf	MYOG		False	False	35.0
collectri_nocomplex	cosmos	tf	MYRF		False	False	6.0
collectri_nocomplex	cosmos	tf	MYT1		False	True	5.0
collectri_nocomplex	cosmos	tf	MZF1		False	True	17.0
collectri_nocomplex	cosmos	tf	NAB2		False	True	5.0
collectri_nocomplex	cosmos	tf	NANOG		False	False	38.0
collectri_nocomplex	cosmos	tf	NCOA1		False	True	48.0
collectri_nocomplex	cosmos	tf	NCOA2		False	True	42.0
collectri_nocomplex	cosmos	tf	NCOA3		False	True	48.0
collectri_nocomplex	cosmos	tf	NCOR1		False	True	53.0
collectri_nocomplex	cosmos	tf	NCOR2		False	True	41.0
collectri_nocomplex	cosmos	tf	NEUROD1		False	False	34.0
collectri_nocomplex	cosmos	tf	NEUROD2		False	False	7.0
collectri_nocomplex	cosmos	tf	NEUROD6		False	False	5.0
collectri_nocomplex	cosmos	tf	NEUROG1		False	False	8.0
collectri_nocomplex	cosmos	tf	NEUROG2		False	False	18.0
collectri_nocomplex	cosmos	tf	NEUROG3		False	False	19.0
collectri_nocomplex	cosmos	tf	NFAT5		False	True	29.0
collectri_nocomplex	cosmos	tf	NFATC1		False	True	61.0
collectri_nocomplex	cosmos	tf	NFATC2		False	False	37.0
collectri_nocomplex	cosmos	tf	NFATC3		False	True	14.0
collectri_nocomplex	cosmos	tf	NFATC4		False	True	21.0
collectri_nocomplex	cosmos	tf	NFE2		False	False	9.0
collectri_nocomplex	cosmos	tf	NFE2L1		False	True	6.0
collectri_nocomplex	cosmos	tf	NFE2L2		False	True	137.0
collectri_nocomplex	cosmos	tf	NFE2L3		False	False	5.0
collectri_nocomplex	cosmos	tf	NFIA		False	False	32.0
collectri_nocomplex	cosmos	tf	NFIB		False	False	16.0
collectri_nocomplex	cosmos	tf	NFIC		False	False	45.0
collectri_nocomplex	cosmos	tf	NFIL3		False	True	12.0
collectri_nocomplex	cosmos	tf	NFIX		False	False	16.0
collectri_nocomplex	cosmos	tf	NFKB1		False	True	215.0
collectri_nocomplex	cosmos	tf	NFKB2		False	True	37.0
collectri_nocomplex	cosmos	tf	NFKBIB		False	True	12.0
collectri_nocomplex	cosmos	tf	NFYA		False	True	69.0
collectri_nocomplex	cosmos	tf	NFYB		False	True	26.0
collectri_nocomplex	cosmos	tf	NFYC		False	True	13.0
collectri_nocomplex	cosmos	tf	NKX2-1		False	False	32.0
collectri_nocomplex	cosmos	tf	NKX2-2		False	False	10.0
collectri_nocomplex	cosmos	tf	NKX2-5		False	False	38.0
collectri_nocomplex	cosmos	tf	NKX3-1		False	False	50.0
collectri_nocomplex	cosmos	tf	NKX3-2		False	False	6.0
collectri_nocomplex	cosmos	tf	NKX6-1		False	True	6.0
collectri_nocomplex	cosmos	tf	NONO		False	True	13.0
collectri_nocomplex	cosmos	tf	NOTCH1		False	True	48.0
collectri_nocomplex	cosmos	tf	NOTO		False	False	5.0
collectri_nocomplex	cosmos	tf	NPAS2		False	False	6.0
collectri_nocomplex	cosmos	tf	NPM1		False	True	10.0
collectri_nocomplex	cosmos	tf	NR0B1		False	False	29.0
collectri_nocomplex	cosmos	tf	NR0B2		False	False	65.0
collectri_nocomplex	cosmos	tf	NR1D1		False	True	10.0
collectri_nocomplex	cosmos	tf	NR1H2		False	True	30.0
collectri_nocomplex	cosmos	tf	NR1H3		False	True	65.0
collectri_nocomplex	cosmos	tf	NR1H4		False	False	60.0
collectri_nocomplex	cosmos	tf	NR1I2		False	False	151.0
collectri_nocomplex	cosmos	tf	NR1I3		False	False	23.0
collectri_nocomplex	cosmos	tf	NR2C1		False	True	9.0
collectri_nocomplex	cosmos	tf	NR2C2		False	True	34.0
collectri_nocomplex	cosmos	tf	NR2E1		False	False	12.0
collectri_nocomplex	cosmos	tf	NR2E3		False	False	6.0
collectri_nocomplex	cosmos	tf	NR2F1		False	True	26.0
collectri_nocomplex	cosmos	tf	NR2F2		False	True	33.0
collectri_nocomplex	cosmos	tf	NR3C1		False	True	145.0
collectri_nocomplex	cosmos	tf	NR3C2		False	False	33.0
collectri_nocomplex	cosmos	tf	NR4A1		False	True	57.0
collectri_nocomplex	cosmos	tf	NR4A2		False	True	27.0
collectri_nocomplex	cosmos	tf	NR4A3		False	True	15.0
collectri_nocomplex	cosmos	tf	NR5A1		False	True	55.0
collectri_nocomplex	cosmos	tf	NR5A2		False	False	25.0
collectri_nocomplex	cosmos	tf	NR6A1		False	False	6.0
collectri_nocomplex	cosmos	tf	NRF1		False	True	68.0
collectri_nocomplex	cosmos	tf	NRG1		False	True	25.0
collectri_nocomplex	cosmos	tf	NRL		False	True	10.0
collectri_nocomplex	cosmos	tf	NSD2		False	True	7.0
collectri_nocomplex	cosmos	tf	NUPR1		False	False	6.0
collectri_nocomplex	cosmos	tf	OLIG2		False	False	11.0
collectri_nocomplex	cosmos	tf	ONECUT1		False	False	10.0
collectri_nocomplex	cosmos	tf	OTX2		False	False	14.0
collectri_nocomplex	cosmos	tf	OVOL1		False	False	8.0
collectri_nocomplex	cosmos	tf	PATZ1		False	True	8.0
collectri_nocomplex	cosmos	tf	PAWR		False	False	5.0
collectri_nocomplex	cosmos	tf	PAX2		False	False	12.0
collectri_nocomplex	cosmos	tf	PAX3		False	True	70.0
collectri_nocomplex	cosmos	tf	PAX5		False	False	35.0
collectri_nocomplex	cosmos	tf	PAX6		False	True	94.0
collectri_nocomplex	cosmos	tf	PAX7		False	False	13.0
collectri_nocomplex	cosmos	tf	PAX8		False	False	13.0
collectri_nocomplex	cosmos	tf	PAX9		False	True	8.0
collectri_nocomplex	cosmos	tf	PBRM1		False	True	7.0
collectri_nocomplex	cosmos	tf	PBX1		False	True	33.0
collectri_nocomplex	cosmos	tf	PDX1		False	False	53.0
collectri_nocomplex	cosmos	tf	PEG3		False	False	6.0
collectri_nocomplex	cosmos	tf	PGR		False	False	78.0
collectri_nocomplex	cosmos	tf	PHF20		False	True	7.0
collectri_nocomplex	cosmos	tf	PHOX2A		False	True	5.0
collectri_nocomplex	cosmos	tf	PHOX2B		False	False	7.0
collectri_nocomplex	cosmos	tf	PIN1		False	True	5.0
collectri_nocomplex	cosmos	tf	PITX1		False	True	20.0
collectri_nocomplex	cosmos	tf	PITX2		False	True	68.0
collectri_nocomplex	cosmos	tf	PITX3		False	False	9.0
collectri_nocomplex	cosmos	tf	PKNOX1		False	True	11.0
collectri_nocomplex	cosmos	tf	PLAG1		False	True	6.0
collectri_nocomplex	cosmos	tf	PLAGL1		False	True	13.0
collectri_nocomplex	cosmos	tf	PML		False	True	15.0
collectri_nocomplex	cosmos	tf	POU1F1		False	False	28.0
collectri_nocomplex	cosmos	tf	POU2F1		False	True	51.0
collectri_nocomplex	cosmos	tf	POU2F2		False	True	15.0
collectri_nocomplex	cosmos	tf	POU3F1		False	True	9.0
collectri_nocomplex	cosmos	tf	POU3F2		False	False	19.0
collectri_nocomplex	cosmos	tf	POU4F1		False	False	18.0
collectri_nocomplex	cosmos	tf	POU4F2		False	False	18.0
collectri_nocomplex	cosmos	tf	POU5F1		False	True	55.0
collectri_nocomplex	cosmos	tf	PPARA		False	True	145.0
collectri_nocomplex	cosmos	tf	PPARD		False	True	60.0
collectri_nocomplex	cosmos	tf	PPARG		False	False	201.0
collectri_nocomplex	cosmos	tf	PPARGC1A		False	True	21.0
collectri_nocomplex	cosmos	tf	PRDM1		False	True	29.0
collectri_nocomplex	cosmos	tf	PRDM2		False	False	7.0
collectri_nocomplex	cosmos	tf	PRDM4		False	False	5.0
collectri_nocomplex	cosmos	tf	PREB		False	False	7.0
collectri_nocomplex	cosmos	tf	PROX1		False	True	22.0
collectri_nocomplex	cosmos	tf	PRRX1		False	True	5.0
collectri_nocomplex	cosmos	tf	PTF1A		False	False	5.0
collectri_nocomplex	cosmos	tf	PURA		False	True	12.0
collectri_nocomplex	cosmos	tf	RARA		False	True	96.0
collectri_nocomplex	cosmos	tf	RARB		False	True	30.0
collectri_nocomplex	cosmos	tf	RARG		False	True	20.0
collectri_nocomplex	cosmos	tf	RB1		False	True	25.0
collectri_nocomplex	cosmos	tf	RBPJ		False	True	97.0
collectri_nocomplex	cosmos	tf	RCOR2		False	False	13.0
collectri_nocomplex	cosmos	tf	REL		False	True	53.0
collectri_nocomplex	cosmos	tf	RELA		False	True	293.0
collectri_nocomplex	cosmos	tf	RELB		False	True	29.0
collectri_nocomplex	cosmos	tf	REST		False	True	40.0
collectri_nocomplex	cosmos	tf	RFX1		False	True	12.0
collectri_nocomplex	cosmos	tf	RFX5		False	True	7.0
collectri_nocomplex	cosmos	tf	RFXANK		False	True	5.0
collectri_nocomplex	cosmos	tf	RORA		False	True	35.0
collectri_nocomplex	cosmos	tf	RUNX1		False	False	104.0
collectri_nocomplex	cosmos	tf	RUNX2		False	True	76.0
collectri_nocomplex	cosmos	tf	RUNX3		False	False	38.0
collectri_nocomplex	cosmos	tf	RXRA		False	True	49.0
collectri_nocomplex	cosmos	tf	RXRB		False	True	5.0
collectri_nocomplex	cosmos	tf	SALL1		False	False	5.0
collectri_nocomplex	cosmos	tf	SALL2		False	False	6.0
collectri_nocomplex	cosmos	tf	SALL3		False	False	6.0
collectri_nocomplex	cosmos	tf	SALL4		False	False	13.0
collectri_nocomplex	cosmos	tf	SATB1		False	True	24.0
collectri_nocomplex	cosmos	tf	SATB2		False	False	21.0
collectri_nocomplex	cosmos	tf	SCX		False	False	7.0
collectri_nocomplex	cosmos	tf	SF1		False	True	6.0
collectri_nocomplex	cosmos	tf	SFPQ		False	True	16.0
collectri_nocomplex	cosmos	tf	SIM2		False	False	9.0
collectri_nocomplex	cosmos	tf	SIN3A		False	True	7.0
collectri_nocomplex	cosmos	tf	SIRT1		False	True	43.0
collectri_nocomplex	cosmos	tf	SIX1		False	True	11.0
collectri_nocomplex	cosmos	tf	SIX4		False	False	5.0
collectri_nocomplex	cosmos	tf	SKIL		False	True	12.0
collectri_nocomplex	cosmos	tf	SMAD1		False	True	42.0
collectri_nocomplex	cosmos	tf	SMAD2		False	True	57.0
collectri_nocomplex	cosmos	tf	SMAD3		False	True	100.0
collectri_nocomplex	cosmos	tf	SMAD4		False	True	74.0
collectri_nocomplex	cosmos	tf	SMAD5		False	True	25.0
collectri_nocomplex	cosmos	tf	SMAD6		False	True	15.0
collectri_nocomplex	cosmos	tf	SMAD7		False	True	43.0
collectri_nocomplex	cosmos	tf	SMARCA1		False	True	35.0
collectri_nocomplex	cosmos	tf	SMARCA4		False	True	9.0
collectri_nocomplex	cosmos	tf	SMARCA5		False	True	10.0
collectri_nocomplex	cosmos	tf	SMARCB1		False	True	5.0
collectri_nocomplex	cosmos	tf	SMARCC1		False	True	6.0
collectri_nocomplex	cosmos	tf	SNAI1		False	True	66.0
collectri_nocomplex	cosmos	tf	SNAI2		False	False	30.0
collectri_nocomplex	cosmos	tf	SOX10		False	False	17.0
collectri_nocomplex	cosmos	tf	SOX11		False	False	8.0
collectri_nocomplex	cosmos	tf	SOX17		False	False	24.0
collectri_nocomplex	cosmos	tf	SOX2		False	True	54.0
collectri_nocomplex	cosmos	tf	SOX4		False	True	20.0
collectri_nocomplex	cosmos	tf	SOX5		False	False	9.0
collectri_nocomplex	cosmos	tf	SOX6		False	False	12.0
collectri_nocomplex	cosmos	tf	SOX9		False	True	55.0
collectri_nocomplex	cosmos	tf	SP1		False	True	796.0
collectri_nocomplex	cosmos	tf	SP2		False	True	15.0
collectri_nocomplex	cosmos	tf	SP3		False	True	261.0
collectri_nocomplex	cosmos	tf	SP4		False	False	37.0
collectri_nocomplex	cosmos	tf	SP7		False	False	20.0
collectri_nocomplex	cosmos	tf	SPDEF		False	False	8.0
collectri_nocomplex	cosmos	tf	SPI1		False	False	137.0
collectri_nocomplex	cosmos	tf	SPIB		False	False	6.0
collectri_nocomplex	cosmos	tf	SREBF1		False	True	86.0
collectri_nocomplex	cosmos	tf	SREBF2		False	True	49.0
collectri_nocomplex	cosmos	tf	SRF		False	True	65.0
collectri_nocomplex	cosmos	tf	SRSF2		False	True	12.0
collectri_nocomplex	cosmos	tf	SRY		False	False	18.0
collectri_nocomplex	cosmos	tf	SSRP1		False	True	78.0
collectri_nocomplex	cosmos	tf	STAT1		False	True	181.0
collectri_nocomplex	cosmos	tf	STAT2		False	True	24.0
collectri_nocomplex	cosmos	tf	STAT3		False	True	259.0
collectri_nocomplex	cosmos	tf	STAT4		False	True	11.0
collectri_nocomplex	cosmos	tf	STAT5A		False	True	108.0
collectri_nocomplex	cosmos	tf	STAT5B		False	True	56.0
collectri_nocomplex	cosmos	tf	STAT6		False	True	47.0
collectri_nocomplex	cosmos	tf	STOX1		False	False	5.0
collectri_nocomplex	cosmos	tf	TADA2A		False	False	7.0
collectri_nocomplex	cosmos	tf	TAF1		False	True	36.0
collectri_nocomplex	cosmos	tf	TAL1		False	False	55.0
collectri_nocomplex	cosmos	tf	TBP		False	True	109.0
collectri_nocomplex	cosmos	tf	TBPL1		False	False	24.0
collectri_nocomplex	cosmos	tf	TBPL2		False	False	8.0
collectri_nocomplex	cosmos	tf	TBX1		False	True	9.0
collectri_nocomplex	cosmos	tf	TBX15		False	False	17.0
collectri_nocomplex	cosmos	tf	TBX18		False	False	9.0
collectri_nocomplex	cosmos	tf	TBX2		False	False	19.0
collectri_nocomplex	cosmos	tf	TBX21		False	False	17.0
collectri_nocomplex	cosmos	tf	TBX3		False	False	13.0
collectri_nocomplex	cosmos	tf	TBX5		False	False	16.0
collectri_nocomplex	cosmos	tf	TBXT		False	False	7.0
collectri_nocomplex	cosmos	tf	TCF12		False	True	28.0
collectri_nocomplex	cosmos	tf	TCF21		False	False	12.0
collectri_nocomplex	cosmos	tf	TCF3		False	True	67.0
collectri_nocomplex	cosmos	tf	TCF4		False	True	34.0
collectri_nocomplex	cosmos	tf	TCF7		False	True	11.0
collectri_nocomplex	cosmos	tf	TCF7L2		False	True	74.0
collectri_nocomplex	cosmos	tf	TEAD1		False	True	15.0
collectri_nocomplex	cosmos	tf	TEAD2		False	True	5.0
collectri_nocomplex	cosmos	tf	TEAD4		False	True	7.0
collectri_nocomplex	cosmos	tf	TEF		False	False	8.0
collectri_nocomplex	cosmos	tf	TET1		False	True	11.0
collectri_nocomplex	cosmos	tf	TFAM		False	True	10.0
collectri_nocomplex	cosmos	tf	TFAP2A		False	False	181.0
collectri_nocomplex	cosmos	tf	TFAP2B		False	True	11.0
collectri_nocomplex	cosmos	tf	TFAP2C		False	False	17.0
collectri_nocomplex	cosmos	tf	TFAP4		False	True	21.0
collectri_nocomplex	cosmos	tf	TFCP2		False	True	37.0
collectri_nocomplex	cosmos	tf	TFDP1		False	True	30.0
collectri_nocomplex	cosmos	tf	TFDP2		False	True	6.0
collectri_nocomplex	cosmos	tf	TFDP3		False	False	5.0
collectri_nocomplex	cosmos	tf	TFE3		False	False	21.0
collectri_nocomplex	cosmos	tf	TGFB1I1		False	True	12.0
collectri_nocomplex	cosmos	tf	TGIF1		False	True	10.0
collectri_nocomplex	cosmos	tf	THAP11		False	False	6.0
collectri_nocomplex	cosmos	tf	THRA		False	True	47.0
collectri_nocomplex	cosmos	tf	THRB		False	True	27.0
collectri_nocomplex	cosmos	tf	TLX1		False	False	7.0
collectri_nocomplex	cosmos	tf	TP53		False	True	707.0
collectri_nocomplex	cosmos	tf	TP63		False	False	141.0
collectri_nocomplex	cosmos	tf	TP73		False	True	94.0
collectri_nocomplex	cosmos	tf	TRIM28		False	True	5.0
collectri_nocomplex	cosmos	tf	TRPS1		False	True	11.0
collectri_nocomplex	cosmos	tf	TSC22D1		False	False	7.0
collectri_nocomplex	cosmos	tf	TTF1		False	True	30.0
collectri_nocomplex	cosmos	tf	TWIST1		False	True	49.0
collectri_nocomplex	cosmos	tf	TWIST2		False	False	23.0
collectri_nocomplex	cosmos	tf	UBTF		False	True	8.0
collectri_nocomplex	cosmos	tf	USF1		False	True	120.0
collectri_nocomplex	cosmos	tf	USF2		False	True	63.0
collectri_nocomplex	cosmos	tf	VDR		False	False	69.0
collectri_nocomplex	cosmos	tf	VEZF1		False	False	5.0
collectri_nocomplex	cosmos	tf	VHL		False	True	20.0
collectri_nocomplex	cosmos	tf	VSX2		False	False	17.0
collectri_nocomplex	cosmos	tf	WT1		False	False	101.0
collectri_nocomplex	cosmos	tf	WWTR1		False	True	6.0
collectri_nocomplex	cosmos	tf	XBP1		False	True	34.0
collectri_nocomplex	cosmos	tf	YAP1		False	True	7.0
collectri_nocomplex	cosmos	tf	YBX1		False	True	66.0
collectri_nocomplex	cosmos	tf	YBX3		False	False	22.0
collectri_nocomplex	cosmos	tf	YY1		False	True	162.0
collectri_nocomplex	cosmos	tf	ZBED1		False	False	16.0
collectri_nocomplex	cosmos	tf	ZBTB14		False	True	5.0
collectri_nocomplex	cosmos	tf	ZBTB16		False	True	36.0
collectri_nocomplex	cosmos	tf	ZBTB17		False	True	29.0
collectri_nocomplex	cosmos	tf	ZBTB18		False	False	7.0
collectri_nocomplex	cosmos	tf	ZBTB33		False	True	7.0
collectri_nocomplex	cosmos	tf	ZBTB4		False	True	11.0
collectri_nocomplex	cosmos	tf	ZBTB7A		False	False	28.0
collectri_nocomplex	cosmos	tf	ZBTB7B		False	False	8.0
collectri_nocomplex	cosmos	tf	ZEB1		False	True	30.0
collectri_nocomplex	cosmos	tf	ZEB2		False	True	18.0
collectri_nocomplex	cosmos	tf	ZFHX3		False	False	5.0
collectri_nocomplex	cosmos	tf	ZFP42		False	False	12.0
collectri_nocomplex	cosmos	tf	ZFPM1		False	False	7.0
collectri_nocomplex	cosmos	tf	ZFPM2		False	False	7.0
collectri_nocomplex	cosmos	tf	ZGLP1		False	False	11.0
collectri_nocomplex	cosmos	tf	ZHX2		False	False	9.0
collectri_nocomplex	cosmos	tf	ZIC1		False	True	11.0
collectri_nocomplex	cosmos	tf	ZIC2		False	False	5.0
collectri_nocomplex	cosmos	tf	ZKSCAN7		False	False	10.0
collectri_nocomplex	cosmos	tf	ZMYND8		False	True	6.0
collectri_nocomplex	cosmos	tf	ZNF143		False	False	20.0
collectri_nocomplex	cosmos	tf	ZNF148		False	True	17.0
collectri_nocomplex	cosmos	tf	ZNF236		False	False	5.0
collectri_nocomplex	cosmos	tf	ZNF331		False	False	17.0
collectri_nocomplex	cosmos	tf	ZNF335		False	False	5.0
collectri_nocomplex	cosmos	tf	ZNF350		False	True	8.0
collectri_nocomplex	cosmos	tf	ZNF354C		False	False	16.0
collectri_nocomplex	cosmos	tf	ZNF362		False	False	9.0
collectri_nocomplex	cosmos	tf	ZNF382		False	False	8.0
collectri_nocomplex	cosmos	tf	ZNF384		False	False	10.0
collectri_nocomplex	cosmos	tf	ZNF395		False	False	5.0
collectri_nocomplex	cosmos	tf	ZNF436		False	False	5.0
collectri_nocomplex	cosmos	tf	ZNF699		False	False	33.0
collectri_nocomplex	cosmos	tf	ZNF76		False	True	6.0
collectri_nocomplex	cosmos	tf	ZNF804A		False	False	7.0
collectri_nocomplex	cosmos	tf	ZNF91		False	False	24.0
collectri_nocomplex	cosmos	complex_member	AP1	ATF3	True	True	
collectri_nocomplex	cosmos	complex_member	AP1	FOS	True	True	
collectri_nocomplex	cosmos	complex_member	AP1	FOSB	True	False	
collectri_nocomplex	cosmos	complex_member	AP1	JUN	True	True	
collectri_nocomplex	cosmos	complex_member	AP1	JUNB	True	True	
collectri_nocomplex	cosmos	complex_member	NFKB	NFKB1	True	True	
collectri_nocomplex	cosmos	complex_member	NFKB	NFKB2	True	True	
collectri_nocomplex	cosmos	complex_member	NFKB	RELA	True	True	
collectri_nocomplex	cosmos	complex_member	NFKB	RELB	True	True	
collectri_nocomplex	cosmos	complex_member	NFKB	REL	True	True	
dorothea_ABC	omnipath	tf	AHR		False	False	35.0
dorothea_ABC	omnipath	tf	AR		False	True	165.0
dorothea_ABC	omnipath	tf	ARID2		False	False	29.0
dorothea_ABC	omnipath	tf	ARID3A		False	True	20.0
dorothea_ABC	omnipath	tf	ARNT		False	True	56.0
dorothea_ABC	omnipath	tf	ASCL1		False	False	43.0
dorothea_ABC	omnipath	tf	ATF1		False	True	79.0
dorothea_ABC	omnipath	tf	ATF2		False	True	56.0
dorothea_ABC	omnipath	tf	ATF3		False	True	45.0
dorothea_ABC	omnipath	tf	ATF4		False	True	97.0
dorothea_ABC	omnipath	tf	ATF6		False	True	10.0
dorothea_ABC	omnipath	tf	ATF7		False	True	25.0
dorothea_ABC	omnipath	tf	BACH1		False	True	75.0
dorothea_ABC	omnipath	tf	BACH2		False	True	44.0
dorothea_ABC	omnipath	tf	BATF		False	False	30.0
dorothea_ABC	omnipath	tf	BCL11A		False	False	24.0
dorothea_ABC	omnipath	tf	BCL6		False	True	41.0
dorothea_ABC	omnipath	tf	BHLHE22		False	False	16.0
dorothea_ABC	omnipath	tf	BHLHE40		False	False	55.0
dorothea_ABC	omnipath	tf	BMAL1		False	True	16.0
dorothea_ABC	omnipath	tf	CDX2		False	False	34.0
dorothea_ABC	omnipath	tf	CEBPA		False	False	729.0
dorothea_ABC	omnipath	tf	CEBPB		False	True	52.0
dorothea_ABC	omnipath	tf	CEBPD		False	True	57.0
dorothea_ABC	omnipath	tf	CEBPG		False	False	33.0
dorothea_ABC	omnipath	tf	CLOCK		False	True	42.0
dorothea_ABC	omnipath	tf	CREB1		False	True	74.0
dorothea_ABC	omnipath	tf	CREB3		False	True	22.0
dorothea_ABC	omnipath	tf	CREB3L1		False	False	18.0
dorothea_ABC	omnipath	tf	CREM		False	True	47.0
dorothea_ABC	omnipath	tf	CTCF		False	True	730.0
dorothea_ABC	omnipath	tf	CTCFL		False	False	44.0
dorothea_ABC	omnipath	tf	CUX1		False	True	37.0
dorothea_ABC	omnipath	tf	DEAF1		False	False	8.0
dorothea_ABC	omnipath	tf	DUX4		False	False	30.0
dorothea_ABC	omnipath	tf	E2F1		False	True	614.0
dorothea_ABC	omnipath	tf	E2F2		False	True	21.0
dorothea_ABC	omnipath	tf	E2F3		False	True	13.0
dorothea_ABC	omnipath	tf	E2F4		False	True	712.0
dorothea_ABC	omnipath	tf	E2F5		False	True	12.0
dorothea_ABC	omnipath	tf	E2F6		False	True	62.0
dorothea_ABC	omnipath	tf	E2F7		False	True	29.0
dorothea_ABC	omnipath	tf	EBF1		False	True	65.0
dorothea_ABC	omnipath	tf	EGR1		False	True	835.0
dorothea_ABC	omnipath	tf	EHF		False	False	13.0
dorothea_ABC	omnipath	tf	ELF1		False	True	48.0
dorothea_ABC	omnipath	tf	ELF3		False	False	35.0
dorothea_ABC	omnipath	tf	ELF5		False	False	15.0
dorothea_ABC	omnipath	tf	ELK1		False	True	105.0
dorothea_ABC	omnipath	tf	ELK4		False	True	13.0
dorothea_ABC	omnipath	tf	EOMES		False	False	20.0
dorothea_ABC	omnipath	tf	EPAS1		False	False	63.0
dorothea_ABC	omnipath	tf	ERG		False	False	67.0
dorothea_ABC	omnipath	tf	ESR1		False	False	530.0
dorothea_ABC	omnipath	tf	ESR2		False	False	56.0
dorothea_ABC	omnipath	tf	ESRRA		False	True	53.0
dorothea_ABC	omnipath	tf	ETS1		False	True	845.0
dorothea_ABC	omnipath	tf	ETS2		False	True	13.0
dorothea_ABC	omnipath	tf	ETV1		False	True	24.0
dorothea_ABC	omnipath	tf	ETV4		False	True	47.0
dorothea_ABC	omnipath	tf	ETV6		False	True	6.0
dorothea_ABC	omnipath	tf	FLI1		False	False	81.0
dorothea_ABC	omnipath	tf	FOS		False	True	641.0
dorothea_ABC	omnipath	tf	FOSL1		False	True	40.0
dorothea_ABC	omnipath	tf	FOSL2		False	False	65.0
dorothea_ABC	omnipath	tf	FOXA1		False	False	653.0
dorothea_ABC	omnipath	tf	FOXA2		False	False	36.0
dorothea_ABC	omnipath	tf	FOXJ2		False	True	31.0
dorothea_ABC	omnipath	tf	FOXK1		False	False	8.0
dorothea_ABC	omnipath	tf	FOXK2		False	True	50.0
dorothea_ABC	omnipath	tf	FOXL2		False	True	11.0
dorothea_ABC	omnipath	tf	FOXM1		False	True	71.0
dorothea_ABC	omnipath	tf	FOXO1		False	True	99.0
dorothea_ABC	omnipath	tf	FOXO3		False	True	35.0
dorothea_ABC	omnipath	tf	FOXO4		False	True	12.0
dorothea_ABC	omnipath	tf	FOXP1		False	False	317.0
dorothea_ABC	omnipath	tf	FOXP2		False	False	33.0
dorothea_ABC	omnipath	tf	GABPA		False	True	51.0
dorothea_ABC	omnipath	tf	GATA1		False	False	43.0
dorothea_ABC	omnipath	tf	GATA2		False	False	552.0
dorothea_ABC	omnipath	tf	GATA3		False	False	602.0
dorothea_ABC	omnipath	tf	GATA4		False	False	6.0
dorothea_ABC	omnipath	tf	GATA6		False	False	38.0
dorothea_ABC	omnipath	tf	GFI1B		False	False	27.0
dorothea_ABC	omnipath	tf	GLI1		False	True	7.0
dorothea_ABC	omnipath	tf	GLI2		False	True	13.0
dorothea_ABC	omnipath	tf	GRHL2		False	False	50.0
dorothea_ABC	omnipath	tf	HBP1		False	True	35.0
dorothea_ABC	omnipath	tf	HES1		False	True	5.0
dorothea_ABC	omnipath	tf	HHEX		False	False	8.0
dorothea_ABC	omnipath	tf	HIC1		False	True	5.0
dorothea_ABC	omnipath	tf	HIF1A		False	True	202.0
dorothea_ABC	omnipath	tf	HINFP		False	True	15.0
dorothea_ABC	omnipath	tf	HMBOX1		False	False	26.0
dorothea_ABC	omnipath	tf	HNF1B		False	False	22.0
dorothea_ABC	omnipath	tf	HNF4A		False	False	681.0
dorothea_ABC	omnipath	tf	HNF4G		False	False	33.0
dorothea_ABC	omnipath	tf	HOXA9		False	True	16.0
dorothea_ABC	omnipath	tf	HOXB13		False	False	37.0
dorothea_ABC	omnipath	tf	HSF1		False	True	73.0
dorothea_ABC	omnipath	tf	IKZF1		False	False	31.0
dorothea_ABC	omnipath	tf	IRF1		False	True	55.0
dorothea_ABC	omnipath	tf	IRF2		False	True	66.0
dorothea_ABC	omnipath	tf	IRF3		False	True	64.0
dorothea_ABC	omnipath	tf	IRF4		False	False	46.0
dorothea_ABC	omnipath	tf	IRF9		False	True	42.0
dorothea_ABC	omnipath	tf	JUN		False	True	119.0
dorothea_ABC	omnipath	tf	JUNB		False	True	44.0
dorothea_ABC	omnipath	tf	JUND		False	True	59.0
dorothea_ABC	omnipath	tf	KDM5B		False	True	17.0
dorothea_ABC	omnipath	tf	KLF1		False	False	44.0
dorothea_ABC	omnipath	tf	KLF13		False	True	28.0
dorothea_ABC	omnipath	tf	KLF3		False	False	11.0
dorothea_ABC	omnipath	tf	KLF4		False	True	39.0
dorothea_ABC	omnipath	tf	KLF5		False	True	61.0
dorothea_ABC	omnipath	tf	KLF6		False	True	44.0
dorothea_ABC	omnipath	tf	KLF9		False	False	61.0
dorothea_ABC	omnipath	tf	KMT2A		False	True	56.0
dorothea_ABC	omnipath	tf	KMT2B		False	True	8.0
dorothea_ABC	omnipath	tf	LEF1		False	True	35.0
dorothea_ABC	omnipath	tf	LHX2		False	False	8.0
dorothea_ABC	omnipath	tf	LYL1		False	False	51.0
dorothea_ABC	omnipath	tf	MAF		False	True	31.0
dorothea_ABC	omnipath	tf	MAFB		False	False	45.0
dorothea_ABC	omnipath	tf	MAFF		False	True	36.0
dorothea_ABC	omnipath	tf	MAFG		False	True	32.0
dorothea_ABC	omnipath	tf	MAFK		False	True	45.0
dorothea_ABC	omnipath	tf	MAX		False	True	47.0
dorothea_ABC	omnipath	tf	MAZ		False	True	67.0
dorothea_ABC	omnipath	tf	MBD1		False	True	42.0
dorothea_ABC	omnipath	tf	MBD2		False	False	18.0
dorothea_ABC	omnipath	tf	MEF2A		False	True	89.0
dorothea_ABC	omnipath	tf	MEF2B		False	False	29.0
dorothea_ABC	omnipath	tf	MEF2C		False	True	56.0
dorothea_ABC	omnipath	tf	MEIS1		False	True	41.0
dorothea_ABC	omnipath	tf	MEIS2		False	True	56.0
dorothea_ABC	omnipath	tf	MITF		False	False	580.0
dorothea_ABC	omnipath	tf	MNT		False	True	52.0
dorothea_ABC	omnipath	tf	MXI1		False	True	76.0
dorothea_ABC	omnipath	tf	MYB		False	True	34.0
dorothea_ABC	omnipath	tf	MYBL2		False	True	25.0
dorothea_ABC	omnipath	tf	MYC		False	True	406.0
dorothea_ABC	omnipath	tf	MYCN		False	True	58.0
dorothea_ABC	omnipath	tf	MYOD1		False	False	39.0
dorothea_ABC	omnipath	tf	NANOG		False	False	42.0
dorothea_ABC	omnipath	tf	NCOA1		False	True	20.0
dorothea_ABC	omnipath	tf	NCOA2		False	True	18.0
dorothea_ABC	omnipath	tf	NCOA3		False	True	21.0
dorothea_ABC	omnipath	tf	NEUROD1		False	False	26.0
dorothea_ABC	omnipath	tf	NFATC1		False	True	29.0
dorothea_ABC	omnipath	tf	NFE2		False	False	38.0
dorothea_ABC	omnipath	tf	NFE2L1		False	True	29.0
dorothea_ABC	omnipath	tf	NFE2L2		False	True	62.0
dorothea_ABC	omnipath	tf	NFIC		False	False	88.0
dorothea_ABC	omnipath	tf	NFKB1		False	True	152.0
dorothea_ABC	omnipath	tf	NFKB2		False	True	43.0
dorothea_ABC	omnipath	tf	NFYA		False	True	65.0
dorothea_ABC	omnipath	tf	NFYB		False	True	72.0
dorothea_ABC	omnipath	tf	NR1H2		False	True	10.0
dorothea_ABC	omnipath	tf	NR1H3		False	True	8.0
dorothea_ABC	omnipath	tf	NR2C2		False	True	86.0
dorothea_ABC	omnipath	tf	NR2F1		False	True	50.0
dorothea_ABC	omnipath	tf	NR2F2		False	True	56.0
dorothea_ABC	omnipath	tf	NR2F6		False	True	28.0
dorothea_ABC	omnipath	tf	NR3C1		False	True	63.0
dorothea_ABC	omnipath	tf	NR4A1		False	True	34.0
dorothea_ABC	omnipath	tf	NR5A2		False	False	19.0
dorothea_ABC	omnipath	tf	NRF1		False	True	76.0
dorothea_ABC	omnipath	tf	ONECUT1		False	False	42.0
dorothea_ABC	omnipath	tf	OTX2		False	False	20.0
dorothea_ABC	omnipath	tf	PAX5		False	False	35.0
dorothea_ABC	omnipath	tf	PAX6		False	True	34.0
dorothea_ABC	omnipath	tf	PAX8		False	False	5.0
dorothea_ABC	omnipath	tf	PBX2		False	False	39.0
dorothea_ABC	omnipath	tf	PBX3		False	False	47.0
dorothea_ABC	omnipath	tf	PDX1		False	False	40.0
dorothea_ABC	omnipath	tf	PGR		False	False	62.0
dorothea_ABC	omnipath	tf	PKNOX1		False	True	31.0
dorothea_ABC	omnipath	tf	POU2F1		False	True	38.0
dorothea_ABC	omnipath	tf	POU2F2		False	True	61.0
dorothea_ABC	omnipath	tf	POU4F2		False	False	22.0
dorothea_ABC	omnipath	tf	POU5F1		False	True	62.0
dorothea_ABC	omnipath	tf	PPARA		False	True	18.0
dorothea_ABC	omnipath	tf	PPARG		False	False	73.0
dorothea_ABC	omnipath	tf	PRDM1		False	True	29.0
dorothea_ABC	omnipath	tf	PRDM14		False	False	233.0
dorothea_ABC	omnipath	tf	PROX1		False	False	24.0
dorothea_ABC	omnipath	tf	RARA		False	True	105.0
dorothea_ABC	omnipath	tf	RARB		False	True	5.0
dorothea_ABC	omnipath	tf	RARG		False	True	7.0
dorothea_ABC	omnipath	tf	RBPJ		False	True	49.0
dorothea_ABC	omnipath	tf	REL		False	True	8.0
dorothea_ABC	omnipath	tf	RELA		False	True	162.0
dorothea_ABC	omnipath	tf	RELB		False	True	54.0
dorothea_ABC	omnipath	tf	REST		False	True	44.0
dorothea_ABC	omnipath	tf	RFX1		False	True	37.0
dorothea_ABC	omnipath	tf	RFX2		False	False	19.0
dorothea_ABC	omnipath	tf	RFX5		False	True	69.0
dorothea_ABC	omnipath	tf	RUNX1		False	False	287.0
dorothea_ABC	omnipath	tf	RUNX2		False	True	51.0
dorothea_ABC	omnipath	tf	RUNX3		False	False	63.0
dorothea_ABC	omnipath	tf	RXRA		False	True	59.0
dorothea_ABC	omnipath	tf	SATB1		False	True	8.0
dorothea_ABC	omnipath	tf	SIX2		False	False	32.0
dorothea_ABC	omnipath	tf	SIX5		False	False	24.0
dorothea_ABC	omnipath	tf	SMAD1		False	True	15.0
dorothea_ABC	omnipath	tf	SMAD3		False	True	75.0
dorothea_ABC	omnipath	tf	SMAD4		False	True	60.0
dorothea_ABC	omnipath	tf	SMAD5		False	True	11.0
dorothea_ABC	omnipath	tf	SNAI2		False	True	53.0
dorothea_ABC	omnipath	tf	SNAPC4		False	False	29.0
dorothea_ABC	omnipath	tf	SOX10		False	False	31.0
dorothea_ABC	omnipath	tf	SOX11		False	False	24.0
dorothea_ABC	omnipath	tf	SOX13		False	False	34.0
dorothea_ABC	omnipath	tf	SOX2		False	True	324.0
dorothea_ABC	omnipath	tf	SOX6		False	False	26.0
dorothea_ABC	omnipath	tf	SOX9		False	True	50.0
dorothea_ABC	omnipath	tf	SP1		False	True	265.0
dorothea_ABC	omnipath	tf	SP2		False	False	21.0
dorothea_ABC	omnipath	tf	SP3		False	True	46.0
dorothea_ABC	omnipath	tf	SP4		False	False	51.0
dorothea_ABC	omnipath	tf	SPI1		False	False	440.0
dorothea_ABC	omnipath	tf	SPIB		False	False	36.0
dorothea_ABC	omnipath	tf	SREBF1		False	True	66.0
dorothea_ABC	omnipath	tf	SREBF2		False	True	69.0
dorothea_ABC	omnipath	tf	SRF		False	True	105.0
dorothea_ABC	omnipath	tf	STAT1		False	True	848.0
dorothea_ABC	omnipath	tf	STAT2		False	True	85.0
dorothea_ABC	omnipath	tf	STAT3		False	True	129.0
dorothea_ABC	omnipath	tf	STAT4		False	True	8.0
dorothea_ABC	omnipath	tf	STAT5A		False	True	53.0
dorothea_ABC	omnipath	tf	STAT5B		False	True	65.0
dorothea_ABC	omnipath	tf	STAT6		False	True	7.0
dorothea_ABC	omnipath	tf	TAL1		False	False	343.0
dorothea_ABC	omnipath	tf	TBP		False	True	40.0
dorothea_ABC	omnipath	tf	TBX21		False	False	48.0
dorothea_ABC	omnipath	tf	TCF12		False	True	74.0
dorothea_ABC	omnipath	tf	TCF3		False	True	105.0
dorothea_ABC	omnipath	tf	TCF4		False	True	50.0
dorothea_ABC	omnipath	tf	TCF7		False	True	41.0
dorothea_ABC	omnipath	tf	TCF7L2		False	True	65.0
dorothea_ABC	omnipath	tf	TEAD1		False	True	114.0
dorothea_ABC	omnipath	tf	TEAD2		False	True	26.0
dorothea_ABC	omnipath	tf	TEAD4		False	True	63.0
dorothea_ABC	omnipath	tf	TFAP2A		False	False	87.0
dorothea_ABC	omnipath	tf	TFAP2C		False	False	692.0
dorothea_ABC	omnipath	tf	TFAP4		False	False	33.0
dorothea_ABC	omnipath	tf	TFDP1		False	True	69.0
dorothea_ABC	omnipath	tf	TGIF2		False	False	18.0
dorothea_ABC	omnipath	tf	THAP1		False	False	51.0
dorothea_ABC	omnipath	tf	THAP11		False	False	110.0
dorothea_ABC	omnipath	tf	TP53		False	True	472.0
dorothea_ABC	omnipath	tf	TP63		False	False	60.0
dorothea_ABC	omnipath	tf	TP73		False	True	35.0
dorothea_ABC	omnipath	tf	TWIST1		False	True	59.0
dorothea_ABC	omnipath	tf	USF1		False	True	74.0
dorothea_ABC	omnipath	tf	USF2		False	True	96.0
dorothea_ABC	omnipath	tf	VDR		False	False	199.0
dorothea_ABC	omnipath	tf	WT1		False	False	23.0
dorothea_ABC	omnipath	tf	XBP1		False	True	14.0
dorothea_ABC	omnipath	tf	YY1		False	True	94.0
dorothea_ABC	omnipath	tf	ZBED1		False	False	21.0
dorothea_ABC	omnipath	tf	ZBTB11		False	False	21.0
dorothea_ABC	omnipath	tf	ZBTB33		False	False	87.0
dorothea_ABC	omnipath	tf	ZBTB7A		False	False	81.0
dorothea_ABC	omnipath	tf	ZC3H8		False	False	6.0
dorothea_ABC	omnipath	tf	ZEB1		False	True	76.0
dorothea_ABC	omnipath	tf	ZEB2		False	True	41.0
dorothea_ABC	omnipath	tf	ZFX		False	False	53.0
dorothea_ABC	omnipath	tf	ZHX1		False	True	8.0
dorothea_ABC	omnipath	tf	ZHX2		False	False	8.0
dorothea_ABC	omnipath	tf	ZKSCAN1		False	False	39.0
dorothea_ABC	omnipath	tf	ZNF143		False	False	48.0
dorothea_ABC	omnipath	tf	ZNF197		False	False	6.0
dorothea_ABC	omnipath	tf	ZNF217		False	False	8.0
dorothea_ABC	omnipath	tf	ZNF24		False	False	13.0
dorothea_ABC	omnipath	tf	ZNF263		False	False	342.0
dorothea_ABC	omnipath	tf	ZNF274		False	False	17.0
dorothea_ABC	omnipath	tf	ZNF384		False	False	62.0
dorothea_ABC	omnipath	tf	ZNF584		False	False	7.0
dorothea_ABC	omnipath	tf	ZNF592		False	False	14.0
dorothea_ABC	omnipath	tf	ZNF639		False	False	29.0
dorothea_ABC	omnipath	tf	ZNF644		False	False	7.0
dorothea_ABC	omnipath	tf	ZNF740		False	False	35.0
dorothea_ABC	omnipath	complex_member	AP1	ATF3	True	True	
dorothea_ABC	omnipath	complex_member	AP1	FOS	True	True	
dorothea_ABC	omnipath	complex_member	AP1	FOSB	True	False	
dorothea_ABC	omnipath	complex_member	AP1	JUN	True	True	
dorothea_ABC	omnipath	complex_member	AP1	JUNB	True	True	
dorothea_ABC	omnipath	complex_member	NFKB	NFKB1	True	True	
dorothea_ABC	omnipath	complex_member	NFKB	NFKB2	True	True	
dorothea_ABC	omnipath	complex_member	NFKB	RELA	True	True	
dorothea_ABC	omnipath	complex_member	NFKB	RELB	True	True	
dorothea_ABC	omnipath	complex_member	NFKB	REL	True	True	
dorothea_ABC	cosmos	tf	AHR		False	True	35.0
dorothea_ABC	cosmos	tf	AR		False	True	165.0
dorothea_ABC	cosmos	tf	ARID2		False	False	29.0
dorothea_ABC	cosmos	tf	ARID3A		False	True	20.0
dorothea_ABC	cosmos	tf	ARNT		False	True	56.0
dorothea_ABC	cosmos	tf	ASCL1		False	False	43.0
dorothea_ABC	cosmos	tf	ATF1		False	True	79.0
dorothea_ABC	cosmos	tf	ATF2		False	True	56.0
dorothea_ABC	cosmos	tf	ATF3		False	True	45.0
dorothea_ABC	cosmos	tf	ATF4		False	True	97.0
dorothea_ABC	cosmos	tf	ATF6		False	True	10.0
dorothea_ABC	cosmos	tf	ATF7		False	True	25.0
dorothea_ABC	cosmos	tf	BACH1		False	True	75.0
dorothea_ABC	cosmos	tf	BACH2		False	False	44.0
dorothea_ABC	cosmos	tf	BATF		False	False	30.0
dorothea_ABC	cosmos	tf	BCL11A		False	False	24.0
dorothea_ABC	cosmos	tf	BCL6		False	True	41.0
dorothea_ABC	cosmos	tf	BHLHE22		False	False	16.0
dorothea_ABC	cosmos	tf	BHLHE40		False	False	55.0
dorothea_ABC	cosmos	tf	BMAL1		False	True	16.0
dorothea_ABC	cosmos	tf	CDX2		False	False	34.0
dorothea_ABC	cosmos	tf	CEBPA		False	False	729.0
dorothea_ABC	cosmos	tf	CEBPB		False	True	52.0
dorothea_ABC	cosmos	tf	CEBPD		False	True	57.0
dorothea_ABC	cosmos	tf	CEBPG		False	False	33.0
dorothea_ABC	cosmos	tf	CLOCK		False	True	42.0
dorothea_ABC	cosmos	tf	CREB1		False	True	74.0
dorothea_ABC	cosmos	tf	CREB3		False	True	22.0
dorothea_ABC	cosmos	tf	CREB3L1		False	False	18.0
dorothea_ABC	cosmos	tf	CREM		False	True	47.0
dorothea_ABC	cosmos	tf	CTCF		False	True	730.0
dorothea_ABC	cosmos	tf	CTCFL		False	False	44.0
dorothea_ABC	cosmos	tf	CUX1		False	True	37.0
dorothea_ABC	cosmos	tf	DEAF1		False	False	8.0
dorothea_ABC	cosmos	tf	DUX4		False	False	30.0
dorothea_ABC	cosmos	tf	E2F1		False	True	614.0
dorothea_ABC	cosmos	tf	E2F2		False	True	21.0
dorothea_ABC	cosmos	tf	E2F3		False	True	13.0
dorothea_ABC	cosmos	tf	E2F4		False	True	712.0
dorothea_ABC	cosmos	tf	E2F5		False	True	12.0
dorothea_ABC	cosmos	tf	E2F6		False	True	62.0
dorothea_ABC	cosmos	tf	E2F7		False	True	29.0
dorothea_ABC	cosmos	tf	EBF1		False	True	65.0
dorothea_ABC	cosmos	tf	EGR1		False	True	835.0
dorothea_ABC	cosmos	tf	EHF		False	False	13.0
dorothea_ABC	cosmos	tf	ELF1		False	True	48.0
dorothea_ABC	cosmos	tf	ELF3		False	False	35.0
dorothea_ABC	cosmos	tf	ELF5		False	False	15.0
dorothea_ABC	cosmos	tf	ELK1		False	True	105.0
dorothea_ABC	cosmos	tf	ELK4		False	True	13.0
dorothea_ABC	cosmos	tf	EOMES		False	False	20.0
dorothea_ABC	cosmos	tf	EPAS1		False	False	63.0
dorothea_ABC	cosmos	tf	ERG		False	False	67.0
dorothea_ABC	cosmos	tf	ESR1		False	False	530.0
dorothea_ABC	cosmos	tf	ESR2		False	False	56.0
dorothea_ABC	cosmos	tf	ESRRA		False	True	53.0
dorothea_ABC	cosmos	tf	ETS1		False	True	845.0
dorothea_ABC	cosmos	tf	ETS2		False	True	13.0
dorothea_ABC	cosmos	tf	ETV1		False	True	24.0
dorothea_ABC	cosmos	tf	ETV4		False	True	47.0
dorothea_ABC	cosmos	tf	ETV6		False	True	6.0
dorothea_ABC	cosmos	tf	FLI1		False	False	81.0
dorothea_ABC	cosmos	tf	FOS		False	True	641.0
dorothea_ABC	cosmos	tf	FOSL1		False	True	40.0
dorothea_ABC	cosmos	tf	FOSL2		False	True	65.0
dorothea_ABC	cosmos	tf	FOXA1		False	False	653.0
dorothea_ABC	cosmos	tf	FOXA2		False	False	36.0
dorothea_ABC	cosmos	tf	FOXJ2		False	False	31.0
dorothea_ABC	cosmos	tf	FOXK1		False	False	8.0
dorothea_ABC	cosmos	tf	FOXK2		False	True	50.0
dorothea_ABC	cosmos	tf	FOXL2		False	True	11.0
dorothea_ABC	cosmos	tf	FOXM1		False	True	71.0
dorothea_ABC	cosmos	tf	FOXO1		False	True	99.0
dorothea_ABC	cosmos	tf	FOXO3		False	True	35.0
dorothea_ABC	cosmos	tf	FOXO4		False	True	12.0
dorothea_ABC	cosmos	tf	FOXP1		False	False	317.0
dorothea_ABC	cosmos	tf	FOXP2		False	False	33.0
dorothea_ABC	cosmos	tf	GABPA		False	True	51.0
dorothea_ABC	cosmos	tf	GATA1		False	False	43.0
dorothea_ABC	cosmos	tf	GATA2		False	False	552.0
dorothea_ABC	cosmos	tf	GATA3		False	False	602.0
dorothea_ABC	cosmos	tf	GATA4		False	False	6.0
dorothea_ABC	cosmos	tf	GATA6		False	False	38.0
dorothea_ABC	cosmos	tf	GFI1B		False	False	27.0
dorothea_ABC	cosmos	tf	GLI1		False	True	7.0
dorothea_ABC	cosmos	tf	GLI2		False	True	13.0
dorothea_ABC	cosmos	tf	GRHL2		False	False	50.0
dorothea_ABC	cosmos	tf	HBP1		False	True	35.0
dorothea_ABC	cosmos	tf	HES1		False	True	5.0
dorothea_ABC	cosmos	tf	HHEX		False	False	8.0
dorothea_ABC	cosmos	tf	HIC1		False	True	5.0
dorothea_ABC	cosmos	tf	HIF1A		False	True	202.0
dorothea_ABC	cosmos	tf	HINFP		False	True	15.0
dorothea_ABC	cosmos	tf	HMBOX1		False	False	26.0
dorothea_ABC	cosmos	tf	HNF1B		False	False	22.0
dorothea_ABC	cosmos	tf	HNF4A		False	False	681.0
dorothea_ABC	cosmos	tf	HNF4G		False	False	33.0
dorothea_ABC	cosmos	tf	HOXA9		False	True	16.0
dorothea_ABC	cosmos	tf	HOXB13		False	False	37.0
dorothea_ABC	cosmos	tf	HSF1		False	True	73.0
dorothea_ABC	cosmos	tf	IKZF1		False	False	31.0
dorothea_ABC	cosmos	tf	IRF1		False	True	55.0
dorothea_ABC	cosmos	tf	IRF2		False	True	66.0
dorothea_ABC	cosmos	tf	IRF3		False	True	64.0
dorothea_ABC	cosmos	tf	IRF4		False	False	46.0
dorothea_ABC	cosmos	tf	IRF9		False	True	42.0
dorothea_ABC	cosmos	tf	JUN		False	True	119.0
dorothea_ABC	cosmos	tf	JUNB		False	True	44.0
dorothea_ABC	cosmos	tf	JUND		False	True	59.0
dorothea_ABC	cosmos	tf	KDM5B		False	True	17.0
dorothea_ABC	cosmos	tf	KLF1		False	False	44.0
dorothea_ABC	cosmos	tf	KLF13		False	True	28.0
dorothea_ABC	cosmos	tf	KLF3		False	False	11.0
dorothea_ABC	cosmos	tf	KLF4		False	True	39.0
dorothea_ABC	cosmos	tf	KLF5		False	True	61.0
dorothea_ABC	cosmos	tf	KLF6		False	True	44.0
dorothea_ABC	cosmos	tf	KLF9		False	True	61.0
dorothea_ABC	cosmos	tf	KMT2A		False	True	56.0
dorothea_ABC	cosmos	tf	KMT2B		False	True	8.0
dorothea_ABC	cosmos	tf	LEF1		False	True	35.0
dorothea_ABC	cosmos	tf	LHX2		False	False	8.0
dorothea_ABC	cosmos	tf	LYL1		False	True	51.0
dorothea_ABC	cosmos	tf	MAF		False	True	31.0
dorothea_ABC	cosmos	tf	MAFB		False	False	45.0
dorothea_ABC	cosmos	tf	MAFF		False	True	36.0
dorothea_ABC	cosmos	tf	MAFG		False	True	32.0
dorothea_ABC	cosmos	tf	MAFK		False	True	45.0
dorothea_ABC	cosmos	tf	MAX		False	True	47.0
dorothea_ABC	cosmos	tf	MAZ		False	True	67.0
dorothea_ABC	cosmos	tf	MBD1		False	True	42.0
dorothea_ABC	cosmos	tf	MBD2		False	False	18.0
dorothea_ABC	cosmos	tf	MEF2A		False	True	89.0
dorothea_ABC	cosmos	tf	MEF2B		False	False	29.0
dorothea_ABC	cosmos	tf	MEF2C		False	True	56.0
dorothea_ABC	cosmos	tf	MEIS1		False	True	41.0
dorothea_ABC	cosmos	tf	MEIS2		False	True	56.0
dorothea_ABC	cosmos	tf	MITF		False	False	580.0
dorothea_ABC	cosmos	tf	MNT		False	True	52.0
dorothea_ABC	cosmos	tf	MXI1		False	True	76.0
dorothea_ABC	cosmos	tf	MYB		False	True	34.0
dorothea_ABC	cosmos	tf	MYBL2		False	True	25.0
dorothea_ABC	cosmos	tf	MYC		False	True	406.0
dorothea_ABC	cosmos	tf	MYCN		False	True	58.0
dorothea_ABC	cosmos	tf	MYOD1		False	False	39.0
dorothea_ABC	cosmos	tf	NANOG		False	False	42.0
dorothea_ABC	cosmos	tf	NCOA1		False	True	20.0
dorothea_ABC	cosmos	tf	NCOA2		False	True	18.0
dorothea_ABC	cosmos	tf	NCOA3		False	True	21.0
dorothea_ABC	cosmos	tf	NEUROD1		False	False	26.0
dorothea_ABC	cosmos	tf	NFATC1		False	True	29.0
dorothea_ABC	cosmos	tf	NFE2		False	False	38.0
dorothea_ABC	cosmos	tf	NFE2L1		False	True	29.0
dorothea_ABC	cosmos	tf	NFE2L2		False	True	62.0
dorothea_ABC	cosmos	tf	NFIC		False	False	88.0
dorothea_ABC	cosmos	tf	NFKB1		False	True	152.0
dorothea_ABC	cosmos	tf	NFKB2		False	True	43.0
dorothea_ABC	cosmos	tf	NFYA		False	True	65.0
dorothea_ABC	cosmos	tf	NFYB		False	True	72.0
dorothea_ABC	cosmos	tf	NR1H2		False	True	10.0
dorothea_ABC	cosmos	tf	NR1H3		False	True	8.0
dorothea_ABC	cosmos	tf	NR2C2		False	True	86.0
dorothea_ABC	cosmos	tf	NR2F1		False	True	50.0
dorothea_ABC	cosmos	tf	NR2F2		False	True	56.0
dorothea_ABC	cosmos	tf	NR2F6		False	True	28.0
dorothea_ABC	cosmos	tf	NR3C1		False	True	63.0
dorothea_ABC	cosmos	tf	NR4A1		False	True	34.0
dorothea_ABC	cosmos	tf	NR5A2		False	False	19.0
dorothea_ABC	cosmos	tf	NRF1		False	True	76.0
dorothea_ABC	cosmos	tf	ONECUT1		False	False	42.0
dorothea_ABC	cosmos	tf	OTX2		False	False	20.0
dorothea_ABC	cosmos	tf	PAX5		False	False	35.0
dorothea_ABC	cosmos	tf	PAX6		False	True	34.0
dorothea_ABC	cosmos	tf	PAX8		False	False	5.0
dorothea_ABC	cosmos	tf	PBX2		False	False	39.0
dorothea_ABC	cosmos	tf	PBX3		False	False	47.0
dorothea_ABC	cosmos	tf	PDX1		False	False	40.0
dorothea_ABC	cosmos	tf	PGR		False	False	62.0
dorothea_ABC	cosmos	tf	PKNOX1		False	True	31.0
dorothea_ABC	cosmos	tf	POU2F1		False	True	38.0
dorothea_ABC	cosmos	tf	POU2F2		False	True	61.0
dorothea_ABC	cosmos	tf	POU4F2		False	False	22.0
dorothea_ABC	cosmos	tf	POU5F1		False	True	62.0
dorothea_ABC	cosmos	tf	PPARA		False	True	18.0
dorothea_ABC	cosmos	tf	PPARG		False	False	73.0
dorothea_ABC	cosmos	tf	PRDM1		False	True	29.0
dorothea_ABC	cosmos	tf	PRDM14		False	False	233.0
dorothea_ABC	cosmos	tf	PROX1		False	True	24.0
dorothea_ABC	cosmos	tf	RARA		False	True	105.0
dorothea_ABC	cosmos	tf	RARB		False	True	5.0
dorothea_ABC	cosmos	tf	RARG		False	True	7.0
dorothea_ABC	cosmos	tf	RBPJ		False	True	49.0
dorothea_ABC	cosmos	tf	REL		False	True	8.0
dorothea_ABC	cosmos	tf	RELA		False	True	162.0
dorothea_ABC	cosmos	tf	RELB		False	True	54.0
dorothea_ABC	cosmos	tf	REST		False	True	44.0
dorothea_ABC	cosmos	tf	RFX1		False	True	37.0
dorothea_ABC	cosmos	tf	RFX2		False	False	19.0
dorothea_ABC	cosmos	tf	RFX5		False	True	69.0
dorothea_ABC	cosmos	tf	RUNX1		False	False	287.0
dorothea_ABC	cosmos	tf	RUNX2		False	True	51.0
dorothea_ABC	cosmos	tf	RUNX3		False	False	63.0
dorothea_ABC	cosmos	tf	RXRA		False	True	59.0
dorothea_ABC	cosmos	tf	SATB1		False	True	8.0
dorothea_ABC	cosmos	tf	SIX2		False	False	32.0
dorothea_ABC	cosmos	tf	SIX5		False	False	24.0
dorothea_ABC	cosmos	tf	SMAD1		False	True	15.0
dorothea_ABC	cosmos	tf	SMAD3		False	True	75.0
dorothea_ABC	cosmos	tf	SMAD4		False	True	60.0
dorothea_ABC	cosmos	tf	SMAD5		False	True	11.0
dorothea_ABC	cosmos	tf	SNAI2		False	False	53.0
dorothea_ABC	cosmos	tf	SNAPC4		False	False	29.0
dorothea_ABC	cosmos	tf	SOX10		False	False	31.0
dorothea_ABC	cosmos	tf	SOX11		False	False	24.0
dorothea_ABC	cosmos	tf	SOX13		False	False	34.0
dorothea_ABC	cosmos	tf	SOX2		False	True	324.0
dorothea_ABC	cosmos	tf	SOX6		False	False	26.0
dorothea_ABC	cosmos	tf	SOX9		False	True	50.0
dorothea_ABC	cosmos	tf	SP1		False	True	265.0
dorothea_ABC	cosmos	tf	SP2		False	True	21.0
dorothea_ABC	cosmos	tf	SP3		False	True	46.0
dorothea_ABC	cosmos	tf	SP4		False	False	51.0
dorothea_ABC	cosmos	tf	SPI1		False	False	440.0
dorothea_ABC	cosmos	tf	SPIB		False	False	36.0
dorothea_ABC	cosmos	tf	SREBF1		False	True	66.0
dorothea_ABC	cosmos	tf	SREBF2		False	True	69.0
dorothea_ABC	cosmos	tf	SRF		False	True	105.0
dorothea_ABC	cosmos	tf	STAT1		False	True	848.0
dorothea_ABC	cosmos	tf	STAT2		False	True	85.0
dorothea_ABC	cosmos	tf	STAT3		False	True	129.0
dorothea_ABC	cosmos	tf	STAT4		False	True	8.0
dorothea_ABC	cosmos	tf	STAT5A		False	True	53.0
dorothea_ABC	cosmos	tf	STAT5B		False	True	65.0
dorothea_ABC	cosmos	tf	STAT6		False	True	7.0
dorothea_ABC	cosmos	tf	TAL1		False	False	343.0
dorothea_ABC	cosmos	tf	TBP		False	True	40.0
dorothea_ABC	cosmos	tf	TBX21		False	False	48.0
dorothea_ABC	cosmos	tf	TCF12		False	True	74.0
dorothea_ABC	cosmos	tf	TCF3		False	True	105.0
dorothea_ABC	cosmos	tf	TCF4		False	True	50.0
dorothea_ABC	cosmos	tf	TCF7		False	True	41.0
dorothea_ABC	cosmos	tf	TCF7L2		False	True	65.0
dorothea_ABC	cosmos	tf	TEAD1		False	True	114.0
dorothea_ABC	cosmos	tf	TEAD2		False	True	26.0
dorothea_ABC	cosmos	tf	TEAD4		False	True	63.0
dorothea_ABC	cosmos	tf	TFAP2A		False	False	87.0
dorothea_ABC	cosmos	tf	TFAP2C		False	False	692.0
dorothea_ABC	cosmos	tf	TFAP4		False	True	33.0
dorothea_ABC	cosmos	tf	TFDP1		False	True	69.0
dorothea_ABC	cosmos	tf	TGIF2		False	False	18.0
dorothea_ABC	cosmos	tf	THAP1		False	False	51.0
dorothea_ABC	cosmos	tf	THAP11		False	False	110.0
dorothea_ABC	cosmos	tf	TP53		False	True	472.0
dorothea_ABC	cosmos	tf	TP63		False	False	60.0
dorothea_ABC	cosmos	tf	TP73		False	True	35.0
dorothea_ABC	cosmos	tf	TWIST1		False	True	59.0
dorothea_ABC	cosmos	tf	USF1		False	True	74.0
dorothea_ABC	cosmos	tf	USF2		False	True	96.0
dorothea_ABC	cosmos	tf	VDR		False	False	199.0
dorothea_ABC	cosmos	tf	WT1		False	False	23.0
dorothea_ABC	cosmos	tf	XBP1		False	True	14.0
dorothea_ABC	cosmos	tf	YY1		False	True	94.0
dorothea_ABC	cosmos	tf	ZBED1		False	False	21.0
dorothea_ABC	cosmos	tf	ZBTB11		False	False	21.0
dorothea_ABC	cosmos	tf	ZBTB33		False	True	87.0
dorothea_ABC	cosmos	tf	ZBTB7A		False	False	81.0
dorothea_ABC	cosmos	tf	ZC3H8		False	False	6.0
dorothea_ABC	cosmos	tf	ZEB1		False	True	76.0
dorothea_ABC	cosmos	tf	ZEB2		False	True	41.0
dorothea_ABC	cosmos	tf	ZFX		False	False	53.0
dorothea_ABC	cosmos	tf	ZHX1		False	True	8.0
dorothea_ABC	cosmos	tf	ZHX2		False	False	8.0
dorothea_ABC	cosmos	tf	ZKSCAN1		False	False	39.0
dorothea_ABC	cosmos	tf	ZNF143		False	False	48.0
dorothea_ABC	cosmos	tf	ZNF197		False	False	6.0
dorothea_ABC	cosmos	tf	ZNF217		False	False	8.0
dorothea_ABC	cosmos	tf	ZNF24		False	False	13.0
dorothea_ABC	cosmos	tf	ZNF263		False	False	342.0
dorothea_ABC	cosmos	tf	ZNF274		False	True	17.0
dorothea_ABC	cosmos	tf	ZNF384		False	False	62.0
dorothea_ABC	cosmos	tf	ZNF584		False	False	7.0
dorothea_ABC	cosmos	tf	ZNF592		False	False	14.0
dorothea_ABC	cosmos	tf	ZNF639		False	False	29.0
dorothea_ABC	cosmos	tf	ZNF644		False	False	7.0
dorothea_ABC	cosmos	tf	ZNF740		False	False	35.0
dorothea_ABC	cosmos	complex_member	AP1	ATF3	True	True	
dorothea_ABC	cosmos	complex_member	AP1	FOS	True	True	
dorothea_ABC	cosmos	complex_member	AP1	FOSB	True	False	
dorothea_ABC	cosmos	complex_member	AP1	JUN	True	True	
dorothea_ABC	cosmos	complex_member	AP1	JUNB	True	True	
dorothea_ABC	cosmos	complex_member	NFKB	NFKB1	True	True	
dorothea_ABC	cosmos	complex_member	NFKB	NFKB2	True	True	
dorothea_ABC	cosmos	complex_member	NFKB	RELA	True	True	
dorothea_ABC	cosmos	complex_member	NFKB	RELB	True	True	
dorothea_ABC	cosmos	complex_member	NFKB	REL	True	True	
