feature_id	Ctrl_A_SV	Ctrl_A_untreated	Ctrl_B_SV	Ctrl_B_untreated	Ctrl_C_SV	Ctrl_C_untreated	PMS_A_SV	PMS_A_untreated	PMS_B_SV	PMS_B_untreated	PMS_C_SV	PMS_C_untreated	PMS_D_SV	PMS_D_untreated
AN005452|Cer(d18:1_16:0)	12.7237218853937	12.596795222622758	14.371014202236504	15.362562693365732	15.272485639337212	15.872699281973189	15.3726613522846	15.723434429067838	15.569851218634405	15.477472693871958	15.611333789923693	16.011481037173557	15.245289738016359	16.19197484060268
AN005452|Cer(d18:1_18:0)	10.074767065124833	9.350191653345284	12.062304148111243	12.277653413760646	13.058211120424987	13.382169679702848	13.552915557194956	13.213878142125358	13.608445343823421	12.651270763156765	13.866799469873746	13.748600715931616	13.658868963722625	13.708668206675355
AN005452|Cer(d18:1_24:1)	9.958517893552722	10.151649141550074	11.518207647266655	12.611802509809843	12.380826793327879	13.352627203391975	13.012580244814126	13.892681161211982	13.435614942584403	13.335889406539385	13.566112948306333	14.17764066036745	13.06903294638415	14.021860102002938
AN005452|CL(14:0_16:1_16:1_18:1)	6.903841491796626	7.41068598951401	9.848604037859532	10.678383515433259	10.719303664240023	11.770124300160887	12.982006515833142	14.021985758749784	14.097815613630518	13.893083347893574	13.137418507082279	14.09365516797365	13.650031402787633	14.50179146014529
AN005452|CL(16:0_16:0_18:1_18:1)	11.688644591420045	11.717041584885102	14.169728630197291	15.162396386870162	13.288463819761892	14.53687976146535	14.14362241810395	14.607244173437826	14.635983963766138	14.45285177514265	14.242224447892156	15.084157833871473	14.108279492700483	14.810332787444054
AN005452|CL(16:0_16:1_18:1_18:1)	12.120008085407148	11.968145762511805	14.05262795213762	14.718406980666282	14.20398844031616	14.945781490010376	15.97713446482995	15.326858878786163	14.865154349844126	15.799898337815522	15.918103417703966	15.836416552485076	15.490626132150629	16.14324728218392
AN005452|CL(16:0_18:1_18:1_18:1)	12.578663398824032	12.497353448861995	14.610892470632303	15.040784164642908	14.44448181823087	14.884314997410685	16.251984960993898	16.254715400286333	16.672264208699108	15.469874564854914	16.338549020750495	16.56884020914282	16.473597534525087	16.026786686427013
AN005452|CL(16:1_16:1_16:1_18:1)	9.604117407432875	9.454305606667926	11.448259552361714	11.83621414679971	12.619088275583968	13.198967910295906	14.326953642669615	15.376419997506014	15.60451837362127	15.636475971075754	14.582324290424422	15.475211892906502	15.061241177693184	16.111434190694638
AN005452|CL(16:1_16:1_18:1_18:1)	12.081631010538663	11.968708643210988	13.754404980276908	14.089377578879109	14.449321364002026	14.891240362014264	16.450566612528615	17.083556176286592	17.384220149639038	16.935284000606124	16.609664609491393	17.223526146761717	16.88537668271248	17.464608808506974
AN005452|CL(16:1_16:1_18:1_18:2)	10.370383368973572	9.65235612779817	12.021974734236224	12.401925633625003	13.266548538609685	13.742496650963206	13.92973185990993	14.517361167923246	14.887354959861058	14.662241463235626	14.237624874458028	14.651883653349666	14.514916676854241	15.079615874329726
AN005452|CL(16:1_18:1_18:1_18:2)	12.318047624108358	11.99850820836206	14.031067708695607	14.396311137537078	14.704178348775386	15.101819803059989	15.436981388484092	15.743501335550041	16.176757225788446	15.475402629495479	15.759688588120364	16.0662718285036	15.761064693628784	15.942396535816242
AN005452|CL(18:1_18:1_18:1_18:1)	12.293440309323989	12.019104066355998	13.869298270633829	14.214326533888391	14.16010381054465	14.167241541330517	16.029570518928153	15.485634220286522	16.385600741005277	14.530884756189797	16.29873481466451	15.844548101922074	16.121800804842056	15.120981637073557
AN005452|CL(18:1_18:1_18:1_18:2)	12.494554958176357	12.086615224210322	14.127495244713037	14.41178433191345	14.58525856674887	14.762636797863784	15.186561543742242	14.977638542172746	15.675079554172667	14.554052982872717	15.530509546565339	15.56331448953331	15.325322862549172	14.84021378425875
AN005452|CL(18:1_18:1_18:2_18:2)	11.718687261725142	11.292231774172869	13.540027960901412	13.832940193247957	14.204702062231524	14.489730928987683	14.287047793291537	14.441122845211538	14.87926395044452	13.9444825849164	14.640936694772407	14.747129291024805	14.426356563231822	14.382608833854588
AN005452|FA(14:1)	16.478457240801504	16.59896836909874	16.33123601374999	16.367238496549323	16.345965753338564	16.114462312979654	16.468643476282413	16.481262678831296	16.74368317379754	16.477579066014723	16.378023636977712	16.384334219039683	16.4259583578881	16.38850104691768
AN005452|FA(15:0)	20.813275730851462	20.806884341002455	20.83528150593955	20.836179767817725	20.845971486090953	20.851497510177037	20.8433250188923	20.850934582868216	20.604831579369822	20.86618654967559	20.839200179302477	20.891782755905613	20.863881693079737	20.874840015121123
AN005452|FA(15:1)	13.107403049617984	12.92727150923932	13.228111014362739	13.015630604911586	13.150438041793187	13.121455422935213	13.131908075206843	13.101875388596122	13.33521573711	12.919945052928957	12.961162834116982	13.15153245968395	13.112252814665593	13.090904242941903
AN005452|FA(16:0)	17.822887394390513	17.848515129056505	17.87794914971069	17.92364432894824	17.858533720356377	17.914250346400568	17.86461982223351	17.841161437802842	17.850102346274838	17.923617789678932	17.846933594066826	17.95958052681006	17.905334739329053	17.934909215131057
AN005452|FA(16:1)	16.122478925946435	16.19348023581679	16.382990173986027	15.838682753924052	15.867243257304162	15.69156080151563	16.11175820859636	16.234641045766296	16.248947700175624	16.208697893008488	16.023125361914676	16.305080305559468	16.17945002762069	16.200564360399554
AN005452|FA(16:2)	10.686515920939627	10.850469539273078	10.940727153903309	10.903224907030145	11.194088476955763	11.01307254157006	13.268111829982827	12.710678260425647	14.329587013896296	11.694032444710937	13.168436300530281	12.05405275894863	13.688603479949075	12.467360383678418
AN005452|FA(17:0)	16.69633592801642	16.641888070765557	16.706311372479913	16.723813289884237	16.666440294788032	16.550892367385845	16.66560510924073	16.5564063491109	16.8248634441873	16.858937266374795	16.606773669621436	16.550528067761295	16.74061981039199	16.637683447149804
AN005452|FA(17:1)	13.373929963352234	13.458568391333678	13.939373694620945	13.448226502712876	13.554469875799848	13.398362509962936	13.480775266151623	13.269318138174006	13.70787144314491	13.362312529516279	13.19066384646026	13.376336240242276	13.56521214996193	13.227036670008067
AN005452|FA(18:0)	16.69588253299565	16.72373023452721	16.818705094461254	16.815186020485314	16.742465876574954	16.764963853224668	16.741052848546726	16.76249058054189	16.737119387743494	16.73874884389893	16.702910130307064	16.83868374342094	16.78964421581775	16.742175319696297
AN005452|FA(18:1)	16.984161009992903	16.82990732094649	17.418015062927918	17.09075910523972	17.330535082970385	17.15584804802153	17.850816676629957	18.219419592954306	18.62432135528157	17.77881469739034	18.01412478832272	17.979337969718028	18.363989829902266	18.000567595988997
AN005452|FA(18:2)	13.983584965458645	13.964717008707494	14.407469235986078	14.007984448328742	14.218966968240442	14.03850333920232	15.780140334764425	15.496636218124728	16.688640871129618	14.877711211068865	15.524291481193673	15.073427070216274	16.1990295464349	15.067709367465737
AN005452|FA(19:0)	14.230987450047381	13.959967749316519	14.2448472484353	14.132828376048103	14.036695362539378	14.078731700427872	14.124121103269474	14.161307640651378	14.258725795104503	13.994012101828295	14.081109198500988	14.171120183337402	14.12323254878001	14.129987637231615
AN005452|FA(19:1)	11.964226794990417	11.67146621912265	11.871887055197154	11.762532572215873	11.855550512685832	11.6595844376846	11.796807883826562	11.935310052819737	12.221877433630803	11.877359515800576	11.712215692334636	11.739319084639975	11.823802484866219	11.623792183364015
AN005452|FA(20:0)	15.945026269056035	15.945848709312253	15.896514458947081	16.013575932104192	16.015791042268972	15.96928291792068	15.906631519616226	16.050606789798525	16.14478706055569	16.107415547386942	15.749720826280955	16.06861118363452	15.954287918927994	15.991085903682992
AN005452|FA(20:1)	12.974990618701243	12.779518004215433	13.768412909110028	13.60139309283759	13.822996678168714	13.397258343573954	15.206553762775506	15.157838111672532	16.140614394562828	14.439230707438847	15.797469588874952	14.957240158392418	15.85121913876965	14.82318312445579
AN005452|FA(20:2)	12.021716232487728	11.701890994894628	12.961659721299306	12.663922081373755	13.164671254521915	12.712752762087012	15.445052648253041	14.87749078233395	16.356517375606288	13.945381856531801	15.807516349369045	14.600527364980614	15.993959899019861	14.510303134278141
AN005452|FA(20:3)	11.764214432423524	10.955051897698388	11.671714735466088	11.658565996184683	12.916263371455692	12.031765072933304	14.41593245854324	14.206641519846306	15.784527132843783	13.424405641409242	14.983590159598045	13.981212869780952	15.541334876173252	13.89906927542774
AN005452|FA(21:0)	14.569255775904653	14.632988475780026	14.655270992602231	14.524949052035794	14.738932769700847	14.299669786932006	14.546223689285327	14.716757641711935	14.759634425230836	14.568790930183603	14.598802954747287	14.487348506196447	14.77492971824784	14.762700843619974
AN005452|FA(22:0)	15.661040884592055	15.821246568745636	15.740176882990042	15.930775726009434	15.93128165102054	16.048947732204507	15.802508817080513	16.037476304846958	16.02719502684668	16.075137047933556	15.777933556905195	16.042456311277114	15.91148607113953	16.062161838503172
AN005452|FA(22:1)	11.955281342011235	12.024727753063884	12.2584668498316	12.284061064719511	12.455001700990502	12.256096168665886	13.222177941633388	13.184308685635715	13.838089692456625	13.026728837443963	13.575652216486374	13.16601776726138	13.503367655442986	12.956717230356588
AN005452|FA(22:2)	10.371104359361093	10.111808187379415	11.407523595530884	11.083292224887337	11.40969760036443	10.809186949244678	14.026607847184579	13.302452684471064	14.987983637765774	12.147652830758332	14.413033411589096	13.007792913414498	14.67399871934965	12.916867401578079
AN005452|FA(22:3)	12.009354146406123	10.924686583667176	12.556205846466051	11.797464934995903	13.274260522242352	12.359131772215653	16.166104185529964	14.39229324060521	16.983447238942645	12.87246658724782	16.384862028104326	13.88171239649535	16.934054989386308	13.77203133236533
AN005452|FA(22:4)	11.226621437043358	9.911509715424897	12.037702298667314	11.159369803957311	13.623046969855368	12.91695300592834	14.23851244166137	12.36969360783109	15.033739212486836	11.148970587816537	14.356304618397209	11.925668297340062	14.761015576593252	11.985876846080288
AN005452|FA(23:0)	15.325522607759636	15.44993007053005	15.368041143256022	15.29472748937142	15.550198632958214	15.317746113321448	15.344799590409197	15.298323215659748	15.424242269314652	15.095962385729313	15.269892125238664	15.293659457225187	15.481776117880138	15.348262694911966
AN005452|FA(24:0)	15.989236860808097	15.924374231511083	15.966993361769603	15.923556706846542	16.166027788251892	16.05970054611826	15.918898189861784	15.896918606769658	15.897264227338736	16.13695035482922	15.586210351349877	15.93701178380694	15.946232614449373	15.973482020809152
AN005452|FA(24:1)	11.009298926209377	11.41880812891103	11.669989356887575	12.183986064443756	11.9135265145824	12.40872577993914	12.653029380565298	13.132171360650387	13.361483220362663	12.691330213061036	12.987943416487283	12.966029469923436	12.571517179806776	12.792664528740053
AN005452|FA(24:2)	9.823055167863474	9.407779281351926	11.042374439135656	10.953886774781141	11.177810826992461	11.063205926829099	13.717484311794962	12.880146142618242	14.4401532908093	11.526556978795972	13.958077140100997	12.70087975013641	13.823237740214495	12.255902585282831
AN005452|FA(24:4)	9.893592716516068	8.353945006237247	10.768894453342526	9.886872684397344	11.00544585244184	10.185585325808129	13.863506091733278	11.52059986149328	14.534319764703158	10.13292945115312	13.834028899527413	11.299435291630388	14.298087804062007	11.079196055716494
AN005452|FA(25:0)	14.253187345533496	14.19812513015711	14.339316798537205	14.245066087608329	14.528520863198219	14.46832077508	14.182873083924505	14.276977163507816	13.963566023528657	14.394330269764248	13.998605712190574	14.157390946657374	13.927826756373145	14.456399195875763
AN005452|FA(26:0)	15.005908422385827	15.072380399609145	15.056812405132241	15.0104612274299	15.292118395554875	15.221804148822146	15.074717595846606	15.015316162126064	15.02059445738975	15.323871038254191	14.923011805800234	15.055409179914134	15.116980973726498	15.101821500512175
AN005452|FA(26:4)	9.556504230763496	7.515326756407606	10.548115808513037	10.190774035896753	10.695806736249457	10.075765047457987	13.44512062856973	10.615265091411207	13.773927538584319	8.158095349851498	13.314108778554578	10.284994162280695	13.506326046442888	9.523327578542018
AN005452|FA(27:0)	14.337943802073129	14.469387006145078	14.777400624663107	14.730776757546844	14.81664061040483	14.704490466142616	14.534131766357353	14.808490905866988	14.896542731038837	14.821116926734845	14.408033494328299	14.679624248249477	14.538622806402602	14.808358313611812
AN005452|FA(28:0)	13.632801890160424	13.795927836457187	14.111329203304242	13.985136104286154	13.999746765158477	14.11228942426991	14.022840442140557	14.131291770636318	14.096415412740058	14.042192118560601	13.727624848861302	14.356512014388501	13.897753387308882	14.106849647048186
AN005452|FA(30:0)	13.180711679039838	13.190376491020999	13.168243966879677	13.206099611436855	13.314731417864484	13.397193819200604	13.461460916057485	13.366075136238218	13.636951229767226	13.50494217327944	13.488049763322273	13.502526876456384	13.4752993506562	13.479225186499427
AN005452|LPC(17:0)	10.400178337935182	11.555568372167494	11.961772610433046	13.264246696746747	12.27791849115797	13.919436266639758	12.477362820402789	14.275853805074567	13.670803138063064	14.261874384270039	13.307487524274284	14.497566226525413	12.764796264883882	14.320592354908003
AN005452|LPC(19:0)	8.826691930249561	9.848335292225675	9.88399987636469	11.324781755936504	10.0476856267492	11.523295438319918	10.464473199456071	12.122437018831933	10.860883799132267	11.99353551398577	10.760463059956708	12.185661605576213	10.258175924471582	12.239760318009386
AN005452|LPC(19:1)	9.95036097724824	10.382014968293864	11.020558532449014	12.077050363292884	11.52594405481748	12.748310165884229	12.957540602535474	14.078940986998532	13.217437572736666	13.997450686040942	12.97047365093753	14.081745438159237	12.940122780153908	14.295508037252091
AN005452|LPE(18:0)	9.604188176257098	9.988223307741409	10.625827851404495	11.629626717539509	11.177140676163773	12.22470221033395	12.11351747451908	12.889542770868625	12.416378311392082	12.572907393089254	12.467257131793845	13.248109088090843	12.245743101889138	12.945833442278555
AN005452|LPE(18:1)	10.241560576879754	10.356063178658593	11.942304949506086	11.95196953609802	11.736949105450584	12.478568415913022	13.089626980359151	13.593245630814586	13.411969684944836	13.22185032274909	13.098575449593719	13.960834584795402	13.12136659859487	13.674251921102604
AN005452|LPE(22:3)	9.583026228981582	8.556268752919385	11.547216320075185	10.380001317576022	10.560414483939027	10.88993668369472	13.522131418876219	12.464447772987214	13.451826805687304	11.736070729450484	13.024835226965152	13.069338532649816	12.89907066982505	11.98907455480831
AN005452|PA(O-18:2_19:2)	15.78893029022891	15.83609989946458	14.884117818620986	15.467125341131919	15.264037205329016	15.063370916645859	15.699621837265878	15.789258147383583	15.761864864121174	16.113097242612586	15.939085108314691	15.981184427356647	15.483737411976902	15.827969725093547
AN005452|PC(14:0_15:0)	8.094497961080911	9.957215379213075	11.93672947804266	14.017504154412059	11.573455810641553	13.888178673380148	13.721255855896464	16.995046598322244	14.780513444287196	17.239092265264762	13.949890665566443	16.960848799439223	14.237860066788015	17.702301321239517
AN005452|PC(14:0_16:0)	13.5750295220304	13.502573538965917	15.538917310181654	15.866480244171278	15.735505246644633	16.029974483838185	16.593570866776304	16.536087230540506	17.10403860158571	16.12930739778381	16.60992462028297	16.831291568154672	16.824513005952593	16.487637728268645
AN005452|PC(14:0_16:1)	13.327101359543983	13.171870750179261	15.332337023640584	15.817278798225772	15.287307852623535	16.107423254425353	16.850727278325255	17.61119238689655	17.67233152630817	17.516683156176455	17.032862950085146	17.8008346256014	17.23981415597313	17.72950435755644
AN005452|PC(14:1_16:1)	9.796427200461116	9.380001048158666	11.240781229439472	11.986264412001631	11.504141198047462	12.537743245521213	13.258758120907073	14.525757938551607	14.42471511922281	14.976022159430313	13.325713902335819	14.499184671354477	13.817940837891905	15.064142914862535
AN005452|PC(15:0_16:0)	5.790932012708226	15.967925427937635	17.17872695873326	18.7678916347119	17.504426191147957	18.853979454772826	18.41793601190074	19.89240295963219	19.015563535256334	19.56307074377554	18.417532168245025	19.96908155831967	18.602657912861513	20.093342769662254
AN005452|PC(16:0_16:0)	13.95877867167946	14.158499368186751	14.749147637873902	15.23584540727307	15.24716237309105	15.850276622032275	15.787463001060246	15.648869791358706	16.173855851635242	15.160887951994576	15.513551728321852	15.654401336323255	15.730221819977645	15.746947411335348
AN005452|PC(16:0_17:0)	18.138957241752376	18.028014165686177	19.09054822198838	19.640487943175717	19.816056179782862	20.268813048931246	19.903826201214947	19.58437091925217	20.188172145457525	19.086963696099584	19.86445606908138	19.802216086408432	19.87533949237519	19.490225277004935
AN005452|PC(16:0_18:1)	17.79058183833631	17.37968278038238	18.702359935746486	18.844367038330574	18.912776948355525	19.28820679528203	19.69514828901539	19.396038619214654	20.105158792771633	18.99572557973619	19.891249465520783	19.6796090359736	19.87947159205284	19.448849323663122
AN005452|PC(16:0_19:1)	19.740196138770994	19.55343261650442	21.00207719392156	21.393748876262197	21.191293745815297	21.603976247060142	21.909616719234112	22.036194639469358	22.08760340037739	21.651869684070146	21.902911051014573	22.17625938167657	21.956249394248513	21.92581522175264
AN005452|PC(16:0_20:1)	12.972764617452333	12.666293950420142	14.57464965096266	14.701101357602182	14.368781420467093	14.476578847479827	15.886719041411553	15.471313867177415	16.345403855751606	14.79333284403062	16.174979134722832	16.030382519965816	15.88970439152657	15.352407472751308
AN005452|PC(16:0_20:3)	16.05123458850782	15.634205743384484	17.592442111697867	17.568707779931927	17.535166051950302	17.866706616629617	14.893150540280429	19.661196032739962	19.863474320315515	19.44700150110972	19.558250708150407	19.83760693128499	19.620037072817997	19.75211999109233
AN005452|PC(16:0_22:2)	13.107068295356882	12.473479759826674	14.884432122520677	14.85385874998439	14.428457452379782	14.376902885123327	16.714930102299473	16.016893606475453	17.164995543274387	15.268612322702834	16.925660429233393	16.446395480431548	16.80810418709382	15.781755620297114
AN005452|PC(16:0_23:4)	16.347414483353507	15.63030488073116	17.613952924456882	17.753056603421925	18.254464939588733	18.347802052087022	18.462357236918095	18.21838484440708	18.677570454242005	18.05208194442503	18.441167063733534	18.103893174480756	18.476537737513127	18.447676059194272
AN005452|PC(16:0_24:5)	14.317044139837172	12.277953496177076	15.813762422728402	14.843375628280093	16.065664504652055	15.535783985732449	17.47672078366652	13.5157202291916	17.81454942891389	13.089504732761673	17.059912480462387	14.499677129444935	17.441705343978725	13.260692975367425
AN005452|PC(16:1_16:2)	11.70879995313573	10.95965627765091	13.135393900388449	13.536304047996003	13.395613798067261	14.084480507056446	14.452285192463137	15.263068696616571	15.27139640618271	15.510994161976805	14.57658425742144	15.215740310860276	14.838846120409867	15.759283538112504
AN005452|PC(16:1_17:1)	13.854410370837009	14.370708135247334	14.65093296834736	15.670758700096286	15.327602537933842	16.275492738590987	16.78475002651142	18.53381837992264	17.93883662120938	18.86574410136458	16.74324752628205	18.330391698672457	17.20190466923289	19.042017722254755
AN005452|PC(16:1_18:1)	18.26406000451813	17.564258312691805	19.553543050990267	19.338511482119873	19.410169646399225	19.60449035207621	20.70181304323928	20.850943098039433	21.120671758310127	20.521273722458137	20.83122809722515	21.461640772256114	20.978508642066554	20.804621494480607
AN005452|PC(16:1_18:3)	13.862376021385954	13.840399212642879	15.057977114389388	15.720459218319453	15.72823322966	16.758893229695644	15.674266924863511	16.789050391657174	16.392680039222743	16.775375846034432	15.765453311441995	16.84805475821509	15.903136410404286	17.105182152827254
AN005452|PC(16:1_19:1)	17.234579749578312	16.887659453303375	18.541832974817222	19.016253739636586	19.060460908008434	19.662707540126075	20.241076385092253	20.68886319807201	20.853566152973666	20.695203072311486	20.314816004884847	20.820717527721914	20.294917752679066	20.922202235895174
AN005452|PC(17:0_16:1)	17.171566207936646	17.21787165272212	18.53952438546722	19.61465485154396	19.01346178763499	20.096575294668586	20.121618560558762	21.248522191247627	20.729742260498302	21.233350968032386	20.169632254049983	21.310916752914196	20.38091045268243	21.447501715526002
AN005452|PC(17:1_14:0)	13.433416068346851	13.872038608162844	16.036923200700873	16.608674973603485	16.133460353233588	17.14968963950277	17.241448980198633	18.209320784238276	17.65484631083843	18.590305447381933	16.851377192353848	18.124976503585838	14.420005164709172	18.889997344398864
AN005452|PC(18:1_18:1)	14.086356054064373	13.362006639196366	14.795556376910701	14.941495277118817	14.97174595355154	14.864441134928109	15.870205186381073	15.80654730640581	16.338536705773866	15.940785827582653	15.817573251660955	15.83189803643135	15.915893647598162	15.752220383758981
AN005452|PC(18:1_19:1)	18.23649068064678	17.552121216886928	19.239718285122773	19.47247350359807	19.531627299206157	19.618026299259526	20.690343978358985	20.821863638391957	20.86424436270177	20.757613468892902	20.73405977829334	20.946449463314966	20.766940427906494	20.82377121110098
AN005452|PC(18:1_19:2)	16.54004386094897	16.0119376265111	17.974580032420874	18.17452064847964	18.252421675281408	18.673514992514242	19.251713145757172	19.392271612174202	19.772817229750487	19.402168315424714	19.330940983722495	19.380457917103005	19.43573863124498	19.593332883312982
AN005452|PC(18:1_21:1)	15.457377214881125	14.72625221956975	17.077335559872182	17.143978287023277	16.797578834310457	16.776705536049537	18.466446036308817	18.194275302896866	18.617671306188523	17.881285124038353	18.662714912242745	18.47336073990902	18.45918901350582	18.129339753497447
AN005452|PC(18:1_21:2)	16.263445783705787	15.387376826341344	17.698211136096834	17.667309969303883	17.738211901983675	17.759458188761826	19.708177341552247	18.96057592904262	20.00939363234072	18.730853199733193	19.65501771809654	19.081604299870413	19.609689786831833	18.977127278695765
AN005452|PC(18:1_21:4)	15.870627124680324	15.343154089220041	17.251313273389155	17.498514568304483	18.175259210247837	18.57498513308134	17.42290417210134	17.386490004712694	17.774557329837865	17.141735339276025	17.488766823942097	17.38656196626658	17.39163423787461	17.551446073819093
AN005452|PC(18:1_22:2)	11.70244347060025	10.133340602529918	13.192391767984573	13.382458974539974	12.804488161122494	12.772117873645984	15.019494433477076	14.369074269643358	15.369515794660964	13.56051296582091	15.125661302914168	14.577624190724528	14.964235597697218	14.05247693529491
AN005452|PC(18:1_22:3)	12.0839238691018	11.732994608499629	13.964942154939486	14.129685122867057	13.6120406868478	13.962412820992512	17.226215311615498	15.656244801918376	17.616327864263713	14.58222399129878	17.11635259308046	15.939101591496515	17.306537705400018	15.152306435923684
AN005452|PC(19:0_16:0)	16.29564173431405	16.668173591482553	17.695827727720086	18.309788581417255	17.93500377715734	18.644248714865828	18.11901097515384	18.288283681259255	18.226925917800717	17.70744532954599	18.128592505719638	18.62025401756134	18.165272321935483	18.263940984358808
AN005452|PC(19:1_16:0)	15.959731011490527	15.594627615748507	17.249101534045025	17.52435910060515	17.298971891864287	18.20967545776329	18.019675333376934	16.689992109380192	14.101891215734206	17.477805568684158	18.16049806237263	19.282113994180694	18.074248963216156	19.18070051030615
AN005452|PC(19:1_22:3)	15.186349804988113	14.353093501825013	16.200496533557416	16.30799633306952	16.64612495467347	16.720796048638746	18.38882105664227	17.68653853762894	18.636431635451896	17.33731125228559	18.37771265999856	17.668124110488048	18.490684274994194	17.583211029554707
AN005452|PC(19:2_16:1)	13.990142821181427	13.989897119164867	15.245899609417256	16.086829528703806	15.715194520451405	16.91915132583371	17.078522936386317	17.637503350036944	17.84701601426387	18.12038179357104	17.294446182758776	17.532419771406293	17.26195449054075	18.30798444768297
AN005452|PC(21:1_16:0)	17.298331761436074	17.187991829141666	18.933626360951564	19.41131964227206	18.72731422810363	19.165959899640566	19.91832999760111	19.89528250411385	20.117853309621854	19.39514762855771	20.19708547180039	20.340810595367536	19.938096650136576	19.966470493655745
AN005452|PC(21:2_22:3)	14.12231608990166	12.97293466741908	16.324599784319343	16.172508129139278	16.45902669173975	16.125759670039862	16.326155610490858	15.073347577772665	16.508807128049177	14.468616192280797	16.32015617336342	15.104041062127209	16.324719898247068	14.86817344015534
AN005452|PC(21:4_16:0)	15.70081777332309	16.021084392132067	17.013377777052103	17.79461307303215	17.83682774953894	18.802278224111856	18.739043791861402	19.42408196881244	19.317678736234942	18.567653235970344	18.744625141753	19.565968112931362	18.895412345808765	19.421617771446837
AN005452|PC(23:4_18:1)	15.670526516080253	14.786403085582563	17.04051551390518	17.229591511566564	17.599763494626245	17.745736562562527	17.17199379176942	16.380705770764433	17.32045095418885	16.28447035209494	17.124124053273075	16.39671705175394	17.059298308214604	16.527357785189423
AN005452|PC(23:6_16:0)	14.606783319891965	14.608225704074904	16.90875881230573	17.375672046133776	17.205046819456104	18.00658704986913	16.881380548886543	16.545179088646826	17.212833473634692	16.296299552292794	16.81032976925864	16.80468921846134	16.88575983562987	16.837956467397643
AN005452|PC(25:2_16:0)	12.776738052867886	12.415585377003607	14.96202003069331	15.40339843175459	14.577407898426125	14.952482199673371	16.127859047299875	15.50164382762675	16.670709282767845	14.806100498074265	16.49454985894557	15.941325449464337	16.139849211520588	15.319893864641658
AN005452|PC(25:6_16:0)	14.971633293079925	14.33519518598389	16.53778481927227	16.752885979530937	17.110992634388626	17.377638441600052	16.134949343903596	15.868674566678168	16.45647282775941	15.526849885621303	16.184367973459505	15.908297609410651	16.04379669452863	15.95863300711867
AN005452|PC(27:2_16:0)	11.556441882584517	11.528908793076262	13.677203146446253	14.643327364298292	13.240965962353911	13.91197813585588	14.741288499085366	13.856783509002389	15.102176987548509	12.438609771119284	14.74728760740915	14.253630504408308	14.381055030649728	13.322294667198
AN005452|PC(27:4_16:0)	12.870394407929163	12.063779007935883	14.907714216780777	14.952317615252417	14.608735241144734	14.397219601777193	16.5132346850387	15.152307648938853	16.75000733086358	14.563377178237964	16.608549268025286	15.375631904578782	16.415514856004805	14.9623244104175
AN005452|PC(27:6_16:0)	14.128448659313742	12.879995287544034	16.11417868388153	15.996088526619365	16.447494775039686	16.20277550155934	15.8035390743772	14.654701959533803	15.935142374157422	13.963237657190275	15.791486356192843	14.746545596334641	15.801433114444032	14.565058069766117
AN005452|PC(31:2)	14.85667286138267	15.152875737595837	16.303958355808124	17.38868437676764	16.624931393314224	17.609891490315803	17.773805494244552	18.620837771381908	18.33558876744505	18.228719566588488	17.601565768132573	18.657465037996825	17.581228311749374	18.676402576990018
AN005452|PC(O-14:1_16:0)	12.958923928605232	13.62432055327801	15.478677858821213	16.42976367456787	15.316034455577574	16.313568634770494	15.371282813046705	16.107110613377387	16.114970016650563	15.316499028910181	15.884071218726277	16.537345393269238	15.81233673939176	15.821742768418616
AN005452|PC(O-14:1_20:1)	14.122750863830708	14.187077592826421	16.112088033461188	17.135091166174742	15.648030675426751	16.179601587356526	17.092965408246172	18.427996626085786	17.52818125329574	18.449933272023824	17.54861704312934	18.87290551553484	17.21356194251702	18.34174930417889
AN005452|PC(O-14:1_22:2)	14.437999760527815	14.33146949270094	16.24163415785279	17.104772582514894	15.796773124944052	16.41821194165837	17.509206425493858	18.546874271643983	18.19518049347442	18.629813755152963	17.806344744830938	18.986486064962786	17.733401670806533	18.794763984697084
AN005452|PC(O-14:1_22:4)	17.364116133251443	17.295625309581055	18.880263645317484	19.46120512623533	19.45463530896914	20.08340900950822	19.422328198804912	19.67327172319106	19.80180114917134	19.68294566191064	19.510688268340086	19.799167019600066	19.414408504325607	19.913392987950534
AN005452|PC(O-14:1_22:6)	14.41240708700858	14.348446745804052	15.44299547999663	16.16516931533052	15.96714737330163	16.963737854187134	15.191262513053474	15.344322396545477	15.88504343476363	15.445211298310015	15.48492521972266	15.625929128603914	15.363359760238955	15.776972217986321
AN005452|PC(O-16:1_16:0)	14.101320432367165	14.619547679692682	16.32272837143393	17.229715080822725	15.927430885428485	16.810369013105205	16.8641872197361	17.19703834503392	17.004644279331178	15.990522361741009	17.21398404434689	17.370108132882127	16.775217305724265	16.919807520601847
AN005452|PC(O-16:1_22:2)	13.915850368725872	13.586139471571725	15.599709153339072	15.915678649683485	14.95135329848796	15.27267663440169	17.3134217105869	17.587620792125886	17.57801962895199	17.165992505653143	15.197572883958975	18.0708838086987	17.325761230635962	17.855563590880948
AN005452|PC(O-16:1_22:3)	15.776988837449954	15.538186750934202	17.220843589684748	17.631170241105227	17.367231906066493	17.329644549109897	19.9292539194326	19.911476192124066	20.11230081994826	19.214429050247286	20.1170916210914	20.1998128558907	19.841773783111467	19.962941282971517
AN005452|PC(O-16:2_16:0)	16.186854214948564	16.21919828921912	18.023024007874415	18.66943903615331	17.850694010554182	18.566272926513932	18.73196772904393	19.09119601700576	19.287684834022844	18.970189048978373	18.978350259172686	19.667914324721625	18.718992419466247	19.1587949799935
AN005452|PC(O-16:2_18:1)	14.61120079468987	14.238111447533674	16.25405641129156	16.69667096293965	16.078697809798676	16.446086364893286	17.452244560710987	18.178111665329098	17.974899495163715	18.439263053250116	17.750429652653924	18.466254800517785	17.637194819799635	18.471626844035168
AN005452|PC(O-16:2_22:3)	16.89554118624203	16.54206010133979	18.476461872109237	18.691730492429503	18.717645107472507	19.037286942316367	20.417309050849564	19.692431354163393	20.70402150078135	19.298885333650254	20.373470384116644	19.807913652808278	20.44658926358109	19.841093769890055
AN005452|PC(O-16:2_22:4)	17.050991241180963	16.49971229809154	18.53585108712581	18.771673641000685	18.957495673914625	19.326480710842972	19.017581969195763	18.20657546635817	19.30003297341707	17.871781248720094	19.004565987741746	18.250947154511433	18.95762270577056	18.303122511751955
AN005452|PC(O-16:2_22:6)	14.3298475067282	13.650943465712169	14.991839443699709	15.390114285255107	15.689140851184902	16.203191828362364	15.320426240686855	14.115286312848562	15.758802860188537	13.77474247324624	15.455716541276464	14.616061886076253	15.310836674438493	14.605387755517166
AN005452|PC(O-17:0_16:0)	12.385571303839754	13.058005851399692	14.68034427449586	15.805125939561607	14.524500374331703	15.525357076843504	14.487940365230449	15.674978463645585	15.04240855142744	15.852550093543798	14.743287677048025	16.162362376686932	14.609623096750326	16.047727224522035
AN005452|PC(O-17:0_16:1)	11.877085009089067	12.064090380511738	14.24526213468632	15.180901617662704	13.55497519668686	14.88572024767229	14.60203769266086	16.32031524535718	15.483675270818333	17.25835167843971	14.989493651207285	16.452310258406357	14.978658812689616	17.154868670420175
AN005452|PC(O-19:0_16:1)	12.808602719705826	12.019880065160825	14.651803641938274	14.902968999148754	14.673012024456618	14.862382565204411	15.094567788143365	15.78973207533243	15.786583920661025	16.465059230056394	15.453542782863371	16.12621351497599	15.394258442896108	16.463317368577616
AN005452|PC(O-19:0_18:1)	10.251693652170395	9.89639839056381	12.630341766224461	13.598289249508882	11.835184888950485	12.56904751584643	12.95614066315251	14.754483358525519	13.677938193633855	15.198771013305175	13.500076125309763	14.928323765561535	13.171812509751483	15.275860310475013
AN005452|PC(O-19:1_16:0)	15.285354706693871	15.12998312568773	17.200156521752035	17.502606393517443	16.829931089382054	17.44105452163331	17.39159897814436	17.95485324952956	17.85229909826321	18.22039024661864	17.764056707710925	18.03649443791245	17.550230152980664	18.339309347810868
AN005452|PE(14:0_16:0)	9.264163205608982	9.751293922102299	12.193679764305799	12.860813644746415	11.928779207573001	13.103548556296401	13.414363465747607	14.137231131639966	14.181862943352408	13.499980100663675	13.676330002610335	14.37455071960458	13.798800648399224	14.138901898925903
AN005452|PE(16:0_16:0)	13.224708813388503	12.734976024474122	15.224856835073071	15.161425135637636	15.40817734367233	15.430310509215971	16.266619300276606	15.513916349357409	16.736051549573094	14.798601991930921	16.31867431110246	15.906224297267855	16.52285299261425	15.368339636394879
AN005452|PE(16:0_16:1)	13.284936019652944	13.134249069304824	15.273969297895205	15.760594352690395	15.174506616046358	16.013207572810092	16.797033213028513	17.55016453630158	17.63833357533617	17.414055604492997	16.939944442361803	17.703763549133008	17.2172993704369	17.59995857717207
AN005452|PE(16:0_18:0)	15.484803289627886	14.847677690983529	17.039432175376817	16.713524874595915	17.195177104457095	17.055923877653623	17.70069621539106	16.281566561217286	17.836573307722222	15.203695328660567	17.686350032507068	17.004137989741533	17.84919289841581	15.945462519994814
AN005452|PE(16:0_20:4)	13.869145527955169	13.74357104341562	14.91394477593019	15.591367517760085	15.51911062253898	16.61621071515957	15.582897104092098	16.648894869916337	16.2709491955664	16.846805715632843	15.683979669526572	16.70998970398945	15.780748967449497	17.085679869563176
AN005452|PE(16:1_16:1)	9.797192927154315	9.374318056025906	11.202587040927824	11.954625429990969	11.517730523849039	12.536726569923523	13.187908183768426	14.39548696637029	14.265052875860933	15.015855419696928	13.386621731013554	14.494098657331728	13.828876384001871	15.076864805806695
AN005452|PE(16:1_18:1)	15.386355735833918	14.853486459587558	16.989107744182093	17.25729795620258	16.96539477045299	17.456967928523614	18.292112291705163	18.811042043309552	19.125560166558028	18.86151533711273	18.35416462315307	18.9962429198637	18.59012076637771	19.089129849840276
AN005452|PE(16:1_18:2)	11.692839496871954	10.955329636033525	13.124641227031995	13.515655640305319	13.329425262467588	14.082816793969982	14.45252876230308	15.211854394481099	15.283813201183605	15.434284588259187	14.576148445203314	15.191095574601555	14.841038973924123	15.722097910176734
AN005452|PE(18:0_16:0)	12.808813403456824	13.008977619354477	13.929427597652001	14.37087107684208	14.329189822626097	15.034812829645375	14.594033619484655	14.233560000436553	14.798008049545773	13.794295584554424	14.51704860514125	14.363749690764939	14.45840862931965	14.254334469874975
AN005452|PE(18:0_18:1)	17.384458715824184	16.933970974807274	18.452113132414684	18.485303422074058	18.536438715525417	18.83466169915175	19.283256786490497	18.976157085600043	19.61608076758513	18.464878551343585	19.555737735346014	19.349462247096593	19.752666211495825	19.16078533131103
AN005452|PE(18:0_20:1)	12.977835894210264	12.668266572222201	14.567769353935503	14.65405979763632	14.351472154634692	14.480312302450068	15.929063490728486	15.480087696136223	16.220281513784332	14.895358586282063	16.178367114519293	16.150944402416307	15.86437701477393	15.412513940539213
AN005452|PE(18:0_22:2)	13.117457556836827	12.486462700365825	14.846774195351339	14.883876876258691	14.44768218718884	14.444792855512256	16.75112354278029	15.992441415158888	17.263509438205446	15.23168340626234	16.904899522567572	16.62272748986742	16.85510610097396	15.815354356332913
AN005452|PE(18:0_22:3)	15.617256427961896	14.841783177131687	16.554623296680415	16.51676724307939	16.55157597713145	16.55559418869014	19.224957256851017	18.535945870163925	19.517789818451636	17.800587311938678	19.34643566231196	18.788845674810222	19.33006149062639	18.337701223167116
AN005452|PE(18:1_18:1)	18.175741519669003	17.47721292829652	19.22201556629683	19.28514958968725	19.341303077799342	19.462542966061427	20.636358993999014	20.779951225657737	21.054355652458927	20.413279399201063	20.79064758449525	21.1071474067239	20.95655322612025	20.72098461617325
AN005452|PE(18:1_18:2)	15.322111019843526	14.580114643981986	16.695485502354206	16.80832355416244	16.662141156689216	17.132333349416836	17.83449987333172	18.30041073003989	18.564088225470407	18.038927292278892	17.804482478014517	18.409748098513504	18.211858665519554	18.604344093927182
AN005452|PE(18:1_20:1)	15.622027602864293	14.990341504007361	17.1473407735952	17.136330507817092	16.712295085530773	16.591563196678667	18.637068064641298	18.365532390632886	18.92608336003801	18.003635358715865	18.797757742844215	18.942394571358395	18.56574692826429	18.034970926636806
AN005452|PE(18:1_20:2)	16.4633002524539	15.639993293484622	17.58498131973875	17.598250331694356	17.476877619924668	17.80543764546303	19.360467964337317	19.36647814598813	19.666793791096723	19.460008123910043	16.753389724200762	19.8190471166384	16.693027755354127	19.690071672451285
AN005452|PE(18:1_20:3)	17.211040574605637	16.717913707997738	17.957425866328162	18.21791902628857	18.777606646556805	19.285476153118864	18.923169596361486	19.66309956116448	19.41239577373641	19.412330596692787	19.064772273539248	19.698115709759442	19.066316044581544	19.754110702437423
AN005452|PE(18:1_20:4)	16.21984801294289	15.75791866617592	16.42942709627741	17.13043746911426	17.694252009160092	18.481226218312724	17.435056357044513	18.50467120545515	18.055327594056752	18.34166520082033	17.7057491149706	18.536691183472836	17.689616171688925	18.601261239168732
AN005452|PE(18:1_22:3)	17.292767540493	16.38454752291582	18.016817900169684	17.70648465326124	18.698347001817893	18.867164360069097	20.36975975816816	19.387328799725466	20.554966749863215	18.718186862907192	20.317041198418142	19.649579767710836	20.34285581119929	19.23891175091504
AN005452|PE(18:1_22:4)	16.879192893658743	15.896969636684995	18.022390021812253	17.7823190248808	18.967803727991992	18.767704211841885	19.296263872667	18.471495595394607	19.468653362065712	17.910326753599836	19.150114895685316	18.504176659139453	19.282876354723626	18.377924035219845
AN005452|PE(18:1_24:2)	11.701942203856106	10.132419604605417	13.19127086388062	13.382277297014115	12.80519850079307	12.758324016343051	15.111492671252622	14.416364703565781	15.390297730292914	13.536478685643937	15.431304171303646	14.824328310606516	15.173956677527498	14.052352499568515
AN005452|PE(20:1_22:3)	12.083550960116064	11.736073037355135	13.864593981651632	14.13062591375927	13.833903059427008	13.969273215641037	17.22533168578542	15.655582736025204	17.58457101463945	14.581893840648016	17.137922682091386	15.93686525016988	17.306902573992595	15.084644039570117
AN005452|PE(20:2_22:3)	14.381476031586494	12.264397273314353	15.814271534311054	14.813973039603544	16.056960297179568	15.538942276272358	17.418485141438225	13.518079904543313	17.7162478530926	13.026919104237075	17.220132612680686	14.526169133980032	17.299248405024297	13.260900103087437
AN005452|PE(23:3)	11.54301599462643	10.323008923355287	12.099545791333531	11.283603425441735	11.622650743839658	10.257637863141882	13.844377095040082	12.277174859309502	13.618489506704407	11.710631953367681	13.858674018326363	12.735400527829546	13.472370731412932	12.089742682063692
AN005452|PE(24:6_18:1)	12.400212647359988	12.005192437921474	14.58221834663622	14.189541023749696	13.428552509749792	15.391373660092247	14.541779669322159	6.207820004616394	14.450578375873436	5.643856189774724	14.396336012544074	5.984302050763289	14.463610596816588	5.643856189774724
AN005452|PE(O-16:1_16:0)	12.981997994391136	13.624305330030644	15.479970400152169	16.397267858165396	15.31113659639688	16.186597453318956	15.42697142512936	15.99705851075219	16.0494910388043	15.317158724785338	15.928076661781498	16.478413898703867	15.675964953352777	15.819843337757169
AN005452|PE(O-16:1_16:1)	11.259556635878212	11.423184419681078	13.830330516571797	14.528410640426856	13.665142095897158	14.496540441984996	14.658850056308909	15.64034407930878	15.849982274776602	16.1564985532742	14.980609476844842	16.136575639670557	15.148370010413934	16.252058007849275
AN005452|PE(O-16:1_20:1)	14.121710761169417	14.148341270375631	16.23236384585587	16.972515249621107	15.631333657956924	16.178568170820483	17.112865059073915	18.403837036081054	17.56063391664424	18.336744081241367	17.51013515942797	18.78738727884837	17.21527522187674	18.34806416413408
AN005452|PE(O-16:1_20:3)	14.096585476010326	14.101041253383364	15.487086757891284	16.224260946855885	15.56158131846589	16.0721136995066	16.7950458195885	18.289089164286093	17.580398490419153	18.598411293925945	17.029918024059143	18.2191239696335	17.17700520288958	18.680207379290792
AN005452|PE(O-16:1_20:4)	15.493425430778283	15.62803455160054	16.464022837238677	17.43720614688205	17.412331686993397	18.478574240108046	16.982657922566876	17.940905470187456	17.80439815310341	18.340463320625418	17.33624541673514	18.210037542805768	17.189730510787072	18.4204398881957
AN005452|PE(O-16:1_20:5)	10.875401155183702	10.857448428945915	11.997408025370362	12.867471846231874	12.751385563806572	13.594349015046111	12.491021929113032	14.311274650030029	13.613526288743067	14.854763908034442	13.048680257162735	14.433195249017183	12.857742414991202	14.6976926436646
AN005452|PE(O-16:1_22:2)	14.415103073123538	14.35668978188688	16.275180454158257	17.012652934412525	15.797659105897955	16.41845532924746	17.49995722090066	18.47990090568933	18.206903322398514	18.585099443828994	17.803025100890448	18.86695867569502	17.642060549523435	18.71915859702862
AN005452|PE(O-16:1_22:3)	16.246960843425175	16.278252427992157	17.906934466063007	18.51929377431195	17.64205147644329	18.302095706844685	20.201072944833815	20.60561152251545	20.78536128649949	20.54298815636528	20.479603860747417	20.914972086040542	20.446466912103784	20.84677444174817
AN005452|PE(O-16:1_22:4)	17.329342835173392	17.22775880872053	18.682038247613246	19.361698503060133	19.351032127801403	19.93480344427326	19.399732981080263	19.607965072650277	19.64009318800808	19.587129309347507	19.37248879580524	19.739507990374822	19.32326178099741	19.829329557639234
AN005452|PE(O-16:1_22:6)	14.427514453645253	14.274791915236873	15.397063661978544	16.000234292213648	15.942985514469436	16.909139713596115	15.177010157248482	15.360774446247325	15.802346901337081	15.445429189891554	15.461087057323299	15.606506951368972	15.314229394574491	15.760423016573634
AN005452|PE(O-18:1_16:0)	14.057283335143046	14.589033692270467	16.28004997458332	17.1101418586223	15.972257887887949	16.80037748133465	16.605547958980456	16.894405717324045	16.997510566646728	15.7686796357181	17.20661217776946	17.297123006628762	16.894435593018233	16.743943818554076
AN005452|PE(O-18:1_20:1)	12.324066986134355	12.567745021168443	14.433118862029739	15.315418210420448	13.870706492152436	14.402706715221912	15.713444341608612	17.085332278559942	16.409024187228358	16.934033145741456	16.362983101967497	17.553816168389062	15.787847025393177	17.24789821405621
AN005452|PE(O-18:1_22:2)	13.917311081455061	13.567766853822354	15.608506199784344	15.916048875104503	14.956052924265935	15.238976860430206	17.121240936906048	17.638927123889214	17.53201545853582	16.836689076533883	17.575202143681043	17.99208616521585	17.235569017837914	17.846077310049825
AN005452|PE(O-18:1_22:3)	15.667108792214114	15.344371125849316	17.233936123900108	17.438529786652104	17.36058007230272	16.618855685597953	19.916226194805176	19.856396327997576	20.14563186821273	19.20021523116244	19.988619077410636	20.147937530815526	19.769748385921567	19.874616838963643
AN005452|PE(O-18:2_16:0)	16.16309780405081	16.17218424477512	17.97018324303821	18.637533134535428	17.80579348875661	18.514820250008132	18.70092307723081	19.056687405307205	19.21532399312911	18.869299698670584	18.912346572869996	19.662620923771343	18.898349748356193	19.048838777191847
AN005452|PE(O-18:2_18:1)	14.540221216913066	14.252924334462662	16.216573863192703	16.682804814994423	16.11168761808477	16.40384081024651	17.383108850878244	18.11952802219459	17.945063077693277	18.383872432169117	17.79353787227558	18.492669962652133	17.563428781070968	18.38132441784586
AN005452|PE(O-18:2_20:4)	16.37906130057635	16.088291009024548	17.265699242876796	17.871987644207085	18.199739217725458	18.686446274024632	18.2978605901323	18.625294693738272	18.81288489085357	18.619342010071602	18.380984555675322	18.649965001130468	18.33993239025979	18.681649922572856
AN005452|PE(O-18:2_22:3)	16.89142411572285	16.562893002232205	18.47073543627236	18.708336395693014	18.5970753177063	19.060291150432832	20.34556541334365	19.591276961722084	20.702960727300464	19.203812518515775	20.31342313999328	19.740562314419872	20.507184763069166	19.841446321646444
AN005452|PE(O-18:2_22:4)	17.08341498649664	16.456473179383327	18.402229139274038	18.69909654255162	18.983903229435295	19.23270058730279	18.926881950989838	18.218956610356994	19.206714157126537	17.872707852216312	18.901520218711187	18.210729041763035	18.839795315783295	18.265543290855618
AN005452|PE(O-18:2_22:5)	15.84996334124174	15.378053005903988	16.992987237909247	17.575622619248403	17.53990193178511	17.996198067690305	17.208042732486643	16.74008346845927	17.603281095351637	16.494683655017848	17.243279602018244	16.913606011268474	17.061850504501948	16.780357789866258
AN005452|PE(O-18:2_22:6)	14.317848980707923	13.554233454977577	14.87530319182259	15.211168202355537	15.656970473787554	16.08883916806574	15.184611058389526	14.125924311221771	15.567870515970037	13.8019581813787	15.296797135916284	14.581138163641446	15.36953726801159	14.605294243002382
AN005452|PE(O-20:2_22:3)	13.060258108556086	12.331417260107571	15.015058598534464	15.138940121660335	14.756472229797714	14.825476084140083	16.525541250147462	15.625767006723217	16.944146186971757	14.859961404012056	16.754721313193304	15.911016236481231	16.53370148364461	15.58950330516606
AN005452|PE(O-24:6_18:1)	14.754934057775856	14.036867932615133	16.527286838301045	16.725511994704338	16.634334969085927	16.94925350071614	15.799519223701639	14.723853311464575	15.682090031906904	13.534155810238266	15.647170054586637	14.974759344067314	15.6033768406515	14.695589999643675
AN005452|PE(O-24:7_18:1)	13.011047320274102	12.587636947230566	15.042970473981844	15.273163255773746	15.133354000601464	15.368696523384116	14.836525120325241	13.956322267593118	14.877393415460434	13.467289093282801	14.758205828356921	14.137227140124834	14.635424811718556	14.009350831151822
AN005452|PE(O-26:6_16:0)	14.49477510730514	14.127677705924446	16.41157946479326	16.763009973790833	16.43072407044774	16.680371952579947	16.354576970226272	14.828331331270022	16.558266325375214	10.772098984141374	16.257458897562568	14.83660509448591	16.293588304656684	14.820542465791563
AN005452|PG(16:0_18:1)	13.422548549914167	13.144866892258989	15.181475645435844	15.515061320497665	15.807536489105184	15.987789692349681	16.563981830065416	17.16378921481732	17.588821101941623	17.268944860457385	16.53454989003517	17.508579035684317	16.71672289295128	17.495181335907755
AN005452|PG(16:1_18:1)	9.944383950491762	9.003997900902036	11.267352288630596	11.357142372007297	11.861711277986842	12.288578084147991	12.773873881051953	13.570644887166916	13.931181713875823	13.570059931719465	13.244101692201545	13.637155220833188	13.262959058147402	13.870859482204095
AN005452|PG(18:0_18:1)	14.792599084108211	14.342738824518383	15.928884031620273	16.46906211867469	16.431586296390265	16.881609043086755	15.73077996859856	17.363726490765746	16.35745387585648	16.645348259529683	15.936948575638203	17.940078613786863	16.287788731287446	18.12391872733359
AN005452|PG(18:1_18:1)	13.207556325118496	12.436413253110482	13.584766122004979	14.320996439245498	14.576038040491994	15.166341984357715	14.48700020666226	15.3317950536389	15.468955969367771	15.163336009024206	14.992994511485497	15.622961329226856	14.839567573417625	15.657737872756131
AN005452|PG(18:1_20:2)	8.195354290905671	7.620142723841319	9.482481427500929	9.718046033821752	8.848137297879042	8.895802675394963	12.729070515824063	14.145101066877139	13.587545641868052	14.098116707489519	13.079785186402246	14.397844085535425	12.900581632635825	14.509119226675153
AN005452|PG(18:1_22:3)	5.623558454217725	6.325917143504671	7.388288092307646	6.474114683665699	5.934418179209254	5.942290396885826	13.207653292574648	13.409987494662253	14.12106557677154	12.99568538627958	13.556140553198036	14.057657080949332	13.569516945358261	14.005483509463104
AN005452|PG(18:1_22:6)	9.934585144744341	9.203088186483589	11.770982622094756	12.116043067705391	12.175746716710504	12.812859885933236	13.3526698338233	13.314026230907366	13.619239441317495	12.074602933598277	13.894731484182714	13.754164388708984	13.691679732248566	13.49253741665104
AN005452|PG(22:6_22:6)	8.879578604374567	8.730186997426177	11.361803342258776	11.865565167882629	12.842651680922629	13.476817442678962	12.772187766707669	10.671223895572384	12.397789413009752	7.9910845557188175	13.014853371584527	11.417813835302326	12.893940320132176	10.643842552755347
AN005452|PI(16:0_16:1)	8.144553118949384	8.541536640399036	11.36333500707804	12.63624086254363	11.408599463780549	12.92918976845454	11.472319795993426	13.037957883197612	12.706152730134727	13.696216360923602	11.896962127204764	13.453473054434518	12.170888706055417	13.924048350901904
AN005452|PI(16:0_18:1)	12.797012664497393	13.3859612770001	14.253567804206753	15.369308558633724	14.86535384018954	16.05472483584164	14.575510345396182	15.940791907875118	15.979058941056357	16.467443545749067	15.023168389810001	16.378023270363688	15.232365065513228	16.681345114291894
AN005452|PI(16:0_20:4)	11.977070618072469	11.802758627581403	13.512581906488707	14.386566438778638	14.33438452690981	15.34520237855935	13.812278000749567	14.70976570698459	14.722460115932813	14.874871880455531	14.028751379098273	14.82416586033777	14.103312588832004	15.156228786906313
AN005452|PI(16:1_18:1)	12.183681444283147	11.891692703671149	13.952023671382918	14.381976753449434	14.271962275835634	14.957852554267824	15.09217792465936	16.023758418435186	16.441929784218903	16.224605121430926	15.50207877361013	16.193778746284874	15.569565629453733	16.347237572385414
AN005452|PI(18:0_20:4)	13.978807592311378	13.400352913305753	15.408605139409302	15.541215390729938	16.230756118858306	16.217796989818613	16.99011650583009	16.73922478969072	16.779564343504408	16.42489093126327	15.802507578789074	17.13534176398552	16.043845767263537	17.02286683432881
AN005452|PI(18:1_18:1)	14.055741690367647	13.54003651103578	15.710217152392588	15.808142501608636	15.792548048246529	15.987016242536257	17.162267626711262	17.70359237561815	18.14900805381858	17.790438606953416	17.427784773471867	17.87683459844457	17.470136817455224	17.943551103779622
AN005452|PI(18:1_18:2)	12.448428568348396	12.05459897265426	13.953563015650602	14.528176713288515	14.194679524958287	14.882681659400951	15.629263529805128	16.755104363155436	16.824802508624874	16.91569212729472	15.851980662472874	16.820770812578314	16.03077875041058	17.18087108370887
AN005452|PI(18:1_20:2)	16.491871531393812	15.993788462301659	17.94473298161058	18.605018759997662	17.8036553032797	18.31094293172816	20.369169445830696	20.944452986925413	20.907603600639003	20.60316047686653	20.41821775016859	21.01191012117117	20.5585124189474	21.024183775592377
AN005452|PI(18:1_20:3)	17.38044724291331	16.769585454905194	18.8461652811116	19.19323472350727	19.499330149589195	19.876730684894085	19.857138214807478	20.336335655799704	20.45371021198639	19.96137126021388	20.033062419911506	20.467308648399097	19.882923302620522	20.411008538583253
AN005452|PI(18:1_20:4)	15.567238874862674	15.065834993533604	17.15144809566747	17.56379230519433	17.92599512256164	18.397224322407883	17.031458794195217	17.47833479076996	17.72171487235965	17.35392753214292	17.307814832056277	17.66169127200742	17.05922270408332	17.623420375408614
AN005452|PI(18:1_22:3)	15.152366910601637	14.433138544176146	16.76713015682506	17.069744294135916	17.065145981068806	17.403621505568818	19.272759048577086	18.520779777866213	19.8268644408023	17.807219239024057	19.246776856330115	18.827007402592017	19.26206060430378	18.386143749167893
AN005452|PI(18:1_22:4)	13.962930326170955	13.59704506292507	16.30322888106363	16.69224904369438	16.714865417102843	16.42615411039571	17.70825037723795	17.369956155839095	18.382022713674242	16.852998391131873	17.802900580603822	17.50368497227613	17.697504429887324	17.286760924561904
AN005452|PI(20:1_22:3)	10.932149995343847	10.35690300071011	12.65205930023013	12.762402629451254	13.214435461149478	12.96103014733528	15.44971924908709	13.981508218786601	15.857352278741425	13.017255916149132	15.488504878760317	14.54812496713864	15.320886868577674	13.683875904083244
AN005452|PI(20:2_22:3)	11.926105767062296	11.057937671226597	13.977661576610101	13.992192237436093	14.139278247229372	14.071695452757313	16.20644596580529	14.86779201212932	16.831609987266805	13.841451518906686	16.26166836249246	15.240980853637422	16.141512846170112	14.55089166000844
AN005452|PI(20:3_20:3)	13.525450109930425	12.7362574723498	15.1282707650364	15.010727430573581	15.594684740025613	16.00729264927591	15.819445907821622	15.6641262835567	16.49042030476423	14.612223715886373	15.930375190179154	15.855493758226231	15.773907121494652	15.596723229582407
AN005452|PI(20:3_20:4)	11.654647331471887	11.08574352899204	13.189875932703329	13.448408302556928	13.89555287867605	14.371158628633005	13.105567168186893	13.041742089603867	13.845507305160334	12.325545065259162	13.425908786831227	13.187719939097027	13.128505928930764	13.071710206572874
AN005452|PI(20:3_22:3)	11.893180078834058	10.589110072213701	13.819687739450622	13.899691487233378	14.105753761123253	14.279579081086013	15.176587039902563	14.141228709398368	16.09791627807327	12.980675058906002	15.208054686620722	14.199726295788492	15.402617502596746	13.765619958229939
AN005452|PI(20:4_18:2)	11.064911689615663	10.263204961882728	12.613211129360181	13.419910826597771	13.678463767396677	14.632131455810539	12.838023616261694	13.53687041694809	13.798247942198222	13.55892436453982	13.052280160921176	13.553661865931106	12.87737181043358	13.706286404572205
AN005452|PS(16:0_16:0)	10.596691874881984	11.380005129484553	12.656651495578055	14.069757245649546	12.50532378130634	14.045878836610932	13.74113324513211	14.62556022512829	14.431922694140248	13.128750313395278	13.528137280989947	14.649661915683078	13.737844187896743	14.246470274204361
AN005452|PS(16:0_16:1)	8.854681460215382	8.87313191545895	10.774127233984737	12.12293680238986	10.335746068223237	12.084944451211419	12.244687697143968	14.92692756600603	13.287956844643901	15.345494337664704	12.142044339871546	14.687064279000685	12.426156521359756	15.317551305224894
AN005452|PS(16:0_18:0)	14.258130706423254	15.129888649679112	16.769135642882997	17.075356868892317	16.59993085680981	17.42185257302319	17.414472518460233	18.61783646169142	17.861265986243865	18.711539253767096	17.18203656756502	18.657083590988957	16.53553114608566	19.026102807969597
AN005452|PS(16:0_18:1)	14.682591062744628	15.11652993447509	16.392965945111943	14.141894617519453	16.625356360482076	17.597022477316713	17.653152287995244	18.638681948703965	18.314824630179476	18.208927417934067	17.588110464473633	18.685724931966643	17.5260988677835	18.57685719194242
AN005452|PS(16:0_22:1)	17.2788507917515	16.99080610595324	18.58086124450809	19.085117842532405	19.103042419483646	19.72391966683486	20.320205633526644	20.7974165152971	20.943781669183235	20.834482764073503	20.39413163714336	20.892151607822157	20.478900803880993	21.06314518583298
AN005452|PS(16:0_22:3)	13.385271455496573	13.550498253807353	14.458829924895767	15.481011804116136	14.988647001441043	16.049357184879927	16.759260760070557	17.56397171736181	17.42045830132704	17.192897880967298	16.709935931876885	17.653268406841253	16.776379113119024	17.82984686109023
AN005452|PS(16:1_18:1)	11.321188610093628	11.581841010716316	12.662197994031635	13.488666780267053	12.887455713439932	13.790995739321	14.519965509655014	15.891488714726227	15.283234590393041	16.142473601636226	14.214517833548376	15.79885922914186	14.468627329507306	16.340893119748547
AN005452|PS(18:0_18:1)	16.583019044932296	17.09597242385144	17.564041595737613	18.474628318295203	18.145673471032783	19.106135335440218	18.598604135232524	20.218865184438197	19.629117975570765	20.106346781502804	18.776675240964156	20.185062875406945	19.035203213182683	20.514674941871284
AN005452|PS(18:0_20:2)	14.079949380893957	14.360401105371428	15.344656449020398	16.126013249013482	15.690869424886422	16.812922992804854	16.94752471463762	17.809724982711796	17.690468798622835	18.040360221994607	17.084644994380913	17.64140595537423	17.27197323841235	18.21891120017931
AN005452|PS(18:0_22:3)	16.841405664296783	17.20364297311377	18.089541058071344	18.81161489830191	18.901554557353723	19.8167662585448	19.22371625240059	20.098086181117438	19.92362678242085	19.697513782803313	19.14689760252389	20.0206959215537	19.740104311147576	20.346970210934447
AN005452|PS(18:0_22:4)	15.738654025088124	16.090511290845182	16.822306781459186	17.862948981377034	17.831086034309763	18.870899068001542	18.443436565312272	18.808021403574916	18.81060558946558	18.161248795697748	18.24812771055388	18.901666936507556	18.3766003836561	18.844485142082505
AN005452|PS(18:0_22:5)	14.907897739614363	15.316023744790577	15.73644593452714	16.112898800789694	16.727833304100198	17.854263854601584	16.7527033259868	17.642930721707184	17.27003604514088	17.391447104462053	16.616363529150036	17.714522028746856	16.68215851030138	17.715074150673388
AN005452|PS(18:0_22:6)	13.491129298494414	13.992808979338626	14.238777986389044	15.627931164011601	15.164362903902315	16.64344392454408	14.542773346430039	15.526461572533826	15.02956214222411	15.390528038548396	14.498431790543387	15.800115773292156	14.594606119401854	15.735910457238859
AN005452|PS(18:1_18:1)	15.11732971009503	15.219432933889928	16.054274408917163	16.79921848758745	16.33765472485807	16.923147393763692	17.281193699485417	18.388452078660933	17.864015636414393	18.43735827319654	17.03208102316731	18.529344916320692	17.62936126912575	18.717093128995163
AN005452|PS(18:1_18:2)	11.58050899442066	11.958971553328643	12.847954001279007	13.34713700633671	13.109390117983418	14.103086827954252	14.363954459308621	15.269202152465327	15.146601986141002	15.299290755208638	14.17144797681921	15.19495227361403	14.496922675981386	15.548644168223698
AN005452|PS(18:1_24:2)	16.347338409109685	15.631183465503346	17.627862147327352	17.72126622585615	18.193625692063467	18.35915721304428	18.487036132125983	18.219268851086742	18.693823959849695	18.059756590111125	18.40467712349019	18.104616748906626	18.523792799064605	18.44813670109286
AN005452|SM(d33:1)	11.554967365027428	10.537783543013598	13.272450947234203	12.26897343824742	14.029330852274372	13.83657441938648	15.315291516311	14.196495379157454	15.642551576177796	13.598097781484599	15.125969247815968	14.39109480363549	15.391987031694216	14.316201765687728
AN005452|SM(d35:0)	15.091213571090023	12.83639500366174	16.163191155200494	13.459817487273265	16.57904845136051	14.838621647070363	17.66050006363257	14.45683616461782	17.835086101742203	13.519532703048815	17.385998804531003	14.584141610206524	17.523697076242566	12.4073090046845
AN005452|SM(d35:1)	16.73172768315553	16.296360185275372	18.447426417309497	17.673592223341554	18.77287569457191	18.580944135322724	20.05622602706035	18.558704628176713	20.501448324612635	18.114355589891762	20.02431241300999	19.138198681738434	20.00996004304923	18.4575799360059
AN005452|SM(d35:2)	9.514555604937664	9.33791176928663	11.095972161773146	11.297300805244157	11.277756209915923	11.577754253920405	13.566083547041073	12.706582023837903	14.802778997199184	12.406804742782741	13.8859538775304	13.122201487658677	13.979361023428757	12.753837751371123
AN005452|SM(d37:1)	14.48259135964568	13.245946684736397	15.818387544040212	13.892061229529986	16.184540526887446	15.473629791962002	16.92745002622419	14.70928704876816	17.0040592137525	12.265461679523119	17.011767052814076	15.478457103583137	17.19898109054009	14.99111795874616
AN005452|SM(d43:2)	14.877267578619913	13.536719326652454	15.855577598450097	14.777179867419429	16.244042132511378	15.707254870601039	18.215092438733585	16.148367685706408	18.754306632537965	15.645415124306055	18.421584181981604	16.904170100001043	18.28146233514951	16.076914142380463
AN005452|SM(d43:3)	12.598969833728	10.612119437477993	13.925668882839133	12.124619458923405	13.914063517117746	13.233636328710999	15.72608609675641	13.295149466669196	16.008180627050994	12.750414570111545	15.814512116372313	13.673717237528985	15.84227623136679	12.904938852325964
AN005453|AcCa(2:0)	12.927498183204923	12.765301024074972	14.465714762519667	14.494143231266273	13.57115002497076	14.166813658343406	17.22534992341947	18.153723805109504	18.087728287012634	17.53280975155509	16.70347089175496	17.86079505487623	16.92690664689514	17.792172101441015
AN005453|AcCa(21:3)	13.63308901228192	13.667663267452106	13.631921023567893	13.628550936762423	13.600180733235314	13.462804054317393	13.521229294354498	13.495558397553188	13.569080062952212	13.591664251085538	13.500678680880577	13.607926448224909	13.624153741258889	13.551325205962875
AN005453|AcCa(4:0)	10.32306009060588	12.357693422830955	13.592574595729113	14.772129273798134	11.953753704383068	13.75447665651803	14.385788740555732	16.546586434074854	15.008691658515223	16.036423802262394	14.100656631871672	16.50457372908257	14.260013155875876	16.263720510309707
AN005453|Cer(d16:0_28:1)	8.946341630084277	6.564610776810735	9.360411913358123	8.65880095122904	11.405623045958293	8.186676721827762	12.833136569510271	10.689432763348401	13.026629889332938	7.566780401038394	12.828482499285789	11.77500778269038	12.345822328245697	9.532641402082323
AN005453|Cer(d18:1_14:0)	11.001505395292696	11.172664325804446	12.619123528291041	13.057778522571562	13.751547211473602	13.810377646664874	13.771482508458647	13.603138934289305	13.664224535340702	13.689773555816743	13.764089624759771	13.821922774874936	13.686960819778028	13.924634619932883
AN005453|Cer(d18:1_22:0)	11.043299679419116	11.299516793541706	12.379432497159677	13.425597063140694	12.968174938422672	14.239068104216287	14.041172294206547	14.480952806914951	14.484613047892585	14.568771242987347	14.322303128910944	14.33703383843961	13.980038509286944	15.105500579287044
AN005453|Cer(d18:1_22:1)	9.867146623020082	8.94356056423841	11.866495840502486	10.498979323239356	12.3938763066299	11.704128528377941	13.482948482300893	13.001813216866184	14.008072799679583	12.851580801553446	13.759712004501788	13.536358262900512	13.485307471113195	13.386242756708262
AN005453|Cer(d18:1_24:0)	12.3055176444774	12.56427288183567	13.25537868186935	13.886097620106133	13.779954183629888	14.805786289473593	14.66314320860868	15.61257539084771	15.121913652229305	15.006821247202746	15.175521996088856	15.848319183789435	14.81838358217417	15.77103715256184
AN005453|Cer(d18:2_24:1)	11.113339421076802	9.655600063329029	12.534057002741699	12.561091037139468	13.08894472103848	13.122602146386305	14.239000888893365	13.749742620810869	14.91901477740443	13.32702670078866	14.375482943468285	13.965568730238774	14.09595329526165	13.817577320245336
AN005453|Cer(d20:1_24:1)	10.818000720592442	11.059355189396657	11.84212291210138	11.991785985893785	12.126364076265157	12.371704080496093	12.722340685141951	12.34783209777833	13.201250786463882	12.410804300614076	12.623817461911132	12.890679006967622	12.685823678706988	12.5689937604588
AN005453|ChE(16:1)	5.643856189774724	5.643856189774724	5.643856189774724	5.643856189774724	5.643856189774724	6.981587316679697	5.643856189774724	12.852425914837417	7.000893021486409	13.51166331308994	5.643856189774724	12.373718787353583	5.643856189774724	13.45485813115279
AN005453|ChE(18:1)	5.643856189774724	7.388010609710929	5.643856189774724	9.081631835995148	5.643856189774724	10.776080767040403	10.526973711710191	16.44799367943696	12.794645133706197	16.642507650941713	11.107683755351362	16.444433745171224	11.591554483176148	17.165361906610254
AN005453|ChE(18:2)	5.643856189774724	7.816973048118316	6.566450157219179	7.522387875866612	5.643856189774724	10.961526559600129	10.62830491946201	16.92958551308998	13.158141353773152	17.202417116962923	11.087378609642059	16.048329685998556	11.317482215689765	17.202115665437315
AN005453|ChE(18:3)	5.643856189774724	6.229758195601839	5.643856189774724	6.1522451382324554	6.206448648906826	10.119045477660668	10.253386454390998	15.23753472395687	12.115364836142668	16.030755986660722	10.622787363001613	14.105216423792553	11.313780819823025	15.527433787928947
AN005453|ChE(20:1)	5.643856189774724	5.643856189774724	5.643856189774724	7.108349491077696	5.643856189774724	8.177141825693075	9.328822027773624	14.598993645058504	11.786146104274351	14.577120823516772	9.794843262750232	14.730721848867185	10.233606013694073	14.940994352691746
AN005453|ChE(20:3)	5.643856189774724	8.177606982214739	6.4942876967047205	10.310666268792763	8.860626877307071	12.583757843613173	12.847963148353472	17.70491364682314	14.31660416560846	17.677850109989745	12.860017143712303	17.128352560878586	13.323825842833799	17.978484253093498
AN005453|ChE(20:4)	5.643856189774724	8.754883866733616	7.031296858180391	10.328494958101418	9.663006217790944	13.207988335581833	12.368511041985016	17.022675348670315	13.986989349721858	17.062318887710173	12.527042033949542	16.255478801445914	13.349080738093525	17.323425765206427
AN005453|ChE(20:5)	5.643856189774724	7.231895307176359	6.2040243234921775	7.931832434527094	6.97451879263962	11.383721076771856	10.549489254104111	14.700549695947737	12.33512511609336	14.975032344634265	10.714679773378352	14.052639057559395	11.78925918870222	14.977477442874118
AN005453|ChE(22:1)	5.643856189774724	5.643856189774724	5.643856189774724	5.643856189774724	5.643856189774724	7.849482937441941	8.040854714971614	13.354305547093622	10.723998557284085	12.923840463387426	8.826277498122003	13.128955703571373	9.256148004422922	13.339594881373563
AN005453|ChE(22:3)	5.643856189774724	9.668331264320742	6.109863506501791	11.208868357964084	8.399297894956275	13.001914643499857	13.634091423740548	18.034072672020443	14.95098817302256	17.266601473379005	13.528622288459962	17.612809808278275	14.216476657431746	17.74032105076061
AN005453|ChE(22:4)	6.325950024178695	10.152673420535258	8.196783844139484	11.795427918087642	10.211047532602764	12.5068224620383	13.575048112539326	18.076218976221273	14.80514494347782	17.5185812693265	13.256885132517725	17.31531242147882	13.92188029196685	17.91569088780776
AN005453|ChE(22:5)	6.859246315651347	10.653355668840838	8.21771675386565	11.98245905654633	11.075292517261632	15.03165809719003	13.337497273433668	17.602040325005355	15.042858191333307	17.113953288269425	13.472364114145583	16.91915554764141	13.839837311378849	17.535932440990404
AN005453|ChE(22:6)	6.477966390346729	10.467283487630745	8.242945206249251	12.386416359775277	11.444690530130872	15.60748144768816	12.555981279837695	16.961885553217147	13.635662670206282	16.05603712712292	12.398404614585303	16.48267071428504	13.192503772175115	17.004932982236188
AN005453|ChE(24:1)	5.643856189774724	5.643856189774724	5.643856189774724	7.745967935998087	5.643856189774724	8.955660799644402	7.402027560131017	13.169296228779451	9.52451409414794	12.47621906860426	7.24230391820786	12.655027827224929	7.436825125746519	12.663801192519045
AN005453|ChE(24:2)	5.643856189774724	8.098986238228639	5.643856189774724	10.388395319192222	5.643856189774724	11.334748426667929	11.203186269895362	13.732850866301705	12.888735785269006	15.26129295057221	10.876468765363699	15.40927910224807	11.642267584117429	15.618912569229318
AN005453|ChE(24:3)	5.643856189774724	9.10301637926611	5.643856189774724	10.935738565157598	6.372013101988088	12.25502580905466	11.27997828014273	16.23635040162984	12.504349784917844	15.575176065709345	11.01363321394655	15.402344245447287	11.65293564356353	15.737811635320739
AN005453|ChE(24:4)	5.643856189774724	10.043751431644894	6.378026775178093	11.880074700064428	8.734419823750187	13.468211072726513	12.241759373446655	16.627425720773704	13.410062553899765	13.63175057822312	11.775774800657382	16.342500075742258	12.272588433631398	14.561859925968625
AN005453|ChE(24:6)	6.176835134382234	10.656886581175863	7.9264268630399615	13.357576551598713	10.669368071826263	15.53420178432424	11.540043212518015	16.444110496889923	12.705542214218909	15.440075172933502	11.619010143674656	14.05580791733063	12.26494799587383	16.54926560205796
AN005453|ChE(26:2)	5.643856189774724	7.6492534668854075	5.643856189774724	9.88060675788008	5.643856189774724	10.861975102560057	10.479889468748693	14.372834158409683	11.3522705529829	13.682336193090263	10.281948317362337	14.029773589059308	10.326128769779443	14.063566961839003
AN005453|ChE(26:3)	5.643856189774724	8.039923741227552	5.643856189774724	10.579179269046241	6.04385687844868	11.045897407677936	10.328995675012708	14.600730123293728	11.3904201123485	13.909463144042538	9.76778078666097	13.871777358976852	9.98688999279315	14.09813009764582
AN005453|ChE(26:4)	5.643856189774724	10.157967362791306	7.567429178017957	12.400778121618773	8.692785506100646	12.979039427586093	11.832861619068597	15.645847576284018	12.567684465732546	14.259366690596496	11.076535123868561	15.283928311042764	11.63227512141417	15.182553613930033
AN005453|ChE(26:5)	6.1651366827348335	11.002002428557745	8.677734548994053	13.816012920658208	10.383237861691294	15.383217473045042	10.343558805021143	15.51297750513264	11.120233682040121	14.202008496574223	9.534047164016307	14.515534693432437	10.180461703164129	14.862645756717422
AN005453|ChE(28:4)	5.643856189774724	7.76568701932491	6.077211235367645	10.622679179493275	6.732594102365533	10.796923823359377	9.630378815694101	13.160877070553267	9.865448783387626	11.785521829708111	8.944898906532147	12.7063519208869	9.568177299773685	12.760978310280597
AN005453|ChE(28:5)	5.643856189774724	10.552719721020736	9.299557770980266	13.612849298161953	10.441302413929213	14.35396291358168	8.669727587246577	13.04084811182733	9.23267208357471	11.753813001297196	8.022161923541898	12.475069473926345	6.683132191050551	12.686516489148003
AN005453|ChE(28:6)	5.643856189774724	10.497182667527513	9.180208351334949	13.579166561447797	9.33251459412143	13.787443802031298	5.643856189774724	12.473774732348987	6.8298800794276815	10.931294407060259	6.571912496608733	11.785227054546098	6.622857969045234	12.170466933454867
AN005453|ChE(28:7)	5.643856189774724	9.417467801312513	7.2679518059338974	12.328977457033753	7.90923578205719	12.516773910077854	5.643856189774724	11.673294732823791	5.643856189774724	10.175457803805786	5.643856189774724	11.070522358085434	6.679941790297062	11.418098439139063
AN005453|ChE(30:4)	5.643856189774724	6.20877168996736	5.643856189774724	9.337641974835243	5.643856189774724	9.203144495424262	9.154041487225824	12.319851386162933	10.32704889262468	11.697706048420903	8.952427586384806	12.341201927667049	9.278654141796794	12.50720849768746
AN005453|ChE(30:5)	5.643856189774724	9.156506085516979	7.7761231771210575	11.728082001757713	9.076073383976215	12.715167621168234	9.289057514005778	12.905253315786675	10.017561428032753	12.389225662680483	9.289032266902142	12.614501458296226	9.996228975747343	12.914080471742786
AN005453|ChE(30:6)	6.245895455119935	10.22641403323526	9.852801319722792	13.016264341065886	9.880169988366456	13.737168513183748	9.043311562259037	13.325164833738143	10.164384378740808	12.273534799920848	9.175460784476016	12.98667072814049	9.6205523949254	13.102943894023236
AN005453|ChE(30:8)	5.643856189774724	9.117486371642338	8.599211726678638	12.929038465392656	7.69624020999958	12.659877189590238	5.643856189774724	10.88129013028933	5.643856189774724	9.042134399447596	6.296395352435222	10.485984552352795	5.643856189774724	9.712999408467693
AN005453|cholesterol	12.720111340184253	14.948678541812262	13.825058936919303	17.097742973360287	13.698866428279231	18.700736535675265	17.396265798528685	22.18439961371833	18.753655405858083	22.025066932799533	17.359772686277537	21.880565330928643	17.81427801993678	22.589720061885533
AN005453|CL(68:4)	9.207644771873417	9.064039302357655	11.076142821342136	11.246627185377415	11.94438360596753	12.208751814862874	13.069197026784009	13.503114227947401	13.82250149151339	13.495854845126374	13.051637304405226	13.387011618582273	13.46264335727053	14.028683394227665
AN005453|CL(70:4)	10.286641709904936	9.479771083198349	12.239512466730261	12.180982631080598	12.762314232918685	12.871795299002281	13.554422502586753	13.246555272185796	13.816361458467968	13.322008573163076	13.645351319581208	13.782743777020444	13.342340236054463	13.615424989205751
AN005453|CL(70:5)	9.4346933840949	8.864704546702706	9.909302652025511	11.58853309129096	12.193349556639395	12.359056564075507	12.071435806796785	11.88198860106616	12.196601465199313	11.85990422256387	12.115741707773822	12.033672756218385	12.142903611306606	11.878976248674784
AN005453|CL(72:4)	9.169823736595816	9.443124138596797	11.273678049939377	11.534621412452012	11.60922616362844	11.809699920710164	12.680134543532304	12.49229589189366	12.342301971847553	11.449650766340605	12.673189610119755	12.724081718146202	12.682146835515928	12.06252900340266
AN005453|Co(Q10)	12.532064448625908	12.4378066756872	14.234694298173991	15.136788808200135	14.30786123995938	15.241816776212703	15.593836133781522	16.269649871219418	16.269855748556427	16.203584238671557	15.8403607944147	16.58348570516455	15.953798502419355	16.51805962072559
AN005453|Co(Q9)	6.29759825110608	8.167265066537157	10.686467363492065	10.491683033593686	9.198882389618005	6.936864601605861	12.360895717789452	11.303032311860981	12.18024978351574	10.44597379649617	12.598268869537597	11.157500804023819	12.475888829969776	11.172327677400363
AN005453|DG(14:0_16:0)	11.144629755100807	11.252141456182123	11.53714904826146	12.85880036861946	12.140405907660892	12.655590109420018	12.24571028642193	13.43867980376246	13.329521693396146	13.846187374834416	12.840748282640496	14.218837335506786	13.124383502837361	14.068959327621798
AN005453|DG(16:0_16:0)	13.0016393310187	12.88269691329171	13.635243546195658	14.662157323881539	14.002012341700036	14.305820233497101	12.475556901913135	15.000265310425632	15.326179836438877	15.342384163469632	14.870002187976668	15.938791154756137	12.847662742383937	15.618560006973347
AN005453|DG(16:0_16:1)	12.052878267056544	11.981850012056057	13.27349519551521	14.132903734593592	13.789665246811467	14.195897155323218	14.826921647789154	15.406098539069127	15.888757227594928	15.450880651149816	15.281449878856549	15.890281917315264	15.547892344661335	15.605373175070818
AN005453|DG(16:0_18:0)	14.553572658102963	14.266928024813888	14.667637833559498	15.289699398794438	14.891041992131363	15.10244144567956	15.110709943287027	15.374367636930131	16.431043760515266	15.66375105251472	16.0569443155004	16.563607099491502	16.209458851579218	16.349510817632225
AN005453|DG(16:0_18:1)	14.1401606333365	13.167625631732777	15.591979523835596	15.753757448242906	15.806737372898906	15.574086241164812	17.613117301800855	17.121219305126214	18.09973906711683	16.66550684366159	17.817506813154704	17.59495498402927	18.073202349960805	17.13711935427307
AN005453|DG(16:0_20:1)	13.473055744214486	12.610356860561334	14.299794807907654	14.347520019099278	14.219826202692976	13.882983749362324	15.910383553032842	15.029179827002238	16.9117798413225	14.582634332478506	16.554819750385562	15.875149000501025	16.63989732670019	15.165566881688735
AN005453|DG(16:0_22:3)	13.139575127302479	11.931404960321496	14.268206236085186	14.336081343062014	14.202217379541198	13.841108286878177	16.44149921769542	15.372900942108217	17.595947163519728	14.28280198406478	16.981392484762967	15.662525962157355	16.989791142425492	15.469092491767796
AN005453|DG(16:0_22:5)	12.61774760224944	10.836847535925576	13.676967774582204	13.837842149194934	14.513392816613512	14.460147222496083	13.514326382473229	12.537853018438383	14.455981103695018	12.416689764863074	14.121911329680058	12.788748699647371	13.77844085981986	12.666587052538967
AN005453|DG(16:0_26:2)	8.760094025773952	6.931547939524779	10.991796084267184	12.129036404282603	10.522292171084148	11.164197109933212	12.254053513254801	11.120796494517053	12.890066908022305	9.977377592310246	12.426475135334606	11.908079941946283	12.32780500655109	10.780269080187574
AN005453|DG(16:0_26:4)	9.819785116870777	8.569165803477686	11.302754988235707	11.129479596605863	11.005273246488272	10.316230407154135	13.556341203043063	10.487613415961997	14.022641672183758	9.28603475273614	13.479744144382872	11.001710280963414	13.775533311849571	10.077115622747824
AN005453|DG(16:1_18:1)	12.730439962148795	11.994775758940742	13.756609819732192	14.210997915138334	14.382230450333594	14.34839059658406	15.765774041758073	15.708972138664175	16.784483661563122	15.475703830453462	16.217416570630082	16.00580974312235	16.296447056513482	15.630305092896513
AN005453|DG(18:0_18:0)	13.26648759577961	12.565768203244874	12.676263501040268	12.860449328111308	12.787311561561813	12.856509167599311	12.87279578193798	12.742156594841171	12.737115170065605	13.076395131157518	12.97092806031781	13.096656756831218	12.913152119538358	12.932623454801522
AN005453|DG(18:0_20:4)	13.971154629400525	12.444813435060524	15.00038169585296	15.197657269998388	15.578219892807274	15.424023554909795	15.860610609725677	14.86224152319123	16.779470560587214	14.482508556388547	16.28539769087279	15.030492171921393	16.29885713345225	14.931246914287192
AN005453|DG(18:0_22:3)	11.481331898287443	10.342741592526059	12.405677647276287	12.2939949437717	12.248612808362315	11.870011807589394	14.879689767544022	13.027513584924165	15.617504777929298	12.270071959094366	15.287519596581129	13.91695546359358	15.373746468468314	12.876877944085168
AN005453|DG(18:1_18:1)	13.474711310709708	12.355916710106213	14.342907240098752	14.328496167173293	14.6479761291535	14.10878765085939	16.731977939473975	15.908111571852464	17.7196341770496	15.273329610807545	17.20720195305358	16.22355212529225	17.436240796754742	16.016126337631857
AN005453|DG(18:1_18:2)	12.415323887833857	11.445071082692275	13.348959537560562	13.383934325612337	13.774247663320212	13.404541806028734	15.547738710259415	14.625938413723311	16.396946807443438	14.06853024457486	15.889852225378112	14.689662225745812	16.008447856832024	14.565619087675884
AN005453|DG(18:1_20:1)	12.015682613520584	11.621668574989291	13.05435872941092	13.105514820003071	10.674883451865126	12.072572411397365	15.156909410384067	13.974879202368326	15.939672634820445	13.377428310277077	15.664915595738114	14.873211710651896	15.666425386502004	13.899500347214802
AN005453|DG(18:1_22:3)	12.674949410874015	10.946780060422602	13.522128032717907	13.316916208016229	14.161661910491384	13.682715902094278	15.587581302496544	13.522112092631227	16.695424825188294	12.724966161490634	16.130832011454746	14.052049556666082	16.210702192679975	13.381994288936653
AN005453|DG(18:1_22:4)	12.480517519393784	10.102308125280016	13.57719759030108	13.313801633844568	14.227548240704033	13.811792296727441	14.50698764604818	12.68799098987599	15.405855577832085	12.045264249152199	14.885680858361932	12.81859534583787	14.774963669556016	12.757759796456774
AN005453|DG(18:1_24:2)	8.397745576079492	7.818771601809986	10.597034071350036	10.57791043979848	10.289419129415274	8.701489923221393	12.647992897618737	10.654023181485579	13.051557272747951	9.025446037587379	12.733511008533592	10.91404134999941	12.780554188380089	9.741458936392675
AN005453|DG(18:1_26:2)	8.329093919898982	7.509230836744224	9.56263496914056	9.458652728183251	9.227080360962821	8.525488830468676	11.373817446788044	9.442825881108634	12.037559272894923	6.578888350920902	11.654123709528475	10.037608727538185	11.4510425430607	8.442282377499351
AN005453|DG(20:2_22:3)	10.800156880517733	8.76969510814113	12.455874880616895	12.267159818976758	12.78799510635057	11.954057791309504	13.636217315009192	10.570152128586834	14.29719449178672	9.509112637797534	13.609845527100527	10.965053620425701	13.849246427825392	10.44090815573089
AN005453|DG(34:3)	10.28172533823632	8.596287699273658	11.092870184298198	11.059344160403436	11.730477149710104	11.632865511940174	12.76675283397875	12.612184248013131	14.3032419392609	12.394839252537084	13.653279842021979	12.908652860905732	13.579196051223057	12.57575587131029
AN005453|DG(O-15:1_20:1)	12.378027799702126	12.11077592930578	11.916626925827744	13.566183612131573	11.78372097207946	10.002090641261043	9.963518490599695	9.689213091660513	10.295298441740691	12.730942718975074	8.653267370761549	11.352663803503097	11.636485222797603	11.708027984414917
AN005453|DG(O-15:1_22:1)	13.746243023144464	12.850436435842909	12.262938363154516	13.988804903028845	12.430424056846206	10.96893489766679	9.256202143615008	10.596968077315116	7.705093763132325	11.495067671846337	7.278726698310638	5.824243833350561	7.662628092410905	9.497317534741576
AN005453|DG(O-17:1_17:2)	12.536028848515274	12.291804666695574	14.055635494151232	13.87602535759831	13.752650431966963	13.844667523328852	17.248121784226427	16.443141827123956	17.77928997785573	16.03399309265558	17.331083547466758	16.641091983577606	17.82410164377317	16.772677958421863
AN005453|DG(O-17:1_22:1)	12.766074109066073	12.411651029147931	12.311391673602975	14.062682942541379	11.992683178562869	11.513192519456707	11.915754338267535	12.643092619304346	12.465140065427816	12.869327448146537	10.500243341005584	12.082558637241272	12.273140249376183	11.953281462777255
AN005453|DG(O-6:0_21:5)	14.476608272812248	13.024440497671003	14.563811663909526	14.59715205406125	14.437166340907618	14.472562032595304	14.434033936803104	14.425458894940798	14.387621217604455	14.502249561156953	14.47629599177578	14.508880393402409	14.445811134537408	14.49834010868374
AN005453|DG(P-12:1_22:0)	13.459646154501257	13.067981585550754	13.101058744677403	13.484437760456737	13.524515906085199	11.89726563004168	13.834287059226961	13.700660572819617	14.772992165930281	13.87492475497507	14.001152870877723	14.40828935668367	14.14144788799414	14.315691039511123
AN005453|Hex1Cer(d18:1_16:0)	13.782526379690404	12.047694327888388	15.687211726219678	15.123775034231237	16.083062950688	15.656719597184582	16.645389916576544	16.699924778358483	16.89665628177014	16.6339178189074	16.966130049376982	14.856755603179408	16.680943594779446	16.74360746148372
AN005453|Hex1Cer(d18:1_18:0)	13.176260116204944	12.44243641065755	14.481468413399107	12.95926694667997	15.282771202582907	13.894452551354727	14.805386362101208	14.38542465278661	14.714201527093957	14.366409872840022	15.06980971665161	14.801190931561237	15.069204037952018	14.53083242503282
AN005453|Hex1Cer(d18:1_24:1)	12.906175095848326	12.55700087016927	14.244655496243148	14.095826325908613	14.801676986844958	15.077655325933213	16.082681816911812	16.67735387445477	16.44940615310314	16.408126383041097	16.23121721574539	17.037025708412553	15.790209369937367	16.502125747468522
AN005453|Hex2Cer(d18:1_16:0)	13.558456711357055	13.059573085324677	15.739234726903456	15.584658942830828	16.019493731565635	15.83651765951781	17.07722956517952	14.953994687154555	17.52119150566711	16.449316408108075	17.410894495253718	17.181169780291892	17.37212411613351	16.902962410921266
AN005453|Hex2Cer(d18:1_18:0)	10.395057940487977	8.598646704835767	13.603213200611535	9.974301649128723	14.346341738152574	9.081068206639708	14.680203090417981	13.301811599546149	14.90141013446376	12.312190670551876	15.078768644573811	14.138512796646062	14.983416852697863	13.082660149029016
AN005453|Hex2Cer(d18:1_24:1)	10.959118324486516	8.981283248096968	13.961463503925714	12.805214428461326	13.785088697690862	13.17734367751021	15.580394115496075	14.957767833341663	16.089541319036268	14.618084121042607	16.039048565203743	15.775469296663722	15.708762589804985	15.166087167191675
AN005453|LPC(16:0)	10.95577761411044	11.649755747929182	13.120251739777089	13.437441615405824	13.104796191169724	14.180219783533582	14.125093329702553	14.240546948949117	14.307387567057967	13.789813514303793	13.796112428952208	14.632682202056932	13.769923152276581	14.28026015433933
AN005453|LPC(16:1)	6.768646794164149	8.544365979731708	10.131481997251253	10.90768004378588	10.705254704246771	12.110865351291435	12.317923242703083	13.200929482684062	12.727050447145075	13.793041372318882	12.014703885264547	13.150395916057361	12.11291615967103	13.818034025103477
AN005453|LPC(18:0)	8.781366467614065	11.023191994366792	11.286363335168895	12.593867217923611	11.28661466046558	12.787429753132395	11.754136046422277	13.31503409787482	12.18552552005053	13.268890317668857	12.281826822267083	13.450738801417375	11.947199809700654	13.504932678519781
AN005453|LPC(18:1)	11.302251862365507	11.967114032229864	13.536666752085699	14.067205215514491	13.823553106925573	14.79682039702187	14.890762107013503	15.686306344347202	14.998380941940551	15.655472841313285	14.784911067867233	15.825023066073916	14.741137856772786	16.07462065150931
AN005453|LPC(20:1)	7.142903220541826	7.876489449674927	9.463814874557274	10.465749326347447	8.894412428343616	9.713412471676532	11.34949781288391	11.861393274076583	11.645790469244881	11.526605315407593	11.336083054332283	12.199097654191137	11.106390488246111	11.83817855345132
AN005453|LPC(26:0)	7.419827782858015	9.571321843158072	10.533539825272662	11.389426536160805	12.303550473895044	13.135752880328575	11.751995667695327	12.443749095453157	12.533851166035232	12.363815685581331	12.08700435415608	12.630533341155067	12.050885069387979	12.659247362366079
AN005453|LPC(28:0)	9.757859254889745	10.018887115386518	11.203678628079485	12.325084322754435	12.2303752106057	13.253784791508613	11.914290442896993	13.16397094270703	12.749307157621177	13.524924783108212	12.179918697757145	12.904396036445638	12.059170819432408	13.55302801238689
AN005453|LPC(30:0)	10.877741562980042	11.830377946676668	13.899218332795904	15.672291340449116	13.714455291235426	15.17706069746987	14.59731552552545	17.11015119413148	15.774917205979682	17.551404311136217	15.092373432872217	17.415154088576458	15.10594569777273	17.915615288432452
AN005453|LPE(20:3)	8.008983531835897	7.148898372796354	10.326451891797133	9.418938992051624	9.61546916238676	9.8800043801569	11.75350471961665	11.794154324092181	11.528141052925156	11.360106584991364	11.239269149173174	12.1585884395818	11.044718385019728	11.946960960435632
AN005453|LPE(20:4)	7.787507613569967	9.475977225187142	12.762995299093623	9.400609347429333	12.832426060743096	13.10980686459677	12.240933052345847	11.092084335904664	11.673142282873291	11.117867679156353	11.739240657482048	12.162190444853115	11.274498308014605	11.411336800420868
AN005453|LPE(22:4)	12.230116711392741	10.636693847979254	13.88166167869801	12.702830938332541	14.035516707163746	13.911059898581788	13.32265338391189	11.79780544680061	12.768192986153855	10.80715086972387	12.679045829634555	12.083980245798735	12.303928008460886	11.43240907902033
AN005453|LPE(24:5)	9.858700140940941	9.010968167929734	12.174220955182895	11.264414038054689	11.767451646122382	11.60890355443169	9.23828414840677	6.183237745070142	7.478991756957129	5.643856189774724	8.568926972631575	6.177152538094478	7.788840761737048	5.643856189774724
AN005453|MG(21:5)	14.374486349664656	14.96496601458766	14.268086467082897	14.445110248356537	14.388596830775276	14.312812576134469	14.79875731779133	14.44804657757851	13.925187734671573	14.224774997878916	14.302739165899473	14.070717533722648	14.020259220133974	14.282785463151098
AN005453|MG(O-24:6)	10.741097224334611	12.043532088216066	11.411263327985436	12.085229764884557	10.432169812959955	10.832076604237827	11.155117882522449	13.161394727247346	11.85108845679911	13.585519686387272	10.70116231284627	12.485636800274255	11.071327821989739	13.060797309470532
AN005453|MG(P-24:6)	9.613400901994792	11.70746837624487	11.92379999208896	12.337751604303149	10.672347158101779	11.215382409008406	10.466903130963642	14.025399778433112	12.606989333727897	14.332620599070742	11.10046731899916	12.834882375927842	10.921593427104176	13.786513858573281
AN005453|PA(22:5_18:0)	17.507768899506654	17.035139479439714	18.36847913282209	18.706578487710015	19.185445151020268	19.672939855295645	19.0852001209106	19.902197157843478	19.618650537682992	19.78103313520211	19.285239497716024	19.953440100227542	19.316063375632947	20.096610616777863
AN005453|PA(O-18:2_16:0)	13.265836151507898	14.055024667223066	16.032344799177455	17.012648335588015	15.885231567967182	16.683598395646417	15.963353209966902	16.63077499714364	16.592597973535714	16.036251971015115	16.286583020351785	17.02986781917617	16.20380752731653	16.288965488850188
AN005453|PA(O-18:2_16:1)	11.872898306724466	12.046170136262354	14.161538386811593	15.006210915437089	14.094126928136191	14.648270793500407	15.023556639974906	16.021079431229868	15.715197567088916	16.364392201200417	15.161654924738253	16.105874365977602	15.262300457877293	16.24238185187313
AN005453|PA(O-18:2_20:5)	11.483224237812848	9.66799326167556	12.44797224695828	13.385144281397332	13.134619430059267	13.991144097706119	13.145619265226182	14.6547339066297	13.98554027769135	15.12341804934995	13.41138673390609	14.666605357451362	13.279497473227229	12.583039800307661
AN005453|PA(O-18:2_22:6)	14.726477432566007	14.812691802164906	15.4666498091718	16.298724174216247	16.169132765659967	16.8364920260704	14.955312891807196	15.221268272433548	15.635322938634749	15.709334280205654	15.212685974451318	15.605851296448337	15.478366680353952	15.667578807086066
AN005453|PA(O-20:2_16:0)	13.938950178084474	15.133537353430372	16.5257178405567	17.342391049228972	16.048391737428968	17.160276106944153	17.00444124914992	17.53587764894168	17.381763107986462	16.699456547820418	17.325938856216133	17.865299543363278	16.988126443466285	17.264447500633718
AN005453|PA(O-20:2_18:1)	14.530779224276165	14.76954910515469	16.511263216419874	17.317954933697283	16.03615541533155	16.70601897614792	17.523444050632982	18.739878545128203	18.04567039421771	18.85118227451798	17.9091569585419	19.270051907625035	17.584115255051092	18.837825123667514
AN005453|PA(O-20:3_16:1)	13.439500479583183	12.998572220370084	15.130884427075486	15.681558743932044	15.198444741712771	15.52556397640945	15.853532764896343	16.473940498434576	16.54505733238238	16.908739182678843	16.01578310933536	16.608736177609245	16.1390196370605	16.881540625740268
AN005453|PA(P-12:1_16:0)	10.161155412674788	10.69396332083864	10.8267791441886	11.563701262021851	12.737823035380318	13.1946759201778	10.98646075002979	11.731990625523741	12.146288775987836	11.71427543554784	11.281865813304655	12.110397681162036	11.425892840048666	11.797279098052634
AN005453|PC(15:1_16:0)	18.453285105915043	17.761667375230584	20.093814543290105	19.892746798471737	20.04589463124466	20.113148597323217	20.905581827136462	20.149143077733655	21.252695952155538	19.676508420696226	20.89287157366682	20.56081104202066	21.01852765388951	20.069800985244154
AN005453|PC(17:2_18:0)	15.805096311676337	15.104068606319075	17.378874367543432	17.417169022805282	16.93539014354394	16.845266734182673	18.931559972807072	18.769205583940117	19.35444711464	18.152553333229708	19.160552797280133	19.27554654399711	19.01637809191362	18.255540885261535
AN005453|PC(17:2_18:1)	16.736642924903418	16.107039847897887	17.887847933714983	17.931921906100627	18.006280432874032	18.100768788289983	19.725360651318912	20.05160461584227	20.344910444838828	19.713751409939075	19.908433936231095	20.211917207944907	19.94738197805779	20.133635260026498
AN005453|PC(17:3_16:1)	14.697592093843589	14.515069084709745	15.316282457326068	15.974495761251868	16.0037196409309	17.047808295552404	15.868889961792647	17.05975596223987	16.581089841526474	17.080165097921526	16.095840700636032	16.926156670470927	16.298988228900374	17.460846620348068
AN005453|PC(17:3_18:1)	17.526262960089152	17.071186955627798	18.384384479470274	18.70455405761608	19.202332171691243	19.651093462280656	19.110713317347415	19.920707552428293	19.594480160451237	19.7755975335704	19.303170265326987	19.96399542974969	19.312098540154068	20.086426813677566
AN005453|PC(17:3_22:1)	13.365172824674046	12.560395853068925	14.908701498411178	14.764576309284243	14.706180292512082	14.48134095942101	17.57851759215172	16.15213046714307	17.862930093466115	15.105597743178777	17.54747653783568	16.50902288594933	12.331844159037983	15.705924853745367
AN005453|PC(19:2_18:1)	15.610214068526043	15.196891476836347	16.751735626447047	16.724400058677094	16.852371159945378	16.799713641593375	19.489928808671124	18.88097037161484	19.868901634035414	18.192908069833727	19.70896819223658	19.126267472613602	19.714238468346945	18.73929604979647
AN005453|PC(19:4_18:1)	17.938494691330142	16.846858006939293	18.60548247864693	18.573681494129715	19.511559518898633	19.34597644722042	19.650958710320864	19.136420020215528	19.884248728841083	18.55498672658453	19.603959370947514	19.098791247147002	19.65444986395327	18.94837769557968
AN005453|PC(19:4_21:3)	15.167798490904493	14.776189852503867	16.29915644842947	17.114680609227985	17.648417899609466	18.351443081961175	16.838776098672295	16.653459361441012	17.077846170178983	16.003519996112228	16.901770252934465	16.706290086188186	16.902681588542958	16.79233488783865
AN005453|PC(26:0)	5.643856189774724	6.642739194950465	6.530854582941206	9.494645746039156	6.385012230546116	9.279694523032104	7.995072407151523	12.55866114958613	9.905454825494685	12.797879002801453	8.838780769695186	12.576123093955283	8.897061491978162	13.062129292870644
AN005453|PC(28:0)	11.004387625698286	12.001262412744149	13.716288777798775	15.78573467493267	13.500372923502276	15.454460917955148	15.335301689584265	18.8363752762947	16.677595208057426	19.14049772409673	15.70239370122052	18.87837538849624	15.985991839603031	19.67192298057878
AN005453|PC(28:1)	5.643856189774724	7.559150314024099	9.044085446365749	10.792023440900243	8.950313449989842	10.814086797801103	10.50972906512265	14.270964653517105	12.17796227843298	14.807252335032706	11.018404944206464	14.150552899711577	11.424935293241703	14.955846761782174
AN005453|PC(29:0)	12.996524323377201	13.94087728495517	15.811678482690178	15.863122642382356	15.898777214941864	15.928257826799426	16.43576800375898	16.03616156510684	17.28088635940962	15.751851527999037	16.623013571178856	16.351241681160527	16.630856245617043	16.21713940173394
AN005453|PC(30:0)	16.898916287384676	18.474064536415785	19.330116031404373	20.714702335367985	19.563888921382603	21.2085683196159	21.40254328305764	22.38053337913644	21.644371853219837	22.067221244019873	21.242287372004796	22.604433677823064	21.449129467847502	22.416445041312183
AN005453|PC(30:1)	13.468946055289527	13.917166969752522	15.332456462992178	16.857966545950898	15.503940571630233	17.062515775213225	17.33549035170627	20.174097036645634	18.67380368423432	20.60669052477491	17.606619571001694	20.020015443466875	18.015486527497945	20.976332310774666
AN005453|PC(30:2)	9.760169737436152	9.529489962844037	10.393525291540486	11.926946229232195	11.4298054073586	12.725945700247385	13.331236828888693	15.233261321015428	14.454502753998037	15.79499717155356	13.548914621275822	14.642539588873326	13.794744856917326	15.899029114744877
AN005453|PC(30:3)	5.643856189774724	7.836194912210094	9.2030478073998	11.23225422588606	8.605629319365605	10.893299159957403	10.756280043130396	14.011211177615628	11.92694924075422	14.319423860687012	11.276726695529822	13.954608212871378	11.45087777858921	14.696033293597113
AN005453|PC(31:0)	15.933593710736716	15.121588944777608	17.745912592483034	17.61097446355402	17.812984439999756	17.67464784559378	18.372986693202204	17.4782176432818	18.79588806415293	16.797032286129703	18.60566708726122	17.902475646982214	18.64571585092641	17.508803999398992
AN005453|PC(31:3)	11.8000865799309	11.462178140391659	13.327378643466906	13.676615843139457	13.412750213918704	14.228876048552962	14.651290779406304	15.391131763084724	15.495060154747469	15.59033491889936	14.67164353705463	15.268480366953606	14.979367240264972	15.847240335844946
AN005453|PC(32:1)	18.65694458834139	18.969149732663052	20.3100748887165	21.544634686272502	20.87895918650916	22.048807157182225	22.13671192574645	23.52998122756155	23.039705992800815	23.397489730852982	22.318151654214983	23.59538985027754	22.509763915963905	23.776872689256468
AN005453|PC(32:2)	14.87992985562048	15.047861182036344	15.989733917423479	17.11172891540654	16.925401204008065	17.921137664856925	18.239754833447524	20.257842578167203	19.670030513693007	20.739859675699428	18.61752192580268	20.11652805033182	18.857855840556933	20.892023818841256
AN005453|PC(32:3)	12.888180966372937	13.433795081786451	14.342799689743645	15.717293681090377	14.15038512127982	16.021458436097483	15.390037810545776	16.478539360991174	16.073319343096273	16.89877695185128	15.51130720003897	15.965155763224274	15.650032019500266	17.07911406931052
AN005453|PC(33:0)	12.189604910252475	12.701010824475013	13.671790499036524	14.35102969006698	14.138875215194973	14.294266797347438	15.206448564298304	15.209327291108417	16.110548779625713	15.149180965612837	15.331151590182946	15.170784944184641	15.460335692032553	15.457001143869775
AN005453|PC(33:2)	9.94665997495261	10.613197295232155	10.951439439139277	11.141799280770991	11.268384749462948	11.92425691583311	13.575598328269129	13.839090036793495	14.579815241718514	13.991136583851448	13.532673886270468	13.1443101930464	13.871531178052363	14.405058740556429
AN005453|PC(34:0)	18.199464150488343	18.836763738400062	19.926989301583816	20.56613709245799	20.430785061859385	21.05891141206953	20.790335213379038	20.931681275636674	21.213501123727625	20.13163747380804	20.887302883705903	21.306756973784314	20.89348025259104	20.84826537230472
AN005453|PC(34:3)	15.952044166890389	15.789845188796454	17.041515648885728	17.36888566352067	17.340209771328254	18.29217156350526	18.44603635942713	19.591090455895667	19.542561452250485	19.760359512392615	18.627525434156578	19.35800307090092	18.912245191559172	20.16656656827321
AN005453|PC(35:1)	14.053214512620306	13.969186762349345	15.709866277082149	16.077238064434745	15.406284526934954	15.638811462072681	17.43197317937086	17.201027057997337	18.068946657035983	16.770287874201014	17.61994952503381	17.38619123913276	17.571701094718147	17.1608567460632
AN005453|PC(35:2)	12.123018850763833	12.027181056451226	13.630995776532828	13.290810212697513	14.199868128703855	14.392182567624966	15.836530823966251	15.642051326369119	16.54343694347715	15.524872409558746	15.744335193816243	15.348174935359033	15.910767782056661	15.990502332322805
AN005453|PC(36:1)	19.20198000170129	19.06172330234037	21.077005901461938	21.497193669724172	20.990414906654657	21.421051512850948	22.341331119430084	22.27768910545976	22.765603373437518	21.79926946485931	22.4941970764181	22.74927203726124	22.371284703840384	22.24370017864527
AN005453|PC(36:2)	20.253012734983958	19.527075067983276	21.50476975174306	21.809877050199173	21.878014027011563	21.993482836580274	23.115645995264117	23.26150135872896	23.607664855363293	23.151842878838583	23.19455731648274	23.421611251927988	23.22407800884876	23.41932696119311
AN005453|PC(36:3)	18.37843453973731	17.822809370641433	19.517255559432076	20.23635351685749	20.061767152952214	20.774126909721577	21.40899848722005	21.421545005114613	22.105630193027746	21.560519697962633	21.46612573405749	21.582457568830694	21.77805683266492	21.974931603296383
AN005453|PC(36:4)	18.1022755890296	17.875117455507333	19.026990306417584	19.631372973154583	19.761599326031895	20.694250239339272	19.466757795967627	19.96961197492976	20.03012594510603	19.823580793561167	19.407781684364238	19.754838931958666	19.57888033330745	20.227216035431727
AN005453|PC(36:6)	11.560340054193228	8.86590772587533	13.280486902848986	13.744076992031891	13.766567703328436	14.016593987625406	13.825724620912176	14.175198234310145	14.360743907069946	14.378464774223142	13.676706243096524	13.605370855145287	14.140104106728794	14.89248736657663
AN005453|PC(37:2)	13.6094856173583	12.79485341936961	15.231782830924425	15.367438166749373	14.85476220259614	14.94669660563173	17.21204593953483	16.46298763787539	17.686840152922613	15.80789400142227	16.58850360037007	16.894699730852235	16.500386725439927	16.283417337757125
AN005453|PC(37:6)	17.110815092299664	16.25066016302738	17.61010922927919	17.6000369183901	18.60324228560236	18.666429983667417	17.873958839675577	17.64812352489051	18.103798806081944	17.259569887936443	17.874613335600642	17.714350907036327	17.889016115469435	17.725714633914247
AN005453|PC(38:1)	14.516290883121714	14.4846705800686	16.721644640094596	17.25609340404253	16.6752150017375	16.848872577276154	18.04310577382819	17.532854106489552	18.552204539457872	16.67781258509949	18.259505031364956	17.934143931989542	18.00644238814309	17.402534785723677
AN005453|PC(38:2)	17.397815744938374	16.83502705672615	19.207813180181947	19.398494552460537	19.02443745985431	19.09871887479626	20.948170716708848	20.703774771677	21.4665291421782	20.27098517808444	21.2252064211964	21.151443150814696	20.975272972862374	20.71214641394951
AN005453|PC(38:3)	17.96525165618221	17.443765502829365	19.79509728899537	19.862514760202377	19.91825496575183	19.950013112045607	21.953308419407858	21.423661729434485	22.42988934161718	21.051108118530433	21.9432338875181	21.593554415650743	22.185003752678142	21.477910341495818
AN005453|PC(38:4)	18.26392779763721	17.581491117771346	19.82839561936568	20.038255463702743	20.591985595693032	20.658059139825735	20.935834131645976	20.664596536104813	21.331876455744066	20.586075342827307	20.95383129369302	20.570547257493246	20.952263186184098	20.877888473185113
AN005453|PC(38:5)	18.007245566883515	17.613349178182904	19.6038969826443	19.80976404061742	20.53522286055234	20.875964610608207	19.754598276417866	19.901960441641332	20.24998863351591	19.70321656527365	19.73302992208086	19.66877189598131	19.760868884088666	19.978578409640722
AN005453|PC(38:6)	15.633862776728085	15.762480870170927	18.167430146914565	18.862765187480402	18.89417388605747	19.713303282971477	18.25870055159675	17.50505309504585	18.383289396532117	14.533185258473395	18.406734099752452	17.83373360280142	18.261187568981864	17.437619861620362
AN005453|PC(38:7)	12.669457158964704	11.757584376070314	14.266555239909607	13.450525740332301	15.31264193915164	16.028738994579193	14.416059906367076	14.343017817438138	15.050828658740675	13.99828125219034	14.519085933903085	14.212194772989909	14.725888084640571	14.697815748495307
AN005453|PC(39:2)	10.216070640497989	10.121427801414258	12.352350759564224	12.952278740590202	11.84254895667887	12.15289720318738	13.43166627832205	12.324734237637713	13.900871859142256	10.859191360456194	13.437922638280028	13.001815440885947	13.28032843495309	11.530072145148404
AN005453|PC(39:3)	11.685885787411655	10.596697910582558	13.526090300286773	13.482088478250432	12.899875145546632	12.813534692232631	15.220866532766467	14.112389715169462	15.566244475657689	10.75074701728167	15.3896016848254	14.651509936675438	15.215349969789719	13.508573359560032
AN005453|PC(39:5)	15.212525982449412	14.162712861689107	16.706216900874274	16.480789691785922	16.920073315220055	16.88517744644531	17.995760132911162	16.714999944685434	18.38739722306587	15.622756580518804	17.926425692994826	16.704599821720105	17.998028219782412	16.20814923061027
AN005453|PC(39:6)	15.941775634561248	14.79504038781924	17.144334640927326	17.086509085197864	17.578539132858396	17.331781412249857	17.603408377360008	16.548212478024094	17.927738280051713	15.859060262409484	17.493475430498744	16.57762472520231	17.680711484406682	16.30358188152735
AN005453|PC(39:7)	15.237766255745127	12.906914463006837	15.76036709131967	15.464085860778221	16.749445418444367	16.66932884135977	16.466965716252915	14.458708910786134	16.208929307065592	13.186292456017924	13.367379192715683	13.061654279897548	16.544456655885554	13.42170475721612
AN005453|PC(40:1)	11.750514710712542	12.794438450988425	14.199560591132055	15.593466835455738	13.705549606882704	14.960411062661208	14.447737167172882	14.819854780355202	15.261209351933424	13.63464130736058	14.553269204424135	14.98488974758088	14.038898490966545	14.402393940324584
AN005453|PC(40:2)	14.4243773608197	14.097244081268807	16.745643788559374	17.3188522513678	16.38950914192993	16.665911453719076	18.331993319574426	17.601412167707906	18.76135708978005	16.666096058566975	18.39440724629444	17.849056573980363	18.241571299069737	17.25726541371779
AN005453|PC(40:3)	15.483484395988304	15.026218151067582	17.315113680496882	17.48774379511967	17.29071932864419	17.28546846200245	19.612661061454634	19.237374338435377	20.13061968584932	18.687252847741906	19.765650947895754	19.429178575004002	19.572007890506413	19.30777583292292
AN005453|PC(40:4)	16.99976426021799	16.24628556845518	18.32209943000966	18.457874199616835	18.739369216341064	18.92409533567546	20.782037975081597	20.19967319398562	21.255511386237483	19.610090521028166	20.8662809393773	20.21692252330842	21.004200596507342	20.09058130612351
AN005453|PC(40:5)	17.567383363361262	16.72231984942647	19.15152919264925	19.315999428474935	19.96070445890098	19.913297279118826	19.57841391097829	18.982498131965638	19.963722395016777	18.699224622451045	19.55114019934567	18.958794080396938	19.554228026988003	19.169138718688387
AN005453|PC(40:6)	16.98945004984059	16.213974365959565	18.724820459474945	19.00343817749977	19.35497658330452	19.563521952927715	18.468589682635642	18.223931832261965	18.855153515400374	17.901115358882596	18.443929217435684	18.06242591654451	18.369062956250286	18.350208674688265
AN005453|PC(41:6)	12.29567027539103	10.339069967037931	14.161206726781858	14.133728727586591	14.15331998629682	13.932260861951463	15.134838526119353	13.433029818311326	15.405949580599787	12.028941936210122	15.140732866536197	13.492874411503045	15.073787772605215	12.9679518769682
AN005453|PC(42:1)	10.565138483339206	12.126436747093129	13.187614394727655	14.921427716465127	12.525210527651012	14.097555735441576	12.63619597906811	13.231573456421806	13.374523105898986	12.17883848344399	12.695890800755697	13.401056074140067	12.028353746921661	12.665201398742562
AN005453|PC(42:10)	10.827788667706656	9.305723979467084	11.178580904089719	11.38811493367821	12.38488237396087	13.332503322977276	10.78567252902983	11.798110662242776	12.055846281804397	12.03887641435198	11.531786142220582	11.830162523549907	11.37780690624144	11.889711540013629
AN005453|PC(42:2)	13.364222626226159	13.541136988263233	15.499598171358421	16.38840745821404	14.94221415212165	15.60202203702078	16.49412336435519	15.466538078166835	16.64412276666359	14.176252500549532	16.372426221760012	15.866069651892744	15.90189319783542	14.862154652201518
AN005453|PC(42:3)	13.267841554096478	12.723270746604905	15.186435735341322	15.767353348959148	14.888177758434063	15.02175189015667	17.137468711771717	16.06855262413507	17.545022690820712	14.986134089549672	17.232504937189752	16.29425775811573	16.936765002081504	15.722493626126777
AN005453|PC(42:4)	14.435127325877508	13.711338131377309	16.591117341262102	16.735258268472226	16.37135436963387	16.121729155115645	18.63615754090488	17.236896636484083	18.99426264537703	16.48696086271719	18.598186722749613	17.54035167111409	18.427372239345093	17.011766041024302
AN005453|PC(42:5)	16.083958140029104	14.947760493515466	18.536004576120174	18.58651799993316	18.77141522331571	18.420796240426792	18.871082919254107	17.603614857380375	19.2313447490279	16.82834123676271	18.87753434604849	17.704705712071785	18.88743136258923	17.45579180166005
AN005453|PC(42:6)	15.876586967775582	14.860635639323126	18.083816263896967	18.269334754082383	18.595753107656808	18.323950043087788	18.186712529715383	17.06175103835682	18.52128216123475	16.39909625927312	18.08270472894686	17.110510539255582	18.159254455779294	17.17842965882313
AN005453|PC(42:7)	15.249756701648138	14.171255120636616	16.785406692968554	16.79646922293638	17.458522465840577	17.392391688559588	16.976978534383665	16.118448007057054	17.062135513269578	15.410157640610892	16.773046516576667	15.886592169975652	16.86119419255637	16.025329455159227
AN005453|PC(42:8)	13.3834363416355	12.448799409054695	14.20401919167397	14.794512738990768	15.889389340192198	16.006071234083553	14.767128536075056	14.245254678986093	15.289903619064376	13.501325636528072	14.722707440096043	14.145654853693857	14.807452191518884	14.303636148785374
AN005453|PC(42:9)	12.057821735841124	12.011735909006992	14.639448720670364	14.948564695001314	14.569977731968029	16.09300673933052	14.152851567682134	13.777369144920497	13.747379137346037	12.570864041420364	14.375817423218075	12.945736901372328	14.315704402379465	14.138495079813822
AN005453|PC(44:1)	7.072773163423155	8.995940375279831	10.29852206543333	11.952231146955127	9.4620356475945	10.923937741242185	10.475108451263246	11.333457048384041	11.392835530171615	10.499887155505093	10.56018772412711	11.699884936359263	9.95928344932276	10.811559731619534
AN005453|PC(44:2)	9.941308600405131	10.683430695772373	12.287060664639228	13.695379851729614	11.67810577958062	12.609447898568085	13.148265982828143	12.84352970835201	13.698816229075993	12.051004247609958	13.13184191849471	13.205325078022078	12.745864998032642	12.471355072714895
AN005453|PC(44:3)	11.905389937925463	11.208570576979648	13.386625846739841	14.143289131679333	13.237942062922931	13.396873359343905	15.105241610252834	13.93223657067746	15.568874401888792	12.804006722250977	15.284885772942678	14.381151609266865	14.669494112744125	13.663245957451203
AN005453|PC(44:4)	11.754586746172336	10.861862403415122	13.99648185774683	14.24868068699827	13.48745915949353	13.299445050903627	15.539876200318728	13.956764535301554	15.9080092872286	12.994838233877823	15.45521522523172	14.213022688235833	15.37830174456596	13.673757840627568
AN005453|PC(44:5)	13.564248922499184	12.470595951326155	16.08561727587251	16.33647815295212	16.00386513165013	15.548475812973727	16.993146947911157	14.841379248781692	17.232534472494006	13.665147458229882	16.892087251441854	15.073135118101762	16.724378638862575	14.573637907632802
AN005453|PC(44:6)	14.26726834136818	12.923945748512951	16.770189297475664	16.75056192420668	16.957522436376767	16.333235159514484	17.41457664946211	15.10594615165609	17.964214268992723	13.885639540790637	17.27161518798366	15.186241181154509	17.48383837427229	14.813889070623063
AN005453|PC(44:7)	13.725015418376373	12.377049957996993	16.04413785866853	15.963482479628679	16.39560225601048	15.878981122274562	16.586778412777804	14.464736153542033	16.781586114411795	13.06938529698914	16.480263718197907	14.30775763072011	16.516267679364013	14.020755927572836
AN005453|PC(44:8)	13.779530585359678	12.025373898086684	15.163049169107149	15.222043105184582	16.057597082705087	15.674256552778509	15.682494499213192	12.39190317634082	15.039053779057861	11.795838204141162	14.70840687738353	12.34353266269649	15.171867289995424	12.435922186202271
AN005453|PC(44:9)	12.127241925969708	10.96730144392541	13.634779032407224	13.483395219819988	15.387152190011191	15.190942158338126	13.801433799762288	11.490242732030412	13.73769796035066	10.624620873527297	13.939687364913196	11.881924869157636	13.675648572509019	11.673756063180884
AN005453|PC(46:2)	7.034913488852198	8.228891962422574	9.54194229160872	10.79426202363271	8.696148124569577	9.493710565742989	11.318404901975695	11.758492899726534	12.053410888621178	11.560954895103725	11.51252155253202	12.178572730517487	11.07965913107357	11.536986955328842
AN005453|PC(46:3)	7.0900970161614305	8.611133587957754	10.428956376393847	11.527323032113635	9.929309696123982	10.030700285911031	12.421697334302962	11.98888858817316	12.931142582443355	11.587566087827954	12.503333996078197	12.390353644773972	12.17423816315844	11.87040676673918
AN005453|PC(46:5)	11.187667479376165	10.770123461471206	13.615521602861364	13.982901285915288	13.293592122919833	13.505833031337502	14.628913986485486	13.07693751265262	14.93243146711881	11.699240267011684	14.479900357270395	13.156341771479916	14.33071511716774	12.733916977734545
AN005453|PC(46:6)	12.389577612820302	10.681984575025917	14.933940180044319	15.281763215171571	14.907681791107334	14.585331048199508	14.480185051553308	12.68907962821021	14.740898761337363	11.470452409340718	14.397237127974316	12.935345139463827	14.49690582927054	12.582028810294908
AN005453|PC(46:7)	12.076957904488198	10.421628503679676	14.456887075154095	14.673281079833997	14.587339464003415	14.21354075815488	14.635448101735067	11.702683431545038	14.75440362504352	9.596073416293933	14.499365564903798	12.250622167880683	14.672598625912366	11.902089694187014
AN005453|PC(46:8)	12.322333564324948	10.428042134507516	14.214756867848529	14.312439258116699	14.556437143996709	14.011672865430604	14.071582494032825	10.856835433963901	13.757565606883206	6.948289901095701	13.86953284916887	10.415251510205001	13.802055465453728	10.66063115328977
AN005453|PC(46:9)	11.948976092404445	10.215919674214023	13.743682154513833	13.881219033295553	15.031102184453525	14.492898708747717	13.301960866043542	7.329248182714181	12.729162845242724	5.643856189774724	12.863286801760907	8.995585497016199	13.107219208996609	8.589410226524413
AN005453|PC(48:12)	10.816701100730588	10.821185490240568	12.53512427280213	13.76965284573609	13.92851412813723	13.474584689417554	17.201100577444222	16.301254505630016	17.51698945250912	15.660141107615189	17.211274541350587	16.413981167810093	17.306168217766253	16.06046722014687
AN005453|PC(48:2)	5.643856189774724	6.2471863844331255	7.320546777684707	8.57902929151158	5.643856189774724	7.1946105064178925	11.482530918910408	11.653700272363189	12.123466963355781	11.35697057628351	11.553349147878706	12.137476153567285	10.986026444409006	11.187149074559953
AN005453|PC(48:4)	7.915151957094466	8.565913249211635	10.521864876376698	11.317564437567816	10.157026085436854	10.493855395982372	13.020877886866833	12.16989009270731	13.656935840059342	11.488904943870688	13.1223919112332	12.700438492568042	12.918533093290455	11.86068854883979
AN005453|PC(48:5)	10.853435597958262	9.893948890149618	12.78037024180665	12.925861188127124	13.059549467789603	13.232814249207168	13.879769775008056	12.412019725908378	14.29464869790196	11.66478947940852	13.938699001742483	12.822428966572643	13.745604504629384	12.31867268642938
AN005453|PC(48:6)	11.769895634561395	10.260919623742625	14.157752224397546	14.24936783345442	14.046425119071666	14.013191744850088	14.026090739425607	12.423506632791742	14.303095833358457	11.463305386046523	13.88290588661207	12.811726268799944	13.90581920965274	12.504073954152915
AN005453|PC(48:7)	11.500688615608746	9.973241986545952	13.917891108182497	13.920280973885992	13.888671757184747	13.44895444872141	14.112453537375911	11.928682378692711	14.174857192775667	10.605752254388273	13.885826862102059	12.082464623996701	13.959952933988165	12.069518332831114
AN005453|PC(48:8)	10.779486176152647	9.671353833755271	13.507741153880543	13.665623343419327	13.512869092006207	13.116422083227233	13.277038443640757	9.385953226995877	13.16375456155968	5.643856189774724	13.011951211949823	9.776974017322617	13.153381853154015	8.156250912282317
AN005453|PC(48:9)	11.04978745450641	9.383828199043728	13.329883721804771	13.353742037175527	14.014951393964127	13.282240057498257	12.031698973287385	7.064877676997191	11.40323968038792	5.643856189774724	11.506368764746282	5.643856189774724	11.661197063249283	7.053185342686255
AN005453|PC(50:4)	5.643856189774724	6.185581842001562	7.270382044636968	8.627917643150306	7.288962452784709	7.9867644399469055	12.134955084010672	11.146090173120564	13.026703082941752	10.839430581418457	12.39311818141448	12.068436096828185	12.02416720669435	10.953726423297505
AN005453|PC(50:5)	9.436140659982174	8.701004265492385	10.908786976368361	8.745173004317005	11.299306022225181	11.13812522710806	13.450114268343713	12.39443705722168	14.297095612037046	12.004721102218568	13.796509220016597	12.972058467453772	13.553291730639573	12.472981974521849
AN005453|PC(50:6)	11.009340925195163	9.56596702242152	13.136436525889039	12.905395167795172	13.484216874663138	13.47523765482402	13.663447466196663	12.2046266095427	14.328504894025562	11.356673586669908	13.789403837399865	12.868692587022222	13.725136598712586	12.220647884497195
AN005453|PC(50:7)	11.234514976111447	9.835631528195522	13.239566546419477	13.081451500750589	13.496545398632117	13.421274904386655	13.750651851299027	12.452661458285668	14.240816741335093	11.680375480182073	13.840187312141095	12.86475567096599	13.778794541482696	12.64194898867125
AN005453|PC(O-13:1_20:1)	14.379444754166741	14.664060214357283	16.435383273368377	17.233765347890728	15.959233245836431	16.600023649526097	17.481777509135544	18.597565473383415	17.91639039174316	18.75671761008328	17.776885093817643	19.161607220850247	17.470918389988345	18.70534504522151
AN005453|PC(O-13:1_20:5)	11.48982827915478	9.671541502868386	12.453820022995835	13.416790644015213	13.138446033498994	13.974925161410768	13.123555352253307	14.65448342027671	13.97611072334548	15.119445379002727	13.41115097961538	14.643185276031888	13.265243082484874	15.005931218153266
AN005453|PC(O-13:1_22:6)	14.732070371284914	14.84778717414656	15.5602453644124	16.370502433407992	16.159488881729974	16.709585941466703	15.211828858572199	15.722217158452423	15.782829054596105	16.03150275463548	15.32597567050275	15.9481644265988	15.483554736379398	16.173024726109702
AN005453|PC(O-15:1_16:0)	13.93736243866831	15.13258914387688	16.52525892779143	17.372358430081945	16.046627150933432	17.162368965651748	17.020923583825162	17.534047226172152	17.381272628394253	16.699229377162435	17.356870468224944	17.926267591961253	17.030812956381606	17.302651452267916
AN005453|PC(O-15:1_20:1)	12.454227359682037	12.879235316377114	14.663137286505938	15.699896311613728	14.31665907236494	15.019453075299912	16.000766367030916	17.112886402437546	16.75821462038152	16.97538849587388	16.422042915101585	17.61342298813431	15.970531961033323	17.262559896196336
AN005453|PC(O-15:1_22:1)	13.65925911696849	13.257326653812221	15.607562313225685	15.885814865722374	15.418820392829526	15.616833587251023	16.918816703753677	16.359297836277637	17.291131345809315	15.805700573396953	17.05460379285748	16.938534402740135	16.96388857219708	16.501348601106397
AN005453|PC(O-15:2_22:2)	16.02300090046271	15.647700833442075	17.660023487435193	17.75098741062017	17.72674267651494	17.872910163262166	20.294152527005256	20.14047991210933	20.477761195305646	19.407633513989932	20.325790918781426	20.331232318069265	20.259274047513326	20.047316452140098
AN005453|PC(O-15:2_22:4)	17.442181449681584	16.872100733512728	18.939537941794516	19.230767995612073	19.409601480504005	19.66373571938503	19.29740249915555	18.488861477964537	19.514713084208672	18.169568407016644	19.183758219685775	18.47712910047142	19.17340716947	18.515481917668257
AN005453|PC(O-15:2_22:5)	16.77420932824236	16.381264926178556	17.797417420942505	18.373158347510326	18.309170645801	18.589851287284368	18.115917181746084	17.787932168392018	18.290753027140617	17.785322503096733	17.906641038745274	17.655260344387585	17.940553615502953	17.8249378296139
AN005453|PC(O-15:2_22:6)	14.668278971830523	13.799101929542275	15.12693447915126	15.351250592735903	15.59412313439482	15.846338506163164	14.738518559525618	13.619440586803398	14.855596891953262	11.319287590116282	14.816735331379192	14.209555261952962	14.890326949672582	14.150045369041202
AN005453|PC(O-17:2_22:3)	13.170904519050545	12.648867488052176	15.176240190219417	15.329018370842496	14.35624567935289	15.187438977828043	16.829956717094067	15.92038112250755	17.307128788053518	15.033178844474078	16.83667193954528	16.160945108774126	16.745958575834766	15.920105006428921
AN005453|PC(O-17:2_22:4)	14.830736534164712	14.460903056147414	16.87424133021551	17.338478409407063	16.95899901615957	17.115564235715468	16.65947478715662	15.68772034499593	17.10142788688324	14.8058637078153	16.812725478131984	15.774217532012946	16.865620892600745	15.661043584983242
AN005453|PC(O-17:3_22:4)	15.129391997906842	14.475339650192351	17.056430117728098	17.315003982412197	17.23960980044688	17.213611987391886	16.194217104142034	15.991980159856496	16.040268318104907	15.614273786237414	16.00840531503045	16.03361306583278	16.10969224213652	15.965476126615343
AN005453|PC(O-18:2_18:1)	13.607478454658974	12.717680460137968	15.82244685210754	16.147539370946575	15.672205098094707	15.81585167692164	16.473133978281385	17.661828290600173	17.39332008460292	18.24020415269581	17.095021057604757	17.99365157286765	16.979716834838932	18.479078203606203
AN005453|PC(O-21:4_23:4)	9.11349420467993	8.634300098935185	7.4762418116868075	8.428932152708628	11.27324283238319	13.300489347397914	8.679751969181444	8.187083902879513	10.013247847309243	9.365148978864656	6.836239802099548	9.710527364349616	7.99752931991235	8.669257811830505
AN005453|PC(O-32:0)	14.704911243673784	15.324227999734731	17.210174007713228	18.463725818490968	17.14844937071983	18.173112630791284	17.29261261183018	18.59491548961723	18.373840834546353	18.676354660158285	17.616822859918894	18.910441025516487	17.564911674432718	19.137102741490303
AN005453|PC(O-32:1)	13.122697746967928	13.535236494495893	15.61670177776304	16.71739347967354	15.57394095568352	16.496068918270634	16.642459988654988	18.73446065829045	17.676365025245975	19.609970527436545	16.935073514474666	18.45797497044492	17.005906630342867	19.431313216412196
AN005453|PC(O-32:2)	6.558289243955844	6.203724551656376	9.040665690068904	9.302177356346085	10.609669963603224	11.957992701426948	12.496564225710417	13.743577423084483	13.443143725321015	14.659030036593597	12.257593530821632	13.680163476473908	12.240722573186467	14.558825670276562
AN005453|PC(O-34:0)	13.43676855170771	13.91410310746513	15.799069823975628	16.651013701625217	13.368132500626814	16.227663462618896	16.30416856009924	17.19601562900016	17.014522698260123	16.93251909608193	16.77187331473461	17.683831349951465	16.514573111294418	17.650045576574847
AN005453|PC(O-34:1)	17.316023234671736	17.205860561011985	19.454435312914654	19.89609289618444	19.461898390947365	19.959843868638767	20.17018832099312	20.78218002677113	20.800642610387555	20.824410613893818	20.425345129564175	20.970133744282823	20.370117472481496	21.171725890094915
AN005453|PC(O-34:2)	14.868875277499859	14.44263341443075	17.10437361791951	17.813953038348476	17.162026742788075	17.839242705537277	17.784000151116746	18.621268259847543	18.557905820827404	19.17619857452249	18.185958361479745	18.71768000738227	18.159532045472066	19.16889786256421
AN005453|PC(O-34:3)	11.986094209784559	11.654242815550981	14.203101661406818	14.221156120123595	13.802249058959132	14.159263896964347	14.526205528902851	15.696615569136236	15.812648339030938	16.42330263691517	15.231758686762186	15.881653639674687	15.241631194948985	16.55855007047057
AN005453|PC(O-36:1)	12.397683454088861	12.526352566278815	14.681281342976717	15.515127825321938	14.250434445886276	14.66486369211218	15.764713285067648	17.1578113096089	16.293646127452362	17.542967101079473	15.977963498033793	17.552580216630215	15.713832491430935	17.90045203796837
AN005453|PC(O-36:2)	14.391106122620698	13.637446827324816	16.197206686263172	16.514639789688815	16.05513914311918	16.274292610899384	16.937651082766163	17.952865837777228	17.436419860272284	18.315514302544514	17.396933590188954	18.03072116661241	17.125175346393984	18.680941816366097
AN005453|PC(O-36:4)	13.665247809372737	12.998567313138034	14.801622783100699	15.623160298641709	14.757258926302361	15.186248505039693	15.35232886776879	16.2544090398117	16.334500590112935	16.965724612632226	15.825755665260155	15.963540417125143	15.708664731865936	17.658480542195225
AN005453|PC(O-37:8)	14.187884611561126	13.879724832597324	14.931599232751589	15.24802978886998	15.189167085772846	15.65220980208654	14.275095738714862	14.773794658256664	14.144692837019493	14.98070480367175	14.350742821921905	14.370323300467442	14.397696401056102	13.706872890016323
AN005453|PC(O-38:1)	7.9718984631582686	8.61135052669944	10.71833166929236	11.492029429741732	9.969727005387545	10.510888415879812	12.086713507384617	13.833872760544777	13.223219559832188	13.918247759926771	12.67703053164679	14.19797787455065	12.04445991784374	14.36440777298626
AN005453|PC(O-38:2)	8.78947529851095	10.968753026472973	13.678042856744405	14.3908049593107	12.871252258149925	13.432505343923935	15.516732892630657	16.769605611133105	16.436340991256937	17.19044119786813	15.889934047448376	17.13141009499166	15.463004004541865	17.443482158888173
AN005453|PC(O-38:3)	12.44376824040807	11.842281169763801	14.83807186772111	15.12800247493636	13.82751035300086	14.152739043279881	17.114115083835205	17.647787815922158	18.117298345959277	17.89619145047111	17.319491002623522	17.820872551562346	17.23802691763157	18.37841509660152
AN005453|PC(O-38:4)	12.935775278174363	12.552465819806876	15.091616622714676	15.60863611990655	15.567198839096315	15.940046264682707	16.411973442939644	17.14797407989956	17.083213535377254	14.652760977987342	15.92824225770625	16.72501220170116	15.837827267152818	17.774429623855006
AN005453|PC(O-38:5)	13.999758286470316	13.221656159858874	15.762835404095455	15.751197891242343	16.259327387256405	16.344936622266612	16.419164361063526	16.53686267418829	17.210954367848792	17.402399890779122	16.68385810524366	16.721816687680075	16.55590372301727	17.49280103619022
AN005453|PC(O-39:3)	9.63429858801238	7.200223720297487	12.34184280789365	12.417908133535228	11.473764863724767	11.82730754954603	13.496937998267844	13.257071998102555	13.593124513174148	12.777657843786969	13.631759058700544	13.569472193755466	13.321196468119942	13.414993419063743
AN005453|PC(O-39:4)	11.56825642453378	10.759177244159856	13.311708406709455	13.753813646072828	12.958279989751246	12.915972102871274	14.712804312100564	14.41103084743372	15.028076431784433	13.596587280712358	14.783429339082863	14.667184005037461	14.664009206561447	14.204786531103272
AN005453|PC(O-39:8)	14.69368405160243	14.203683506507204	16.25854602265189	16.041920376955467	16.484841678872176	16.637953076332128	16.473360472850256	16.03525039260514	16.401023842450964	15.736543098956531	16.318474571383483	15.830194526153193	16.45339897455995	15.925257801561292
AN005453|PC(O-40:2)	8.417862132160863	8.664797476906811	11.042122280548432	11.82232492125766	10.249191952929896	10.713479607505361	12.823409133807289	13.827699875518165	13.730355474473265	13.81815947068921	13.196692980151198	14.105611454670914	12.524709373203905	11.896527793943823
AN005453|PC(O-40:3)	10.658791872797124	9.97293223093891	13.06539024834739	13.262997502698065	12.232163855377697	12.552059083249603	15.499277303449821	15.697268887236227	16.181116980226474	15.538153246811627	15.887502785459588	15.954610820010208	15.54603271614481	16.21458192438151
AN005453|PC(O-40:4)	13.008771075494062	12.006009879341676	14.846312519024538	14.81833239069447	14.640048176531478	14.432958578682934	17.177529956178393	16.882682766013286	18.166441851572277	16.826350699038155	17.397577898986484	17.199560003488283	17.398785090981665	17.46219779816501
AN005453|PC(O-40:5)	13.865867411449635	13.020129397869624	16.143175496075738	15.147150354587401	16.118176864142445	15.923858506285555	17.25828152573268	16.422714192449146	17.982994863729257	15.682372463170916	17.47824280410134	16.47638373444197	17.43421632302051	16.982762961766984
AN005453|PC(O-41:11)	11.71652597100468	11.010352700813264	13.281070482823898	13.081015765472637	13.525808300930327	13.113908545083367	13.31236515060219	13.534207878831593	13.788667664429298	12.941383836131779	13.425419867767673	13.657790676493446	13.755652265463914	13.399182550987282
AN005453|PC(O-41:9)	11.754576262417862	10.469400456767914	13.476108570180642	13.732008728121395	13.491314410271386	13.532124042393571	12.057256756374244	10.994607598180634	10.649407953536924	9.550054849190714	11.176291437442776	10.142555346432664	11.819449079525834	10.195548453441605
AN005453|PC(P-13:1_20:4)	11.485893426417633	9.661106374375937	12.446868161165995	13.384375456929257	11.377903081163234	13.991579789727664	13.14468372345024	14.653653842824447	13.985256396544607	15.121352833430562	13.410890202097105	14.666475602227559	13.279638105185192	15.007518018080205
AN005453|PC(P-15:2_20:4)	14.694991813961678	14.803765169437051	15.55023730921715	16.352453404257194	16.20973955724355	16.766752244853407	14.945979549733714	15.299610094020446	15.620311060531611	15.699120586053956	15.217419137609518	15.61193704513912	15.489409777943145	15.693195067634923
AN005453|PC(P-21:6_16:0)	14.126828743058747	13.79287418808307	15.064745300393582	15.92548351236578	14.989727575635213	15.786081146975713	15.958160472892999	16.389872422912365	16.145330372966892	16.51094840156005	15.895178500083327	15.683397058278773	16.00991501332048	16.47336554322442
AN005453|PC(P-23:7_16:0)	14.160638971348396	13.5773961184641	15.295445444021615	15.31577037348155	15.387954119894486	15.585839518616512	15.787189555701408	15.427750730294035	15.742838161024613	15.33743649611013	15.650025687477978	15.214699143794556	15.905521038269745	15.40229143827952
AN005453|PE(16:0_22:4)	17.36731781662915	17.035752042613677	18.384384479470274	18.72297432536021	19.176151156275324	19.65791407217877	19.110713317347415	19.928076664585348	19.594480160451237	19.7755975335704	19.304577167524798	19.96553145384037	19.312098540154068	20.02729301208217
AN005453|PE(18:0_20:2)	15.79112222304519	15.103131200478488	17.352893474950637	17.410550595930633	16.889154047515042	16.845303973948983	18.95798783484599	18.769215351441968	19.374255041576575	18.153225734501177	19.128369380440063	19.27612552782669	19.016170769040297	18.255179331100937
AN005453|PE(20:1_18:0)	13.087556050208311	12.85704280314319	12.792828052584207	14.98850275740721	14.703055249875339	14.540419605010891	16.17651895852386	13.879002304641665	16.704121512926026	14.944945639810006	14.388053247462741	14.225749770342238	16.391434371488554	15.55816566389858
AN005453|PE(20:3_16:1)	14.702801390944233	14.478320471164059	15.400037438277836	16.08140966351296	15.996444033150839	17.00495886105573	15.83536373684901	17.067607727597082	16.65207859808927	17.078686095236876	16.077170491882683	16.929215114279803	16.303989461393822	17.472723272978907
AN005453|PE(23:4)	12.413729529890162	10.874001109758773	12.198818394819602	11.651644243384851	12.890594453737874	11.139729637270145	11.583019556748312	10.455271811708402	11.827481677121	9.780077174123905	12.279579329937505	10.564813496882158	11.455249726023702	9.982089866976017
AN005453|PE(30:0)	10.230664856348799	10.63024933885199	12.20707292953807	11.660162628299004	12.281418034863693	13.482772145492405	13.618951239216365	14.277841432459496	14.373416620143338	13.956340927904868	13.755032995933362	14.448357327053051	13.990489976734409	14.475196707395469
AN005453|PE(30:1)	7.27216750992294	7.60661774620047	9.221357330805946	10.424732208379568	9.377562283192269	10.870705430383033	11.356808647990896	12.839855163623428	12.505721800049677	13.055529677506309	11.469166313550545	13.080430602491022	11.907767935690037	13.392084712020889
AN005453|PE(36:4)	11.840586392718938	13.024168092879753	15.494767067993925	15.330083793819517	15.175815324193985	15.751884455090599	14.407013802040327	15.015569865155593	15.180408255235825	14.839097113587444	15.027932374205884	14.642207556103179	15.469717820980945	14.795679450355067
AN005453|PE(40:2)	13.31303628779123	12.518495066116664	15.018761185211751	15.14624183190522	12.42013401106371	14.669806319459852	16.93808542385636	16.088014457775827	17.299377041550283	15.331302762527143	14.822115880788227	16.646086975818175	14.762024414494098	15.814301915301074
AN005453|PE(42:2)	10.272918082203283	10.109219731381007	12.444794719526792	13.018564500598222	11.882215457732341	12.151046803519217	11.451108589610726	12.350323754951631	14.006947390714211	10.854086709924795	13.597966917690194	13.030799295173319	13.37664901775203	11.521713790775683
AN005453|PE(O-16:2_20:3)	16.04729425942509	15.651159822554058	17.060457705070665	18.006759543783403	17.8440494486172	18.54735840686458	17.192621020917553	18.00269453077935	17.81741849585759	18.4589954070988	17.212521307765325	18.08212937716432	17.305929783440774	18.36167424443289
AN005453|PE(O-18:2_14:0)	11.87557621163379	12.08813921864626	14.248857124740193	15.040402863867	14.141913947801122	14.815462411415231	15.017115292680842	16.00459100044544	15.733963479734543	16.345356586651018	15.1157932816245	16.10548620528452	15.272681187949916	16.236121299692176
AN005453|PE(O-18:2_16:1)	13.381736307770865	12.998669128767503	15.131852773847255	15.619983268993776	15.231093876374942	15.48099738073826	15.871697866039389	16.454396149082196	16.57782462178623	16.880700947090588	15.977273634448245	16.609657447752202	16.135787103601583	16.870432497618577
AN005453|PE(O-20:2_22:4)	14.845172343755031	14.363748105716331	16.886846261512858	17.325561958541954	16.852433107040067	17.101047861878246	16.71620790213918	15.718352062952937	17.077357132497937	14.836688944933258	16.828473874900855	15.805173221938439	16.812582593751927	15.73571167011126
AN005453|PE(P-10:0_16:0)	10.162973217583577	10.693493172138147	10.828355779438596	11.562250383187624	12.7625398653529	13.36171899558672	10.95487665979329	11.731605094049824	12.159089395411288	11.71698299502721	11.28193327848389	12.11125840048881	11.428009635203475	11.879819641430851
AN005453|PE(P-16:0_16:0)	13.305599434556862	13.976580923046624	16.027613320042516	16.967725792853432	15.822601299619913	16.668580079868786	15.96579316435234	16.562553650328315	16.596369651950667	15.818596252152998	16.219004620933372	17.013922029010402	16.105880761779478	16.237645001043585
AN005453|PE(P-16:0_16:1)	11.877004270426362	12.089462929514996	14.274306544346707	15.005723838199712	14.136365238851452	14.815787866555768	15.023736914897762	15.937935793042874	15.695586404640963	16.240497204078732	15.09409492176283	16.01680407712337	15.249039254841662	16.13716945027507
AN005453|PE(P-16:0_18:3)	9.69307419745565	10.744853369370018	11.693251338336738	12.351524235034722	12.118115828436165	12.77414059618715	12.38224892773633	13.938501757211824	13.542007731145068	14.924829003040125	12.753802601523027	13.580098556075292	12.731457179199344	14.684875451292234
AN005453|PE(P-16:0_20:1)	14.377421551735042	14.657219682003747	16.45727012800115	17.267179856241057	15.989402383877591	16.594050135119588	17.481335196053063	18.681886705423846	17.995339746594023	18.714322868276124	17.877135986289247	19.219048036855572	17.519862641041573	18.783087072923987
AN005453|PE(P-16:0_20:3)	14.425439883449238	14.312055625987597	15.37114767572278	16.69548067321618	15.87459448471823	16.41088353028303	17.07323554822547	18.68943158532085	17.81416993697401	19.15545858179383	17.30321104775089	18.53641456227976	17.487233248108563	19.05115823848863
AN005453|PE(P-16:0_20:4)	15.942903039273327	15.585585954095288	16.9047050714507	17.763429216617993	17.75779152911554	18.49071102271623	17.20984537214966	17.903690058957462	17.680966959696942	18.319313840939916	17.202000747483645	18.073162570023396	17.121912959329453	18.18334955223003
AN005453|PE(P-16:0_20:5)	11.486035207960915	9.637983030633395	12.430960448643972	13.374074789286825	13.137396756519417	13.99086774454211	13.125938070662864	14.65440017017108	13.966622869793598	15.098136830919193	13.411495694065083	14.668660509706916	13.280205335169192	12.56032191697318
AN005453|PE(P-16:0_22:2)	14.305208485579884	14.365845440670155	16.55351656835446	17.194647875789133	15.944981434160189	16.593286205366894	17.854173255060967	18.936128125792774	18.572781895142622	18.870150274389246	18.16924363625995	19.294122570771275	17.9005818741373	19.06577116776834
AN005453|PE(P-16:0_22:3)	17.129267334116953	16.648361148477683	18.462995800194772	19.113182456125113	18.243285714924387	18.705546334154675	20.646570636470525	21.24101878440824	21.352089253419464	21.03341867378772	20.748845198206038	21.38422799169649	20.874308029310892	21.41474559385573
AN005453|PE(P-16:0_22:4)	17.592330190826292	17.513616906591626	19.12977702024807	19.751572285432694	19.595498767926046	20.217696485468306	19.60651884414135	20.001472913862585	20.065268079691595	19.965685948205145	19.685705493947186	20.01837733306307	19.544664164671214	20.107590670028703
AN005453|PE(P-16:0_22:6)	14.643846591071435	14.755932097174442	15.425758202519932	16.152853341270724	16.13333793902321	16.80096449731685	14.956614182186927	15.273272887866346	15.629024902856576	15.750681747528011	15.21132658067085	15.620876930353985	15.507839254758288	15.708804250930578
AN005453|PE(P-18:0_16:0)	15.05162272301285	15.875859661013621	17.537239830667346	18.362650338432783	17.452792602023475	18.031854631000062	17.993005797382626	18.44226558831738	18.358457959439345	17.507710227974723	18.27488362066965	18.928216300851386	17.96168393372615	18.270730433170687
AN005453|PE(P-18:0_20:1)	12.467343777902563	12.908168596187174	14.756518079768155	15.959257112820927	14.319703795508216	15.017549936499607	16.104395498896107	17.231625417218865	16.697015172708635	17.033887106240233	16.3579517180041	17.650143525291263	16.015865480446394	17.290686469646655
AN005453|PE(P-18:0_22:2)	13.884756392224242	13.495443835806237	15.642560712970061	15.905352161380407	15.166499030604362	15.081531629320452	17.45336241607861	17.576179346999055	17.86604604852951	17.167597118330928	17.432792522597392	17.902626498538265	17.07665337194096	17.554142995492544
AN005453|PE(P-18:0_22:3)	16.04035308120146	15.661477373886875	17.782182955422197	17.90051427181226	17.72790792448722	18.255363278637763	20.349666732810395	20.30772848722398	20.665489165374	19.576585450124167	20.47024486380526	20.558644896260898	20.41803859177531	20.23148754089647
AN005453|PE(P-18:1_16:0)	16.831423659357828	16.86559308695908	18.722006604084587	19.263496119322035	17.925386446414546	18.208336596188353	19.410077506845685	19.734610473498925	20.124352605764628	19.57883059201942	19.630824608362467	20.292841239528943	19.557354286289122	19.809363870215545
AN005453|PE(P-18:1_16:1)	13.426653755326237	12.999006773130835	15.129873450415891	15.647899316363464	15.239195462203291	15.491224031428636	15.777018191496856	16.3982294396516	16.53889216002935	16.890721915257313	16.016702305637338	16.59412140967675	16.052230022142368	16.829236046576128
AN005453|PE(P-18:1_18:1)	14.871315331284762	14.839396391914796	16.744129092727015	17.259474339620954	16.47467667101707	16.78036803843797	17.69814738023644	18.555391282992957	18.34545418795957	18.7688984414533	18.046584691597293	18.96148806756344	17.97800805588949	18.86444812070366
AN005453|PE(P-18:1_20:4)	16.785762093908858	16.448510231842505	17.721485671112433	18.24496952693071	18.62906828342036	19.059716742580864	18.23403932679849	18.301463096374487	18.650848560394987	18.74072553605339	18.44475186443234	18.53049041947865	18.415586319862758	18.691057845114646
AN005453|PE(P-18:1_22:3)	16.95291538562479	16.47842494587009	18.660051736418072	18.9654889180875	18.939487129005574	19.261317059478525	20.748329165578685	20.07838135808318	21.030508351701588	19.61801307622748	20.61924531250548	20.13959516286492	20.737370983930052	20.142746815537226
AN005453|PE(P-18:1_22:4)	17.30576074558378	16.818634718867262	18.73510679412233	19.123827920209695	19.287645935674455	19.48103366361281	19.115737355197208	18.506854400060913	19.507648521360657	18.20074428969089	19.139967851624544	18.501028543813934	19.090077432668718	18.522647289554225
AN005453|PE(P-18:1_22:6)	14.667013958948674	13.761641698872403	15.10390593796104	15.247836599317608	15.691800976450848	15.87781178645759	15.008634279907668	13.622478390095424	14.856275174722205	14.03840912917512	14.847493304454124	14.205013419437408	15.04786760922399	14.116420416564779
AN005453|PE(P-20:1_22:3)	13.152590483594027	12.719910763200412	15.176875482452438	15.329201150399006	14.706446395220176	15.19798343685032	16.777123039569204	15.92657420924594	17.136851178387754	15.01375033109992	16.68835907071561	16.189631956449986	16.589712150714266	15.735433722850047
AN005453|PG(16:2_16:1)	8.071969195472024	9.192703020614106	10.724633617216277	12.516772320413436	10.387555635874966	12.421496614751193	12.584084164155362	15.35564605468223	13.596760893372865	15.766275241636096	12.491004840045973	15.048592473088108	12.901021497328367	15.903882348820623
AN005453|PG(16:3_18:0)	14.510968834087228	14.852923933562138	16.013494118070355	16.82790698869175	15.969807349467203	16.839329590862118	17.205558269796665	17.97317928751153	17.80140272479318	17.64131726550421	16.99418135208424	18.078930598093976	17.243486214366218	18.099106861452256
AN005453|PG(16:3_18:1)	11.391674535991845	11.317889917589861	12.809839823376228	13.698610440882886	12.921704779513284	13.900044473308425	14.600694584945108	16.132702349691133	15.459662710390965	16.354884790778016	14.415791639560808	15.924863769616389	14.781437731303877	16.687129605924635
AN005453|PG(17:3_19:0)	11.089828720808185	11.555498302481395	11.695096906120378	12.599506214199858	12.195025512292096	12.995717819967021	12.519904690911	13.483976948974464	13.04646821696304	13.231513468022841	12.630635563878245	13.647876966163436	12.670325465972008	13.63865687977298
AN005453|PG(18:1_16:0)	11.718569103063636	11.06559763022526	13.162743231188244	13.239244731169116	13.331935582149034	13.492757879321465	14.04667123635698	14.609491893822934	15.139132316457163	14.640830435995397	14.237309691729516	14.861489434462994	14.232723514547287	14.882542748523923
AN005453|PG(22:5_18:0)	14.54865424953742	14.753951694386542	15.290317102240337	16.21041841946141	15.187332904869365	15.861148063145583	17.864256250205276	18.208625284900943	17.98756886079774	17.818460806321156	17.629932995329053	18.187168879565387	17.71584530305788	18.1663298751662
AN005453|PG(22:6_18:0)	15.657525878263963	15.828081525868456	16.892478562642825	17.872712147669194	17.881327355500876	18.616153102272488	18.211656050232772	18.46202180461698	18.431753063337194	17.839285118525776	18.07845772178472	18.383558153855557	18.16038927194154	18.290924494668484
AN005453|PG(22:7_18:0)	14.851321291825137	15.023769383894566	15.675387762338866	16.586746177681004	16.696614828419442	17.703743440605386	16.228405136650938	17.10833171791265	16.631699909087704	16.643234850488682	16.09875040097508	17.022112007014414	16.246406179752988	17.11990381500583
AN005453|PG(24:7_18:0)	13.821977932314551	14.000827559240953	15.225567071791795	16.187855307734804	15.693774585948729	16.42428373551996	15.27193043373117	14.872253759932695	15.215406282536117	14.066674370606806	15.099398223445215	15.101269432610108	15.177764611906447	14.627396361288968
AN005453|PG(24:8_16:1)	10.08916715921198	10.34671694271448	11.285175395383236	12.757616565797042	12.0554504276491	12.41769147028561	11.28353883916521	12.15951917085314	11.35905747517993	11.804305971054633	11.30216019615233	12.377822641286143	11.027143602156073	12.675622356916756
AN005453|PG(32:1)	6.9189698081162065	7.307236827504389	8.607290046596672	9.769977375159637	8.98857367037194	10.134092518338546	9.774271655760915	11.507863228446148	11.085702280174305	11.471397716228134	10.284715866608602	11.697898316521794	10.300414359601836	11.980618546599958
AN005453|PG(34:2)	9.36684085824635	10.000267860792547	10.18625846657276	10.40414701838962	10.95390296432599	11.116223686114084	11.566327614409209	12.271563737070762	12.726267406859241	7.067358176327729	12.093863353623407	12.394859543704376	12.2082263748796	12.687428626741138
AN005453|PG(36:1)	10.384001470620758	9.784078163239794	9.521194440513776	10.5319312638898	8.353765615531914	11.088091610666895	13.517362445117422	14.507303595359538	13.556943063132712	13.856701596790982	13.81355360945677	14.996864166769237	14.177707557880803	14.836400416998822
AN005453|PG(36:2)	9.733962981395985	8.468706166081281	10.665666144941726	10.126220650694497	10.895990804122862	10.024899084914564	11.937483156865119	12.315253201140196	13.067883992541852	11.92067780740463	12.467440048201011	12.452817767693782	12.473888498266978	12.295798499802062
AN005453|PG(O-16:3_17:0)	9.744948884528965	9.406915756397625	11.03327693698696	12.087419071053558	11.393762393225657	12.554733424001208	13.933961289684001	14.836937914872513	14.664844338920291	14.179811713107787	14.2018738069512	15.077034934122835	14.382145572110018	14.809305697795523
AN005453|PG(O-30:1_20:4)	12.846940874436429	12.776844951444994	12.65886478257454	12.730008952063024	12.700478188599329	12.639673038071193	12.757135174627019	12.880816328745476	12.409260697374384	12.853807349556773	12.961676536267062	12.853679298504906	12.73260805935215	12.850458893422298
AN005453|PI(18:0_18:0)	13.059515172135884	12.60359713792173	14.751534625288222	15.27043000073706	14.713001786224462	14.996920495072112	16.87353630971172	17.290215538518694	17.449784747188662	16.920804945676807	16.94496589085303	17.3056435743284	17.116907164396135	17.345425446365073
AN005453|PI(18:0_18:1)	14.245282427898616	13.518722047670904	15.378022218125894	15.745883140891756	16.003893953705436	15.93766647067099	16.293561529517792	16.85539327613753	16.80980879237714	16.53876758163454	16.412048987926326	16.959673268458566	16.441425810333627	16.905066672810786
AN005453|PI(20:2_18:0)	11.806928607030775	11.514604065468724	14.23628015906212	14.77950326855184	12.736004794552356	13.16398688782536	15.853169592772707	16.279850391906106	16.208767786712738	16.16602225475049	16.028281338604256	16.475826739491765	15.948886499035785	16.095301267145555
AN005453|PI(20:2_18:1)	14.667033412745361	14.226099346921806	16.141465886735098	16.523955326846576	15.919016600310693	16.216061812342282	18.227273859072042	18.60434378279785	18.673502816978026	18.281867473191003	18.402209739664418	18.704966120313703	18.50626302930013	18.73426498576494
AN005453|PI(20:3_16:0)	11.566657718867708	10.94391443561588	13.096677623470926	13.777034933986137	13.304360442623201	13.807282062050334	14.601641463421144	15.649192942172865	15.695665136737588	15.905161580158344	14.87172439251212	15.737835208538556	15.041129189574555	16.117892977843614
AN005453|PI(20:3_18:0)	15.007258989366854	14.533026927857117	16.39279410169636	16.79161071464985	16.127897706813133	16.418835948427663	18.354392448004273	18.729367376022534	18.777195803673568	18.416780494877834	18.527089376614427	18.78573230085928	18.627676509728488	18.839491437825306
AN005453|PI(20:3_18:1)	16.341843955941044	15.78584839793384	17.46076286618474	17.919440641228338	17.955602269631722	18.196171672284333	18.33843551429121	18.75786257131648	18.88491412415468	18.504126384390045	18.48997434989225	18.8820196633817	18.465490671341307	18.926338686167686
AN005453|PI(20:4_16:0)	11.503753090219186	11.115406892384557	12.879289067455405	13.91368973979022	13.744772143167715	14.679903150187847	13.295369322407483	14.172078689361868	14.190588499210728	14.273317027806632	13.45708490924441	14.157804986111984	13.672223336651305	14.525852216423152
AN005453|PI(20:4_18:1)	15.327201105793428	14.797345880258552	16.853484502165884	17.269233380564717	17.34587358408777	17.705826604451136	16.54036427163862	16.960148758933006	17.14609668771593	16.826091958037907	16.79076708801486	17.043417619345362	16.55185927955982	17.052275963712116
AN005453|PI(20:4_20:1)	13.551902955363266	12.534384159733337	14.997024478533183	15.207828106304925	15.522362587742842	15.549865682513728	16.075343659992022	15.5988148089619	16.6728917235405	15.097005976095822	16.06965453280635	15.661078912275187	16.02621147568432	15.49444976573084
AN005453|PI(22:3_18:0)	12.80910617055479	12.348197594002498	14.418250137244337	14.566890998700531	13.756419091641687	13.196901080321004	17.73268069563989	16.7065719649069	17.819173102966065	15.855088978845686	17.651093513318454	16.852719525927068	17.73203539587973	16.399707963275688
AN005453|PI(22:3_18:1)	13.795343262609002	13.026673098839439	15.538620160262392	15.764147064877882	15.843656693265759	15.761304969658875	17.639155153858948	16.887962390190737	18.0497477484124	16.22751895185545	17.816281223102177	17.007046956375643	17.719913468903197	16.593003838098824
AN005453|PI(34:1)	9.2075325689544	8.917063819222276	11.941664344192915	12.489072673996269	11.337372426085667	11.88790336567771	11.814499072195881	13.545252296676933	13.470302813013632	14.283023931025475	12.799586910065054	13.901582997269273	13.037376748476417	14.443462887682466
AN005453|PI(34:3)	6.592426466147259	7.800855682132943	9.026812191099545	9.820731315702792	9.903556512738547	10.920667202066332	11.149747547608646	12.039495999215662	12.214071562857933	12.34784220586215	11.526204240170477	12.033487496063827	11.494993377909601	12.422912886489724
AN005453|PI(38:0)	10.652017664935146	9.600839570616195	12.52109671599502	12.677219775169169	11.673508380041332	11.745561599194607	15.639424031592219	14.623205308857878	16.018991548673494	13.873562817700076	15.71915793722909	14.720315890454373	15.773240874834796	14.367290945808913
AN005453|PI(38:1)	11.870128141192696	10.869477610772918	13.581677559645513	13.941691874449257	14.00178567199992	13.799514066027477	15.75294661377962	15.044554636709583	16.120569580078108	14.244551447590455	15.842376396655915	15.189487699286351	15.829652233022449	14.719207015596467
AN005453|PI(40:7)	13.96813378380085	13.473572904245295	15.018503830380707	15.46052715791536	15.434385318709692	15.618724029532359	15.317977316781546	15.449898944488487	15.47443412867799	15.34649125678309	15.389976573002187	15.35054950103301	15.42144280036001	15.25898938238707
AN005453|PI(40:8)	12.602039903606942	11.771639613600025	13.947747324997522	14.282635338459665	14.385329120591516	14.650626144545678	13.624194016165744	13.850960703435954	14.006551890368193	13.618263672028299	13.786068173587724	13.840765773623465	13.499995288788574	13.768303482871751
AN005453|PI(42:4)	8.135948982218222	7.883832102524425	10.8633755108039	10.241756749143425	8.53131037016389	8.054420723187786	13.322903589869638	11.971464859514859	13.701398776598063	10.534119195855114	13.43807463636198	12.427354427369453	13.322972239430888	11.171790808211151
AN005453|PI(42:5)	9.952907613916478	8.684194460740455	12.300549894159573	12.068589247707239	11.963543260185835	11.322134488160359	14.060837550372531	12.14895820775989	14.324148656724988	8.90703204002566	13.904242790857024	12.221451081554719	13.968853293762379	11.617290892803007
AN005453|PS(20:3_18:0)	12.633662568355357	13.387655775131707	14.532561106657795	15.310892524097566	14.885234955383458	15.637000941146278	16.440912149047843	17.168914784046336	16.94240716850633	17.02031369558614	16.4279924369537	17.143974843888074	16.505795366481475	17.24199348437403
AN005453|PS(20:3_18:1)	12.201931594667519	12.527836125476158	12.816331149284077	13.741753452106375	13.265544082266116	14.472649980253642	14.670243319487453	15.423597443024534	15.180891261109172	15.66648469317825	14.306751519515728	15.75619762959296	14.88374296839187	16.091388397364906
AN005453|PS(24:5_18:0)	13.688659145992167	14.022671945369936	15.335031483845546	16.16707531745109	15.68517186709734	16.449180576802338	15.275719148133868	14.833939411683426	15.216858616249235	14.066940943317425	15.098551859953789	15.093934772967089	15.180442249881466	14.627308666176205
AN005453|PS(24:6_18:0)	12.861971933519863	13.172708998616079	14.529789771305325	15.726497309393773	15.225265188840718	16.042409307431438	14.410020602439355	14.522716070283197	14.648297289636972	14.190208412620507	14.325212989045893	14.758994866254369	14.351497027256476	14.730871913112308
AN005453|PS(26:7_18:0)	8.508092583125395	8.93715068865608	9.39340793554201	10.246529256636691	9.966355897160286	11.923665184730494	11.267859341816477	10.658857801303702	10.946539437422436	8.937469281811994	11.421912283375349	8.647692864593525	11.449941051249596	12.329720697752427
AN005453|PS(30:0)	5.643856189774724	6.193252624014104	7.556754499900113	9.915092729055985	7.023010471856132	8.797791296395923	9.203762620423207	12.44535497825158	10.375773143720876	9.456938913373369	9.320032521557794	12.469598461214261	9.711631602664706	12.485483716475686
AN005453|PS(36:3)	11.279925244868684	11.705050867971096	12.671617894191634	13.29485696905155	12.791677731861228	13.64061225009415	14.165971395725357	14.918215272701332	14.578688196351912	14.999034180485417	13.870659523194595	14.815395547896076	14.250928122934482	15.379419521557109
AN005453|PS(38:5)	9.863492300927618	7.015035432683757	11.913169011415093	12.856528100242043	12.282827886930884	13.269995822324	12.22959861508667	13.406771716334774	12.893149211764426	13.271046016065844	12.110085832543975	13.376731418379975	12.1705939912287	13.773752653672991
AN005453|PS(38:6)	11.234836070803993	11.573863880734285	12.48531521737783	13.751832789035442	12.711482279453813	13.783097481680125	12.509021748758363	12.845898995639557	12.697698178123495	12.532979220938644	12.314681096257635	12.531656231357275	12.624803755294879	12.698385815249262
AN005453|PS(40:3)	9.860860975937504	10.334439602396563	10.837725219641138	11.548087300767927	11.041661070248956	11.457148482401943	12.991492332694383	13.592555860921573	13.559856080236877	13.147778102790616	13.161395246672825	13.715628690334688	13.24297304781139	13.552474523401571
AN005453|PS(40:6)	13.319967635745298	13.650941506424296	14.118095757820202	15.128129428562623	14.912135630091392	15.9771493323744	13.45724346252396	14.997763781769967	14.204492120512327	14.78999817560601	13.20966948171575	15.166626911456015	13.761782136507279	15.259659644796892
AN005453|SM(d32:0)	11.097938967569595	8.873085139251579	12.104879319355044	9.801235877669319	12.923419511077592	11.633066823327093	14.230081390753432	11.984607649207016	14.37780659515001	10.862513551887263	13.55911255634671	11.996524662346578	14.075812327953054	11.477905439789922
AN005453|SM(d32:1)	13.004485845422193	12.186052634595855	14.691519652428982	13.525982680036641	15.404960913089687	15.04319652672166	16.753772310286855	15.599649620371224	17.043850287589436	15.089216340504898	16.543629527864336	15.842287954532667	16.75465183554523	15.83197624317638
AN005453|SM(d34:0)	16.484060842459208	14.252459807065662	17.66112463698272	15.193787575289514	18.165712807274115	16.544291722603845	19.60055778458559	16.430274535530028	19.670742516700656	15.274299458501465	19.180872703851843	16.717701465912377	19.376793384622527	15.56609102172964
AN005453|SM(d34:1)	17.851842028164533	17.307296392085576	19.52495376726196	18.762880213935762	19.923788310621255	19.761941292734402	21.31648906647821	20.029303991255343	21.86325359525026	19.492899556242527	21.432847435689297	20.46080786751736	21.53409795372023	19.94151307873018
AN005453|SM(d34:2)	10.673648636308668	10.82353628377633	12.344262868324302	12.746062274753767	12.593376732045762	12.865454556512816	14.772333713391793	14.3895744772923	16.46608671433395	13.936018418872237	15.043378672724225	14.653580369493923	15.32898972026044	14.442537814249627
AN005453|SM(d36:1)	16.205665257786535	14.978446575656461	17.68473529047701	16.231290923768302	18.44859965351818	17.35031370858661	19.124366070457803	17.24116080014719	19.256189355152117	16.40147808956811	19.237660319344805	17.863500898233784	19.375015433439092	17.27406208500413
AN005453|SM(d36:2)	12.058143159614382	10.42767387030797	13.585701420549904	11.911375392140323	13.935372510578153	13.166660082543503	15.228187711006536	14.083393307192312	16.805279758261552	13.526952873139527	15.884724086683741	14.632712283067386	15.780977849724932	14.199224465739043
AN005453|SM(d36:4)	14.216886871002858	13.61928740272801	15.451228453556348	14.523457932779868	15.31674349320553	15.209033535203924	15.546280444810229	13.548386661925315	12.93315692956155	14.033701856218505	12.972760706613409	11.156347601233469	14.615874004005917	13.926817989089423
AN005453|SM(d42:2)	16.655602193541544	15.560435404268256	18.12619919828126	16.936173632507366	18.479314485880405	17.6154744226117	20.34232762098549	18.455311547911162	20.768159911527675	17.73356009057036	20.268889356430766	19.090602092099306	20.185749829599345	18.17033094862286
AN005453|SM(d42:3)	14.190324328299738	12.567405593376472	15.718124900015129	13.960336759403068	15.908160821181177	15.236623584938378	17.991797614373816	15.62945232184525	18.578598643091482	15.141179816366266	18.01138463865676	15.985985382015178	18.080734222897785	15.459580654038062
AN005453|SM(d43:5)	11.160607778269418	12.353695938797932	15.20138149086886	15.966718839806623	15.579878177926313	16.705870152672887	16.305112384480108	16.529476477929034	16.844691543339035	15.283808360482423	16.49042920661799	16.98039488002753	16.489222323040337	16.465964097778492
AN005453|SM(d44:2)	10.720037348781574	8.923872992962222	11.9333725720091	11.046467429844034	12.223994763623628	11.750447225489644	14.498138724729865	12.209088834757933	14.975800940184818	11.608052738263055	14.425819316857945	12.891966476609584	14.236462561742295	11.893801374275673
AN005453|SM(d44:3)	11.937011527963577	8.72508229693768	13.163325890184638	10.563190307737559	13.344003114580422	11.667961362878685	15.77965844764447	12.648935894813752	16.411091731071906	11.744251277111722	15.81232710747517	13.254011907293958	15.724701265307443	12.091979638453244
AN005453|SM(d44:5)	13.682261392977438	12.132546951992017	15.200502640743528	12.521087340919188	14.64933225167691	13.729790252767744	16.89540872233448	13.579319338550283	17.023966390398545	13.244836872122045	16.664936154280287	13.941795261429098	17.160432160801545	13.22189043896772
AN005453|SPH(d18:0)	11.451145388502027	9.519993987017612	12.078903954854908	9.784009541063229	12.260601466263969	10.010276467074947	13.954833326659255	11.844598523641096	14.034172953737377	8.771603385067785	13.939131806596828	11.996291388259385	13.771213441540661	11.43952415052751
AN005453|SPH(d18:1)	11.697616630578528	11.388217135575909	12.619410001128854	11.9406994597172	12.659634083044528	12.151450144989667	14.276712552933825	12.819620837192007	14.23938220133703	12.667578610566494	14.30773146141086	13.126508435280035	13.92468442484757	12.702172988002348
AN005453|SPH(d20:0)	8.306406941503342	8.497718198596408	8.76429144240207	8.928722811937844	8.55554138956832	9.0614872320881	8.704752616990074	8.83939064799798	8.053837760843981	9.205855661834745	8.790951032190286	7.373097753128424	8.444689033328133	8.740637255625177
AN005453|TG(12:0_12:0_12:0)	12.202761661321517	12.3513923133713	12.259781848624707	12.2702531556841	12.596099434639342	12.233898791098715	12.17385959803479	12.175295914563597	11.91699384843272	12.228119726673569	11.583873248746926	12.107645482627353	11.91832062414114	12.14920228442786
AN005453|TG(12:0_12:0_14:0)	12.161737873960059	12.196671701949205	12.152758789751857	12.194464737580352	12.545220702697605	12.222990690130857	11.971396365069765	12.097566199740257	11.764728632444248	11.953384955726989	11.64042769391052	11.866724806858572	11.787249842330816	11.874214010315521
AN005453|TG(12:0_14:0_14:0)	11.960210555534642	11.944650710219925	11.911678907231249	11.954048093185646	12.521267722321303	12.028005145567478	11.73511645487926	12.188162011799369	11.662324858022197	12.238426823009647	11.665127378145115	12.070463815933506	11.983952678321797	12.070626731063628
AN005453|TG(12:0_14:0_16:0)	12.157938621590816	12.45629453182209	12.233213524283988	12.353340536375846	12.710396965113604	12.65772622594273	12.541585294354364	12.946071641968336	12.789817719436613	13.192500372564107	12.280554166247946	13.04933171436811	12.456774590897538	11.079297081523904
AN005453|TG(12:0_16:0_16:1)	11.672373099408304	12.09068885129974	11.991290179855618	11.938208681770499	12.660431077729314	12.80308700563053	13.240812330972668	13.757381734395416	13.935377031807965	14.107222571309817	12.705124750309887	11.940528342053321	13.48595312902689	14.560824220567747
AN005453|TG(12:0_16:1_18:1)	11.889972075337182	12.152472104829421	12.106285889182226	12.219805229374364	12.956532699396222	13.036514820169801	14.155767545406023	14.280193845353892	15.149341237409333	14.578254856259464	13.767875329146394	14.57324149005516	14.91641390998384	15.05315966905611
AN005453|TG(14:0_14:0_15:0)	12.026400892840359	12.26388264035649	12.1491789354559	12.122616176144225	12.585705182492491	12.676140844330392	12.405356792610739	12.316708940598383	12.500241087111059	12.494909113948976	12.114681326630922	12.570078992536486	12.324660698151353	12.603222325733697
AN005453|TG(14:0_14:0_16:0)	13.346252815580556	13.399320112918021	13.321150343709633	13.42778289213119	13.887522046097649	13.889449349695305	13.99366261707614	14.538016219463401	14.505985456428462	12.556115266016823	13.605102032554086	14.597134040217748	14.219875699879694	13.047919145303304
AN005453|TG(14:0_14:1_16:1)	10.028618847841349	10.427623145038934	10.276388560460397	10.18519837923533	11.270054345937483	11.17753469507687	11.654424612458017	11.790083888259714	12.23521185911681	12.11443862456624	10.936991209211273	11.774552040649851	11.85643386217736	12.332493194188004
AN005453|TG(14:0_15:0_16:0)	13.32194232070964	13.412791639746096	13.356407199382852	13.367184172118854	13.792112482326068	14.02470366737417	13.859502700639332	13.776004580135032	14.040125870897286	14.070970432102394	13.536500344573525	14.005434168293144	14.072562228110492	13.953036816693308
AN005453|TG(14:0_16:0_16:1)	12.753511763521097	13.142334556452157	13.335112723429601	13.592562771481482	13.95724531235136	14.376261298532128	15.693503044172061	16.153130624493897	16.511228681470428	16.07763407032543	15.394964676760635	16.352010884742057	16.208709886872228	16.748526884531984
AN005453|TG(14:0_16:0_18:0)	14.215830030167206	14.407779940173908	14.705017117797269	14.882343493256622	14.902505513615901	15.075869928763694	15.662736116261222	16.633109191530757	16.307664510053698	16.699788135432808	15.86070518941762	16.80577458744474	16.24325936090007	13.256600577063182
AN005453|TG(14:0_16:0_18:1)	11.491723468837984	14.092051523823896	14.927405488955742	15.263866720634944	14.976538063766112	15.695014873600476	17.898635715605977	18.01771702693688	18.73128595399653	17.7773905779173	17.837309810663626	18.17224211942408	16.73454661947871	18.533966221866482
AN005453|TG(14:0_16:1_18:1)	12.93840598939174	13.354063425175605	11.757621721119714	14.037839499656513	14.349546584768326	14.737818339913298	16.751384622846235	16.48994769438404	17.587401349549406	16.681751987104104	16.743533531841205	16.82965499336392	17.73922241748126	17.165028867218023
AN005453|TG(14:1_16:1_18:1)	11.471444490189517	11.780921917744655	11.914433092044566	11.890885947399696	12.393440418537557	12.872133952996466	14.519181543092175	13.966307034618078	15.743217555795665	14.268083098203675	14.430670556847963	14.196268072255018	15.42222247378856	14.825068725431365
AN005453|TG(15:0_16:0_16:0)	13.81071255532967	13.860881250521311	13.85675858943317	13.821894344264164	14.373001394406657	14.370698542144474	14.354537552132642	14.380597711295366	14.637094429825865	14.504408199646013	14.135763504927766	14.49994712914885	14.538432304514332	14.56278223240321
AN005453|TG(15:0_16:0_16:1)	12.279216931394336	12.322490219830717	12.477040625911753	12.35194826758641	13.541714531295218	13.537036731219864	13.481427413351788	13.211889082238825	13.896132324290813	13.425051165987817	12.45049537604932	13.415585095936757	13.403436423715926	13.393083722800924
AN005453|TG(15:0_16:0_18:1)	11.955205954795494	12.094400705790354	10.741197461687193	12.230599293676919	11.577848737709674	13.293926962631902	14.021759582874465	13.602767776784296	14.580523805924173	13.716215756113703	13.488538862330975	13.633196672527035	14.240907446741252	13.849021032005659
AN005453|TG(16:0_16:0_17:0)	12.862631519219768	12.831322759518391	13.019697984489008	12.875441000513261	13.320808245514165	13.179632659349238	13.458546035394116	13.695007954318493	13.624044155608038	13.634104388020674	13.152472766447014	13.666918527204006	13.447406306231697	13.86206074291477
AN005453|TG(16:0_16:1_18:1)	14.569199042058692	14.520344275555052	15.976869183024775	15.83984472066823	15.744810574357386	16.142725123435444	19.394748782403756	18.606416958473968	20.235634922107696	18.524573496444663	19.345942152353818	18.73545863736125	18.219940128568414	19.027238113571787
AN005453|TG(16:0_16:1_18:2)	13.015042351534246	12.886090429497045	13.82153631580861	13.669733329036406	14.012114941215428	14.359478987107023	17.335004067326757	16.46228907968262	18.607728077246648	16.607473578675002	17.364799181705443	16.765958177902274	18.464441984075293	17.239177565360873
AN005453|TG(16:0_18:0_18:1)	13.0480597623124	14.333176715871929	15.928709758225722	16.461280663493145	15.29928089350696	16.25105582204699	18.832888956699446	16.665055475944836	15.60794080520912	18.603701299871517	19.050718545491844	16.871820399078704	19.47936659469509	17.182449150444757
AN005453|TG(16:0_18:0_20:1)	12.45964812028796	12.599533332960247	13.913398669498482	14.875069737203981	13.629083417307436	14.083424509366674	17.247248597186115	16.963066276329698	17.05402113336272	16.08328259120447	16.985872133420553	16.97403055897141	17.26222631226509	16.50298131443867
AN005453|TG(16:0_18:0_22:1)	9.96560071580357	10.431579188158516	11.09334534649772	12.663012640785697	10.266041188047653	11.815999344670288	12.130584463163226	13.783471672395024	12.492728820247857	13.644263164325189	12.83571137959904	14.111633314068774	9.628416703183012	14.015927475572694
AN005453|TG(16:0_18:1_18:1)	15.859509174512349	15.334878889839063	17.60674621322485	17.109638651845707	17.189230504303016	17.10707224600445	18.98580012963284	20.052527628839815	21.617575559296828	19.579935141863345	21.076370289239346	20.194202275224907	19.530215088231884	20.443777455014686
AN005453|TG(16:0_18:1_19:1)	9.815309034662414	10.010880947609012	10.695592917149915	10.73789817506245	10.816004043545275	10.797404243618123	14.636638116257622	13.118947115030513	15.500523960932595	12.934031446873924	14.5537918402157	13.1066822928574	15.136161630568097	13.574842567791542
AN005453|TG(16:0_18:1_20:1)	14.940403572442449	12.375686478320006	14.828384960399093	16.41690958098683	15.848785838757903	15.939061671978331	18.060547446963792	18.77150863528558	16.769269767276587	16.382908193752872	20.205891977598796	19.163338273837542	18.47401240014926	17.075736074521753
AN005453|TG(16:0_18:1_20:3)	14.895885433364356	14.120643036352803	15.899589428616615	15.0321923159402	15.814742028348604	15.326151838348963	19.546574728172804	17.501712800916682	20.536510401833116	17.32997648744568	19.65289341141116	17.97287401038869	20.501348062732294	18.110028470092814
AN005453|TG(16:0_18:1_22:2)	14.292952923646757	13.220366278858997	15.8662352292113	14.94485623384901	14.85493652372285	14.510863167896991	17.725692501727917	15.64782246872845	20.174711780187902	14.854303487702808	17.692536220599703	16.034708850021094	17.981809978869528	18.26869668565018
AN005453|TG(16:0_18:1_22:3)	14.920344541531717	13.876660646793567	16.16597050449266	15.018229435271344	15.575893835551456	14.933906693867778	19.951885372075797	17.400635855578813	20.696931326481707	17.011512522002775	18.016060150852017	17.906456507415257	20.569097307314717	17.82124743588253
AN005453|TG(16:0_18:1_24:1)	11.06245535919983	11.622666821824671	12.84987534826312	14.065301678065195	11.854006245781235	12.952737949534745	16.22764303727818	15.040458602426243	14.19483232117765	14.171023883070289	16.28573849735001	15.36575094599735	14.110393795070145	15.05249773372772
AN005453|TG(16:0_18:1_26:5)	13.992712062678871	12.676133596490077	15.542539973485802	13.21821118898825	15.05453000742702	13.902570668593652	18.14882783015771	14.156557396943086	14.87943390143173	13.324895588903756	18.22296516202705	14.852793413308985	18.78556000965612	14.384136038292334
AN005453|TG(16:0_20:1_24:2)	11.643420355291402	11.674136304561422	13.40601414037681	13.64536957982599	12.185273318470115	12.625347411505489	14.89159385173653	14.608587054922603	15.656891983223824	13.535884651721643	16.956839442751725	14.923604572601262	15.534532937367231	14.30706484992763
AN005453|TG(16:0_24:2_22:3)	11.2126586236853	10.780945021991604	12.971720865659732	12.47132603363386	12.05991999633571	11.646331416789673	16.60286069831034	12.786515598768545	17.351457079608434	11.7336528257458	16.730770032786875	13.438098317668784	16.967914526731366	12.599832945942993
AN005453|TG(16:1_16:1_20:3)	11.370278421187798	10.939176845228909	11.977802799303452	11.861729553975708	12.82013220731199	12.812648665214127	14.693171121635222	13.035352872604065	16.1821831299641	13.283890802826258	14.799473459541167	13.208330258028374	15.882315703075625	13.856439879252733
AN005453|TG(16:1_18:1_16:2)	10.972063234754527	10.764794304545875	11.554118465918231	11.380013535090592	12.023331169058096	12.277840393349358	14.712895021978639	13.620183767293724	16.061533464630816	13.738511492698066	14.690860501340126	13.66590796465364	15.671541354338855	14.29533020890743
AN005453|TG(16:1_18:1_18:1)	14.874585356954745	14.419367666462273	16.019931317096194	15.5063945043818	15.883584309319355	15.871960988955342	19.772190073110313	18.429495822901718	20.7677624030129	18.378580195749404	19.744464875032264	18.5824327186095	20.54212484643904	18.992783303654438
AN005453|TG(16:1_18:1_20:3)	14.090730620079805	13.262402945717179	14.737385860206055	14.107755137366004	15.288061222129722	14.792901851039867	17.71624682962369	15.320922617355707	18.990557516953956	15.293366558002509	17.9110644794149	15.699473342261356	18.776200839375775	16.055523172809345
AN005453|TG(16:1_18:1_22:4)	13.991871539040423	13.148055449959806	14.985008991446975	14.212470699418091	15.894006110019353	15.180381806677595	17.399109062261658	14.409272935861473	18.431155076389064	14.364035564708837	17.536060373913585	14.823577277709921	18.410198785451232	15.084003026096914
AN005453|TG(16:1_18:2_20:3)	12.558434946190848	12.115727544602612	13.317774953670295	13.305927961307725	14.344795252364314	14.357874523955234	15.041609026639827	12.63478799994819	16.3077963508116	13.014605888237407	15.168835842155383	13.250642396127375	16.195585340006858	13.59322169176214
AN005453|TG(16:1_3:0_3:0)	19.851104325559117	16.9384577498739	18.143599318345892	18.79093222145619	11.000207861677254	9.843831389688756	18.817558374416794	18.444351013674705	10.73926299551122	11.321934784631397	10.908081643422697	11.365781644145647	11.806872138023536	9.953359242343014
AN005453|TG(17:1_16:0_18:1)	11.08080555557729	10.967315413428983	11.502670515805207	11.352221948262915	12.176850009256393	12.154312758893221	14.525278707923865	13.30221428490559	15.43349569569147	13.309467576818564	14.194175000257255	13.32326785446692	15.007182344729857	13.811191111353269
AN005453|TG(18:0_18:1_20:1)	12.8272975898898	12.376693887570026	13.038824222216562	15.061522689753575	13.860056621756804	13.738418286646542	18.094584842805062	17.024138038990877	18.371195144939062	13.778599256159447	18.41637276149925	16.980435605874188	16.38590518868288	16.47546255870684
AN005453|TG(18:1_18:1_20:3)	14.711838581189605	13.64828390172864	15.904421771277024	14.636456855541127	16.1117283517271	15.289255922225353	19.082587309110245	16.249223009273024	20.031991961994702	16.163511755027127	19.2553639612363	16.931622343733736	19.9201683760348	17.096966132581617
AN005453|TG(18:1_18:1_22:3)	14.515673252187788	13.246253297725255	13.777037777128418	14.554090667216784	15.420143909461922	14.175989103278722	19.244037909689443	15.998399953297666	20.013027785205995	15.45602876358374	19.32422300690015	16.549416829365963	19.951114221452986	16.176268868641912
AN005453|TG(18:1_18:1_24:2)	12.155509476756718	11.380619099071296	13.84572694959869	13.315568757790233	12.906216713881891	12.250589413849438	15.611003988942402	14.441584804135344	16.546664061757944	13.454677637555898	17.50171212785797	14.902364757614555	17.83257773477796	12.09167397740005
AN005453|TG(18:1_18:1_26:2)	10.70817871663697	10.510899937951963	12.370526535406322	12.204767354033208	10.16078754422672	10.85439967245938	16.188392613970564	13.068866359303081	16.807427312033493	11.767588138013153	14.847904476398321	13.660585014535634	16.205256263294395	12.813181229402085
AN005453|TG(18:1_20:1_22:3)	13.194955378521927	12.078874948304838	14.744224820752017	13.946878039733164	13.870543783947317	12.977412008101382	16.313741638953374	14.54789888336311	14.752739634671897	13.540503273037151	18.11606228631685	14.960889473412701	18.60663494815522	14.384686773456439
AN005453|TG(18:1_20:2_20:3)	14.479436919849016	13.42689456359645	15.861591056794735	14.581713790123144	15.97943562539048	14.72052219238005	18.19693519001139	14.778960829868572	19.167570879466222	14.532643403434987	18.375141767364482	15.480979457367559	19.00488787475003	15.406032932803937
AN005453|TG(18:1_20:3_22:3)	13.895684105568725	12.523672032033526	15.435500782446312	14.030808578738153	15.375144510275062	13.92705681047242	17.390395218402926	13.185697374443308	18.104152610939792	12.71732510502224	17.635686795060064	13.953444521792958	18.16005559998729	13.812033126166455
AN005453|TG(18:1_20:3_22:4)	13.241774198727157	11.672182103200806	14.457594805078076	12.908779004410642	14.80578969377047	13.171789498889758	16.090662151753612	11.61132076203937	17.004262208828834	11.459008457058223	16.101007825872006	12.465011134379422	16.829740030930576	12.439978429476554
AN005453|TG(18:1_22:3_22:3)	13.196921296734834	11.799576841102338	12.718664501491338	13.651156398711615	14.331653371912589	12.804572154403893	17.094509190576606	12.281705762631233	17.89979779982238	11.415213463072966	17.15167350738879	12.956250914485471	17.727844123626483	12.476598121303939
AN005453|TG(18:1_22:3_24:4)	11.883156206810405	10.708915702922871	13.870253301087104	12.723493800651125	13.219879360124162	11.853452706244065	15.758029999804018	10.122579174327683	16.24142811467155	7.593949557589075	13.778704836010723	11.01365231552811	16.33275206952456	10.231117028967828
AN005453|TG(18:2_18:1_22:4)	13.969604343025923	12.747467612278305	15.165427674463537	14.067920320627342	15.69482085823355	14.59771020256865	16.951063215535957	13.471912975975442	17.882496792994544	13.21039371644025	17.046364476687227	13.961500376587104	17.782691031688056	14.086251320123045
AN005453|TG(20:1_16:0_26:2)	9.368139110162916	10.17843432806483	11.28374708215648	12.076478220445493	10.239101330147802	10.644385387256584	14.713151015524488	12.730893119552354	14.88478238967646	11.414001374847063	14.682455446870128	13.136769672989155	14.741354649117133	12.182698824020354
AN005453|TG(20:1_24:2_22:3)	9.439841133461835	8.292323428884979	11.23148475841196	11.082545880115	10.273824783185354	9.746940051956049	14.348362437925053	9.71919114400978	14.802458447686417	7.711151292199534	12.992114912682908	10.443570821231328	14.556453835331583	9.486181570136873
AN005453|TG(20:2_20:1_24:2)	9.820456909655512	8.491691372996955	11.23684455182415	11.070482387421203	10.420594210353064	10.049911820858012	14.8237071460852	11.080090773187385	15.65043617762384	9.580814718919724	15.233056649647024	11.804422927907503	15.278937247498874	10.58471706643702
AN005453|TG(20:3_22:3_22:3)	12.07843390917661	10.630165685747423	13.462932065542667	11.923754319941137	13.370969657759893	11.512821869305178	14.912605761916623	8.400993899824575	15.555821440492608	6.646063249815518	14.875167501215849	9.912727796305525	15.554768106844207	5.643856189774724
AN005453|TG(20:4_20:4_20:4)	12.59505308199506	12.796065962345615	12.629972715094949	12.849565389883601	12.61242972016512	12.674990918116258	12.819924812392246	12.820191054359881	12.42287148603726	12.877163987784044	12.885556347068167	12.90911954412679	12.586887337731065	12.847022431302287
AN005453|TG(21:1)	12.345609175909148	13.592742217176465	11.198527301140325	11.703169412025682	12.223137616527088	12.680110180627546	11.467119041497051	11.183737505303265	11.073860889310678	10.207858976508142	11.076584662396364	11.072592835750939	12.220146601314056	11.632984089599807
AN005453|TG(22:2_16:0_26:2)	8.577022935979295	8.120254761136712	10.349417138833147	10.557314992383352	9.131958426791124	8.566506824693631	13.20939074968427	10.94006818246848	14.342834071797675	9.736350702686503	14.336283601270686	11.551367472790284	13.94011904053127	10.084658411470286
AN005453|TG(23:1)	15.940002509229865	13.163665124973713	13.741890747125447	14.416370046269277	9.229398828891561	8.649631612704788	14.840515808666291	14.124089674034387	9.506829390212634	9.607196278967878	9.162494117409814	9.431360210541756	9.481598550935432	9.528621375383555
AN005453|TG(26:2_21:4_21:4)	10.079093328482612	8.340947582110752	12.00897874006462	10.594594265986371	11.314021473262791	9.18457396745154	12.602773324280458	6.737805053633594	13.22941040232709	5.643856189774724	12.373689713884731	5.643856189774724	13.10216679091828	5.643856189774724
AN005453|TG(28:0_18:3)	9.36278188595256	9.69855866832719	9.678739716824296	9.864143454294455	10.598275511597691	10.667474403245071	11.58539055653882	11.580821020804848	12.588599253770616	11.98292230808192	11.273804408189585	11.802695570068382	12.306220794823625	12.201185121669461
AN005453|TG(30:2_18:1_18:1)	6.182579345170301	5.643856189774724	8.114586849274549	8.372405589507636	6.0184557259289315	6.106016152640136	12.482297428618487	9.321686461732268	13.190288594942123	8.71667917295996	12.207686607694365	10.117752795241445	11.066951503527234	8.897648521847293
AN005453|TG(31:1_16:1)	11.53708727558867	11.260024667682151	11.694064222001899	11.194410122150638	12.523317579001642	12.465728137328384	12.606739708471794	12.146210999765538	12.719287178749772	12.43059809708909	11.349428883561378	12.416339491205605	12.33939870233142	12.174850841303929
AN005453|TG(36:2_22:6)	12.870474407465187	12.035521404760475	13.867600474174147	12.660511454337424	14.63422492922678	13.546459006425204	14.792563296769233	11.334710876104344	15.90308972909032	11.381770064591953	15.102398423021524	12.186935936435681	15.74357653897954	12.06310135494706
AN005453|TG(41:0_25:5)	6.9746559323060815	7.1966736382056835	8.955811086556436	9.644451246640351	7.367965046709725	6.946138078928652	13.371613551590285	9.583053976842933	13.992300690221624	8.454731388322157	13.073922993808857	10.073445213154416	13.62354453171907	9.245580633300667
AN005453|TG(46:5_18:1)	11.122347680782374	10.285264258029406	12.801739439966164	12.458957914855267	11.992927556532898	11.382599954364698	15.862559574454613	11.039118702643217	16.087930192334447	9.654845062696621	15.928933634264501	11.573327403991605	14.633165475346944	10.971877724262031
AN005453|TG(48:7_16:0)	11.762010592289995	10.694992116666464	13.538805882911712	13.053180929721636	12.953216048183501	11.83503482628729	15.895937009836066	10.605298128400893	16.496602656175494	8.103879989687576	15.989318605976564	11.40517946842902	14.253704362949009	10.360113268265623
AN005453|TG(50:3_16:0)	5.643856189774724	5.643856189774724	6.306490496614788	7.194477005009443	5.643856189774724	5.643856189774724	10.878655466490523	9.557716065398488	11.844305150521294	8.973923030896286	11.048443327532622	10.123579033049337	10.416494704724629	8.976086301053204
AN005453|TG(O-10:0_6:0_22:5)	12.601292297573695	10.828748270164573	13.666819676452421	13.910062460306266	14.611420042814453	14.603521193024493	13.514902868252536	12.557103190181165	14.499200195434996	12.415776432176068	14.141499029871142	12.830328656624095	13.844752384087826	12.711881337394678
AN005453|TG(O-13:0_16:0_3:0)	13.00098074751449	13.007463169988222	13.75534474286149	14.698341553186959	13.988165965242358	14.362868679395993	14.720517978117377	15.00361457552564	15.464661553070494	15.398027822606904	15.005248433061219	13.637962063727358	12.955450675553138	15.592305383643547
AN005453|TG(O-16:0_16:0_16:1)	7.876915939934648	7.779967443427583	8.377918124854306	9.58436210486479	8.729268634770493	9.739575541758954	12.290359803475924	13.526011028845382	13.086335857541096	13.956867482321277	12.352190903965557	13.697604140954738	12.707316597329283	14.563304637591804
AN005453|TG(O-18:1_16:0_16:0)	8.220798154189188	8.653902878912305	10.176329642044903	11.270017405546243	9.479670638793154	10.833478881796731	13.793437788474355	14.938567437442773	14.767753851522542	15.330502344787613	14.252814423292682	15.28645061539565	14.517761427467066	16.091484040193045
AN005453|TG(O-18:1_16:0_20:2)	8.455270891180843	7.271976617764366	10.168122854815692	9.977215581423897	9.611307866008936	9.892191848954536	14.37337613295608	13.881486946867488	15.097991169522507	13.716545159852975	14.788198240601256	14.243740010137593	14.888856561500832	14.593084885148608
AN005453|TG(O-20:1_16:1_16:1)	7.911467532551774	7.624467397596344	10.460856677371096	10.04204138326074	10.083514128784865	10.091684624597384	14.278102423983603	14.103673870379486	15.042917508240484	14.293467127767803	14.585684842536049	14.345705447155375	14.935707228891324	14.859690479523266
AN005453|TG(O-24:0_16:0_12:1)	8.430614505811453	8.658360041789052	9.64798389450241	10.61903331641431	8.965783895628652	9.67549073816684	13.517192445075729	13.403038141904723	13.8411202695957	13.199730694848219	13.793936067639722	13.471166407469576	12.091985712812003	15.172384786061784
AN005453|TG(O-34:1_22:3)	8.550380992753581	8.193576534294968	10.093700156855592	9.72647324514467	9.542608485599304	9.652103466828008	14.264723605093664	13.716409357297104	15.263726551179834	13.56784431633396	14.611059563208032	13.81759209887844	14.952342030263972	12.438444502086272
AN005453|TG(O-6:0_12:1_18:1)	13.440350013648924	12.371411589518345	14.386671169387858	14.268475003402422	14.62985340520382	14.225264135811713	16.74578633687715	15.900271167600943	17.78433403743138	15.345242491153272	17.32141408964569	16.34587334723278	17.292533991019624	16.002445251090162
AN005453|TG(P-10:0_8:0_18:1)	13.445061762081394	12.378396483149944	14.38332328355593	14.281490046701068	14.65499230272338	14.190692584182353	16.761801432791078	15.881038646936465	17.785163666989174	15.431604291083964	17.28554899714715	16.344986076874367	17.460271202676058	15.94460423654713
