feature_id	AMC A SV P1	AMC A SV P2	AMC A SV P3	AMC B SV P1	AMC B SV P2	AMC B SV P3	AMC C SV P1	AMC C SV P2	AMC C SV P3	AMC A P1	AMC A P2	AMC A P3	AMC B P1	AMC B P2	AMC B P3	AMC C P1	AMC C P2	AMC C P3	PMA A SV P1	PMA A SV P2	PMA A SV P3	PMA B SV P1	PMA B SV P2	PMA B SV P3	PMS C SV P1	PMS C SV P2	PMS C SV P3	PMS D SV P1	PMS D SV P2	PMS D SV P3	PMA A P1	PMA A P2	PMA A P3	PMA B P1	PMA B P2	PMA B P3	PMS C P1	PMS C P2	PMS C P3	PMS D P1	PMS D P2	PMS D P3
AN005452|Cer(d18:1_16:0)	13.14206077541397	12.929323143500536	12.099781737266593	13.907653068809267	14.634445793401287	14.570943744498956	15.269196459358305	15.398009801370607	15.150250657282728	14.440572035248291	9.632977027065804	13.716836605554176	15.079863491566254	15.84435809107074	15.1634664974602	15.526666423133054	15.922522152164237	16.16890927062227	14.639246297227754	15.44369405648101	16.035043703145035	15.558057422655478	15.624702372073791	15.526793861173944	15.668484210752498	15.232388322259494	15.933128836759087	15.577260047392016	15.15640507049622	15.002204096160838	15.623616903092643	15.889099408315918	15.657586975794954	15.668287799392578	15.443920637392655	15.320209644830639	15.396149184714124	16.291694667740195	16.346599259066355	16.702038454792696	15.677881473353922	16.196004593661417
AN005452|Cer(d18:1_18:0)	10.951343004498137	10.006241913014538	9.266716277861821	11.444838896719977	12.051745942319057	12.690327605294694	13.120467938395313	13.252754119993131	12.801411302886521	11.06710491001629	6.382321407114501	10.60114864290506	12.174988081455767	12.481986061959203	12.175986097866971	13.027315116838905	13.701963756565272	13.417230165704368	12.941680389456042	13.737489250955887	13.979577031172937	13.463231870919007	13.815224166261283	13.546879994289972	13.98869267411187	13.623796918909065	13.987908816600296	14.094926322803696	13.842477045135032	13.039203523229146	12.972873912769384	13.44674602401385	13.222014489592839	13.046000204243333	12.729467799576264	12.178344285650693	13.223466293998086	14.031588353180892	13.990747500615864	14.431204412776752	13.196091837359802	13.498708369889517
AN005452|Cer(d18:1_24:1)	10.488211710987262	10.136901421323506	9.2504405483474	11.136190104319445	11.567281139249424	11.851151698231092	12.364670913881156	12.469575683722582	12.308233782379904	12.001362449678481	7.22042669888904	11.233158276082703	12.555504633941123	13.01528436756927	12.264618527919142	12.890554991065338	13.512186138259361	13.655140480851223	12.209773184441083	13.083760193379652	13.744207356621644	13.319221914051672	13.365946463484248	13.621676450217294	13.538980644721514	13.401156850962568	13.758201349234918	13.251113997028511	13.066351597126708	12.889633244997233	13.742011475737085	14.105717849453189	13.830314158445674	13.786822990304517	13.266701639340868	12.954143589972766	13.420630033058522	14.658483747893095	14.453808200150732	14.38122252699384	13.77723990170103	13.907117877313942
AN005452|CL(14:0_16:1_16:1_18:1)	8.093813673402728	7.405141463136344	5.212569338850806	9.265404076464048	9.952406374965298	10.328001662149257	10.812963432306953	10.8375096746328	10.507437885780316	8.523405132855501	5.643856189774724	8.064796645911805	10.651329795879073	11.215023294984112	10.168797455436588	11.6627306743901	11.680913285519738	11.966728940572821	12.40710574410629	13.045648759322583	13.493265044070553	13.868686572430299	14.057954504536495	14.366805763924757	13.377617247970784	12.914061797684523	13.120576475591525	13.900845114573704	13.592156833897793	13.4570922598914	13.789712951854906	14.324339493146926	13.951904831247514	14.3062155231147	13.756528177187333	13.616506343378692	13.624059758804412	14.396675683405777	14.260230061710757	15.07902011653346	14.172284513478262	14.254069750424145
AN005452|CL(16:0_16:0_18:1_18:1)	12.21031519155873	11.982359048522751	10.873259534178658	13.612190059236482	14.363678267581314	14.533317563774077	12.993210850951534	13.403873494248398	13.468307114085745	13.505712328014889	8.770300489499416	12.875111937141002	15.165920180282454	15.487936101455434	14.833332878872595	14.130830346784215	14.726109037553677	14.75369990005816	13.655172911883747	14.3032998648087	14.472394477619407	14.527374982605583	14.850154110917684	14.530422797775152	14.23879730676659	14.089543170798107	14.398332866111765	14.394525663766295	14.090383726705833	13.839929087629322	14.476846176710827	14.864417352061889	14.48046899154076	14.875383640615485	14.288460223066469	14.194711461745998	14.637499985628617	15.337878308772645	15.277095207213156	15.420813563843225	14.507361072940471	14.502823725548463
AN005452|CL(16:0_16:1_18:1_18:1)	12.62175198968181	12.182791598548055	11.555480667991578	13.556228218118507	14.138664583469222	14.462991054825132	13.972948383780238	14.426166457269083	14.212850479899155	13.460626111995689	9.471350063378523	12.972461112161207	14.720825666089835	14.88122439605398	14.553170879855035	14.4675195818479	15.086106362125397	15.283718526057829	15.558208730109293	16.247877460192882	16.125317204187674	14.603821619458305	14.944615530463286	15.047025899610786	16.002139912627545	15.779461085101271	15.97270925538308	15.005042898146707	15.853033662338348	15.61380183596683	15.99435277385547	15.017293427201658	14.968930435301363	16.311617951516027	15.753168686405685	15.334908375524853	16.047652638629557	15.877944786033122	15.583652232792552	16.514609274976113	15.90151133060839	16.013621240967257
AN005452|CL(16:0_18:1_18:1_18:1)	13.113048646397857	12.77348953297744	11.849452017096796	14.041095274833696	14.822151544039356	14.969430593023862	14.489484858235206	14.527836779701211	14.31612381675619	14.064464908067647	10.142668705323297	13.28492673319504	15.039394180986996	15.294359768058596	14.788598544883127	14.476354471712746	15.007542423136146	15.169048097383168	15.910233049964907	16.40569410444159	16.440027728575195	16.633746925422646	16.811214117513238	16.571831583161433	16.705847803658884	15.908039081519503	16.4017601770731	16.526345638956318	16.59407116518922	16.300375799429723	16.151397741626052	16.537693890913655	16.075054568319295	15.988121911755432	15.474336537142165	14.94716524566715	16.244576417758147	16.621448520248286	16.84049568942203	16.271973053288793	15.789952077919889	16.018434928072356
AN005452|CL(16:1_16:1_16:1_18:1)	9.970753016410766	9.673980351229854	9.167618854658006	10.924471084753804	11.638087416701154	11.782220155630188	12.601427248689243	12.67260434174014	12.58323323632252	10.617761300686315	7.494975554142499	10.250179965174965	11.819728049756137	12.202592195037585	11.486322195605405	12.819636253808827	13.326936419962784	13.450331057116108	13.8326171101809	14.329551804789485	14.818692013038458	15.599939276635814	15.526619968097904	15.686995876130094	14.618575921765855	14.446364153959715	14.682032795547695	15.132549532272531	15.070162463300624	14.981011537506397	15.234058844046977	15.611040363386302	15.284160785084767	15.998676364848697	15.519687232736239	15.391064315642323	14.77072324699406	15.867930720645251	15.786981711080198	16.532839563495905	15.801164972802772	16.00029803578523
AN005452|CL(16:1_16:1_18:1_18:1)	12.503172303545217	12.282022727272953	11.45969800079782	13.29679721977036	13.956031234216502	14.010386486843856	14.47347872541801	14.496497427643064	14.377987938945006	13.235722572946127	10.094051286619015	12.576352070067816	14.113654273556714	14.326148561205557	13.828329901875055	14.588506764787837	14.933326892842876	15.151887428412078	15.951418139872443	16.476442288468565	16.923839409244835	17.246952181960427	17.396801425949985	17.5089068410067	16.710073629044466	16.36592118219214	16.75299901723757	17.189425384796436	16.813244463937547	16.65346019940345	16.958006843901924	17.216319863086586	17.07634182187127	17.302008927930974	16.832543066184616	16.671300007702783	16.74585969042357	17.584390762977314	17.34032798688427	18.04443238280198	17.05211735047236	17.297276692246577
AN005452|CL(16:1_16:1_18:1_18:2)	11.010164414182617	10.664607278822858	9.436378413915243	11.537902693142737	12.169010503867028	12.359011005698907	13.266544997868618	13.385180247905163	13.147920370055274	11.543882488739575	6.490088723943468	10.923097170711465	12.445175251392197	12.566263385058555	12.194338264424259	13.391769867640184	13.890290880741272	13.945429204508168	13.269249431608802	14.043119585774733	14.476826562346256	14.680390843107224	14.885172996454425	15.096501040021527	14.20192173439539	14.109514009987445	14.401438878991252	14.622802836901059	14.428755341639853	14.493191852021814	14.492069734787414	14.676574741888754	14.383439027093573	15.022411596077763	14.577288375592259	14.38702441803686	14.117871142156197	14.983679921121563	14.85409989677124	15.383122737319	14.842545302302957	15.01317958336722
AN005452|CL(16:1_18:1_18:1_18:2)	12.770556533252318	12.541299933880156	11.642286405192598	13.569339420320771	14.212261540560512	14.311602165205535	14.758507435967514	14.781612777745243	14.5724148326134	13.635390507030662	9.422317110581972	12.937817007473537	14.356901710639026	14.733899252524052	14.098132449448155	14.791319097429145	15.255649358842184	15.25849095290864	14.948714904017395	15.48482792808114	15.877401333353742	16.001932175794696	16.207260507834597	16.321078993736045	15.820785526851123	15.561577934958308	15.896702302551661	15.966293871761017	15.823042258681687	15.49385795044365	15.596029564298872	15.919417368670379	15.715057073680873	15.795696745450956	15.43937055551707	15.191140587518413	15.562277608566921	16.42763465129338	16.208903225650484	16.36595397945863	15.636708159864302	15.824527468125789
AN005452|CL(18:1_18:1_18:1_18:1)	12.909969940476289	12.410954775889067	11.55939621160661	13.184052437443418	14.162097818726512	14.261744555731557	14.105336455611026	14.274862950111986	14.100112025910935	13.51988437898272	9.662632774953908	12.874795045131366	14.152768881632284	14.51638333050875	13.973827389524141	13.883581680147188	14.214461804542157	14.403681139302208	15.570301339354147	16.081931922038574	16.43647829539174	16.291824865866122	16.482887348137194	16.382090009012515	16.382962034198915	16.084156262838484	16.429086146956127	16.312274260810554	16.215683525411237	15.837444628304384	15.279972877760605	15.688141283172522	15.488788499926445	14.848171049498518	14.47017204756903	14.274311171501841	15.482304097487217	16.13095780881172	15.920382399467286	15.614095268217698	14.776428919853236	14.972420723149737
AN005452|CL(18:1_18:1_18:1_18:2)	13.021965466966197	12.74757411949313	11.714125288069745	13.555100754518119	14.410987889756473	14.41639708986452	14.561712169755175	14.767898383900036	14.426165146591398	13.713871914329802	9.520874002217134	13.025099756084034	14.323108255067604	14.674897330020077	14.237347410652667	14.487570633596428	14.868895844907422	14.9314439150875	14.679826986369921	15.247980901663661	15.63187674319314	15.48521076147167	15.692663173042945	15.847364728003383	15.600606948935813	15.366903068952439	15.624018621807762	15.435812179731686	15.464087815981287	15.076068591934543	14.834546106097996	15.198423554344934	14.899945966075308	14.864493284487143	14.502730508603554	14.294935155527453	15.010851941638013	15.944411010692802	15.734680516269115	15.170767736246201	14.627679788097602	14.722193828432449
AN005452|CL(18:1_18:1_18:2_18:2)	12.2162365818327	12.046660211596812	10.893164991745909	12.959067354020556	13.799201671980489	13.861814856703193	14.243010302102135	14.280922250955602	14.090173633636837	13.038843561249015	8.417599388288023	12.420252372981569	13.794817912827222	14.149737594638022	13.554265072278623	14.175350721957708	14.538718203134293	14.755123861871047	13.773856254031594	14.419740334390568	14.667546791452452	14.669484690197995	14.956275865765532	15.012031295370036	14.711266886373776	14.459068465651512	14.752474732291928	14.614041476772686	14.467850690620836	14.197177522301947	14.397984073353678	14.544095681411564	14.381288780869369	14.255083171605131	13.918418847084121	13.65994573605995	14.318945934106448	14.989394499844732	14.93304743912324	14.843463759093874	14.002930138359197	14.301432604110692
AN005452|FA(14:1)	16.64985118896227	16.62952695665035	16.15599357679189	16.431783392275957	16.104144768809864	16.457779880164153	16.67749778159544	16.244736205761818	16.11566327265844	16.384073928972356	16.825452122079493	16.587379056244362	16.476377573575657	16.434733279165656	16.190604636906652	16.18690696219958	16.060734767758863	16.095745208980514	16.578427681856493	16.330147826206716	16.497354920784034	16.908495827575383	16.74079319920863	16.581760494608613	16.406842422567607	16.40649667781339	16.32073181055213	16.836330871002875	16.30844213705274	16.133102065608682	16.602133824460516	16.210465501565483	16.63118871046788	16.428158293821554	16.262085116250805	16.742493787971817	16.44471565485034	16.197711804920676	16.51057519734804	16.503085011613106	16.3677333089539	16.294684820186035
AN005452|FA(15:0)	20.814254114476498	20.787684763920993	20.837888314156892	20.778755367567822	20.83536372401303	20.891725426237805	20.801152884176602	20.88479830400611	20.851963270090145	20.84910398879708	20.763695075336994	20.80785395887329	20.833773376769464	20.816339251736117	20.858426674947598	20.85381716619547	20.831609394897107	20.869065969438534	20.812984851462954	20.86457112467708	20.85241908053687	19.990771428265575	20.847009992503704	20.97671331734019	20.861147865359843	20.797827075805476	20.85862559674211	20.834292475114324	20.86999923703025	20.887353367094633	20.856555566969455	20.87672710196097	20.819521079674217	20.882241394960303	20.912113906699982	20.80420434736648	20.882951612236297	20.871168145534316	20.92122850994623	20.857546818073637	20.863484208648547	20.903489018641185
AN005452|FA(15:1)	13.264284246958667	12.9743608104095	13.083564091485782	13.065069388415793	13.091451915732135	13.527811738940285	13.048858057964948	13.161591708116442	13.24086435929817	12.78262766218614	13.178884226044454	12.820302639487368	12.840891981671296	13.03930635301509	13.166693480048368	13.08282265193509	13.067824225653068	13.213719391217484	13.02410078025291	13.18909252660722	13.1825309187604	13.055324807266201	13.090522669092755	13.859799734971046	13.037735686210574	12.887700418396692	12.958052397743678	13.217156482900213	13.076810587684353	13.042791373412214	13.122169574538207	13.132332637230709	13.051123954019456	12.82192740961047	13.16772703767771	12.770180711498686	13.147177890059632	13.089157476349916	13.218262012642302	13.028389577644933	13.08258817134531	13.161734979835463
AN005452|FA(16:0)	17.76508481815666	17.833691865268907	17.86988549974597	17.767169120324173	17.98882739833808	17.87785093046982	17.746784328829538	17.87635710455817	17.95245972768142	17.932320536804838	17.855299321114778	17.757925529249896	17.939815978861965	17.90056012251887	17.930556885463876	17.8981414385171	17.930794557819077	17.91381504286553	17.884543071803993	17.861781423606836	17.847534971289708	17.81857874498494	17.78308296322926	17.94864533061032	17.854164196503497	17.774197460389004	17.91243912530798	17.842959747939833	17.969248395118537	17.90379607492879	17.793921848099604	17.963871559057473	17.765690906251443	17.88511352062837	18.044169481271396	17.84157036713704	17.874898822925942	18.035116966829236	17.968725790675013	17.921863188521797	17.939179851505145	17.94368460536623
AN005452|FA(16:1)	15.989295590590359	15.570240552480913	16.80790063476803	16.8540654319093	15.50974346358132	16.785161626467456	15.771441237864027	15.890278054008867	15.940010480039597	15.53163701666848	17.109425349374003	15.939378341407885	15.645514617273085	16.080127361677206	15.790406282821861	15.6648905584949	15.647304952056624	15.762486893995368	15.911309822672854	16.148352049024044	16.27561275409218	15.511163968449916	15.688670760676015	17.547008371400935	16.0092449407142	15.903540614784411	16.156590530245413	16.636543342053482	15.522383527143425	16.379423213665163	16.266352100539994	16.337568071683815	16.100002965075074	16.26831244908238	16.323473162877587	16.034308067065492	16.087620503092147	16.45176151735536	16.37585889623089	15.633569140222834	16.414507695445625	16.553616245530204
AN005452|FA(16:2)	10.764531605295563	10.887982133058454	10.40703402446486	10.75433636754947	10.601065050677159	11.466780043483297	11.110561608643462	11.22644229879855	11.245261523425276	11.097979428895998	10.333132982772248	11.12029620615099	10.599829178322057	11.321730837940072	10.78811470482831	10.923839989422694	10.930663427112249	11.184714208175235	12.704601831446217	13.470609309161754	13.629124349340506	14.13304425226557	14.355663554737355	14.500053234685963	13.144416074047035	13.095273386178633	13.265619441365175	13.886876848993943	13.797808422013267	13.381125168840018	12.553794863187473	12.94062559668534	12.637614321404131	11.852822076081283	11.904830279088985	11.324444978962546	11.621333039157015	12.547578998983138	11.993246238705739	12.865930410241216	12.172530643902498	12.36362009689154
AN005452|FA(17:0)	16.74926019054339	16.629247178538492	16.710500414967377	16.499938045252414	16.818873098636303	16.800122973551026	16.58921252536182	16.760006608939115	16.650101750063158	16.618863510813597	16.72175513782587	16.585045563657207	16.826880250133378	16.489907057806587	16.854652561712747	16.340585564762733	16.592178299928335	16.719913237466468	16.64947737080504	16.6816624211919	16.665675535725246	16.785648245552107	16.67071723599205	17.018224851017752	16.630228298030904	16.657399682638097	16.53269302819531	16.858774244705785	16.813959638551427	16.549125547918766	16.711381438800373	16.479077941108628	16.478759667423702	16.959809428617373	16.895252438512	16.721749931995017	16.71422445137379	16.264072348962326	16.673287402947764	16.629401732056582	16.605046407258545	16.678602202134286
AN005452|FA(17:1)	13.429495664863706	13.207209595630035	13.485084629562962	13.59140079228917	13.477387680942416	14.74933261063125	13.192024596230569	13.757154541654467	13.714230489514508	13.055680680969845	13.574352269634895	13.745672223396294	13.612433135690676	13.213986643294831	13.51825972915312	13.49831943979477	13.04801168724942	13.648756402844619	13.445951155321655	13.259195971319219	13.737178671813993	13.17247751453935	13.096678921966323	14.854457892929057	13.136372773232866	13.468522225984358	12.967096540163558	13.871263234113073	13.342331673787115	13.482041541985604	13.51428872676179	12.923960661346515	13.369705026413708	13.443493988323734	13.634167818679687	13.009275781545412	13.453183164113344	12.951601635883645	13.724223920729843	13.376061611844175	13.105733397706825	13.1993150004732
AN005452|FA(18:0)	16.85986184042077	16.43843386284583	16.789351895720344	16.807415301445918	16.77480725986656	16.873892722071282	16.571279359300142	16.799776274042543	16.85634199638218	16.67940738562305	16.86476905001518	16.62701426794339	16.644504411564913	17.00713427770398	16.79391937218705	16.735873032950035	16.78599937783693	16.773019148887027	16.65822054978488	16.753867659204627	16.811070336650676	16.647204172898572	16.67986587537887	16.88428811495304	16.720630776300304	16.65325837246826	16.734841242152626	16.659074827118886	16.807562088294265	16.902295732040095	16.77147064129958	16.868813513793455	16.647187586532635	16.7486787337131	16.860211618839703	16.607356179143977	16.769969526921987	16.843375914920443	16.902705788420388	16.6823358581712	16.74404070474525	16.80014939617244
AN005452|FA(18:1)	17.35676290090831	16.91101752486844	16.684702604201956	17.070960943932235	17.249646807496774	17.933437437354737	17.289980406001256	17.41316858520421	17.288456257705693	16.857156320663893	16.705300291712657	16.927265350462914	16.931628584189575	17.140227956618848	17.200420774910732	17.108840910026455	17.06368536075266	17.295017873285474	17.59620613839879	17.8122422473953	18.144001644095788	18.415730794234328	18.53597186448364	18.921261407126746	18.14892080188811	17.868798023446715	18.024655539633343	18.641817577365263	18.35736024648772	18.092791665853813	18.274642364079455	18.461056400957567	17.922560013825894	17.797062895988642	18.093001532840137	17.446379663342242	17.78245521546707	18.08411639081477	18.071442302872242	18.144813261293326	17.81159395124028	18.04529557543339
AN005452|FA(18:2)	14.25774655651093	14.056376922721281	13.636631417143724	13.79627895626188	14.067651992299517	15.358476759396837	14.033995904765673	14.2425623153949	14.38034268456075	14.145854151592935	13.788357409901826	13.959939464627718	14.022709372260183	13.953754490101037	14.047489482625	14.020015447792002	13.93357540438771	14.161919165427248	15.250449431035063	15.979250117702716	16.110721455555495	16.41573219693784	16.76275522652673	16.887435189924286	15.63163663686915	15.408400069109446	15.532837737602426	16.431055508765812	16.22825427595047	15.937778854588414	15.558571085820788	15.78467343754262	15.146664131010775	14.954682519933957	15.113475216729213	14.564975896543425	14.837631382233296	15.175468073177798	15.207181755237723	15.385146199224033	14.816285198622243	15.001696704550932
AN005452|FA(19:0)	14.578156837090333	14.157529313586465	13.957276199465348	14.113297765767244	14.023360191484155	14.597883788054506	13.6825217252045	14.230999118212123	14.196565244201514	13.49154498792799	14.21028246375967	14.178075796261894	14.126455238006693	14.113559050646932	14.15847083949068	14.019780087027963	13.931315556136958	14.285099458118696	14.182790047021996	14.126053467924676	14.063519794861746	14.248788898734736	14.201533551418503	14.325854935160272	14.164782821916935	14.021752976033751	14.056791797552279	14.336266648576718	14.075520932219412	13.957910065543896	14.256908927541195	14.097474181284785	14.12953981312815	14.153046873350448	14.346645309374457	13.482344122759974	14.159779904344015	14.108070276121703	14.24551036954649	14.096337962302748	14.196973202414608	14.096651746977487
AN005452|FA(19:1)	12.171217462810509	12.025956212168273	11.695506709992468	11.603417713973496	11.906541150585987	12.105702301031982	11.757335834358923	11.73080126519979	12.078514438498788	11.498051366035302	11.746468134003772	11.769879157328871	11.614765048226396	12.071164004898602	11.601668663522618	11.50687284413493	11.881106311158312	11.590774157760558	11.83158039565271	11.527369484130668	12.031473771696309	12.007535415441884	12.118785377807347	12.539311507643179	11.679875906649267	11.513377241007133	11.943393929347506	11.998022688768472	11.644284426301773	11.829100339528411	11.898933871780175	12.008281543720058	11.898714742958981	11.872313199381123	11.795962522389656	11.963802825630944	11.813793213625617	11.771018948746015	11.633145091548293	11.832427233479704	11.424759414838102	11.61418990177424
AN005452|FA(20:0)	16.149671514144107	15.926086544146646	15.759320748877352	15.852899596307271	15.826988338943533	16.00965544159044	16.03811307665409	16.05601550338623	15.953244546766596	15.849736657895203	16.040173901737575	15.947635568303987	15.812377136631786	16.229878343968466	15.99847231571232	15.973469797471326	15.89418493001679	16.040194026273923	15.90368323560604	15.843701745760162	15.97250957748248	16.117633767992018	16.12605487996325	16.1906725337118	15.890023633586292	15.668842890277194	15.690295954979378	16.31537248897717	15.828106725326112	15.719384542480693	16.222261527756608	16.092587858733985	15.836970982904981	16.03849144011396	16.384418342921396	15.89933685912547	16.1641485820457	15.964124004970301	16.077560963887567	15.841873639005197	16.056281230573706	16.07510284147007
AN005452|FA(20:1)	13.291069948943601	12.963447029838242	12.67045487732189	13.623356840585298	13.722781920971096	13.959099965773689	13.861181919072287	13.889654157106365	13.718153958327491	12.991429726064311	12.486561034294347	12.860563252287642	13.540858163662282	13.78494457463569	13.478376540214798	13.184924919205633	13.37209236945746	13.634757742058769	14.723258302940403	15.331388995055768	15.56501399033035	15.95319861346262	16.176799204620533	16.29184536560533	15.801791452929	15.677523382572767	15.913093931123088	16.12850288930588	15.891505103297025	15.533649423706041	15.170368339751514	15.339023570061325	14.964122425204758	14.610316651388484	14.613090734437877	14.094284736490184	14.54681429454193	15.240225246486002	15.084680934149327	15.03404148639252	14.530063058724863	14.905444828249989
AN005452|FA(20:2)	12.273644096626901	12.138646186638777	11.65285841419751	12.597931494857876	12.995956130137358	13.291091538902686	13.14855920111446	13.216453349402297	13.129001213048985	12.177631317053288	11.048561799551178	11.87947986807942	12.699114760950044	12.864288693098038	12.428362790073182	12.437424386274298	12.776398075043316	12.924435824943425	14.943191526106268	15.563280001881019	15.828686416771838	16.2571585358512	16.367803938361266	16.444589652606396	15.791245320101199	15.73303253941108	15.898271188594853	16.313079653683808	16.00556885068735	15.663231192688427	14.813913432201499	15.038014021218105	14.780544893582244	14.112942798350668	13.904260164739078	13.818942606505658	14.16425800783458	14.932605551995028	14.704718535112235	14.973049765844898	14.0780465388881	14.479813098101422
AN005452|FA(20:3)	12.137340212289516	11.888903032221913	11.266400052759147	11.416544215822507	11.882333539738166	11.716266450837583	12.826848355561708	12.898248038776265	13.0236937200291	11.813071691722344	9.617669483554861	11.434414517817954	11.76426204770282	11.776083420307927	11.435352520543294	11.825940616017032	12.019420458057525	12.249934144725353	13.758843640080988	14.572873685218328	14.916080050330407	15.550917494196343	15.755738580997349	16.04692532333765	15.000714830429695	14.892663763457772	15.057391884906664	15.669321083252493	15.620397688117713	15.334285857149556	14.065678663782625	14.38902090119886	14.165224994557429	13.57364363755037	13.193554620671803	13.50601866600555	13.589054191043504	14.280780917668555	14.073803500630792	14.157661148421154	13.364576535829464	14.174970142032599
AN005452|FA(21:0)	14.628345286208862	14.565262170536055	14.51415987096904	14.475336356581229	14.52985876017872	14.960617861046746	14.564503211833152	14.743920303872809	14.90837479339658	14.557847180621392	14.73544601950937	14.605672227209318	14.54276769682796	14.481536468964073	14.550542990315352	14.596317896815329	14.124295820835817	14.178395643144869	14.48098894918704	14.58096513597733	14.57671698269161	14.813179441869915	14.780755560958607	14.684968272863985	14.606262347351706	14.446572224288747	14.74357429260141	15.087861831145673	14.71669355219108	14.520233771406764	14.826784316082424	14.633457889177514	14.690030719875862	14.735920882308665	14.180177238471256	14.79027466977089	14.080028025555656	14.681292775403744	14.70072471762994	14.816033642948415	14.7218874130199	14.750181474891606
AN005452|FA(22:0)	15.791419835549396	15.68965297585014	15.502049842376628	15.653839563218162	15.710095832560325	15.856595253191642	15.985677641462233	15.958741195937895	15.849426115661492	15.887008508852551	15.720105551500145	15.856625645884211	15.852334919712865	16.050599049005022	15.889393209310413	16.04113100497972	16.049117021411885	16.056595170221915	15.738716124104167	15.822119918291117	15.846690408846253	16.050725936262115	15.936133183475018	16.094725960802904	15.811901207204349	15.719143056248528	15.802756407262708	16.10779512504094	15.861841505717837	15.764821582659815	16.16444933567953	15.985958644390728	15.96202093447062	15.972510923718165	16.290959295331945	15.961940924750559	16.02174647071556	15.988954013221411	16.11666844989437	15.921911815163835	16.061959888902994	16.20261381144269
AN005452|FA(22:1)	12.090284473950536	12.053230152929752	11.722329399153418	12.174554352905254	12.190389544966553	12.410456651622992	12.849422694682442	12.413075177869976	12.102507230419093	12.153149819654018	11.92566198896544	11.995371450572195	12.319039815562537	12.382199801060395	12.150943577535601	12.174900722162944	12.287357432909165	12.306030350925553	12.807729233536598	13.168435514292904	13.690369077070661	13.737702603322985	13.88104893848955	13.895517535557335	13.606450325131162	13.410754751968936	13.70975157235902	13.639804196079293	13.452266984223984	13.41803178602568	13.232563330817829	13.308309163312257	13.012053562777064	13.471982516344227	12.933965375165789	12.674238620821875	12.83841016632985	13.456798450401866	13.202844685052424	13.230922588756046	12.769662247206938	12.869566855106779
AN005452|FA(22:2)	10.611753340358515	10.408934717784982	10.092625019939781	11.21699436828928	11.440355310609146	11.565221107694228	11.55097278990309	11.453810771756098	11.224309239434103	10.359013751955395	9.588845783715701	10.387565026467149	11.124347523154619	11.22428511904002	10.901244032467376	10.465729642537667	11.002829076893704	10.959002128302666	13.49861239368134	14.13864858623866	14.442562561633736	14.946423376823464	14.944181749372117	15.073345787101744	14.446737625252085	14.285455683132511	14.506906926382689	14.945299340160966	14.758773387182902	14.317923430705081	13.158221509377867	13.513936041445504	13.235200502589823	12.346109234306637	12.18661878497857	11.910230472989785	12.615877880530316	13.340352242719435	13.06714861699374	13.3037607740173	12.50008498799377	12.946756442723165
AN005452|FA(22:3)	12.446788663127045	12.321936548153852	11.25933722793747	12.309962286282202	12.691230983558958	12.667424269557	13.39520341300417	13.292033985499543	13.13554416822335	11.927981613588925	9.424418265945784	11.421659871466822	11.912990351277722	11.938506343615925	11.540898110094062	12.008498654110637	12.457470659931857	12.611426002604462	15.687881664384763	16.24117039966246	16.569260492542668	16.88445745521092	17.050392328526808	17.015491933090207	16.392052226710174	16.27705451280068	16.48547934480213	17.253371178910477	17.018839889431042	16.529953899817396	14.311084136495092	14.47689236432245	14.388903220998088	13.016872692277573	12.79919458763022	12.801332481835662	13.438366932949172	14.151789543981593	14.054980712555283	14.228936656048615	13.270020779431627	13.817136561615746
AN005452|FA(22:4)	11.462175047387415	11.57990515345134	10.637784110291324	11.749689288721408	12.246550601450641	12.116867005829896	13.681943332571885	13.756001653945294	13.431195923048927	11.476432320349012	7.685169272103357	10.572927553822321	11.352595231134304	11.483327072227599	10.642187108510031	12.596699921445035	12.955737076800682	13.1984220195393	13.705987618076533	14.36480563127264	14.64474407563494	14.846271952229834	15.123646960788271	15.1312987244424	14.371204216389218	14.271002628513934	14.426707010288474	14.97520043659251	14.833980126218616	14.473866166968627	12.289848870850738	12.506788564574228	12.312443388068305	11.3227675442162	11.072561395444408	11.051582823789007	11.4929547343305	12.264727005969979	12.019323151719712	12.44740614293345	11.490720537040838	12.019503858266578
AN005452|FA(23:0)	15.405405760127186	15.328353412268504	15.242808650883216	15.293386507201163	15.321218196013055	15.489518726553845	15.640346061442317	15.503025674935792	15.507224162496536	15.457864988254112	15.396728188939111	15.495197034396924	15.346410195028067	15.129520494629155	15.40825177845704	15.464717079340492	15.536410238303072	14.952111022320782	15.312341985006615	15.329015648069584	15.393041138151398	15.47760998042797	15.376813870319328	15.41830295719666	15.286457049546833	15.253101427051783	15.270117899117384	15.688753252057083	15.394458675209172	15.36211642637416	15.447186567425332	14.92646881499563	15.521314264558276	15.355300160681654	15.640817697187597	14.29176929931869	15.42517065442715	15.24946867411434	15.206339043134074	15.207550120239981	15.400757717092098	15.43648024740382
AN005452|FA(24:0)	16.10252199316455	15.93887684057203	15.926311748687706	15.86602993607215	15.816148173733911	16.21880197550275	16.154856074211537	16.24918198502766	16.094045305516474	15.998353530841126	15.812425523191424	15.9623436405007	15.882462271327567	15.82330155293228	16.06490629627978	16.117173110109537	16.02851821745532	16.033410310789925	15.869535528960991	15.99515301814628	15.892006022478082	15.921217524678244	15.81150916215645	15.959065995181511	15.583407196334244	15.465700312119573	15.709523545595815	16.18155974357606	15.800917337097337	15.856220762674726	16.057872240399252	15.859022948451031	15.773860631458689	16.025801828108012	16.467329159887758	15.917720076491888	16.107329679561456	15.808980258386365	15.894725413472997	15.78246999742213	15.94232549660948	16.195650568395852
AN005452|FA(24:1)	11.394832431617893	10.8844605556219	10.74860379138834	11.370295079891232	11.868753118583376	11.770919872188117	12.17191797480424	11.751677945687579	11.81698362325538	12.045513959186671	10.791903585789107	11.419006841757309	12.188134455025088	12.385506535108037	11.978317203198143	12.133000890737808	12.495407862005516	12.597768587074093	12.254712724344662	12.713824670235963	12.990550747115266	13.234597418314044	13.321653336759685	13.528198906014257	12.897851126965438	12.892020969075418	13.173958153420996	13.171767893722812	12.411791661285076	12.130991984412441	13.147898117109376	13.341524382752993	12.907091582088789	12.807248245628855	12.932198139468227	12.334544254086028	12.568317179176129	13.26479443416101	13.06497679643317	13.042175773906003	12.511535244983433	12.824282567330721
AN005452|FA(24:2)	10.310419652074227	10.257034197626316	8.901711653889882	10.809695791212423	11.089847680689164	11.227579845505385	11.248022424468973	11.14032493086791	11.145085125640499	10.267348520202452	8.374430937662357	9.581558386190974	11.01959767773922	11.279181074513643	10.562881572090562	10.704275443300178	11.096108963481683	11.38923337370544	13.153590030199114	13.809975074297835	14.188887830887934	14.27963451937779	14.57212049805611	14.468704854994003	13.881912156024589	13.877046349195572	14.115272915082828	14.128400384413291	13.852624112453661	13.488688723776535	12.792190402069808	12.964207278733488	12.88404074705143	11.990309643178573	11.504918274996763	11.084443018212571	12.194581430751159	13.056669887531205	12.85138793212687	12.721910903612647	11.688836011848489	12.356960840387355
AN005452|FA(24:4)	10.196651301485371	10.148044344470804	9.336082503592028	10.45200437597717	11.064843790277477	10.789835193772927	10.944543700200626	11.224478070902101	10.847315786222794	9.7229611828139	6.479618608469416	8.859255227428424	9.904830279088985	10.07067107675293	9.685116697350121	9.767654798237347	10.336283387864432	10.45281779132261	13.32664576280716	14.006733685737986	14.25713882665469	14.356875582768907	14.622150795376726	14.623932915963842	13.861157681636989	13.774833378261759	13.86609563868349	14.450379390303034	14.464876904259569	13.979007117623421	11.422884724174681	11.670581014593305	11.46833384571185	10.36792795796355	10.155602519385598	9.875257876110211	10.809687753488749	11.684748620421626	11.403869500980793	11.533889373845625	10.715241320492453	10.988457472811401
AN005452|FA(25:0)	14.351549380975513	14.204147748942589	14.203864906682382	14.19030774374045	14.352345565362024	14.47529708650914	14.522479161005066	14.65061480155908	14.412468627030513	14.260408709205187	14.069150993219896	14.264815688046244	14.357042655461136	13.958690453608323	14.41946515375553	14.447264068479557	14.519155233366627	14.438543023393814	14.163197583801455	14.25255086963771	14.132870798334352	13.861555124164868	13.930760433802204	14.0983825126189	13.979264410550481	13.80069367036295	14.215859055658294	13.404781010334473	14.246967671508191	14.131731587276773	14.632602786147444	14.22051663476647	13.977812069609536	14.248032804983572	14.903597099964335	14.031360904344837	14.517537143228314	13.882867497827544	14.071768198916267	14.526921593525097	14.446131493211958	14.396144500890236
AN005452|FA(26:0)	15.172904837964111	14.94209109138961	14.90272933780376	14.916392202357418	14.993194926178944	15.260850086860362	15.201073262302035	15.368246231837494	15.307035692525094	15.048207997520793	15.043575027658733	15.125358173647912	15.05254894719461	14.778070967669803	15.20076376742529	15.103555010134064	15.298584934433952	15.263272501898422	15.141074538554461	15.03197596742532	15.051102281560036	15.02327138192509	15.013269888806	15.02524210143816	15.049756251443984	14.814948900755128	14.90433026520159	15.349818890567347	15.114184802393567	14.886939228218584	15.02636047309541	15.01123599264874	15.008352020634039	15.31096702203652	15.523111349772341	15.137534742953717	15.127509553958443	15.039819535454493	14.998898450329461	14.964158985049794	15.145024605165716	15.196280911321018
AN005452|FA(26:4)	9.669824025485834	9.856892344692017	9.14279632211264	10.364692797764977	10.696054689437426	10.583599938336706	10.815263199662889	10.708445921052432	10.563711088033047	9.369291981680037	4.517905553529951	8.658782734012828	10.300890181530505	10.480285320936371	9.791146605223387	9.644631430032042	10.267219752565797	10.315443959776124	12.90429780299475	13.487085083786626	13.943978998927813	13.707469142011906	13.79131451825654	13.822998955484513	13.253212252132501	13.240415705631687	13.44869837789955	13.813711058503477	13.509996388585282	13.195270692239905	10.588780211139234	10.757906653373148	10.499108409721238	8.317322159829551	8.151676195817078	8.005287693907865	9.896650276505104	10.567357204181441	10.390975006155534	10.087157827521278	8.767257525746638	9.71556738235814
AN005452|FA(27:0)	14.288442198611484	14.235931946368344	14.489457261239556	14.799056435846307	14.731326456642194	14.801818981500823	14.923905431987867	14.639748246353664	14.88626815287296	14.67931239845271	13.91977487999342	14.809073739989103	14.824564013207562	14.823798610634887	14.543967648798088	14.54047861738508	14.65364338678761	14.919349394255159	14.997303435160704	14.353405312776092	14.251686551135265	14.980229743261566	14.971428144508597	14.737970305346353	14.196798048048521	14.774978500435935	14.252323934500438	14.534827502928447	14.329265178467937	14.75177573781142	14.888100608096462	14.655761017218543	14.881611092285958	15.103651305371436	14.783880177589172	14.575819297243926	14.918298176641768	14.644061871866066	14.476512696240597	14.706241840463626	14.77801345565549	14.940819644716319
AN005452|FA(28:0)	13.635962931526814	13.633459592064288	13.628983146890171	14.145346290149966	14.006732809286886	14.181908510475868	14.083516723896023	14.036629535187787	13.87909403639162	13.88472287395774	13.503593467256646	13.999467168157171	13.988590610332427	13.945190501176162	14.02162720134987	14.077786250963213	14.282994997445263	13.976087024401254	14.007693956198132	13.976018982419182	14.084808387804362	14.351083471451437	13.851283486373205	14.086879280395529	13.673619358563295	13.876481454295636	13.632773733724973	13.929462775958756	13.75116848271253	14.012628903255363	13.919579376965654	14.290919529928603	14.183376405014695	14.10452176846436	13.927477060653652	14.094577526563793	14.292850035253696	14.588352159761941	14.188333848149867	14.071898055021148	13.96390846383189	14.284742422291522
AN005452|FA(30:0)	13.197824856257784	13.032317842881115	13.311992337980616	13.093463782710721	13.319341888867383	13.091926229060924	13.539407237704458	13.302726019730837	13.102060996158162	13.329895821336759	13.147583360114092	13.093650291612144	13.255370903636583	13.27045156130095	13.092476369373028	13.322146455052257	13.322480270899504	13.546954731650054	13.37172764631581	13.557859742172491	13.454795359684153	13.705251145863269	13.422227743651545	13.78337479978686	13.67137299312202	13.29299019118142	13.499786105663379	13.548796627366203	13.437992588127019	13.439108836475377	13.237292133463722	13.595608320498947	13.265324954751984	13.59816069823229	13.656701934230725	13.259963887375303	13.585965979987355	13.546852268155693	13.374762381226105	13.54193511966977	13.2659080092311	13.629832430597412
AN005452|LPC(17:0)	10.01521989203185	10.55242894852647	10.632886173247226	10.819580375155004	12.458624487826153	12.607112968317983	11.656840449755348	12.770327334928483	12.406587688790083	12.662735124206629	10.271836492840679	11.732133499455177	13.24775250486984	13.600802632495329	12.944184952875077	13.605419327346734	13.997270352335239	14.1556191202373	12.606675866140781	12.405431356131952	12.419981238935632	13.373743356997302	13.754545155432785	13.884120901759106	13.365766068351306	13.147875863820232	13.408820640651314	12.14039843120836	13.260910715206608	12.89307964823668	14.112429732391796	14.446288543332177	14.268843139499722	14.648978795875946	14.161520066921048	13.975124290013122	13.94862000961959	14.858529383178395	14.68554928677825	14.600387426590844	14.125975198482308	14.235414439650858
AN005452|LPC(19:0)	9.090800513729452	9.225424367256052	8.16385090976318	9.616677486008863	9.971859647715664	10.063462495369542	9.996515858009479	10.136978299456365	10.009562722781755	11.116766310120301	8.020313284785889	10.407926281770834	11.313461278404096	11.637018770430013	11.023865218975402	11.284916614775907	11.619371740888434	11.665597959295411	9.971730345000731	10.652396861477678	10.769292391889804	10.641356359444636	10.908174924036665	11.033120113915503	10.704811459057959	10.607774151636788	10.968803569175376	10.526088379338718	10.323122332297393	9.925317061778633	11.855896287751365	12.420362917871753	12.09105185087268	12.33535127186855	11.861684027127493	11.783571242961267	11.71277201424982	12.499733794888892	12.344479007589927	12.838683946238264	11.931029246830825	11.94956776095907
AN005452|LPC(19:1)	10.1165648976139	10.310078772077471	9.424439262053347	10.576059128429312	11.22453233396399	11.26108413495374	11.18048729585126	11.919682717581143	11.477662151020033	11.547901872993013	8.702726795522972	10.895416236365605	12.081506739394394	12.477846788143252	11.671797562341004	12.367275498790203	12.997468837909524	12.880186160952961	12.301570499865885	13.190832425780137	13.380218881960396	12.962272461551994	13.27690952962679	13.413130727031213	13.103309120794979	12.704273281543134	13.103838550474476	13.086295483398589	13.016150151679533	12.717922705383605	13.93128415724514	14.324041981597325	13.98149682215313	14.309024375027683	13.905196124890354	13.77813155820479	13.627034508842671	14.52193715194887	14.096264653686168	14.818620620877205	13.998592192568104	14.069311298310966
AN005452|LPE(18:0)	9.972707011964674	10.036146132386227	8.803711384420392	10.373376332003554	10.649184310470007	10.854922911739921	11.182009417836248	11.364566960899555	10.984845649755517	11.271702290007687	7.893362210763872	10.79960542245267	11.53890185665016	11.899122749226471	11.450855546741897	11.869304658385463	12.36723453962721	12.437567432989177	11.595453309113642	12.114044865877151	12.63105424856645	12.228024989935724	12.472117099066535	12.548992845173988	12.53844843858603	12.247316374195622	12.616006582599885	12.485011650455208	12.395780454343921	11.856437200868289	12.797706102820833	13.069496759986244	12.801425449798801	12.87923478595977	12.440318970356762	12.399168422951234	12.762658175840365	13.587676739763104	13.393992348669055	13.456410889609506	12.583896052703434	12.79719338452273
AN005452|LPE(18:1)	10.555097158644548	10.570899286351525	9.598685285643192	11.90754792404676	11.888979113299467	12.03038781117203	11.423031846807088	12.05500783630022	11.732807633244445	11.450917390444205	8.88529980646129	10.731972339070282	11.69207929484022	12.370807263198824	11.793022050255018	12.039206951006763	12.619497839071292	12.777000457661009	12.337095010267186	13.371895049354913	13.559890881455352	13.148595742596353	13.376961020197648	13.710352292040511	13.08808095933336	12.85330370662814	13.354341682819662	13.240549869191224	13.15492092904777	12.968628997545615	13.378101092533567	13.897867194564178	13.503768605346009	13.570414307178952	13.194139699495006	12.900996961573309	13.454603893255417	14.390375213520326	14.037524647610462	14.150972921133484	13.36933015578974	13.502452686384586
AN005452|LPE(22:3)	9.688092915634371	9.889108441924103	9.171877329386279	11.806042052041981	11.389593698570886	11.44601320961269	10.152715811597242	10.772430050892748	10.75609758932709	10.011185316004338	6.695158678475356	8.962462264278457	10.051208940914766	10.636615558360408	10.45217945345289	10.619339641409278	11.017260799616038	11.033209610058838	13.055002750636888	13.766363262460455	13.745028243531314	13.372662404890812	13.639114563179414	13.343703448991684	12.870642134263788	13.012208988438383	13.191654558193289	12.917260180485803	13.065032352335846	12.714919476653499	12.518353177666777	12.596662655202337	12.278327486092527	11.908644057154774	11.745060817114695	11.554507314081988	12.734423846867772	13.46630337861274	13.007288372468937	12.139851882561507	11.542654658984729	12.284717122878694
AN005452|PA(O-18:2_19:2)	15.899534652381885	15.998009021441485	15.469247196863359	14.227300808277992	14.97975742710616	15.445295220478805	15.183534587778581	15.173899612702003	15.434677415506465	15.955393817327394	15.874784720963321	15.678121160103029	15.313356049355344	15.622095873161202	15.465924100879208	15.211732810231913	15.160730203451617	14.81764973625405	15.827720052231596	15.556333011896365	15.714812447669672	15.840167903969387	16.08161429498495	15.363812393409185	15.821017813628925	16.011515555929247	15.984721955385904	16.217617538775976	15.480308991141227	14.753285706013502	15.713468410689428	15.618652483971177	16.035653547490142	16.149270799121478	16.04848751257888	16.1415334161374	16.109856970167215	15.921741934307859	15.911954377594865	15.977668320074	15.601860721950809	15.904380133255833
AN005452|PC(14:0_15:0)	8.555356038635832	7.851436735961674	7.87670110864523	11.581120534613914	12.033182073375277	12.195885826138792	11.122679188990462	11.951485075364612	11.646203167569585	12.058049239942108	6.551208373946096	11.262388523751019	13.915231439388183	14.49823091861998	13.639050105228014	13.691654111176174	13.947799460263894	14.025082448700378	13.229319038564087	13.838517517881584	14.095931011243717	14.659866596907731	14.839909409957958	14.841764325995904	14.021018991116778	13.728290437979965	14.100362567602591	14.442879366006999	14.3423240337348	13.928376800622248	16.830657063034177	17.171921687549766	16.982561044382788	17.541895957969416	17.149049653626605	17.02633118419827	16.434700868734698	17.329322823665844	17.118522705917123	18.06457274175938	17.431120003069555	17.611211218889615
AN005452|PC(14:0_16:0)	13.94074854267553	13.790258885581297	12.994081137834371	15.250779532142346	15.644871073004127	15.721101325398495	15.702747354109762	15.781044089461824	15.722724296362314	14.687832194874575	11.435248328129967	14.384640093893209	15.926643930717331	15.994333104616357	15.678463697180147	15.763738599266858	16.164919100934608	16.161265751313085	16.286594579316244	16.588645104671333	16.905472916341335	16.92394337339225	17.292996210393888	17.095176220970988	16.675198724338	16.534216541917694	16.620358594593224	17.015452622080858	16.843015894232686	16.615070501544228	16.579759197642048	16.452373816056863	16.576128677922604	16.34020826662737	16.003874501125903	16.043839425598154	16.53090114223847	17.119534708129216	16.843438854096338	16.71574124295632	16.274233810997664	16.47293813085195
AN005452|PC(14:0_16:1)	13.716530121814813	13.617405476747164	12.647368480069973	14.942787092501716	15.512255594820445	15.541968383599588	15.255414796170852	15.342432379786061	15.264076381913688	14.734712266010973	10.642484978057139	14.138415006469675	15.83912626674944	16.070287012603373	15.5424231153245	15.77786915202681	16.296241577769983	16.248159033479265	16.419509923558223	16.948892814191556	17.183779097225997	17.54804182787053	17.681728845820732	17.787223905233244	17.060308569090832	16.83611053186477	17.202169749299845	17.43898997567552	17.284303324158294	16.996149168085573	17.417611089780394	17.8606202937037	17.55534577720556	17.794708084548198	17.41845960698396	17.336881776997213	17.362938811982215	18.085812677327155	17.953752387494827	18.106246089331613	17.514343132510547	17.567923850827167
AN005452|PC(14:1_16:1)	10.224194663970433	10.25690450604534	8.90818243136757	10.972182853810814	11.223651814420867	11.526509020086738	11.639648209618121	11.5909612413426	11.281814143181665	11.610374330996335	5.643856189774724	10.885772623704936	11.993872458344354	12.378536007541664	11.586384770118876	11.932251667950549	12.7419535611065	12.939024507506591	12.722950513089554	13.230972108279412	13.822351741352252	14.506483629739536	14.29166427449715	14.475997453431745	13.306871980672403	13.248845219272603	13.421424507062445	13.971583967526183	13.947579411622923	13.534659134526613	14.454884016738289	14.515476863572523	14.606912935344004	15.157343777095285	14.982209288161872	14.78851341303378	14.129162250586855	14.808943567714996	14.559448195761581	15.44982797362003	14.741614450612161	15.000986320355409
AN005452|PC(15:0_16:0)	6.40990003278742	5.643856189774724	5.319039815562536	16.713567082183257	17.38501100791723	17.437602786099294	17.49376047848785	17.60713919890896	17.412378896047063	17.340824324374264	13.86292981844913	16.700022140989514	18.69954930779021	19.16215905354657	18.441966542798923	18.67999679171402	18.975044695744586	18.906896876859875	17.978757765484325	18.546517779674645	18.72853249054325	18.719451325142238	19.064159861902706	19.263079418724057	18.402347011272198	18.201180114544517	18.649069378918362	18.742188791930854	18.721876034626533	18.34390891202715	19.78698260415413	19.999232918587918	19.890993356154514	19.78776045294937	19.44825456485812	19.453197213519136	19.727770354315673	20.12233712762446	20.057137193018875	20.30384582947238	19.865753958465167	20.11042852104921
AN005452|PC(16:0_16:0)	14.469571232319279	14.114825733416591	13.291939049302506	14.580477051877784	14.792114635225584	14.874851226518338	15.452453612987421	15.224312631332177	15.064720874953553	15.038312024600337	12.562051578921384	14.875134501038529	15.169611491163133	15.51817764931419	15.019747081341892	15.399811291905545	15.927694641815961	16.223323932375322	15.851078477394362	15.60120117581987	15.910109349966506	16.38411812380305	16.3201107258459	15.817338705256782	15.599131500053133	15.405189339389759	15.536334345522667	15.778255812189148	15.963929680828326	15.448479966915466	15.429439107632302	15.539388152787808	15.977782113656012	15.381761258550803	15.05481838323615	15.04608421419678	15.691354772134282	15.618155474096525	15.653693762738957	16.228135126946526	15.303105753712131	15.70960135334739
AN005452|PC(16:0_17:0)	18.60007260345061	18.38401518317507	17.432783938631445	18.87285469498988	19.06229151797909	19.336498452996175	20.095662857142617	19.809720626239734	19.54278505596623	19.253198076232433	16.168455102176654	18.662389318649446	19.492956709168777	19.771189543150033	19.657317577208346	20.031063589079643	20.19587930373131	20.579496253982782	19.54619137331641	19.91634685935285	20.248940370975582	20.0996075504188	20.36194358103102	20.102965304922755	19.834893081852634	19.683782108492615	20.074693016898888	19.91671602078293	20.053140259092945	19.656162197249703	19.53995555615077	19.582603208751813	19.630553992853933	19.327898124139654	19.1717021061917	18.761290857967392	19.736963079089726	19.881128467752756	19.788556712382817	19.86043286993403	19.12479317686619	19.485449784214584
AN005452|PC(16:0_18:1)	18.321513603941472	17.994318794523878	17.05591311654358	18.481154275695427	18.60094306409111	19.024982467452926	18.954616896891	18.831134610647258	18.95257933752831	18.695506370158892	14.963523795237217	18.48001817575103	18.942229923224346	19.046783210109332	18.54408798165805	19.114761134698398	19.371976851168085	19.377882399979605	19.460522909134596	19.758587281780134	19.866334676131437	20.05460337738102	20.154659032575037	20.106213968358848	19.887937999809203	19.780630769240094	20.00517962751305	20.01985579911044	19.95822455731101	19.66033441973708	19.39160005649213	19.38219279151011	19.414323009641716	19.03629356379503	19.000672171725956	18.950211003687592	19.431268451469705	19.899220498350427	19.708338158100656	19.863265104080202	19.08562655267475	19.39765631423441
AN005452|PC(16:0_19:1)	20.138158335090157	19.88818299068797	19.19424709053486	20.758080049932232	21.10292088251069	21.145230649321768	21.144664042634307	21.293910698510413	21.135306496301173	21.091407963875422	17.06125494368424	20.507634941953597	21.356889753329558	21.60512043004912	21.21923644540792	21.477811987710155	21.629620494464362	21.7044962590059	21.557630897299703	22.076333678968247	22.094885581434383	22.10943614529383	21.96165224051066	22.191721815327675	21.768807608232237	21.97054549871889	21.969380046092596	22.131829853190585	21.947161756202043	21.789756573352907	21.99908982842119	22.189641278002313	21.919852811984562	21.7824519079039	21.562067971361788	21.611089172944748	21.832895339944677	22.430190337983642	22.265692467101385	22.191749031108763	21.712829114354243	21.87286751979491
AN005452|PC(16:0_20:1)	13.630896175845145	13.207226375880973	12.080171300630882	14.175357739906996	14.548918815209701	14.999672397771283	14.40089010706403	14.491423479939144	14.214030674398103	14.064561742986696	10.271007736761664	13.66331237151207	14.6948856324873	14.953445771974675	14.454972668344572	14.367467991281291	14.587092448525814	14.475176102632375	15.31201858217957	15.860144677521252	16.487993864533834	16.017977131631135	16.484268280079785	16.5339661555439	16.236319393990293	16.191778107488094	16.096839902690107	16.073063304560183	15.888782958608848	15.707266911410674	15.401243532111671	15.590699025182072	15.421999044238497	14.961806435138804	14.743186114330898	14.675005982622158	15.611815860337334	16.308905849287605	16.17042585027251	15.518143524860802	15.024948309436652	15.514130583956465
AN005452|PC(16:0_20:3)	15.710270757400655	16.660695809783608	15.7827371983392	17.319490079278168	17.682832090343926	17.77500416547152	17.556264821953107	17.552238226742706	17.496995107155094	17.314240602458288	12.970842872040938	16.617533755654232	17.63829816578879	17.821005726666474	17.246819447340513	17.57266899578017	17.954088538260027	18.073362315848655	5.643856189774724	19.54359290315821	19.49200252790835	19.90509641406779	19.665676125512178	20.019650421366578	19.573940988950255	19.461424689703176	19.639386445797786	19.696984551537703	19.706018892275463	19.457107774640825	19.523025868797554	19.798249986015392	19.66231224340694	19.690858804045003	19.320670626277632	19.329475073006527	19.546304605477303	19.96544147706543	20.001074711312246	20.038570744520186	19.44664691147123	19.77114231728557
AN005452|PC(16:0_22:2)	13.48781366119703	13.333602628268281	12.499788596605331	14.455733691689323	14.898825256050442	15.298737419822261	14.486411450479427	14.579179794492097	14.219781112167823	14.204902742603895	9.49481559239038	13.720720944485748	14.901861524648762	15.170484532114486	14.489230193189924	14.051468120028714	14.501673628736867	14.577566906604398	16.30483506251206	16.848429412481387	16.991525831904966	17.17530607920322	16.872278685860614	17.447401864759325	17.151891985622548	16.666864334044377	16.958224968033253	17.054971388650184	16.66067325058012	16.70866792205116	15.92439592464498	16.08665167741957	16.039633217361807	15.601486445487689	15.268160735158713	14.936189787462096	16.11331608167025	16.56059704534682	16.66527331427757	16.142726333677572	15.479105421498497	15.723435105715273
AN005452|PC(16:0_23:4)	16.769989149285614	16.512698957568592	15.75955534320631	17.2792397583075	17.767980410260336	17.79463860480281	18.309619744022456	18.303270384083895	18.150504690659854	17.346056412513896	12.692565376977997	16.852292852701588	17.620464488337067	18.02559163165345	17.613113690275252	18.228578221282742	18.380507780445843	18.43432015453249	18.06632105906103	18.573958550066997	18.74679210162626	18.645876977230532	18.65825835172416	18.728576033771326	18.350276444931087	18.43612664612493	18.537098100144586	18.600396973313458	18.467153721762283	18.362062517463645	18.10106303197844	18.373931166311007	18.18016033493179	18.235844882495186	18.106240976610227	17.814159974169687	17.795825138563462	18.353016659621712	18.162837725257088	18.72077056797915	18.17634317907475	18.445914430528916
AN005452|PC(16:0_24:5)	14.566176557365981	14.669071069290865	13.715884792854672	15.579436451801197	15.981117707472222	15.88073310891179	16.1193338844327	16.078661824636097	15.998997804887376	14.674170194919283	7.950176766173532	14.209513527438418	15.02335932507584	14.650027399965776	14.85674015979866	14.975653201774971	15.787511589512043	15.844187165910332	17.184007869371317	17.452735521437386	17.793418960190845	17.670813274719404	17.820822416090742	17.952012595931524	16.684189204702864	17.227963245629677	17.26758499105462	17.65955877677854	17.372528164135943	17.29302909102169	12.58752673369885	15.733062206393836	12.22657174748212	12.451994076640442	12.393846255615262	14.422673866029312	15.17500797055548	16.082704584912264	12.24131883286706	12.996238669770522	13.933849224680177	12.851991031651576
AN005452|PC(16:1_16:2)	12.227318108651138	12.009212786805204	10.88986896395085	12.724914546093194	13.222482486330723	13.458784668741428	13.510483561660074	13.362589060029565	13.313768772512146	12.990320280966614	7.559721231197234	12.328927320788884	13.574709411301356	13.825154572690886	13.209048159995769	13.808086348845798	14.247056709994238	14.198298462329301	13.972715985617368	14.561009237494234	14.82313035427781	15.18524325139726	15.165669386792697	15.463276580358173	14.585823422840873	14.527659652788088	14.616269696635353	14.965155673705633	14.924031203334735	14.627351484189232	15.092501558463518	15.448205051144482	15.24849948024171	15.784994145559304	15.410361909059125	15.337626431311985	14.76905162505165	15.58105313839715	15.29711616913203	16.07787802450163	15.50050207440563	15.69947051543025
AN005452|PC(16:1_17:1)	14.268692577757163	14.10872617822466	13.185812356529203	14.19002834986408	14.893530489329525	14.869240065848473	15.447756748645642	15.231617207351857	15.303433657804026	15.628837659749701	12.807179807540036	14.676106938452264	15.643144810845586	15.997507429155812	15.371623860287457	15.750266543246596	16.57323415218544	16.502977520340927	15.90300224711522	17.022065630408918	17.429182202010132	17.856151142926937	17.96972787306102	17.990630847640187	16.638585385609026	16.40082224621571	17.190334947021423	17.44908398451215	17.42382795343649	16.73280206975002	18.374591575046228	18.617894568594725	18.60896899612697	19.152576864801205	18.82332519068519	18.621330248607343	18.06283378944648	18.599901767171108	18.328439539399778	19.445310923241166	18.730458295562233	18.95028394796087
AN005452|PC(16:1_18:1)	18.69139355612707	18.521211382523727	17.57957507490359	18.869607909400667	20.265547633745808	19.525473609824328	19.422151699369614	19.558165428942303	19.250191810885763	19.236212613308748	14.693602930360424	18.76295939440624	19.41608654216223	19.466465457560034	19.13298244663735	19.48259992735951	19.61068559885068	19.72018553001844	20.30517486742768	20.829498279647233	20.97076598264292	21.124905906245754	20.997030320610055	21.24007904807457	20.915245118620415	20.617339162554735	20.961100010500303	21.16285104766917	20.954307887528337	20.818366991002147	20.724896806660674	20.889883316434773	20.938049171022854	20.64418443071391	20.595670615378296	20.32396612128221	20.92530309373553	21.41427547167477	22.045343751358043	21.222615668991573	20.681297005315887	20.509951809134357
AN005452|PC(16:1_18:3)	14.361265980901731	14.084463780328035	13.141398302928094	14.682945220552488	15.160142053153205	15.330844069462476	15.759145168296131	15.869231389018696	15.556323131665176	15.680976174607796	10.786433004019274	15.053788459301565	15.557288380043365	16.182125064515617	15.42196421039937	16.53204782196187	17.019059110053384	16.72557275707167	15.245564961386998	15.822122657556577	15.955113155646966	16.412756224773084	16.302713883726156	16.46257000916899	15.793700586316787	15.71239104281011	15.79026830519909	16.06316184640106	15.860182514300291	15.786064870511513	16.668710646236025	16.98755003532066	16.710890493414833	16.94637482684732	16.80268964876259	16.577063062493384	16.456629226188895	17.15449902381636	16.93303602464001	17.41029664570207	16.87904400475074	17.02620580802895
AN005452|PC(16:1_19:1)	17.751009761843175	17.392706154710577	16.56002333218118	18.148395845401843	18.682329959415753	18.79477311963407	19.082079063457318	19.1264495157871	18.97285414478089	18.76219933482553	13.861298253093944	18.03948077199065	19.006504092129802	19.245876225388358	18.796380901391593	19.41012063525684	19.930043527398993	19.647958457722396	19.83112301029486	20.25838577775794	20.63372036722396	20.79304770598037	20.952282093310494	20.81536865963013	20.385471188083002	20.16007615198884	20.3989006745827	20.498389382097432	20.34472493534921	20.041638940590556	20.64744914220969	20.745901934422186	20.673238517584153	20.903101940915832	20.650786029402727	20.531721246615906	20.45857707086378	21.046253332025426	20.95732218027654	21.317071234203198	20.630854451423936	20.818681022058396
AN005452|PC(17:0_16:1)	17.674338287827176	17.39019700758449	16.450163328398276	18.229522771747877	18.567108529774814	18.821941854878972	19.01712647494998	19.016860072685553	19.006398815269442	19.0117695730025	14.283218606527575	18.358626778636292	19.620754009694664	19.9115347708826	19.311675774054617	19.87651165575421	20.202057169500453	20.2111570587511	19.74925369154672	20.167683738495736	20.44791825163384	20.594668198955357	20.905498624104634	20.689059958434914	20.17906094892532	20.088482586354402	20.24135322687022	20.547696772035504	20.407882488815748	20.187152097196034	21.09756886439652	21.44906965815096	21.1989280511954	21.41805400284992	21.29673059323133	20.98526830801591	20.93224614503362	21.580958803238303	21.419545310470667	21.761993404257435	21.2314475862033	21.349064156117272
AN005452|PC(17:1_14:0)	13.90209902377576	13.689791639048378	12.708357542216415	14.896692843410015	16.50672504179854	16.70735171689406	16.123631402341758	16.234426585915475	16.042323071443537	15.512109886539571	11.685362029808351	14.418643908140606	16.524761151067437	17.065197429127945	16.236066340615064	16.806465291136533	17.36758530012827	17.27501832724352	16.84246120802839	17.017361072711648	17.864524659855867	17.588150386996073	17.730615015042765	17.645773530476454	17.03486772619306	16.653949953203384	16.8653138976651	9.953672656679124	16.33771980180697	16.968623035641425	18.083562741115504	18.38795222297473	18.156447388624596	18.83911792988027	18.513078130630536	18.418720281634986	17.680549971853978	18.417874513049227	18.276505025854302	19.31697305516234	18.58178616064569	18.77123281738856
AN005452|PC(18:1_18:1)	14.499898193793568	14.500035801200179	13.259134167199372	14.719022966651075	14.813320256675787	14.854325907405237	15.313284120707207	14.947578955055583	14.65437478489183	14.825006458428701	10.678767372882781	14.582246086277618	15.114199852896482	14.873230210967048	14.83705576749292	14.636748087119202	14.841714211195727	15.114861106469396	15.815254192048561	15.953653788870586	15.841707578224076	16.168334632479716	16.655418357611584	16.191857127230293	15.822592738080152	15.615572741801838	16.01455427510088	16.243417797079502	15.938803116274741	15.565460029440247	15.559206782228115	16.022342886441468	15.838092250547843	15.919835620182688	15.868080523633022	16.034441338932247	15.498316946314894	16.012546195813513	15.984830967165646	16.110312424180943	15.600019738954662	15.546328988141344
AN005452|PC(18:1_19:1)	18.690455734227996	18.478557215144694	17.540459092567655	18.981960795410615	19.3128445871105	19.424349472847197	19.50634632604242	19.706458801515335	19.382076770060713	19.218697862968142	14.63531000933312	18.802355778359523	19.43844235069946	19.665375459029924	19.313602701064827	19.491011572356808	19.679189153244177	19.68387817217759	20.426602314432063	20.70231510563782	20.94211451500708	20.75677856670078	20.966663954730993	20.86929056667353	20.737748032344577	20.746245337398268	20.71818596513717	20.798471769459127	20.875077730559504	20.62727178370086	20.77331682761204	20.901641948962304	20.790632138601524	20.88936177593771	20.672659402836945	20.710819227904047	20.757740624516256	21.113928195126398	20.967679570302252	21.064413481609872	20.73326787186988	20.67363227982318
AN005452|PC(18:1_19:2)	16.95821137164859	16.73824825103489	15.92367196016343	17.582491246503757	18.05426323152208	18.286985619236784	18.30372697782248	18.18106221182026	18.27247583620148	17.66962814244307	13.332093908059877	17.034090829030344	18.11472372609299	18.427544712929077	17.981293506416847	18.40573340454957	18.84852434589053	18.766287227102627	18.94568606942149	19.33589602412455	19.473557343725474	19.58870235813082	19.86683078451191	19.862918546608725	19.343636552273782	19.2676819548446	19.381504444049106	19.624516632698807	19.51928924996013	19.163410011076003	19.303063310731616	19.523995103062052	19.34975642272894	19.56934324049371	19.3989460349299	19.238215670850536	19.099091491858136	19.5905587075382	19.451723551912675	19.808399506455878	19.456616473417856	19.514982670065212
AN005452|PC(18:1_21:1)	15.97524209154997	15.639955927595372	14.756933625498032	16.83718071709067	17.062675134215045	17.33215082831083	16.875114097529444	16.78518002135473	16.7324423840472	16.431623612577777	11.880234000269109	15.866899045862361	17.086663701061607	17.487726376925206	16.857544783083018	16.637033492333764	16.87557514641783	16.817507969397017	18.234494883879698	18.542762370042887	18.622080855003865	18.639460304074962	18.496041681903748	18.71751193258686	18.816384739792298	18.47209476206029	18.69966523487564	18.62102676200639	18.49444979287967	18.262090485631404	18.11914833577974	18.258744749549557	18.204932823361297	18.19072302024477	17.8482927780974	17.604839573772892	18.206939940739865	18.743350202087043	18.46979207690015	18.47481142689053	17.720341465356658	18.19286636824516
AN005452|PC(18:1_21:2)	16.736523886113993	16.58794419234751	15.465869272655857	17.35391034941876	17.737313634060214	18.003409424811522	17.58118954625448	17.84449025604135	17.78895590365519	17.2099705610283	12.319341888867383	16.632818029128345	17.68195204585095	17.837947983312624	17.482029878748076	17.45145470706919	17.93466617024463	17.892253688971664	19.48276869259404	19.919580846246436	19.722182485816273	20.038048742316214	19.904480202302498	20.08565195240345	19.783365430978943	19.596733110882006	19.58495461242867	19.670079529506058	19.75451158829438	19.404478242695063	18.846243881420417	18.993826197707023	19.041657708000415	18.82710293402129	18.780974364892284	18.584482300286005	18.932791167993464	19.238757989532594	19.07326374208518	19.268588394999444	18.612175873711823	19.050617567376026
AN005452|PC(18:1_21:4)	16.386680120605472	16.094410313594885	15.130790939840617	16.827399647681016	17.411733826536572	17.514806345949875	18.05210726489302	18.272353585801064	18.20131678004943	17.188664273846573	12.310641180888688	16.53015681292486	17.390041962271425	17.81136233731993	17.294139405322085	18.374325095700144	18.64190473148118	18.708725572062708	16.92289282849723	17.48841681443233	17.857402873374458	17.689389397144033	17.74352735382943	17.890755238540137	17.472410106345464	17.394862485330737	17.599027880150093	17.517885643942233	17.520806033375855	17.13621103630574	17.31990378514335	17.5561438535968	17.28342237539794	17.301817143207984	17.157120015981434	16.966268858638657	17.115558429046107	17.607789319464054	17.43633815028957	17.98209389299424	17.141277748112902	17.53096658035014
AN005452|PC(18:1_22:2)	12.283976737904558	11.968267189081958	10.855086484814233	12.896845128052222	13.208967409936037	13.471362765965457	12.797900604378453	12.852229079211897	12.763334799777132	12.629554703810847	5.643856189774724	12.126610914004184	13.243263256394046	13.706150627817525	13.197963039408348	12.442036344209926	12.985123256058909	12.889194020669116	14.412405112957568	14.980968264312738	15.665109923160921	14.990941568997316	15.534102832059526	15.583502982926056	15.312318228713455	15.147352812687092	14.917312867341955	15.08411867517922	15.049585250593314	14.759002867319124	14.373936347496853	14.59917945625473	14.134107005178492	13.834987475551825	13.433358535258913	13.413192886651995	13.387562334025514	15.212032739284489	15.133277498863581	14.441507341154935	13.849619143479519	13.866304321250274
AN005452|PC(18:1_22:3)	13.725204339738358	11.459462357550752	11.06710491001629	14.226268427929341	12.75862090060368	14.909937136285436	13.01011020227928	13.548629279439053	14.277382578825069	13.660863878670794	9.150991161447575	12.387128785380517	14.273534101607279	14.5374635213678	13.57805774562609	13.726106375943772	14.015958574208762	14.145173512825	16.79439136936717	17.328450540510342	17.555804024968985	17.607185878064886	17.43794887573618	17.803848838990078	17.233823552368595	16.883031991602703	17.232202235270076	17.38883075884234	17.38410699088166	17.146675366476064	15.766302434494783	15.57526091503837	15.627171056221979	14.859078533762743	14.662382990045701	14.225210450087893	15.611140097610383	16.35636547883179	15.849799198047371	15.476077220499427	15.087433420181764	14.89340866708986
AN005452|PC(19:0_16:0)	16.67734733226451	16.561132931858417	15.64844493881922	17.38229590447202	17.922725792070224	17.78246148661802	17.879995684944188	18.14681669717906	17.778198949348777	17.978709788874983	14.704230045722012	17.32158093985067	18.355679898436353	18.576419132637287	17.99726671317812	18.48266420620124	18.655534741040086	18.79454719735616	17.791245002087308	18.114686265688675	18.451101657685538	18.07210250233611	18.169163221432886	18.43951202963316	18.30940196651307	17.863873133336455	18.212502417309384	18.187786706989485	18.2365283538351	18.071501904981865	18.123520215182555	18.4691873663622	18.27214346223301	17.90912206415198	17.531423117124966	17.68179080736103	18.22922359328497	18.74135328383657	18.89018517556248	18.576320475394006	18.028613017222504	18.186889460459906
AN005452|PC(19:1_16:0)	16.47600948208148	16.187212289880513	15.215971262509589	17.41322239500257	16.448398820585133	17.885683386547374	16.856099032323396	17.575783998525196	17.465032644744273	17.31692379469799	13.120469558413493	16.346489494134044	17.46257791688691	18.059861864738743	17.050637520189795	18.011892771280703	18.380308140983015	18.23682546102615	17.625835030560317	18.188913226321738	18.24427774324874	18.38108768588941	18.280729771538486	5.643856189774724	18.25809335422773	18.019219213482643	18.204181619407525	18.591422525251822	17.41599068366003	18.215333680736613	11.653297424404242	19.96952959481006	18.447149308926278	20.293099835733365	12.72795873311012	19.412358137208983	18.516598894353876	18.810907624923395	20.51883546326481	18.66758053858573	20.137888075732647	18.736632916600072
AN005452|PC(19:1_22:3)	15.541558881471593	15.563692619809327	14.453797913683426	15.88632508017979	16.283325152385405	16.43183936810705	16.614122738476116	16.73793479940473	16.586317326139564	16.266351551459554	11.369133821035467	15.42379513298002	16.272891446532984	16.50143199187775	16.149665560797832	16.47296636286186	16.86466399693915	16.82475778611523	18.15116086462005	18.26746886365433	18.74783344165243	18.42181455498664	18.827762221747406	18.659718129621634	18.583297959537333	18.235263060021214	18.314576960437144	18.63370077857649	18.409234997636943	18.429117048769147	17.661920370432444	17.707890297353057	17.689804945101322	17.516133985728768	17.223168072715918	17.272631698412088	17.21919603594647	17.956433050280715	17.828743245236957	18.045457219920042	17.234887487675262	17.469288381068825
AN005452|PC(19:2_16:1)	14.121067220973258	14.17060267098304	13.678758571587986	14.46245498291674	15.25454185854544	16.020701986789586	16.15541179351643	15.619194611645288	15.370977156192499	15.17195861907712	11.724304937116495	15.073427801300985	16.164978792588364	16.001643932614087	16.09386586090897	16.537487788491106	17.110502375156432	17.10946381385359	15.964587704216195	17.451361814067916	17.819619290874844	17.603842043525347	17.569556375281323	18.367649623984928	17.661105017056954	16.613066554853678	17.6091669763657	17.650627632520532	17.016464348961815	17.118771490139903	17.665365968392006	17.738132974742328	17.509011106976494	18.066702501963707	18.460041271492756	17.834401607256655	17.188747906583803	17.816025828016514	17.592485579618558	18.425252380070813	18.444690948602474	18.054010014375617
AN005452|PC(21:1_16:0)	17.688552410084547	17.53050113582639	16.67594173839728	18.63464722069314	19.010683914481277	19.15554794768028	18.670346676779694	18.800486242183343	18.71110976534785	18.94608215011695	14.446730518569325	18.171162818738722	19.24753946260657	19.645096388383656	19.34132307582594	18.874935254424138	19.272597028385626	19.35034741611193	19.59664999028351	20.082463730965994	20.075876271553817	20.07959871386063	20.093733570674836	20.180227644330095	20.238317684593305	20.145164803742702	20.20777392706515	20.109005400015324	19.942122184351007	19.763162366043403	19.844720489029374	19.950334801694574	19.890792221617605	19.588809503275105	19.35791298543399	19.23872039696403	20.022967100044546	20.6546612256184	20.344803460439657	20.311543098039586	19.56732128925675	20.020547093670903
AN005452|PC(21:2_22:3)	14.53610998311794	14.396036768743608	13.434801517843436	16.01665444481458	16.452760693464413	16.504384214679032	16.51826526245739	16.47826513774863	16.380549675013235	14.954589380326183	9.790820899989775	14.17339372194128	16.015502386807132	16.41621679062556	16.08580520998514	15.98377921611578	16.238911474582846	16.15458831942096	15.987744756282332	16.461669204200525	16.529052870989712	16.683441243208026	16.480979327886295	16.362000813053207	16.31124861302312	16.187772115006158	16.46144779206098	16.395267186746594	16.333293567015257	16.24559894097935	15.096237882757197	15.216473811791134	14.907331038769659	14.638556963154004	14.458945472490786	14.308346141197596	14.870682586114816	15.300749003870664	15.140691596396147	15.245744320033957	14.490447286760988	14.868328713671074
AN005452|PC(21:4_16:0)	16.037436276750565	15.994143912622391	15.07087313059631	16.609710154924517	16.970764473314905	17.459658702916883	17.782762213899197	17.971970589635728	17.7557504450819	17.426584420793763	14.043639957004764	16.59302879859768	17.6153973009131	18.233330148227697	17.535111769955655	18.617464380279024	18.853971349605413	18.935398942451137	17.930308546473444	18.907119990302302	19.379702838808463	19.015324146013814	19.26841902771211	19.6692930349789	18.613947984195008	18.66235357210561	18.957573868958388	19.12553283580545	19.01031621853235	18.550387983088502	19.33863872580377	19.518548066737065	19.415059113896486	19.25206038714831	18.685427120787345	17.765472199975378	19.2262849409173	19.891068629709583	19.5805507681672	19.847911371314343	18.903400539647908	19.51354140337826
AN005452|PC(23:4_18:1)	16.145216510037947	15.868251294538657	14.998111743664158	16.73520866172761	17.218024698045884	17.16831318194205	17.59170743420099	17.675408188011556	17.532174861666192	16.68232611835273	11.698552750449606	15.978330387945357	17.07428971446715	17.431941196119777	17.18254362411277	17.538652433731443	17.895112177737662	17.803445076218484	16.865547944925584	17.189879465628827	17.46055396475384	17.13503767548594	17.405200393923884	17.421114793156725	17.16353214566811	17.015772306038464	17.193067708112657	17.174698390987952	17.12184976021679	16.88134677343906	16.412540903967184	16.53960382794418	16.18997258038193	16.479171593392962	16.222903365010637	16.15133609788121	16.033717438556728	16.67407210293442	16.482361613770667	16.748890830835798	16.31898458153589	16.51419794319658
AN005452|PC(23:6_16:0)	14.971999263676242	14.727494005404395	14.120856690595259	16.484020562206506	17.024890430983366	17.217365443727314	17.27147697987102	17.23488973242194	17.108773746075354	16.569724353890965	11.894173559215576	15.36077919911817	17.26819080502935	17.707986049399636	17.15083928397235	17.55275741725917	18.314461501123013	18.152542231225212	16.3962592501982	16.89877259809049	17.34910979837095	17.103663495480387	17.211911862832768	17.32292506259093	16.8306443138892	16.73850687983431	16.861838114052404	17.187740804557084	16.876257449153673	16.59328125317885	16.604056116701692	16.735099027596227	16.29638212164256	16.649299548671078	16.225852482934606	16.013746625272702	16.373768161799575	17.08846021269235	16.951839280892095	17.252921595244125	16.463061004225374	16.797886802723422
AN005452|PC(25:2_16:0)	13.346533124097698	12.879835928844544	12.103845105661419	14.548961548416825	14.972969019645216	15.364129524017892	14.548146992128254	14.695038479337947	14.489038223812178	14.15830830639495	9.348396207677274	13.740051616938596	15.329029317284583	15.688640439810762	15.192525538168425	14.630402513555456	15.143501600054988	15.083542485409675	15.31271706984384	16.279175450902652	16.79168462115313	16.599574525626313	16.60265798421353	16.80989533846369	16.417685746363436	16.4206019093431	16.64536192113018	16.145900311951188	16.195443340665744	16.07820398194484	15.281584883169916	15.678218014173957	15.54512858553638	15.092707184096835	14.718100430850514	14.607493879275447	15.479871503017835	16.035662352794102	16.308442492581072	15.56097193313166	14.988397113087537	15.410312547705777
AN005452|PC(25:6_16:0)	15.402841532551294	15.217226550166096	14.294831796522388	16.132779244795636	16.714648804048352	16.76592640897282	17.19395409738763	17.204372549874627	16.93465125590363	16.14281685938514	11.313036063378622	15.549732635187908	16.648339604389356	17.094886747329877	16.515431586873582	17.167007723046613	17.61295975684234	17.352947844911203	15.663711804868502	16.31568541289691	16.42545081394537	16.287402347142237	16.5183620918469	16.563654044289095	16.176250885145347	16.08064767124058	16.296205363992595	16.247155202417872	16.008753804599284	15.875481076568738	15.793543873083342	16.059781926917506	15.752697900033661	15.695302251649668	15.42577320054878	15.459474204665458	15.479431987437632	16.184075302267782	16.061385538526537	16.312125504622912	15.829647675338627	15.734125841394471
AN005452|PC(27:2_16:0)	11.929591299852746	11.661003108984408	11.078731238916399	13.195389125902098	13.803218962590698	14.033001350845963	13.217673007027102	13.371458127444136	13.133766752590498	13.36241646394658	8.484742350769444	12.739567564512763	14.558350155336893	15.02143721741722	14.350194720140761	13.537874793940489	13.967469449914395	14.230590163712757	14.199533558504113	14.821116250067938	15.203215688684049	14.94444944615059	15.11337265599113	15.248708860503806	14.977517401184105	14.387313934669614	14.877031486373735	14.542333631578668	14.437876885529242	14.162954574841274	13.806122630623614	14.006921234025276	13.757306662358275	12.6349221969232	12.263025600295197	12.417881516139449	13.578227612540884	14.737114223547797	14.445549677136245	13.768565835731929	13.041979068693081	13.15633909716899
AN005452|PC(27:4_16:0)	13.261853984480675	13.099916491019492	12.249412748287323	14.37488801103547	15.112082698644633	15.236171940662231	14.579554009764353	14.727014232374295	14.519637481295552	14.02728055497756	8.93047124221793	13.233585226612153	14.842004558068597	15.31469227776498	14.70025600992367	14.111415279438818	14.450563041647131	14.629680484245629	16.23574276384993	16.61032256365436	16.693638727611816	16.73362112957039	16.707296843326986	16.809104019693347	16.755195596947864	16.329975332838444	16.740476874289545	16.546711368967603	16.301704453328178	16.398128745718637	15.061434904095526	15.232371457358322	15.163116585362717	14.868679821199791	14.483965000833566	14.337486712680539	15.038180824940438	15.544247554424597	15.544467334371316	15.343167667764238	14.602948763615645	14.940856799872616
AN005452|PC(27:6_16:0)	14.54696316949586	14.30880828481278	13.52957452363259	15.709332104509794	16.331217874890395	16.3019860722444	16.462116241240352	16.52714250101755	16.35322558286116	14.965625579478644	9.359529955322913	14.314830327830546	15.762347517852577	16.4148351784611	15.811082883544415	15.939526645707337	16.371515642641338	16.297284216329352	15.490376458862015	15.913644907008676	16.006595857260912	15.990388095021512	15.981074214418383	15.833964813032374	15.896444518757546	15.647023821073834	15.830990728747153	16.006083651024117	15.898325282130974	15.499890410177011	14.572833430442884	14.699133201600151	14.692139246558371	14.257547691283655	14.020606719995943	13.611558560291224	14.590139061916654	14.879265902208115	14.77023182487915	14.939410712532398	14.331513210681903	14.424250286084048
AN005452|PC(31:2)	15.193784831311024	15.007138111106714	14.369095641730269	16.04061700475651	16.524782419591862	16.346475643075998	16.70739216290463	16.677073510010775	16.49032850702726	16.585799515273475	13.257817993992663	15.615009703521375	17.285606221371385	17.734311241910635	17.146135667020893	17.28151551849959	17.80272208191691	17.745436870530906	17.234742694136298	17.81389289557094	18.27278089302641	18.242612413840003	18.341340473293478	18.422813415201674	17.659246639470986	17.407063659054494	17.738387005872244	17.611639961964674	17.68178593561981	17.450259037663646	18.502012886063813	18.746749301529817	18.613751126552096	18.525760547607465	18.18679276193844	17.973605390219554	18.189024796781222	18.989778374277986	18.793591942931272	19.08557173233853	18.358564240322963	18.58507175830857
AN005452|PC(O-14:1_16:0)	13.599237582846843	13.165462910606045	12.112071292362808	15.229401286390598	15.644428927444414	15.562203362628624	15.256851078565944	15.455684895486787	15.235567392679993	14.825903360673665	11.819755986493856	14.2273023126665	16.292753535373585	16.831390629878197	16.165146858451834	16.07809888279104	16.519356752744468	16.343250268775968	15.162704838524158	15.353287448321595	15.59785615229436	15.833003956076507	16.127613734178432	16.384292359696754	16.071440574479077	15.67289848293771	15.907874598762042	15.955564776202435	15.81109292098084	15.670352520992004	15.966456108512268	16.09923006057494	16.255645671044956	15.555841013945193	15.32514731782596	15.068508754959389	16.288627299045658	16.922786233969603	16.400622646792453	16.36064839136865	15.454789898745446	15.64979001514175
AN005452|PC(O-14:1_20:1)	14.54107119851837	14.462502272597265	13.36467912037649	15.76922471256823	16.133926055360728	16.4331133324546	15.615289956778247	15.811563598324334	15.517238471177672	15.742914643077334	11.547096963026844	15.271221172375082	17.082883448525706	17.235224347670588	17.087165702327926	16.042296990827193	16.259433966027217	16.237073805215164	16.794352655670387	17.066142600811858	17.418400968256275	17.385789364378034	17.633700601222195	17.565053794286992	17.650751729373187	17.498091814075316	17.497007585939517	17.38729045568897	17.323180223460938	16.930215148401157	18.504487295027545	18.574434356478957	18.205068226750853	18.75314680947725	18.347225443307195	18.249427563287018	18.573160024094236	19.03859927696484	19.006957245545447	18.702197074207	18.04082978497192	18.282221053357755
AN005452|PC(O-14:1_22:2)	14.863930709293996	14.626155050763737	13.823913521525709	15.973850702793388	16.172494508335237	16.57855726242974	16.05679941658656	15.763761936822885	15.569758021422707	15.863061503332515	11.614024217060509	15.517322757709795	17.068269731554196	17.4120927120346	16.833955303955886	16.255738600660862	16.36028299260699	16.63861423170726	17.106210913441984	17.645662231635733	17.775746131403857	18.193489361977182	18.162127034699807	18.229925083746274	17.887158486456777	17.668447091331757	17.863428656704276	17.927785946688537	17.796145532572876	17.476273533158196	18.463077772413257	18.66028046198461	18.517264580534082	18.914189306184678	18.395639395075907	18.579612564198296	18.606827255223475	19.144904153903234	19.207726785761647	19.10960791899887	18.57059975092397	18.70408428416842
AN005452|PC(O-14:1_22:4)	17.793171071012306	17.659290059800092	16.639887268941937	18.398668215640015	19.198446935947597	19.04367578436484	19.47352587313503	19.70716553265493	19.18321452111747	19.04881299527954	14.509311100325741	18.328751833137886	19.476434416824322	19.606898679767934	19.30028228211374	19.8578959890713	20.10812777137066	20.2842032680827	19.08717230780693	19.430527608405473	19.74928468020233	19.592591440528228	19.84263026630246	19.97018174068333	19.57237658213946	19.339052720746576	19.620635502134228	19.496656403424176	19.447381240553224	19.299187868999425	19.54186938335303	19.884829024805114	19.59311676141504	19.98399932162738	19.45700562278417	19.60783204132038	19.41321516261954	20.026221642775617	19.958064253405038	20.331025526381115	19.619459491344134	19.78969394612635
AN005452|PC(O-14:1_22:6)	14.999021816381385	14.675018667417902	13.563180777226446	15.143412313148714	15.37229170339816	15.81328242344302	15.801016901867886	16.14330707505742	15.957118142979587	16.04601150535941	11.37372432836676	15.625604403685983	16.064894721298483	16.542107781363605	15.888505443329473	16.623945629318968	17.09018169879768	17.17708623444476	14.752505570171232	15.277429076056926	15.543852892932268	15.650397990136016	15.886799704543154	16.117932609611714	15.537068819968399	15.398317833680062	15.519389005519514	15.481733853128006	15.490793227940948	15.117552199647907	15.280904132077152	15.481391409072664	15.270671648486612	15.75344763713637	15.417949073617002	15.164237184176676	15.267130852292231	15.921498814182643	15.689157719336867	16.149678856570677	15.50307041066758	15.678167386720707
AN005452|PC(O-16:1_16:0)	14.564836607572344	14.388342931612092	13.350781757917055	15.958635858305295	16.342430643535288	16.667118612461213	15.878769877167425	16.003018671173386	15.900504107944645	15.845998628904969	12.654781454166	15.357862956007079	17.1018296218615	17.772006633107164	16.81530898749951	16.466408060831135	16.94461221353947	17.020086764945006	16.96197211550814	16.84621758558658	16.784371958113585	16.95928475178488	17.023114868846832	17.03153321736183	17.04801637175355	17.44413496636582	17.149800794921305	16.896464741077867	16.764392426558217	16.664794749536714	17.426419150064394	17.04387978580242	17.120816099234943	16.276876824641246	16.088149714815593	15.606540545766197	17.1940244346404	17.368436037009456	17.54786392699653	17.030785121912086	16.306148757036357	17.42248868285709
AN005452|PC(O-16:1_22:2)	14.524206222498966	14.133786816879903	13.08955806679875	15.266543167844368	15.52642282318057	16.00616146899228	14.776990694077934	14.981143133573298	15.095926067812654	15.151317861927733	10.927992721026174	14.679107831761264	16.09367401612649	16.243369446779255	15.409992486144715	14.931171946797036	15.425069986990266	15.461787969417768	16.996108995363628	17.193819186521285	17.750336949875795	17.4070595085884	17.68437853175861	17.642620846508954	10.561822531232362	17.52025648819526	17.510639632449305	17.544097191162336	17.17070300318659	17.262483497558957	17.392725186134065	17.66544674959559	17.704690440648008	17.30678424482763	16.943433536614428	17.24775973551737	17.577681298229365	18.467603241743614	18.16736688612312	18.095812518717505	17.72322356651534	17.74765468741
AN005452|PC(O-16:1_22:3)	16.485746934902267	15.581573685052948	15.263645892394646	16.803186414447918	17.536476489436534	17.322867865169794	17.37586025341757	17.360468447044905	17.365367017737004	17.200682456552027	12.788477727530871	16.625400068719703	17.563912435906584	17.9970065999464	17.3325916874627	16.75424162008069	17.67854196030263	17.556150066946365	19.426716242976568	19.92997401537301	20.431071499948224	20.011790930125976	20.123244508826563	20.20186702089224	20.082452919725643	19.995461262753928	20.27336068079463	19.92206647126601	19.948531382652128	19.654723495416256	19.763469833619773	20.108393874062887	19.862564868689528	19.623432899429822	19.086533871522665	18.93332037978937	19.695874515915243	20.414162172302582	20.489401879454274	20.220678696494073	19.76910738022884	19.899037772191644
AN005452|PC(O-16:2_16:0)	16.549316907254862	16.561019085685015	15.45022665190581	17.75797616745098	18.128415438387663	18.18268041778461	17.82332923394624	17.96537260700205	17.763380190714262	17.63814399666052	13.908701280955633	17.110749590041202	18.662928538904914	19.057677452364278	18.287711117190735	18.323593488321983	18.54423589277433	18.830989398445478	18.318015436248416	18.852803030577054	19.02508472030632	19.125741474374024	19.320267652987585	19.41704537470693	19.005509038184044	18.915852980289955	19.01368875904406	18.295166116402715	19.010420800141066	18.85139034185496	19.011654853228233	19.239316142575067	19.022617055213985	19.29716734229301	18.753157323505157	18.860242481136954	19.27704061466918	19.81309864567535	19.913603713820343	19.47194535708079	18.892935204697864	19.111504378201833
AN005452|PC(O-16:2_18:1)	15.089706190880502	14.81495040234581	13.928945790843297	15.868349936882124	16.32934928011319	16.564470016879373	16.08066827988058	16.150348249473492	16.005076900041956	15.973121760728393	11.425509658562735	15.315702923309889	16.653552425753304	16.97898723804847	16.45747322501717	16.333110964387963	16.5650322928468	16.44011583744509	17.060638203312656	17.52237808624436	17.773717392575946	17.910416706155658	18.07889782998503	17.935383949350452	17.84152810791599	17.604679036654495	17.805081813391283	17.915667009995612	17.627090454921532	17.368826994481765	18.11754738047832	18.312138137970237	18.104649477538736	18.60193882903565	18.483072577773335	18.232777752941356	18.061073114457123	18.788269045252353	18.54942224184387	18.888673457027785	18.155491150399577	18.370715924678134
AN005452|PC(O-16:2_22:3)	17.33531271143626	17.17429120490803	16.17701964238181	18.08467237110191	18.571442656190243	18.773270589035562	18.7389715694234	18.814757122266073	18.599206630728048	18.271949124237807	13.668459556915382	17.685771622866177	18.628697212305923	19.045766645794377	18.400727619188217	18.76549447353402	19.144430887141326	19.20193546627376	19.97740031637796	20.47913324683406	20.79539358933667	20.594123710357614	20.584932864366362	20.933007927620086	20.441663902670047	20.311688100952566	20.367059148727318	20.6348902112117	20.546579715626397	20.15829786390517	19.71533221161216	19.801076710078615	19.560885140799403	19.59578226962324	19.22977188331011	19.071101848017413	19.42442970722197	20.113248540625673	19.886062710577193	20.12364885506819	19.549859762499022	19.84977269210296
AN005452|PC(O-16:2_22:4)	17.424043975459984	17.312036580458958	16.41689316762394	18.22235384953465	18.72531905583582	18.659880356006965	18.901532218555364	18.986007825390658	18.984946977797858	18.23332036362936	13.647127845922489	17.618688684722777	18.70338574177242	19.079781556013064	18.531853625216574	19.15565449522453	19.33982973919435	19.483957898110038	18.68514616819973	19.269397675073265	19.098202064314297	19.163326395373886	19.310867489454456	19.42590503542288	18.967341638973515	18.913140370123415	19.133215954128303	19.142875154734618	18.954126517917114	18.77586644465995	18.126662230972116	18.278338331502248	18.214725836600152	18.146824501531345	17.784204960728587	17.684314283900346	17.951360821043092	18.575533338012466	18.22594730447874	18.649482352877524	18.030568538084925	18.229316644293423
AN005452|PC(O-16:2_22:6)	14.776691588096373	14.541588524375777	13.671262407712446	14.584310745656587	15.35711277897458	15.034094806467955	15.613051874194126	15.816542710187674	15.637827969172903	15.411549716227515	10.746598293958888	14.794682386950107	15.123560477946826	15.906049247848628	15.140733129969867	16.14368573684919	16.1170663463641	16.348823401873798	14.711113597771591	15.396955245009575	15.853209879279397	15.702161048935299	15.74402598378037	15.83022154784994	15.399245542291846	15.267722320215492	15.700181761322051	15.29054629349408	15.652612252451325	14.989351477370075	13.898603276736175	14.275856783792927	14.171398878016586	13.92069431982669	14.055457846520216	13.348075253391814	14.174834419168745	14.890228171187623	14.783123067872387	15.056282077434707	14.271309820963841	14.488571368152952
AN005452|PC(O-17:0_16:0)	12.699466177489326	12.687100066488448	11.770147667541485	14.406454824123172	14.894750987865299	14.739827011499113	14.462083001922979	14.640599125898378	14.470818995173754	14.418172814575192	11.019048573451547	13.736796166172335	15.771944624515971	15.945833812465821	15.697599381703032	15.385413510326877	15.48205068337613	15.7086070368275	14.015313990498765	14.562151775851545	14.886355329341034	14.930407020885454	15.31128001579465	14.885538617602217	14.711686329808034	14.594013705107615	14.924162996228427	14.768829422576525	14.590632074957469	14.469407792716982	15.530843700518455	15.96641126990122	15.52768042051708	16.00103581665873	15.655859663501483	15.900754800471178	15.7884479039692	16.338544370203348	16.360094855888253	16.301321849271087	15.828402798734022	16.013457025560996
AN005452|PC(O-17:0_16:1)	12.022062595255248	12.261748227971827	11.347444204040126	14.002044950929816	14.063877022722979	14.669864430406161	13.226975071225628	13.873535431606044	13.564415087228907	13.87533084005915	9.15372934943747	13.163210952038597	14.878186015329613	15.394398382848191	15.2701204548103	14.616159975872787	15.023760849570097	15.017239917573985	14.125858996839417	14.652719515804554	15.027534565338609	15.290054136066216	15.437864859726908	15.723106816661877	15.044686539443832	14.834898126418	15.088896287760022	14.981034734972717	15.218788734261949	14.736152968834187	16.080177964241592	16.60753346743689	16.273234304393053	17.462413603174678	17.26844980039819	17.044191631746255	16.086596325912907	16.72025641788073	16.55007803142543	17.45107641643736	16.97069719078199	17.042832404041174
AN005452|PC(O-19:0_16:1)	13.19689254186126	13.095670634158829	12.133244983097388	14.229763646771312	14.774541545870013	14.9511057331735	14.361215253565446	14.806324057390029	14.85149676241438	14.224867664551521	8.49281457256712	13.341957958363828	15.044518351774807	15.052815101364457	14.611573544306998	14.640544336689644	15.06156147475965	14.885041884163941	14.784981369710986	15.225895776918971	15.272826217800135	15.773687326699028	15.821436682687786	15.764627752596263	15.405345591106775	15.561946603244555	15.39333615423878	15.31846796160106	15.531377805034381	15.332929562052882	15.755104036275254	15.926873448370053	15.687218741351986	16.67420896079888	16.44949092879956	16.27147780057074	15.818453359672755	16.245422164078477	16.31476502117674	16.671744774402836	16.11756133066193	16.600646000668082
AN005452|PC(O-19:0_18:1)	10.399512924182964	10.77721421218359	9.578353820144631	12.31645973600947	12.683957375369154	12.890608187294763	11.57077123923179	12.177976948454036	11.756806479165622	12.123775463099301	5.997744026059632	11.567675682532494	13.461095700764172	14.179385862730914	13.154386185031564	12.550390876709283	12.593736581211072	12.563015089618935	12.607219332939456	12.767588593752059	13.493614062766017	13.488035929668149	13.41601106031188	14.129767590921537	13.335587148547557	13.538604847547496	13.626036379834234	13.123893448852566	13.313496707333105	13.078047373068776	14.679713748797841	14.832941425078564	14.750794901700154	15.520303148584834	15.135065941142363	14.940943950188329	14.535821509273523	15.207837577889858	15.04131220952122	15.627366305073032	14.924815750408097	15.27539887594391
AN005452|PC(O-19:1_16:0)	15.616012327960277	15.59046103080022	14.649590761321116	16.976485475597503	17.084127293430715	17.539856796227888	16.44613601752865	17.12031119303361	16.923346057583903	16.71148724381801	12.445995110720187	16.23246702252499	17.53681179644364	17.58694340759414	17.384063976514557	17.140649362714086	17.740298326274193	17.442215875911653	17.060246180267374	17.728252234674574	17.386298519491127	17.996163625577157	17.797460279161854	17.76327339005062	17.60477045380408	17.91430851030643	17.773091159022265	17.539118286248357	17.607263769640213	17.50430840305343	17.953814725626263	17.90311166713034	18.007633355832077	18.325753504382906	18.32834078862334	18.00707644684967	17.809358921966638	18.09453314794559	18.205591243825115	18.553407117791245	18.047342977944517	18.417177947696842
AN005452|PE(14:0_16:0)	9.909038011116106	9.705234943567953	8.178216662142889	11.858975614292019	12.35008833714461	12.371975341480764	12.15746062839048	11.823713540832868	11.805163453495659	10.938939997020585	7.469804594520619	10.845137174765693	12.933657463733601	13.062560571234314	12.586222899271323	12.879416686828577	13.11768692696792	13.313542055092704	13.01128142536831	13.49586376895321	13.735945202921307	14.204935592669338	14.105063034031973	14.235590203355919	13.635498208192493	13.657633306863229	13.735858492775288	14.024828871725104	13.762106887123908	13.60946618634866	13.847514479539402	14.464981530545138	14.099197384835358	13.970859045460038	13.333553713995153	13.195527542535837	14.212544261447363	14.578123807358478	14.332984090007894	14.128182058953119	14.117820830210563	14.170702807614031
AN005452|PE(16:0_16:0)	13.492810818046909	13.444370456884236	12.736945165234367	14.939190758252805	15.321095205325143	15.414284541641267	15.286077962630417	15.498532304750661	15.439921763635917	13.964311082114357	10.605414697187722	13.635202294120283	15.176864638425185	15.208024737693243	15.099386030794477	15.13284269040982	15.556057837128682	15.602031000109415	15.927568263560978	16.255352460996868	16.61693717627197	16.573892851908965	16.932026465764476	16.70223533104584	16.427681132254005	16.197628306310023	16.33071349474335	16.70190339973765	16.559809045617218	16.30684653248788	15.605709550780285	15.443598234417795	15.492441262874143	15.17219699031824	14.569593977490333	14.654015007984189	15.715800353467827	15.905266885124858	16.097605653210874	15.605594683680375	15.195998059780022	15.30342616572424
AN005452|PE(16:0_16:1)	13.646772443586858	13.592718642182502	12.615316973189472	14.934528940973475	15.432371274907563	15.455007677804574	15.18945202557803	15.222317572545203	15.111750250015845	14.644934426713805	10.643693877452385	14.114118903748281	15.809195860054384	16.04054744444754	15.432039753569263	15.65325571297898	16.302765104110915	16.083601901340383	16.351275375375344	16.9308589351117	17.108965328598494	17.477473221285294	17.65704854712406	17.78047895759915	17.042381430459113	16.82254643398208	16.95490546264422	17.41730805645738	17.272409905200114	16.962180149653204	17.362757098777337	17.79504724995142	17.49268926017598	17.69707418992621	17.282064730143397	17.263027893409383	17.309643411579554	17.90192697039893	17.89972026542054	17.982074780301012	17.45861479631022	17.35918615490497
AN005452|PE(16:0_18:0)	16.028793157383078	15.711111446236709	14.714505265263874	16.720427175847078	17.29525119793192	17.102618152351457	17.458371606052477	17.236480753080638	16.89067895423817	16.28893742872069	12.808238221804313	15.445857422425581	16.60740328476029	17.10724098678826	16.42593035223919	17.088947722057295	17.08631590784225	16.992508003061317	17.300275779250583	17.753822686000973	18.047990180921616	17.780513175482557	17.846974003961424	17.88223274372269	17.63583557255308	17.65270509312844	17.770509431839685	17.9685429975044	17.84074805560467	17.738287642138364	16.124637506507035	16.516535225001064	16.20352695214375	15.581034007892953	15.019656311811536	15.010395666277208	16.596204609396253	17.343451198550774	17.072758161277573	16.16596079766087	15.717087852218857	15.953338910104721
AN005452|PE(16:0_20:4)	14.35027208466563	14.115142027161376	13.142022472038503	14.525137205781126	14.95932143442732	15.257375687582126	15.637508476220436	15.701944810747793	15.217878580648705	15.459680392918356	10.824004050933153	14.94702868639535	15.521611480714954	15.919612195395661	15.332878877169637	16.277350429472076	16.836127671930335	16.735154044076307	15.178010417367808	15.744382924840494	15.82629797006799	16.20164151811605	16.247903043182426	16.363303025400725	15.713606414652606	15.581438049100752	15.756894544826359	16.032343243491464	15.845152124743526	15.464751534113505	16.599414999785473	16.90529532929099	16.441974280672557	17.1701546113477	16.686400944522582	16.68386159102824	16.270209353596144	17.044173697894024	16.81558606047818	17.422403679517146	16.844061472724686	16.990574456447696
AN005452|PE(16:1_16:1)	10.224086110400131	10.256939877632762	8.91055279343005	10.894264523116018	11.195261463234525	11.51823513643293	11.629051472382173	11.65284049257564	11.271299606589299	11.593843936573764	5.643856189774724	10.885254041729228	11.992046109516036	12.254449959066564	11.617380221390306	11.933192706475813	12.740299380497067	12.936687622797693	12.719037944963876	13.233552273527327	13.611134332814077	14.261976622946209	14.233847326619836	14.299334678016756	13.321368660330556	13.304958734393157	13.533537798316948	14.009489243267101	13.947577585352695	13.52956232338582	14.287791004286673	14.55604376257953	14.342626132244664	15.184086540777432	15.053220393374293	14.810259324939057	14.157520629431927	14.896602978471027	14.428172364092237	15.396123088930235	14.837245528891643	14.997225799598207
AN005452|PE(16:1_18:1)	15.877683628417788	15.580630147897493	14.70075343118648	16.681624953058382	17.034539242919077	17.251159036568822	16.966834026854666	17.15090451790164	16.77844576660266	16.519101469629714	12.10338944925487	15.937968459878086	17.23497839712204	17.492862832925663	17.044052638560046	17.229928556319937	17.539934850816746	17.601040378434167	17.862139941056025	18.4195830006926	18.594613933366865	19.022896886617907	19.195146215864952	19.158637397191224	18.376308309700818	18.25194755558872	18.434238004169682	18.771290052185716	18.65375480623942	18.34531744070799	18.70696941238133	19.01816884885293	18.707987868694385	19.04312556811967	18.88546137176685	18.655959071451665	18.601031126234265	19.285540165284026	19.102157468072804	19.42179208274003	18.90972547274304	18.935871994037754
AN005452|PE(16:1_18:2)	12.17710181109192	12.011517303029411	10.889899376494531	12.659942392239948	13.221910301917768	13.492070986938277	13.417959289350444	13.363412031933311	13.206904466119008	12.988187609746786	7.564683016963639	12.313118281390146	13.554313044182393	13.808426280728547	13.184227596005014	13.810517412165822	14.242929942632792	14.195003027111333	13.972801232534215	14.559550963521582	14.825234090853439	15.153982226975325	15.326318176771135	15.37113919980435	14.585953074158946	14.526236351259366	14.616255910191631	15.070688684229951	14.824428766918125	14.627999470624298	15.062614955531458	15.326068487301509	15.246879740610327	15.784795851644501	15.385955059553032	15.132102853580026	14.702129927788581	15.47937451213936	15.391782283876724	16.115256046653943	15.35488434762992	15.696153336246335
AN005452|PE(18:0_16:0)	13.25314575810568	12.858167538460059	12.315126913804729	13.845137174765693	13.99717330500385	13.945972313186457	14.265044330732378	14.279952208623955	14.442572928521958	14.111452773928479	11.203965818932481	13.71151426520247	14.183028962380112	14.593560361069564	14.336023907076568	14.815845072458998	15.140637680839065	15.147955735638064	14.405474569135443	14.43167910497913	14.944947184339393	14.743392840150076	14.906651065806226	14.743980242681019	14.721923182633908	14.137396252619157	14.691826380170685	14.28135413765387	14.740911753778681	14.352959996526392	14.105594275795191	14.106181769976809	14.488903955537657	14.199513621249174	13.778706528142575	13.404666604271526	14.348419031447964	14.472738429119389	14.270091611727462	14.66896086111786	13.830390421531513	14.26365212697555
AN005452|PE(18:0_18:1)	17.855389910001904	17.632223832197234	16.665762405273423	18.172667853151	18.41152501469736	18.772146529395698	18.47711920786281	18.41182260481931	18.72037433389413	18.345000740204664	14.382823261430065	18.07408892278709	18.609181047191093	18.702820118333218	18.143909100697872	18.62563219072055	18.913689400173762	18.964663506560928	19.120272054664575	19.244309383654084	19.485188921152833	19.589229700371263	19.65409815841279	19.604914443971342	19.67871040417602	19.43762080772493	19.550881994137093	19.955132955325524	19.827756268478723	19.475109410683235	19.154488590802075	18.87852805699312	18.895454609004936	18.596365691827366	18.537973272682965	18.260296689520413	19.10495790335486	19.536431525511013	19.406997312423893	19.628619793082283	18.724921738367836	19.128814462482968
AN005452|PE(18:0_20:1)	13.633109890473557	13.220559711310187	12.079838080847047	14.217406437021602	14.596845483481909	14.889056141303001	14.400899443933401	14.39759442157983	14.255922598390844	14.06736881277797	10.273469266177273	13.66396163771136	14.552143719673253	14.955766586038106	14.4542690871976	14.367609272616992	14.590006861331464	14.483320773401747	15.324886177689336	16.10850995951501	16.353794334981114	16.016378705153116	16.186655342189795	16.457810494010094	16.194212817667243	16.265234105953304	16.07565441993734	16.075221323265247	15.799987818699133	15.717921902357412	15.267604558058547	15.58528621371535	15.58737231663477	15.189326153208684	14.785286426065538	14.711463179571961	15.581190870539393	16.53207431169091	16.33956802501862	15.50503120606691	15.155265322649973	15.577245292900754
AN005452|PE(18:0_22:2)	13.483043597834985	13.36835776458676	12.500971308088735	14.458921128851358	14.796575549996406	15.284825907206258	14.325943450738771	14.568609915718547	14.448493195109211	14.216303283015453	9.494055531765364	13.749029286316658	14.947527362015405	15.203978432467457	14.500124834293217	14.26705950860447	14.483881890876493	14.583437167055804	16.459679752627782	16.8035969971023	16.99009387861079	17.15751983996074	17.08236779137166	17.550640683283934	17.098739127242503	16.64565533673485	16.970304103725354	17.051055004722272	16.855305161805575	16.658958136394038	15.828087629729165	16.11141364922151	16.037822966525987	15.578607086673896	15.178315882614994	14.938127249498129	16.328058305673444	16.774527132864186	16.765597031064633	16.23331315388286	15.482269429030689	15.73048048608519
AN005452|PE(18:0_22:3)	16.14853239019941	15.801585098192373	14.901651795493901	16.197577820897717	16.69198282184565	16.774309247297882	16.518012092060072	16.573797608298865	16.562918231035408	16.53075151472854	12.050284014301706	15.944314002364813	16.517668311770723	16.75652101046295	16.2761124070045	16.43493456584019	16.66438769881228	16.56746030141795	18.853382602175756	19.178392530621508	19.643096637755782	19.338791365997196	19.605473423142605	19.609104666215103	19.42413954647467	19.30602814741146	19.30913929304975	19.381611323636847	19.40040767550964	19.20816547273269	18.40654284833295	18.75307284994182	18.448221912217004	18.11580843597351	17.633528557289534	17.65242494255299	18.458361271961614	19.001389858194116	18.906785894274943	18.637180278484404	18.118796122918166	18.257127268098774
AN005452|PE(18:1_18:1)	18.537811677585825	18.455724983935347	17.53368789748583	18.79088079837427	19.408927215169225	19.466238685346983	19.346087716154027	19.493384931035852	19.184436586208143	19.142829969190196	14.61333481040426	18.675474005295097	19.35256137447047	19.453726649756167	19.049160744835117	19.236858152625583	19.530617606280952	19.620153139277747	20.231090331612947	20.792744437405698	20.88524221297839	21.02710727416477	20.939774464669295	21.196185218542716	20.907393764861876	20.540403212669105	20.92414577595477	21.12041910918109	20.921210266508865	20.828030302670793	20.643577380334477	20.822363529157258	20.873912767481468	20.46638425107381	20.54148906321984	20.23196488330954	20.80576566636641	21.329850256775515	21.185826297029777	21.159743755898326	20.588361704100787	20.41484838852064
AN005452|PE(18:1_18:2)	15.718046901387464	15.55811244538386	14.690173712759256	16.39270866989107	16.783709478925967	16.910038358245583	16.777012405113553	16.710703941467926	16.498707123486174	16.255450388716042	11.803166481501808	15.68172706172811	16.799054411546003	17.0412014998881	16.584714751053216	16.875512633847215	17.340577393912973	17.180910020490312	17.374066635463052	18.038168068781538	18.09126491575056	18.459607317922003	18.56515820935418	18.667499149135033	17.79666255193312	17.726247168367482	17.89053771374295	18.502650259525815	18.202344539746605	17.930581197286244	18.205488106520768	18.493228409412023	18.202515674186884	17.83247550853878	18.189777756222927	18.094528612074967	18.02292675990329	18.66478950763115	18.54152802800607	18.926579220290286	18.314023609951526	18.572429451539737
AN005452|PE(18:1_20:1)	16.002714824972553	15.919887514946934	14.943480468673389	16.76319965601743	17.301468329664615	17.37735433510355	16.71887330871903	16.831599321378683	16.58641262649461	16.648250134306636	12.297990946846715	16.024783430868734	17.19817796467203	17.293257797276322	16.91755576150293	16.363571163259664	16.698849514934835	16.712268911841505	18.318146635539705	18.636501001792563	18.95655655659162	18.809905917841704	18.916494634394205	19.051849527878122	18.881764469412044	18.688003281107267	18.82350547801334	18.789509160465133	18.497266691307793	18.41046493301994	18.133478046733952	18.63331586844198	18.329803256722727	18.28223435860479	17.84771577543347	17.88095594210933	18.527318851355858	19.153989844272903	19.145875018446425	18.122625809250486	17.917615138475767	18.064671832184164
AN005452|PE(18:1_20:2)	16.814075711389975	16.787551507470994	15.788273538500729	17.34437844435764	17.671919575235435	17.738645939623165	17.48396397772873	17.574359661707753	17.372309220337524	17.301403844397043	12.969129259764232	16.649446776292592	17.646788472317883	17.87687260043276	17.27108992233243	17.567523953597895	17.848208101078537	18.000580881712658	18.981320490466842	19.517243508512973	19.58283989403213	19.906296805827736	19.042410929722585	20.051673637739842	19.497998933867933	19.461657514968795	11.300512723765564	10.963452448706278	19.701041161609982	19.414589655746123	19.535836731506055	18.895480732584858	19.668116973873477	19.696234280018615	19.338716647213275	19.345073444498244	19.549356338114986	19.97159857507124	19.93618643672897	19.967371939155797	19.435576203561354	19.667266874636702
AN005452|PE(18:1_20:3)	17.675515975167734	17.446915280944637	16.510690467704542	17.645953335240918	18.000110174758465	18.226214088985106	18.68276712216871	18.77213486383341	18.877917953668295	18.424451892377107	13.869096409390966	17.860192822225148	18.060601792089358	18.537778734679993	18.055376552096362	19.034287618417515	19.379053124089936	19.44308771684914	18.516504331849465	18.972575120874023	19.280429336360967	19.254458355747893	19.535695454665017	19.447033510796327	19.02713905872431	18.965588718603232	19.201589043290202	19.193473383734837	19.22515760144733	18.780317148562467	19.556635785717052	19.85688567478397	19.575777222992414	19.620450956709647	19.36535291951818	19.25118791385053	19.352430078097523	19.920355647004953	19.821561404175846	20.09805624971	19.483924902451065	19.680350955151205
AN005452|PE(18:1_20:4)	16.678159132076182	16.40259092079287	15.57879398595962	16.350132721913255	16.825082008542967	16.113066558376012	17.724474883520475	17.790575681948354	17.567705462011453	17.604954066791194	12.751652842896787	16.917149088839782	17.078961136842064	17.41762905385863	16.894722216642084	18.20829228449254	18.617218490528145	18.618167879917475	16.991018214385875	17.55881447377801	17.75533638296964	17.847490928959434	18.2040541113615	18.114437741849333	17.655514162366007	17.644506664761536	17.81722651778426	17.827996612176847	17.797290736484168	17.443561166405757	18.1986203796358	18.862025491619097	18.453367745110555	18.650563125985293	18.31343448469874	18.060997991776954	18.04156814622606	18.808173759469504	18.760331644722935	18.9300872288612	18.413401787826114	18.46029470081888
AN005452|PE(18:1_22:3)	17.715714367648502	17.580980441131604	16.581607812698895	17.78461868006493	18.05743498806157	18.20840003238256	18.683654687480956	18.763162625455244	18.648223692517472	17.962716029921896	13.829477971415546	17.361448567410015	17.74821178745875	17.959956043659524	17.411286128665438	18.685006441596922	18.838797277638072	19.077689360972297	19.94690890094099	20.312105202380387	20.850265171183107	20.378939262199285	20.666992709345664	20.618968278044697	20.422973393628908	20.161917603588993	20.366232598036536	20.480816357357075	20.377614293326825	20.170136782913964	19.344477468851895	19.53448715585508	19.28302177446943	18.897703379369993	18.802285845426606	18.454571363924988	19.17733831208092	19.987142870906546	19.784258120145044	19.618711211167632	18.960307525220447	19.13771651635704
AN005452|PE(18:1_22:4)	17.15184462955915	16.817869915653763	16.667864135763317	17.776698462576967	18.051231992746967	18.23923961011282	18.89536161942257	19.035360472018475	18.972689092534935	17.862288106285515	12.546617177344256	17.282003626425215	18.035938457713648	17.69253166440239	17.61848695252636	18.85946826863924	19.06184990890953	18.381794457976877	19.005695539744096	19.369649206682425	19.513446871574487	19.503181913877796	19.211196232156226	19.691581940163122	19.15288026295079	19.13700490053856	19.160459523566594	19.42356586126704	19.282622939881367	19.14244026302247	18.307086448324075	18.473766423397056	18.633633914462692	18.057127155695795	17.776065423272804	17.897787681830913	18.260501608186743	18.787670043270698	18.464358325960923	18.80404213596448	18.033474677538766	18.296255292156285
AN005452|PE(18:1_24:2)	12.31788740390336	11.9204905674091	10.867448640255862	12.895702127942988	13.207761715983237	13.470348747715637	12.796733201502914	12.852385154652653	12.766477146223641	12.627153097701422	5.643856189774724	12.126249526340105	13.244683440517749	13.704237612084244	13.197910838440352	12.401396878310765	12.989335953481758	12.88423921723663	14.552825773179995	15.149686000517422	15.631966240060452	15.143029592377625	15.533923736061315	15.493939862439802	15.734415378645485	15.1456193475978	15.413877787667655	15.507348063909403	15.124775611790918	14.889746356882169	14.374644211313003	14.739118167881191	14.135331731503152	13.834155969223506	13.399261900409897	13.376018187298408	14.133879911531675	15.210030130334607	15.129074889953264	14.441651280312293	13.849677779727513	13.865728438665743
AN005452|PE(20:1_22:3)	13.724879383345451	11.458493767020808	11.067279729981935	14.22508916605492	12.759846582419026	14.608846196480956	13.0084041100534	14.215968988133042	14.277336080094583	13.662177677863317	9.154489035813702	12.391552398388388	14.27376500862757	14.538493908055615	13.579618824594629	13.746168931523131	14.016194559188447	14.145456156211528	16.794024372542317	17.327359575971975	17.554611108841968	17.612947018276873	17.338183777470142	17.802582248171333	17.23282617851578	16.8843389191175	17.29660294864088	17.38972846114667	17.384668843139185	17.14631041769193	15.765322621530691	15.57596786732019	15.625457719224734	14.859122709208002	14.662487025986417	14.22407178674963	15.608571618643357	16.35599366155797	15.846030470308312	15.479973784850891	15.089354888643587	14.684603445215872
AN005452|PE(20:2_22:3)	14.76901700505625	14.661370612464667	13.714040477238568	15.578737388100944	15.982391806529499	15.881685408302719	16.12029924404518	16.092813701515727	15.957767945977793	14.647398275431122	7.936461271650362	14.209332272861577	14.932565415666014	14.650180023949769	14.85917367919485	14.974996623494844	15.787302671761887	15.854527533560345	17.186222108696303	17.286135193086725	17.783098122531644	17.516180625714117	17.820739725553555	17.811823208010136	17.180862636435286	17.227909205446014	17.251625996160755	17.30560489901507	17.37111128602597	17.22102903003184	12.594786453694265	15.733023003465634	12.226430256470035	12.450938004422536	12.211006107589842	14.418813200698848	15.176159121105659	16.08225571732163	12.320092563512805	12.997627606709832	13.935096892073771	12.849975810478709
AN005452|PE(23:3)	11.373289319795365	12.097508747834707	11.15824991624922	11.756347825516587	12.146244080572844	12.396045467911163	11.801785138962325	11.696602460822152	11.3695646317345	11.23184517338578	8.983079107437884	10.754102489242191	11.282532472574964	11.211407721645863	11.356870082104377	10.3767223178905	10.15623479785027	10.239956473684874	13.658231569640682	13.75856468988095	14.11633502559862	13.854681412824625	13.591247666069608	13.409539441218987	13.84267345991556	14.083747730069462	13.649600864994067	13.739495839227699	13.517820686040848	13.159795668970254	12.54288435226706	11.918852059325499	12.369788166335947	11.623995767413883	11.692977219754162	11.814922872934998	12.866023172398176	12.534789211480266	12.805389199610195	12.039546260683247	11.994406476142734	12.23527530936509
AN005452|PE(24:6_18:1)	11.980796497083517	13.806710717965235	11.413130727031213	14.308780560370208	14.750287744117307	14.687586735421148	12.486033022174901	13.198483410491098	14.601141096583374	13.984575110172143	8.396861617969925	13.634140585622358	14.511097857615173	13.608178572467216	14.449346641166699	15.17694798433104	15.513294882908289	15.48387811303741	14.232160067208687	14.562021160619214	14.831157780138579	14.261813592284687	14.530085011474071	14.55983652386155	14.28168231407186	14.309193528333624	14.598132195226738	14.84212343112929	14.447940088605488	14.10076827071499	5.643856189774724	5.643856189774724	7.335747634299735	5.643856189774724	5.643856189774724	5.643856189774724	6.66519377274042	5.643856189774724	5.643856189774724	5.643856189774724	5.643856189774724	5.643856189774724
AN005452|PE(O-16:1_16:0)	13.598705055717975	13.234989526588702	12.112299400866728	15.230592790395933	15.648516000103509	15.560802409957066	15.166745646182722	15.453079929948514	15.313584213059405	14.823999574337723	11.821287687880528	14.227628727873682	16.20533679967801	16.83340564692601	16.153061127892176	15.948146813145547	16.267887975549037	16.343757571262287	15.16301316812507	15.415682688929742	15.702218418333265	16.034425432937084	16.068783735096698	16.045263948379116	16.07134943808802	15.742164148620013	15.970716398636458	15.95488240903491	15.802668573131397	15.270343877892026	15.966014646633955	15.946740682078449	16.078420203544166	15.556069216451016	15.327999908444284	15.067407049460716	16.232920776979686	16.924009043311987	16.278311875819924	16.356229455043227	15.45557991385094	15.64772064437734
AN005452|PE(O-16:1_16:1)	11.768775675442532	11.304944478809125	10.704949753382978	13.444815607724603	13.827335756731637	14.218840185259149	13.763260096154239	13.65586609064564	13.576300100891592	12.795345682543365	8.889656058192164	12.584551518307705	14.433410048635684	14.841184951604932	14.310636921039952	14.218115162280835	14.620605882671597	14.650900281002556	14.220540062519959	14.700639115334154	15.055370991072612	15.448478998994087	16.04050955942239	16.06095826591333	14.883029365579446	14.941502963061996	15.11729610189309	15.290020287322315	15.295700069051827	14.859389674867662	15.430128104820083	15.750289838013558	15.740614295092701	16.483403285840915	16.02407415163231	15.962018222349377	15.663342951391312	16.384455781598593	16.361928186021768	16.631858701088735	16.041868730985037	16.082446591474046
AN005452|PE(O-16:1_20:1)	14.541447563903535	14.460687538289198	13.362997181315523	16.24912012086562	16.13845580566203	16.309515611039952	15.584626384539556	15.790445484388602	15.518929104942615	15.743234773836903	11.546224068154624	15.15556496913537	16.83719685870501	17.235800156820286	16.84454873333802	16.042627452954687	16.261747860748223	16.231329198758548	16.847173478563654	17.072140247314806	17.41928145134328	17.38667111221026	17.734198495827545	17.56103214189491	17.511469691659617	17.49738587584834	17.521549910775953	17.390985078930655	17.32336989312696	16.931470693572617	18.506949837885934	18.421040231604955	18.283521038752276	18.515828518121936	18.16233600510941	18.332067720492763	18.407088727615832	19.037387933240243	18.917685175689037	18.701210231694123	18.038527234804636	18.30445502590348
AN005452|PE(O-16:1_20:3)	14.35705296795629	14.469571232319279	13.463132227755407	15.12708227591237	15.630825378669249	15.70335261909223	15.57559242514411	15.76243939860997	15.346712131643594	15.711663747498482	11.368501005010835	15.222959007640776	16.149148716706645	16.538651221364074	15.984982902496936	15.792506901726528	16.216037217869832	16.207796978923437	16.412934972856213	16.7975227205666	17.17467976534268	17.455624218959223	17.75235758154291	17.533213670755323	17.257018815782562	16.67167208418558	17.16106317220928	17.287615355045464	17.31955631899731	16.923843934625957	18.303171768688536	18.435792162215233	18.128303561954514	18.72852232694615	18.599102144258325	18.467609410573367	17.859129019875475	18.601239776134772	18.197003112890258	19.17739199274729	18.34933807978005	18.513892065345036
AN005452|PE(O-16:1_20:4)	15.793889533932369	15.70681731864211	14.979569439760374	16.05989597160235	16.685347792904185	16.64682474720949	17.211633865583917	17.567844845565155	17.45751634983112	17.26373244063814	12.850950576084692	16.769420638078792	17.329337804031706	17.682175417148144	17.300105219466303	18.228875185552933	18.634482592672448	18.572364942098762	16.453434625775454	17.11777477701261	17.37676436491256	17.597028506899516	18.097067293378753	17.719098659031964	17.515690676673355	17.072005177509297	17.42104039602276	17.20332926556562	17.41352380848324	16.95233845831235	17.74011600001886	17.99471605405358	18.087884356489923	18.742194944467492	18.450167477542703	17.829027539866058	17.69697424811288	18.560022548263955	18.373115832040472	18.807766583889382	18.209977412575295	18.243575668122425
AN005452|PE(O-16:1_20:5)	11.519965440651003	11.09230127239369	10.013936752506412	11.489893106657	12.148781613197997	12.353549356256092	12.784330162648269	12.923537336968234	12.546289191803213	12.636182772843707	7.683275372908121	12.252887141085916	12.897024822171431	13.15045178519032	12.554938931333869	13.33343491528405	13.719752443792478	13.729859686061806	11.892819793578196	12.906387067291229	12.673858926469673	13.407814779781152	13.912464621523315	13.520299464924733	13.336266648576718	12.847358855077374	12.96241526783411	12.843938712028827	12.96155098337291	12.767737549571875	14.156537403105293	14.573191540095452	14.204095006889341	14.978043201350424	14.85611277462562	14.730135748127282	13.902247912019455	14.782545760563158	14.614792074468935	14.893719601531503	14.570275542311018	14.629082787151276
AN005452|PE(O-16:1_22:2)	14.862501275245974	14.560999090803115	13.821808853321524	15.974529760601458	16.27322993264841	16.5777816692249	16.05981550767783	15.762695024730752	15.570466785285284	15.862426206555213	11.692401914715687	15.515241224389742	16.990374022759152	17.4095351321351	16.638049648343323	16.2567270823429	16.35966103607854	16.638977869320946	17.081971438522505	17.6464883258671	17.77141189831238	18.193659480783868	18.270387773540136	18.15666271287154	17.887832776413987	17.667902447941117	17.85334007831624	17.86317084832686	17.696773121386826	17.366237678856617	18.342825847126544	18.784447397780475	18.31242947216098	18.769766122819746	18.63483745538913	18.350694753278102	18.37037750464102	19.061647483736593	19.168851038707444	18.996905922379593	18.442773812768678	18.71779605593759
AN005452|PE(O-16:1_22:3)	16.733819170259103	16.45713523573919	15.549928124277233	17.51621248780753	18.049680856179027	18.15491005420246	17.52415448358609	17.774478101828787	17.627521843914987	17.8728959563461	13.56739880049488	17.39446252713549	18.41551814511007	18.89674395159699	18.245619226228797	17.93947780568861	18.53221158615899	18.43459772868646	19.969599095766732	20.086488933786793	20.547130804947923	20.695967034525665	20.943699147644235	20.716417677328568	20.65892572062871	20.250873561978896	20.529012299634644	20.6712934934364	20.383420231393522	20.284687011481424	20.573133658506812	20.647236756470033	20.596464152569506	20.595630299736	20.576122125499282	20.45721204386055	20.688184628126635	20.963315058595057	21.093416571399935	21.090834103670343	20.669126516325175	20.780362705249
AN005452|PE(O-16:1_22:4)	17.748433584480562	17.60261536256695	16.636979558472657	18.37751528278005	18.823269050389644	18.845330409670048	19.37538989057955	19.560734281697023	19.116972211127628	18.95576701164769	14.510014320459668	18.217495094054236	19.357049874215484	19.52848171580975	19.19956391915516	19.761106895525362	20.03270327057287	20.010600166721556	18.913442581647196	19.431571280471665	19.854185081121926	19.489599474198556	19.667855371623055	19.762824718202626	19.46505545018335	19.221173341527553	19.431237595704815	19.412686625258782	19.370391660277374	19.186707057456065	19.503359528479244	19.821997035095762	19.49853865437582	19.729501008516987	19.501196185881906	19.530690733643624	19.33818506173021	19.965050521480457	19.915288387913797	20.266160836317397	19.51486953316122	19.706958303439087
AN005452|PE(O-16:1_22:6)	14.998535781170883	14.720068934959535	13.56393864480534	15.142120223430622	15.236398066976754	15.81267269552826	16.11909350771623	15.824406639020522	15.885456396671554	15.822615640633098	11.377264766024764	15.624495339052759	15.944826654129212	16.26752391103613	15.788352311475602	16.61722925401469	16.932488599922888	17.17770128685077	14.74593004991124	15.227626847813221	15.557473574020985	15.650066118607828	15.887803212552805	15.86917137285061	15.48538374241597	15.378430678009819	15.51944675154411	15.48274998563545	15.490255792707597	14.969682405380432	15.280429336360967	15.517472554101051	15.284421448279955	15.754170359620092	15.417514673244927	15.16460253680964	15.246625935302985	15.986848866597866	15.586046052206068	16.1306698974975	15.502407309888248	15.648191842335159
AN005452|PE(O-18:1_16:0)	14.522813829606775	14.437310588985461	13.211725586836897	15.884782961989384	16.408125371034924	16.547241590725655	15.874904764864054	16.142501590020444	15.899367308779347	15.841919818192402	12.685554761762534	15.239626496856465	17.000235638262836	17.508311344109146	16.821878593494915	16.46808226241197	16.974124493430402	16.958925688161578	16.18520394775603	16.839031020533945	16.792408908651396	16.97623484797701	16.98466822512118	17.031628626841997	17.03450281180552	17.443893206811296	17.14144051469157	17.125663591551906	16.71922181782806	16.838421369674737	16.81308572475549	17.03894555959555	16.831185867621087	16.038142448928383	15.66154792725176	15.606348530974152	17.195434881758747	17.294207537355337	17.401726600772204	16.97361329333106	16.176407708262154	17.081810454069018
AN005452|PE(O-18:1_20:1)	12.758260697655984	12.5532044858332	11.660735774913878	14.098271470179403	14.602318425815245	14.598766690094573	13.905550596457735	14.007425915797732	13.699142964201844	14.25210509678326	9.809623450087209	13.641506516634863	15.038523805411662	15.857816778170065	15.049914047679621	14.031670191527217	14.562563822209457	14.613886131929062	15.120354532601855	15.781937495541285	16.238040996682695	16.354090080165346	16.448034977251414	16.42494750426832	16.466949355426493	16.288924635613178	16.333075314862818	15.945333407819724	15.64333903744745	15.774868630912358	16.92276451930393	17.08727635953857	17.245955956837317	17.237316877737506	16.718856188680974	16.845926370805884	16.943785833175127	17.940339924713623	17.777322747278433	17.50586364478773	17.050606913363787	17.18722408401711
AN005452|PE(O-18:1_22:2)	14.524187241574824	14.13517218298323	13.092573819807129	15.272891810931029	15.525952928925326	16.026673859496675	14.778803531726572	14.981057039877044	15.108298201194188	15.148872951085705	10.968594800628468	14.585832809752883	16.095995892206318	16.243077078904026	15.409073654203166	14.931714447271244	15.42331586926804	15.361900264751336	16.358495303392427	17.25402913969512	17.751198367630597	17.40322552517736	17.724511588248962	17.468309262181144	17.702602761517532	17.51884767774139	17.504155991784213	17.33673048164537	17.167983547958595	17.20199302390978	17.537355755242203	17.67248010776179	17.706945508663647	17.23551288866193	16.91727778183983	16.35727655909989	17.486508791709685	18.467868795940504	18.021880907997364	18.09330185733905	17.697481829207078	17.747448243603344
AN005452|PE(O-18:1_22:3)	16.154546193944	15.581465118465472	15.265315064232864	16.87036640542398	17.213935113810084	17.617506852466267	17.376328745822995	17.337456049424613	17.367955421660554	16.96223913051956	12.639415328879702	16.431458918148685	17.366019144731386	17.764623800576086	17.18494641464884	17.109212092674127	15.938517829761572	16.808837134358164	19.43091608100442	19.903603160222065	20.41415934318904	20.209012737176973	20.105132622283822	20.1227502451774	20.079845071443014	19.91847824678012	19.967533914008786	19.903713711329555	19.74341711731223	19.662114329122915	19.761928140264704	20.08942302737858	19.717837816349444	19.62376106040703	19.085310438393456	18.891574194686832	19.689426749489147	20.265729183146945	20.488656659810484	20.221042923562678	19.64424921427861	19.758558379049642
AN005452|PE(O-18:2_16:0)	16.569786793932916	16.418221742988532	15.501284875230983	17.60559265823384	18.12184187016289	18.18311520071791	17.791829011844428	17.963632614479938	17.661918839945468	17.60706823791817	13.908757564447237	17.000726931959953	18.661830764641763	18.836822197323947	18.413946441640565	18.39113146199139	18.406637219267648	18.746692068765366	18.355129142814963	18.766353523687325	18.981286565190146	19.135932010005135	19.15211341403366	19.357926555348534	18.94265040449488	18.85333514351785	18.941054170597255	18.84022022430935	19.003536687928033	18.85129233283119	18.996488604998	19.280866036393025	18.892707574530583	19.102066200627505	18.68197763651593	18.82385525886832	19.260591377285845	19.813927253564955	19.913344140463227	19.28410955525268	18.79123428497822	19.07117249134464
AN005452|PE(O-18:2_18:1)	15.068279074890391	14.624939923707952	13.927444652140851	15.86948877944769	16.200033433447885	16.580199376682526	16.178909117558497	16.145541933497643	16.010611803198163	15.974509819234632	11.464877542247718	15.319385641905635	16.650248194520046	16.881780149698987	16.516386100764244	16.212948676395463	16.649577850969372	16.348995903374703	16.96710701267668	17.402559362272754	17.779660177685297	17.80733492082804	18.173082819499733	17.854771492752054	17.985299901970325	17.65537894374305	17.73993477111336	17.759740559948924	17.561755271390847	17.368790511873133	17.955700870411704	18.297907817413495	18.104975378758574	18.52356429142997	18.400722908517626	18.227330096559758	18.10652429631016	18.73207538571748	18.639410205928765	18.685196859391024	18.091710524659824	18.36706586948674
AN005452|PE(O-18:2_20:4)	16.96898790378445	16.611586367043078	15.556609630901525	16.87537164065873	17.318705290860294	17.603020797111366	18.164382452392502	18.32817386559516	18.10666133518871	17.84339456385141	13.203035935952276	17.218442527269954	17.849357266896938	18.15266882912554	17.613936836598786	18.44253048860155	18.802915782268123	18.813892551204216	17.835792108869658	18.358162548386307	18.699627113140934	18.772753878402597	18.654404156183332	19.011496637974787	18.336564395812566	18.29265554634872	18.51373372486468	18.485565428701232	18.476565499814768	18.05766624226337	18.59305079892595	18.797645442348536	18.48518783994034	18.973584202941066	18.569147137578284	18.315294689695456	18.22650885907457	18.970337164685613	18.75304897963122	18.980887039923438	18.490118189633513	18.57394453816161
AN005452|PE(O-18:2_22:3)	17.331506212902745	17.172909817449895	16.169856316815903	18.083728048206186	18.556478363235172	18.771999897375718	18.56286704237295	18.664732123141288	18.563626787604665	18.30937949412409	13.691920138193929	17.687379374378594	18.628923039133493	19.047838057085386	18.448248090860158	18.880873340040427	19.146859670302092	19.153140440955976	19.761651311526713	20.479321623762853	20.79572330474139	20.585013846947668	20.586433756662988	20.93743457829073	20.258888614521357	20.31410972252211	20.36727108293637	20.637506840016524	20.545001417821965	20.339046031369012	19.507699111748416	19.744090124028777	19.522041649389056	19.46020271532081	19.095329770940307	19.055905069286215	19.356237752689665	20.110621795429353	19.754827395140598	20.12392080996649	19.549327550120623	19.85109060485222
AN005452|PE(O-18:2_22:4)	17.520764912973675	17.313849177788082	16.41563086872816	18.052591505445477	18.53361889486809	18.62047701750855	18.92871142759036	19.03706882007347	18.98592944064206	18.184125390468285	13.64853060515124	17.536763542530462	18.640524002020893	19.05548575566677	18.40127986996719	19.037963740477874	19.323201822076626	19.336936199353865	18.682449473097634	19.063030859102458	19.035165520769425	19.090524168026203	19.081424324958245	19.448193978395164	19.018048576788637	18.772766473089685	18.913745606255244	18.972321120137007	18.771045393812194	18.77601943340069	18.1323614580338	18.282249383430106	18.242258989607073	18.14428157912906	17.78308238755641	17.690759589963463	17.95018815977923	18.28198208108967	18.400016884420214	18.652120958606513	17.85450294057451	18.290005973385835
AN005452|PE(O-18:2_22:5)	16.25998521254324	16.082879811194903	15.207024999987079	16.657525431322032	17.058396831756315	17.263039450649398	17.469520596640006	17.574396769341213	17.57578842937411	17.111638398052733	12.488374917322593	16.53414570233664	17.601847812480365	17.781106797060055	17.343913248204792	17.83929606998451	18.057142601771396	18.092155531315015	16.720082833317957	17.33438686443468	17.569658499707284	17.495334310094748	17.75396954541335	17.56053943054681	17.25010139233415	17.186559111561653	17.29317830215892	17.191310453298893	17.13617237699306	16.858068683213883	16.531183289574447	17.006589283236664	16.68247783256671	16.737987728016694	16.530887277205107	16.21517595983174	16.415450308644026	17.210354768370483	17.115012956790917	17.112151439951525	16.46201236583068	16.766909563816565
AN005452|PE(O-18:2_22:6)	14.776970138950219	14.515435590992668	13.661141212180885	14.584126321865735	15.061235743768838	14.9805475098332	15.52540855297243	15.809192342337017	15.636310526053217	15.171904296185652	10.697966637604344	14.792829431142732	15.122812225353043	15.522147480545021	14.988544901168552	15.949164198990262	16.067096714810603	16.250256590396354	14.684494417248843	15.231053886801165	15.638284871118572	15.500943307707967	15.458620963646075	15.744047276556074	15.39995077600398	15.038526377457158	15.451914254287711	15.467020546518334	15.652299658921756	14.98929159859468	13.89955896161494	14.276178941606378	14.202035030443994	13.924237240444269	14.085971971416734	13.395665332275092	14.125415084957615	14.83606959217906	14.78192981378766	15.057743865137716	14.270711428491236	14.48742743537819
AN005452|PE(O-20:2_22:3)	13.465841857762776	13.466456336372655	12.248476131532827	14.618305770964053	15.174813357579946	15.252056667059392	14.75119202449405	14.837877229831395	14.680347435067691	14.29926526705461	8.921037563617743	13.773948949650359	15.002682744921641	15.418677834116446	14.995459785942916	14.554267470911697	14.852078840651632	15.070081940856916	16.032382850330507	16.559269230938657	16.984971669173227	16.99742385023932	16.922737578729663	16.91227713194629	16.90879578906659	16.497610650511028	16.857757500002297	16.754138904707315	16.485996242703514	16.360969303523007	15.490318791101855	15.763262171307108	15.623720057760693	15.150685407457605	14.865797537386708	14.563401267191855	15.50723221641173	16.054498545273788	16.171317947758173	15.915952183813658	15.317939324596308	15.534618407088212
AN005452|PE(O-24:6_18:1)	15.194158556641408	15.066080779198172	14.004562837487992	16.246263703032817	16.49200399534089	16.84359281652943	16.564170632364643	16.655737542321987	16.683096732571155	15.771239782420434	11.0337464703623	15.30561754506267	16.670818183654674	17.081323647606812	16.424394152851534	16.664458118053698	17.12193108595007	17.061371298144646	15.432778719906292	15.845701490242346	16.12007746095628	15.590485592233795	15.764277600471495	15.69150690301542	15.694558670801104	15.493492103464499	15.753459389494301	15.80476453220985	15.623966341848607	15.38139964789604	14.631788661490285	15.015651997330824	14.52411927557262	13.339767902740537	13.470632185480486	13.792067342493775	14.66759169506192	15.16433344196552	15.092352895174498	15.302783128970539	14.04408498609619	14.739901883864299
AN005452|PE(O-24:7_18:1)	13.50781569586209	13.14322375612385	12.382102508836367	14.708219035222923	14.90831239584162	15.512379990880987	15.121201620454801	15.178991956535675	15.099868424813918	14.268252496570975	9.670479220461136	13.824179124659585	15.276087319390781	15.39867689895497	15.144725548975485	15.033605821952484	15.48591513594015	15.586568612259715	14.350770709999768	15.042905914333206	15.11589873664275	14.746943580809937	14.767148877501064	15.1180877880703	14.531858421452586	14.9455727733143	14.797186290303879	14.658313588201185	15.019407426339335	14.22855342061515	13.906923469144422	14.047367636080324	13.91467569755461	13.622960083510526	13.770389284012195	13.008517912325686	13.927019570252805	14.41013065807523	14.074531192046463	13.893148871692015	13.738197839410569	14.396705782352887
AN005452|PE(O-26:6_16:0)	15.069953598922346	14.698979160695558	13.71539256229752	16.106646563626708	16.488558502383633	16.639533328369446	16.548887065422864	16.498072096771654	16.245213049148703	15.869644203676533	11.215217489460994	15.298171424635813	16.72147946991829	16.9756534256593	16.59189702579491	16.415849524132863	16.806637849433987	16.81862848417299	16.075895669220024	16.379676020834335	16.60815922062446	16.34403543633271	16.64171436823205	16.689049171560885	16.278072618184016	16.087129436414155	16.40717463808953	16.28841840598609	16.397062741420825	16.195283766563133	14.552727327621971	15.001304386990652	14.930962279197443	13.887642355497588	12.784798407151811	5.643856189774724	14.763809388689282	14.64594151777541	15.100064376993032	15.189695244748185	14.323296174762804	14.9486359778637
AN005452|PG(16:0_18:1)	13.93357079417362	13.733555595415142	12.600519260153737	14.886600157477481	15.250662599133397	15.40716417969665	16.25756665831657	15.6152043056621	15.549838503336886	14.860232961795445	10.19135537472995	14.383012340251572	15.475707469313969	15.788798865284596	15.280677626894434	15.763002494622326	16.120315648563288	16.080050933863433	16.10211555242089	16.546609189611733	17.043220748163623	17.4696822748316	17.64845617403783	17.64832485695544	16.53228453763748	16.480102416059314	16.591262716408714	16.855030502069745	16.779478526837902	16.515659649946198	16.940713105027374	17.37176856318151	17.178885976243073	17.544789547320217	17.228910828428297	17.03313420562364	17.14086071842204	17.874081243026012	17.5107951456049	17.94811406695363	17.105731658765727	17.431698282003907
AN005452|PG(16:1_18:1)	10.141034212625597	10.446018380683132	9.246099258166561	10.830966721253857	11.482853323781935	11.488236820855994	11.926318235540421	11.99306221290433	11.665753385515774	11.21614562070428	5.2660368939953175	10.529811188006509	11.337973056268648	11.755630365612847	10.9778236941404	12.06678883554009	12.383512604313529	12.415432812590351	12.227080398410612	12.862831046897997	13.23171019784725	13.793918229456748	13.956720997837513	14.042905914333206	13.236981346597295	13.154522262960874	13.340801467046461	13.4638512926111	13.348282775096783	12.976743106734322	13.42559751124065	13.752676473247478	13.533660677012618	13.896522568254198	13.460908907191241	13.352748319712958	13.177801029304426	13.93500754556971	13.798657087625433	14.378090929400354	13.534649408675673	13.699838108536254
AN005452|PG(18:0_18:1)	15.30345470677236	14.926649489598503	14.147693055953768	15.636833035048872	16.10201095025329	16.04780810955866	16.32645230995036	16.577606586996268	16.390699992224175	16.117689158790476	11.385840835531992	15.52468647923268	16.421570463813552	16.7675164377476	16.21809945446291	16.69672538192559	16.909938073558383	17.038163673776296	15.092547806140383	15.83140745497093	16.268384644684367	16.1206860169821	16.604887485357683	16.346788125229647	15.965394027959245	15.75976389726193	16.085687801693428	16.528016022213645	16.303855292153013	16.031494879495682	17.242785674993552	17.569316128173718	17.279077669129975	17.07974299496383	16.7459842611312	16.110317522494018	17.152276522698934	18.733266084176545	17.934693234485113	18.98905228045209	17.58273915779167	17.799964743757
AN005452|PG(18:1_18:1)	13.670213636738564	13.286826292737846	12.665629045879077	13.537934230721708	13.97790863979209	13.238455495501135	14.45338317938534	14.685202677982344	14.589528264108303	14.2781597575771	9.444145241058482	13.586934760695863	14.155871271592428	14.670954382662465	14.136163663481598	15.028772873181818	15.256787699955785	15.213465379935538	13.839669320753732	14.603548111892	15.017783187341054	15.315094002139809	15.525610730042276	15.566163175921233	15.071160652214806	14.729808184022307	15.178014698219377	15.06914092110112	14.924098493464303	14.525463305687454	15.07984682885008	15.546134216813641	15.369404115252976	15.514544246433756	15.054857377846439	14.92060640279242	14.995174001463306	15.973223803395706	15.900486182821556	16.197887232235367	15.312804622869889	15.462521763163139
AN005452|PG(18:1_20:2)	9.148298617628939	6.8283269264148165	8.609437328673257	9.312406515052336	9.61377105088933	9.521266716561124	7.806904009398553	10.647395464574283	8.090112419664289	8.905868324524123	5.643856189774724	8.310703657225108	9.460865403845991	9.965726575706265	9.727546121913	8.528141509254205	8.61772457453495	9.541541942395737	11.967503673516378	12.716011308654048	13.503696565301766	13.408921453465446	13.716926609389034	13.636788862749675	13.164647708396185	12.781634291279422	13.293073559531132	12.968929535580884	12.85894065883924	12.87387470348735	14.119724968364986	14.169221171560034	14.146357060706398	14.387012297468923	13.977397996387252	13.929939828612385	14.007919036626472	14.732687351011359	14.452925868968439	15.094469077451068	14.061607459350858	14.371281143223538
AN005452|PG(18:1_22:3)	5.948834425578686	5.277984747299765	5.643856189774724	5.902797157880231	7.85598969730848	8.406077421734226	6.515542158078312	5.643856189774724	5.643856189774724	7.006746832440585	5.643856189774724	6.327148408298704	5.643856189774724	5.643856189774724	8.134631671447647	6.539158811108031	5.643856189774724	5.643856189774724	12.902000070557571	12.993175462329285	13.727784344837083	13.97442624174377	14.182609282814674	14.206161205756173	13.557594131799481	13.39812106140819	13.712706466386436	13.83563792841121	13.617123050768019	13.255789856895557	13.179871778453812	13.482357989524608	13.56773271600834	13.597252979069703	12.95193669492785	12.437866484841189	13.439617943513202	14.57608216430162	14.157271135033174	14.692277671008421	13.447065140735825	13.877107716645067
AN005452|PG(18:1_22:6)	10.448715152560542	10.256008136438856	9.099032145233625	11.504416803918081	11.8081718422131	12.000359220153085	12.160359929146324	12.206116933816508	12.16076328716868	11.424418265945784	5.643856189774724	10.540990103730257	12.042726405863082	12.583632842934538	11.721769954318557	12.469293310373713	12.910650224969853	13.058636122456145	12.877399176387646	13.427992385165435	13.752617939916824	13.51952568784903	13.728990807636638	13.609201828466816	13.947966528724544	13.721768886468316	14.014459037355278	13.988482326081355	13.669272634318911	13.417284236345429	13.191824170741992	13.424065223125575	13.326189298854528	12.352915181551712	12.117321673125506	11.753571946117614	13.186371177365228	14.143670990828772	13.932450997932952	13.981288990441824	13.141363175412694	13.3549600840986
AN005452|PG(22:6_22:6)	9.41886457739032	9.28653465982106	7.933336575912319	10.94882712683592	11.518908825390193	11.61767407455022	12.905020267151302	12.898512585997736	12.72442218961885	10.556161146105703	5.643856189774724	9.990543656398103	11.895204147734006	12.154375108356138	11.54711624755774	13.265257551352263	13.515391853089591	13.649802923595033	12.280927324200789	12.834702131312108	13.200933844610116	12.347352845078573	12.35376160464776	12.492253789302918	13.02922855157485	12.892003887237252	13.123327675941475	13.055431578594957	13.005835043813937	12.620554337987636	10.538431462950005	10.890127450139142	10.585112773628005	8.411553357288323	7.702103406629387	7.859596903238742	10.800422696525189	11.922900259630321	11.530118549751464	11.176621973161577	10.27974985301445	10.475155832090014
AN005452|PI(16:0_16:1)	9.023754353299417	8.350939181546432	7.058965822002304	10.994035160200387	11.428224062978176	11.667745798055554	11.517743193973082	11.405364872060574	11.30269032530799	11.090469740237458	4.368768349090335	10.165371831869317	12.538894583688188	13.149755056845528	12.220072947097169	12.649732206303728	13.042327988228221	13.095509110831674	10.854260640728853	11.635976530930822	11.926722216320604	12.518930948524153	12.810382851045615	12.789144390834412	12.034118025884867	11.535202462293055	12.121565893436372	12.382694268443693	12.191336866498599	11.938634983223963	12.895895214701719	13.22126840028498	12.996710034606133	13.940463181815641	13.679015987279696	13.46916991367547	12.959974772643747	13.79457832286071	13.6058660677991	14.356381126763669	13.590424480273752	13.825339445668291
AN005452|PI(16:0_18:1)	13.500904106261888	12.703397503520787	12.186736383709505	13.795043253516974	14.342368484381188	14.623291674722099	14.92799827471273	14.923306127134202	14.744757118721687	15.19169773418853	10.3641565470277	14.602029549784067	15.365264054846724	15.687115653375328	15.055545967679121	15.586446639866166	16.293091705882606	16.284636161776145	14.0895009646277	14.687093503538328	14.949936568022515	15.732422111796764	16.0668207823829	16.137933928989405	15.125515178835823	14.794107148571948	15.149882842022231	15.436277224000154	15.333108517880076	14.927709454659459	15.830971423784005	16.119622243111277	15.871782056730074	16.82474995615595	16.417350173409123	16.160230507682133	15.887627363467832	16.705962922113546	16.540479525509692	17.140227557123392	16.398077627579674	16.505730158172618
AN005452|PI(16:0_20:4)	12.608197057567143	12.240666134184863	11.0823486624654	13.179358646610675	13.584877965331957	13.773509107523493	14.343073260816642	14.428214901285353	14.231865418627436	13.678520916330248	8.62921088594737	13.100544080466594	14.3376177210696	14.733955903078112	14.088125692188207	15.068523869732752	15.472877065345177	15.49420620060012	13.341655025018099	13.953452592676364	14.14172638455424	14.649421233588003	14.738483921805884	14.779475192404556	14.014954117845438	13.891439123716	14.179860895733379	14.310487818409468	14.12150923479096	13.877940713295587	14.513429676298358	14.97953907371066	14.636328370944753	15.136815729409966	14.823972217063826	14.6638276948928	14.451522159416909	15.190139882361251	14.830835539235146	15.620425181830116	14.77382071913188	15.074440459756941
AN005452|PI(16:1_18:1)	12.772850638853765	12.467967197363933	11.310226496631742	13.594931042927247	14.035360149806742	14.225779821414763	14.266581597866105	14.329202799914398	14.220102429726396	13.689138604597717	8.870611313044545	13.115328193371182	14.348138896554843	14.707808825618427	14.089982538175029	14.663323491543155	15.015348840225341	15.194885331034977	14.561861304882399	15.213537525205618	15.501134943890067	16.2805679856135	16.497101173382358	16.548120193660854	15.518984718615995	15.329583687572178	15.65766791464222	15.763498978521906	15.652891736621367	15.292306173217924	15.88730559219776	16.213943559837013	15.970026103270783	16.48540701463282	16.178997401184485	16.009410948475477	15.754556376925859	16.5334605375405	16.29331932438826	16.850442886454136	16.004927285708263	16.186342544993842
AN005452|PI(18:0_20:4)	13.996508796549847	14.83382056472081	13.106093415663482	14.931597653763028	15.827786282624723	15.466431481840154	15.527775398526362	17.59080317192113	15.573689786127426	14.972384820856943	10.484067622432198	14.744606296628115	15.272251421538705	15.764844902703826	15.586549847947282	16.364782210497577	16.239361528626837	16.049247230331428	16.326600473992055	17.8207220901084	16.823026953389817	16.56107101139743	17.383682610715795	16.393939408399994	16.348492860414883	14.862814100118898	16.196215775833437	16.82209177826297	16.42525115053174	14.884194372995902	16.51285139472672	17.169783519283403	16.535039455062034	16.65049335751844	16.538880643741923	16.08529879252945	16.300600663091203	17.293347437363096	17.81207719150225	17.581677610046984	16.796239405823236	16.690683487116203
AN005452|PI(18:1_18:1)	14.599551425982003	14.309575827020126	13.25809781810081	15.383808900269866	15.690870463808604	16.05597209309929	15.847611369309718	15.787860993589803	15.742171781840065	15.222150375253726	10.84605447336319	14.551904684490426	15.796675668303127	16.10466959260687	15.523082243915908	15.661354466550659	16.267238227038025	16.032456034020083	16.645082522755068	17.26774572521338	17.57397463216534	18.01634012569019	18.233207718928366	18.19747631683719	17.49715794680575	17.21008969718138	17.576106676428473	17.73209758451389	17.554109752297457	17.12420311555433	17.53531935129325	17.91368948781489	17.661768287746312	18.059617391015014	17.730717694385334	17.580980735459903	17.388287849405177	18.209079535126385	18.03313641080215	18.377305865109875	17.53162666128012	17.921720784948864
AN005452|PI(18:1_18:2)	12.75444076526812	12.68714381872629	11.90370112105078	13.656217025137279	13.980900898304487	14.22357112351004	14.151852159079017	14.195834318736711	14.236352097059132	13.901511801989937	8.952712130948363	13.309572985024475	14.413642472247654	14.903125851688715	14.267761815929173	14.490595826016708	15.090788111092044	15.066661041094102	14.988069972712328	15.64171704908216	16.258003567620893	16.699092930169858	16.851279215649935	16.924035380054825	15.808094395496346	15.642649682536371	16.1051979093859	16.296668365734043	16.06638040007994	15.72928748541776	16.660365741817674	16.94173047293208	16.66321687471655	17.179281563883873	16.89310916343803	16.674685654562257	16.3046195915043	17.156039018731363	17.001653827499283	17.624654899885574	16.92175587877056	16.99620247247047
AN005452|PI(18:1_20:2)	17.1317346011866	16.640820238519463	15.703059754475374	17.614681809968772	17.978366477781158	18.241150657081814	17.690434624601135	17.979022362168077	17.741508923069894	17.94450623952852	12.761999927249066	17.27485922012739	18.546346398694084	19.036904543130092	18.23180533816881	17.908732295776264	18.40764091406026	18.616455585347953	19.79215371094688	20.573543690128783	20.74181093641643	20.72399733718241	20.982242551013567	21.01657091372103	20.569501555512133	20.117493835884744	20.567657859108895	20.770885845303187	20.699338168470554	20.205313243068456	20.72146336541268	21.240190283925507	20.871705311438053	20.86384634793968	20.580254362013466	20.36538072064645	20.550500313320352	21.33870154088519	21.146528509307966	21.514328384979297	20.697346406293185	20.86087653550464
AN005452|PI(18:1_20:3)	17.901579738244628	17.65435282596421	16.585409164531097	18.40028374810514	18.96360512823646	19.174606966993196	19.514202875557405	19.6004184985817	19.383369074628483	18.74124144891931	13.588109091848379	17.979405823947893	19.17374405359104	19.431741327375942	18.974218789554822	19.472174050916184	20.094621684768782	20.063396318997288	19.318947103250494	20.022487847480004	20.229979693691934	20.296789984356675	20.485899102668085	20.57844154893441	20.027013253120664	19.841802202663132	20.230371803950725	20.144707191934497	19.899762564860172	19.60430015106689	20.22234069982105	20.45127951142593	20.335386756152136	20.180162945764398	19.92421311149321	19.779737723384034	19.97763847292374	20.73154281041094	20.69274466186261	20.90060902293815	20.02426507392405	20.308151518887563
AN005452|PI(18:1_20:4)	16.061397985560028	15.881073322152556	14.759245316875438	16.7640378099868	17.306879009986908	17.383427467028703	17.938196814987286	18.026009615693358	17.813778937004276	16.934778512314043	11.947578498488099	16.31514796979867	17.44667705581085	17.952736356609428	17.29196350316272	18.09892993999955	18.50105962239623	18.591683404827872	16.51269972905225	17.12918298286376	17.452493670669643	17.556055815792302	17.806815106106036	17.802273695180613	17.356576969489744	17.100651150027424	17.466216376651655	17.286008091456154	17.177413698052543	16.714246322741257	17.32144133214716	17.657058459097826	17.456504581064898	17.672158251258463	17.31025623502243	17.07936811014787	17.142228939138224	18.01117597776464	17.831668899119393	18.08959753011253	17.236041107601263	17.544622488512044
AN005452|PI(18:1_22:3)	15.730506756038869	15.438056610576613	14.288537365189432	16.375723001450375	16.828828080950338	17.09683938807447	17.06226026133126	17.124636900752986	17.008540781122168	16.20374735794602	11.554353819046456	15.541314455535964	16.92431414878263	17.55720258139902	16.72771615222609	17.07691598943662	17.506914517319146	17.62703400995068	18.69472290894699	19.375079851262228	19.748474385522048	19.656202637383718	19.874414802896403	19.949975882126775	19.34000614550925	18.970032003190067	19.43029242029102	19.440701673254413	19.351296773151898	18.994183366505027	18.38082143172042	18.73444028698552	18.447077614892702	18.114656225502955	17.754061373902612	17.5529401176666	18.305475537830745	19.19454254901524	18.981004120930063	18.89111722231953	18.01008752230001	18.257226502884137
AN005452|PI(18:1_22:4)	14.064568479087095	14.038288872586147	13.785933626839624	16.029448571996454	15.9507809588721	16.92945711232234	16.92069164518112	16.40495725773474	16.818947348392673	15.731022240251004	10.800042438461261	14.260070510062942	16.651935861555796	17.06414299050173	16.360668279025617	16.03419413135377	16.60100090196774	16.64326729786562	17.04593239568778	17.86409640878613	18.214722327239944	18.304760257262718	18.450671489674505	18.390636394085504	17.838255034150297	17.530199267090964	18.040247440570205	17.919050629680612	17.80280019613234	17.370662463849023	17.20834134841116	17.52719077228705	17.374336346819078	17.02936369554451	16.84427410239982	16.685357375451293	17.014835266086322	17.86354892328558	17.632670727456482	17.755362008590595	16.924566537087276	17.18035422800784
AN005452|PI(20:1_22:3)	11.937417961129544	10.840164215037149	10.01886780986485	12.315800553231718	12.790067424885411	12.85030992257326	13.332871536452718	13.001175936984518	13.309258910011193	12.038387480438207	7.7148636830862305	11.317457838605891	12.994862533508575	12.93258755998562	12.359757794859565	12.914912030747868	12.920066223439218	13.048112187818754	14.880846203451727	15.531776198057429	15.936535345752123	15.86149454548634	15.884552133987235	15.826010156750709	15.398386647529207	15.284178139992507	15.782949848759236	15.429991834992027	15.485347575387989	15.047321195353009	13.724482943985516	14.200146111391113	14.019895600983176	13.09286613162046	13.153925640077038	12.804975976749901	14.320019911893851	14.810240744894154	14.51411424462792	14.134451990722807	13.272150070358464	13.645025651168458
AN005452|PI(20:2_22:3)	12.47343179417202	12.075495862725786	11.229389644289082	13.634368646603281	13.967727908084592	14.330888175142427	14.12836977250267	14.152724524722014	14.136740444463435	13.000574005159537	7.77623561482759	12.397003393692668	14.07771199355479	14.129887501882168	13.768977216871319	13.817290483202873	14.143467719513463	14.254328155555603	15.683074383834908	16.282981065959113	16.65328244762186	16.737492155717295	16.893225795916372	16.864112010166746	16.34324124536613	16.214515876474945	16.227247965636312	16.532565805833272	16.137135846787412	15.754836885889643	14.606721548358756	15.068650659651293	14.928003828377907	14.026199214670214	13.766964674161565	13.731190667888276	14.55349670482149	15.828095565592356	15.341350290498418	15.00069502770668	14.37598426096255	14.275995691356098
AN005452|PI(20:3_20:3)	13.98661003163345	13.801050509744336	12.788689788413489	14.80295653805306	15.200985170272478	15.380870586783661	15.519389312685334	15.730995714421448	15.533669192970057	14.706009749618609	9.343518862901362	14.159243804529433	15.19817028932107	15.655567337897603	14.178444664502074	15.729579853869437	16.134728320795475	16.15756977316282	15.28043948630075	15.906093652833189	16.27180458433093	16.29461985151436	16.655583269212755	16.521057793565575	15.931141930177043	15.77877402074449	16.08120961961593	15.976097319947964	15.880740760407633	15.464883284128359	15.510668372357758	15.825670865596727	15.656039612715615	15.385630221813237	13.609526208464581	14.841514717381298	15.378846532496619	16.114338960923433	16.07329578125864	16.076285968984706	15.237350772035034	15.476532947727478
AN005452|PI(20:3_20:4)	12.189929545709289	11.961851191056942	10.812161257649432	12.820089190157532	13.330310493949174	13.419228114003277	13.900943203904065	13.964367945147941	13.821347486976144	13.027207972373551	7.95262477870811	12.27739783589446	13.366107706707295	13.825951544068598	13.15316565689489	14.047297761391006	14.488203550185824	14.577974574322184	12.596795411798327	13.247538906319273	13.472367186443078	13.651950852323695	13.859563903991953	14.025007159165355	13.445640843823266	13.228675916734684	13.603409599935729	13.361213197014191	13.204736188901931	12.819568400876172	12.86930851456485	13.206739669345554	13.049178084901202	12.487626527289752	12.235598430068578	12.253410238419155	12.629117517282046	13.524322551739914	13.409719748269122	13.496124757668694	12.726616250761964	12.992389611287964
AN005452|PI(20:3_22:3)	12.410716333604269	12.164683844647119	11.104140058250795	13.45118792547571	13.88819814048461	14.119677152391546	14.263248657375943	14.156030128029744	13.89798249796407	12.878384334527867	7.0390286957705035	11.849917186342738	13.830715237314333	14.320177906857921	13.548181317527884	13.94900046200187	14.351043430723525	14.538693350532647	14.573389202224174	15.499454460613709	15.4569174568698	16.008516599273737	15.991845548115915	16.29338668683016	15.033229831976115	15.331679397961741	15.25925482992431	15.897804813473687	15.395724233085884	14.914323461230667	14.106102414961413	14.213267531498529	14.104316181735157	13.314263176303779	12.941729899904429	12.6860321005098	13.676856232451282	14.57058626221482	14.351736392699372	14.1668338928674	13.558635953434635	13.571390028387786
AN005452|PI(20:4_18:2)	11.528424807250381	11.330205436148503	10.336104825448103	12.2726152063352	12.789880013214468	12.777138168530875	13.744086443927701	13.7434764688977	13.547828389364627	12.924036772292167	5.782670658677007	12.082907454679008	13.308091543478257	13.80443760164602	13.14720333466904	14.372911979578609	14.707941981337159	14.81554040651585	12.312843257940694	12.899287052492317	13.30194053835207	13.639143964095586	13.876220511346618	13.879379351152455	13.088879315074431	12.823918495816468	13.244042671872624	13.119301052875196	12.938322552847556	12.574491825577985	13.416801485249794	13.760919499548686	13.432890266045796	13.807919370718606	13.50253970580924	13.366314017091614	13.076895744549025	13.938328985919865	13.64576086732443	14.224704907079408	13.34290386815984	13.551250438477368
AN005452|PS(16:0_16:0)	10.871412450825177	10.734878940693246	10.183784233127527	12.413860603009176	12.694549421223094	12.861544462501893	11.921573195626205	12.882967772026777	12.711430376266039	12.670965997008237	9.650603022215309	11.81844636923012	14.015117945099565	14.44059020230194	13.753563589547134	13.734988988341591	14.126805283766435	14.275842237724765	13.254435195552322	13.680329851692662	14.288634688151344	14.348988125694943	14.355583726009964	14.59119623071584	13.581341831051995	13.394531022716494	13.608538989201353	13.84776500944311	13.880797428035514	13.484970126211605	14.412394527006889	14.798149264790316	14.666136883587662	13.468723307510393	12.96413506328066	12.953392569394783	14.40875630247566	14.807432408479862	14.732797036093714	14.844053011033894	13.783313405808922	14.112044405770261
AN005452|PS(16:0_16:1)	8.920174182426942	8.495495307380992	9.148374890838214	10.335390354693924	10.96146416468712	11.02552718257317	10.64638770060745	10.32985238589037	10.030998118171894	11.049031698410024	5.14934066928622	10.421023378680607	12.261269288960921	12.524514780559288	11.583026337649374	11.902209277938812	12.100337104695656	12.252286970999787	11.717993369938192	12.356385941477795	12.659683780015916	13.003152448666922	13.4620919510453	13.398626134219482	12.21336247175456	11.96549571679616	12.247274831063917	12.5828147060384	12.475203974163087	12.220450883877781	14.74030043471917	15.125083676231275	14.915398587067648	15.666100536117616	15.302017320162502	15.068365156713996	14.215891657196963	15.036605926912642	14.808695252892452	15.877142234688309	15.08023210493766	14.995279576048711
AN005452|PS(16:0_18:0)	14.540777056898126	14.613273795283765	13.620341267087872	15.832699678970432	17.166036437122244	17.308670812556322	16.71422203611043	16.654168749452726	16.43140178486627	16.39337369741354	13.564051814128641	15.43224043749515	16.756514104313048	17.65911929816088	16.81043720420302	16.952110908536927	17.73024376957493	17.583203040957724	16.849805671775467	17.29623646845548	18.09737541514976	17.94914806556499	17.894365074191132	17.740284818975468	17.120541748626977	17.063613217646218	17.361954736421865	14.604808017841927	17.973353645058076	17.02843177535698	18.570762087280833	18.793877185793246	18.488870112000185	18.986346961929897	18.633457250594454	18.51481354877693	18.208396841026662	18.89788075146142	18.864973180478792	19.505677577954682	18.667566818080573	18.905064027873532
AN005452|PS(16:0_18:1)	14.673374781624304	15.003742327546144	14.370656079063439	15.975248586031737	16.32623653201605	16.87741271728804	16.706497097276106	16.735434912829504	16.434137071340615	16.482276677958666	13.253977451659342	15.61333567380726	17.32351819813717	17.737068064669717	7.365097589751472	17.280713145258037	17.764570997956405	17.745783288735694	17.23541920799139	17.593131463926074	18.130906192068263	18.18121953213693	18.340884681622725	18.42236967677877	17.678716764704447	17.34695602397207	17.73865860474439	17.614013501551973	17.591825676258377	17.372457425540155	18.49987328607277	18.774128273017368	18.64204428702176	18.4796988070463	18.173631026705188	17.973452420050712	18.199277660164743	18.985348827450373	18.872548308284806	19.028213596641827	18.118339334417794	18.584018644767642
AN005452|PS(16:0_22:1)	17.78067323263187	17.45159797917417	16.604281163448466	18.194012262980873	18.735907234828783	18.812664235714614	19.125783037061098	19.179690793973947	19.003653427415898	18.835403789294617	14.060234884540492	18.076779644024608	19.036984578511536	19.372440526834698	18.845928422250985	19.481961493240348	19.845810581903294	19.84398692536094	19.879466122204718	20.346768131860987	20.734382646514234	20.84664045722337	21.033782376252624	20.950922174073707	20.523468394461183	20.222228951902125	20.436697565066773	20.636476326334964	20.529458045192275	20.270768040115744	20.719604423923712	20.923606855169513	20.749038266798078	20.987313912001124	20.896231561106763	20.619902819112625	20.53573248826372	21.115814276738945	21.02490805846381	21.394508414510184	20.809859353870966	20.985067789117796
AN005452|PS(16:0_22:3)	13.59964905214576	13.523384303491621	13.032781010852343	14.067209972631808	14.547458505092482	14.761821296963012	14.834548081206155	15.130540801282734	15.000852121834237	14.51314218410629	12.080807536610845	14.057545040704921	15.341707487066556	15.904587114300433	15.196740810981419	15.928551453603477	16.063688941484408	16.155831159551894	16.3553677878143	16.981328016919694	16.941086475477675	17.323162627608326	17.37848342840703	17.559728847965772	16.76454287896297	16.620539590142005	16.744725326525682	17.03009700562574	16.71361473742675	16.58542559630458	17.373640735338167	17.796368004162087	17.52190641258517	17.812118755019476	16.555898217700886	17.21067667018153	17.221368480214014	18.21924364311368	17.51919309719607	18.313993196521277	17.50577442252465	17.669772964224762
AN005452|PS(16:1_18:1)	11.377107477062255	11.42915563423076	11.157302718987868	12.225346035072523	12.865097216045815	12.896150730976562	12.913014668658857	12.979698488341628	12.769653983319307	12.983355272301187	9.526225345605884	12.235942414241876	13.309889833055593	13.93086390041584	13.225246607329728	13.60548646298257	13.842655783680305	13.924844971300129	13.937148496449227	14.798451043478721	14.824296989037098	15.221849144777936	15.362710275887016	15.265144350514172	14.22913800171528	14.011201043429306	14.40321445550054	14.752128152826893	14.574732468734847	14.079021366960179	15.656071185340775	16.105725214436326	15.912669744401581	16.496167366773342	16.055057632473186	15.876195805662148	15.34922109223039	16.10612348128024	15.94123311391495	16.72815104085702	16.055156160261095	16.239372158127523
AN005452|PS(18:0_18:1)	17.004130470667018	16.669371053162376	16.075555610967488	17.185851740364008	17.59762588219577	17.90864716465306	18.2628713570675	18.21379726576376	17.96035179026709	18.216850419487848	15.293681427884419	17.77738542418206	18.430046859160793	18.89576554654216	18.09807254918265	18.745041148274794	19.367133096693756	19.206231761352107	17.95232253099625	18.587047789154273	19.25644208554705	19.716310298856573	19.565187613088654	19.60585601476707	18.64364188292496	18.531939231825266	19.154444608142235	19.451412930107676	19.087945069603094	18.56625163983728	19.98112246096048	20.545641923239028	20.129831169115086	20.330590698216245	19.923138021169894	20.065311625122266	19.687292703120363	20.608362122258068	20.2595338008424	20.90051003379984	20.32729362777539	20.316221164038623
AN005452|PS(18:0_20:2)	14.298588156122898	14.195480636164271	13.745779350394704	14.574910412427702	15.379880230959012	16.07917870367448	15.996151264982647	15.695881293850158	15.380575715826458	15.95427629630185	11.952020447531584	15.174906572280847	16.24688567704217	16.08883377761437	16.04232029238391	16.21552427863384	17.137578368658133	17.08566633112259	16.116135177760647	17.480100285451726	17.24633868070048	17.74516168548207	17.670264682405584	17.655980027980856	16.80481582106844	16.80458595210499	17.644533209969307	17.557883070477217	17.052848208018755	17.205188436741075	17.738374536297105	17.949727900452363	17.74107251138592	18.150504690659854	17.958478970261737	18.012097005062227	17.32864994849058	18.00318512231923	17.592382795312883	18.644023590451223	17.843843721684703	18.168866288402008
AN005452|PS(18:0_22:3)	17.04318282645195	16.998517821610818	16.48251634482758	17.60563092422526	18.202643748672376	18.460348501316393	18.790386617998394	19.007409763896856	18.906867290165916	18.45843328862117	15.271082534032024	17.881413096688117	18.619557660206787	19.279324355820126	18.535962678878814	19.61894066696447	19.93771820436367	19.893639904306255	19.18682061177715	18.695217720594215	19.789110424830394	19.761849793611283	19.842195619014962	20.166834934636302	20.00454609117287	19.158445543522088	18.2777011728767	19.71720654636164	19.602670958920562	19.900435428160524	20.337506421318437	20.016125063009568	19.94062705902431	19.683710827434016	19.981825330865686	19.427005190110233	18.821170761029098	20.829783277030852	20.411133726601147	20.45926075157305	20.245681728070213	20.33596815316008
AN005452|PS(18:0_22:4)	16.214675234593997	16.033578292830445	14.967708547839933	16.533742032766487	16.849750094484683	17.08342821712639	17.915446381673878	17.924005388615853	17.653806332639565	17.505782949651863	13.799011394493055	16.96673952839063	17.80946745219142	18.23198018315739	17.547399308782296	18.55868407913444	19.052058800046755	19.00195432482343	17.94462182115992	18.52909715015125	18.85659072462564	18.68255186632848	18.901543560966864	18.8477213411014	18.22886875189663	18.161140840738206	18.354373539026803	18.628244170787127	18.397182641459462	18.104374338721705	18.74007221061099	18.85620866306457	18.827783337049183	18.46464597389165	18.102732704637507	17.916367708564092	18.381117224395176	19.29407005815016	19.029813526977332	19.301433988492384	18.46773787543344	18.764283562321697
AN005452|PS(18:0_22:5)	15.253495556221319	15.141188323464329	14.32900933915744	15.532471599271329	15.632850397986147	16.04401580632394	17.106549548018045	16.305733669781958	16.771216694500588	16.931898735582347	12.773180425989159	16.242992072800227	16.09838641951205	15.730286232794219	16.51002375006281	16.905581855354622	18.345667896434303	18.31154181201583	16.247392780760855	16.807326366758417	17.203390830441133	17.272674704488203	17.29708024605636	17.240353184878074	16.713279640701156	16.45003473928861	16.685776207460336	16.888121780321512	16.711355624962923	16.44699812561971	17.41442395487382	17.90528075466435	17.60908745558338	17.82092105278592	17.320142994281486	17.033277266318755	17.2908605995437	18.04264898594178	17.81005650075509	18.22611909677167	17.397484207228228	17.52161914802026
AN005452|PS(18:0_22:6)	13.797561222641601	13.720719875858773	12.955106796982871	13.827361561572195	14.506138330993203	14.382834066601735	15.257078408000668	15.223509282561025	15.012501021145257	15.733258469902333	11.16063409882782	15.084534369285727	15.739820684078921	15.969576064987633	15.17439674296825	16.30313216006518	16.954677863096375	16.672521750470686	14.054807786692535	14.672453519333844	14.901058733263735	14.803122577585885	15.11263050135781	15.17293334772864	14.397500167523013	14.418917269532347	14.678877934574803	14.510180643431632	14.748413011538712	14.525224703235224	15.31961179572941	15.81201681883083	15.447756103041238	15.66303517704121	15.277636479050743	15.230912459553235	15.41825749098218	16.104410992801046	15.877678836093237	16.09510584165979	15.372945638255562	15.739679891801226
AN005452|PS(18:1_18:1)	15.613426328246875	15.30554273584547	14.433020066192746	15.34699012060797	15.858652486830628	16.957180619312883	16.103428587266617	16.4563824921963	16.45315309511129	16.26475192545118	13.648923762408794	15.744623113809816	16.72950869243585	17.02302961894109	16.645117151385403	16.753853560354052	16.97955660125117	17.036032019685855	16.650673556611334	17.3996636176077	17.793243924237217	17.777068415507365	17.906840168496757	17.90813832523906	17.209712557570796	16.956817402337357	16.929713109593788	17.544861450599175	17.301107996918965	18.042114359859095	18.220583657911465	18.682167734188912	18.262604843882425	18.745661621854524	18.331162667684698	18.23525053005041	17.97978287719195	18.86141379015235	18.746838081617774	19.165995503029308	18.42116156684905	18.56412231710713
AN005452|PS(18:1_18:2)	11.88428501417146	11.78352213467528	11.073719834415234	12.25069516370832	12.759155833800271	13.534011006328425	12.983435439296246	13.056082204452395	13.288652710201617	12.786896483766963	10.318904285489234	12.771113890729728	13.198477271513473	13.77779365647738	13.065140091019282	14.16790654087739	13.925977172881412	14.215376770103958	13.714462335002624	14.495726387505039	14.881674655418202	15.012560817263026	15.17630835646517	15.250936784694813	14.262889841440236	13.91265921999221	14.33879486902518	14.873011469846222	14.54328139361167	14.074475164486262	15.169536723969758	15.427964240975987	15.21010549245024	15.562347974684505	15.143595664210919	15.191928626730492	14.844826376206736	15.429791164859067	15.31023927977629	15.920954783292615	15.204349526824835	15.520628194553643
AN005452|PS(18:1_24:2)	16.771331098616756	16.511962002284136	15.758722126428168	17.28724514120863	17.76755678348521	17.828784517288213	18.124324449204167	18.30549148038649	18.151061146599737	17.347571629747353	12.69108482302098	16.854893943741704	17.62044723369995	17.930108804706364	17.61324263916214	18.233246110878444	18.413642017774137	18.430583510480265	18.17909112370354	18.5725701927636	18.70944707991082	18.590256299368793	18.75877836354243	18.732437216637866	18.36530430096742	18.31052642681905	18.5382006426841	18.646869070233322	18.561790020214914	18.36271930674557	18.101704688928894	18.374008330080066	18.18209353425126	18.22320300824161	18.140962142192905	17.815104619898854	17.79382318921841	18.354400013582662	18.165627043918796	18.728184595732817	18.170116312959088	18.446109194586672
AN005452|SM(d33:1)	12.035984675831765	11.809776165986303	10.819141253264211	12.946028989515476	13.31875321092295	13.552570641264184	14.011149491785202	14.093013090892153	13.983829974145765	11.845607657159476	8.621136113274641	11.146606858606676	12.282824915553114	12.695708964735486	11.828386434453652	13.642849333301896	13.78353338880513	14.083340536052415	14.785521433872201	15.386662440524345	15.773690674536452	15.513614110004948	15.60329628842571	15.810744330102734	15.17836763019287	14.87032329545321	15.329216817801825	15.487571575642908	15.563348233494292	15.125041285945448	13.995336114909408	14.398492534274126	14.19565748828883	13.797167034391146	13.619984933067437	13.377141376995215	13.981251524029833	14.649508806692475	14.542524080184156	14.755263155086014	14.002646269476575	14.190695872500594
AN005452|SM(d35:0)	15.553089562151238	15.297907504046313	14.42264364707252	15.82620460465397	16.20880303912972	16.45456582181779	16.662080297371862	16.53671953598242	16.53834552072725	14.00959596228516	11.333149758458536	13.166439290241525	13.306824999058056	13.667767969793614	13.404859492968129	14.659182586872651	14.834812721244731	15.021869633093711	17.225223444200992	17.74394994497627	18.012326801720445	17.462026109775742	17.821856115110787	18.221376080340086	17.227727709596945	17.537676072330537	17.392592631665526	17.769023141123473	17.659912854826665	17.14215523277755	14.253517346539391	14.6671409324726	14.449850214841472	13.63676734242165	13.42299900823446	13.498831758490338	14.061259796369658	14.818343006589524	14.872822027660387	14.129809440174215	13.161084632372964	9.931032941506322
AN005452|SM(d35:1)	17.148202177890038	17.06138838658605	15.985592484990507	17.95780489387839	18.643960689803105	18.740513668246997	18.8211552178278	18.834244808715617	18.66322705717231	17.504407027223664	14.62541091404014	16.759262614562317	17.52545986458639	18.04755844278288	17.44775836265539	18.305298643798388	18.71779562092694	18.71973814124284	19.628961189521597	20.1209180689401	20.418798822719353	20.310587776562926	20.504857966494715	20.68889923078027	19.916765491703668	19.914825701809658	20.241346045516647	20.215117266376392	20.046923432138236	19.767839430633057	18.42266011155545	18.752323767441034	18.50113000553365	18.46746533166327	18.026358905992353	17.849242532019666	18.759782911367395	19.157888007375973	19.496925126471933	18.72900305975093	18.125306457079986	18.518430291186785
AN005452|SM(d35:2)	10.091845259774843	9.957726010097515	8.494095544940635	10.614268135164197	11.250416860912917	11.423231489242317	11.135856754060345	11.344678726189567	11.35273314949786	10.780260879622976	7.113742166049188	10.119732262187727	11.143089797894861	11.634888173316856	11.113924444520759	11.278449458220482	11.689543782850144	11.76526952069059	13.044880741928099	13.677341963700213	13.976027935494907	14.663367414828025	14.847335852553648	14.897633724215876	13.934975305781897	13.718936303359959	14.003950023449343	14.089591168471758	14.138955702077165	13.709536199737343	12.642130686895513	12.817559306845808	12.660056077772387	12.71242167469859	12.314183856447524	12.193808697202112	12.681660088039836	13.36330935724567	13.321635017690522	13.02529012360199	12.495000546564208	12.741222583947167
AN005452|SM(d37:1)	15.073311473655435	14.52958916379253	13.84487344148907	15.478713381581036	15.785971928755824	16.19047732178377	16.322896376167787	16.086612496235556	16.14411270825899	14.205657341367266	11.892815999732886	13.639366713109043	13.979911013785559	13.868435791231581	13.827836883572814	15.226575134065023	15.427902060006291	15.766412181814694	16.502494021265754	17.125935759564207	17.15392029784261	16.670510340353456	17.290105717864105	17.05156158303995	16.911008042049623	16.890836148920837	17.233456967471774	17.02456497020102	17.35599950956485	17.216378791854403	14.397750829617786	14.874392107658261	14.855718209028437	8.631395353695602	14.155394597302562	14.009595087571196	15.070230819973103	15.670465389182407	15.694675101593901	15.183421768022152	14.923209546593618	14.866722561622716
AN005452|SM(d43:2)	15.287747364480001	15.163887458974731	14.180167912405008	15.341055919077341	16.029278382668306	16.19639849360464	16.38053377974038	16.450533884530014	15.901058733263735	14.630738085802284	11.96864879539032	14.01077109876476	14.82197074498208	15.267238775781108	14.242330081495105	14.937609682653553	15.978706437713436	16.205448491436123	17.90414018624541	18.37361240265883	18.36752472729652	18.80110941639841	18.515757039293977	18.946053441921507	18.444629160912772	18.328501950962824	18.49162143406921	18.36619485424146	18.281394439275633	18.19679771193143	15.571897190134452	16.54575409579383	16.327451771190944	15.81891540274738	15.292398568733727	15.824931401437055	16.58605998373163	16.89835728848657	17.228093027784933	16.421732511105457	15.831068193501217	15.977941722534723
AN005452|SM(d43:3)	12.908934843095029	12.969316363643179	11.918658294445798	13.870726889221713	13.905444358151756	14.00083540114393	13.864143575234799	14.00338350963466	13.87466346648378	12.21846031260422	8.132576842670009	11.485321157159753	12.203877138846215	12.453324656886197	11.7166565810378	12.92624780529302	13.40777893802566	13.366882242814315	15.404297050619041	15.976197138178401	15.797764101471781	15.928116979650722	16.14175851019185	15.954666391310402	15.789396857547167	15.623409428433991	16.030730063135785	15.960437997143423	15.894038287184811	15.672352409772138	13.256553690853536	13.29747947046929	13.331415238684766	13.321205157382545	12.689098189743994	12.240940363208098	13.640446049802065	13.865623092988093	13.515082569796792	13.353131659472792	12.325631514547997	13.036053382957109
AN005453|AcCa(2:0)	12.269600095381197	13.76770755276155	12.74518690147202	14.082725372060768	14.493757273604427	14.820661641893803	13.47519763977157	13.644042150196867	13.59421028494384	14.304006151668053	10.441159753172622	13.550737167384243	14.62930424857043	14.573256641392184	14.27986880383621	13.763830650767876	14.242195338923493	14.494414985338853	16.834308332697752	17.19710493828748	17.64463649927317	18.12848698037958	18.001891229424373	18.13280665123395	16.939051719748	16.304964258394104	16.866396697122777	17.398044967820404	16.952184524816616	16.430490448048403	18.120487580993064	18.062247716314207	18.278436118021236	17.89759679793984	17.408518823338664	17.292313633386755	17.003850570262536	18.275138441946904	18.30339615241926	18.359372865771256	17.22959008187304	17.787553356678746
AN005453|AcCa(21:3)	13.567008936561942	13.76412621306314	13.568131887220673	13.796041637364677	13.537185633707793	13.562535799631213	13.621183057349505	13.416748715774004	13.762610426582437	13.613041223426043	13.82574787132104	13.564200707609233	13.650923834740352	13.609082909344497	13.625646066202421	13.468904002440288	13.433701488416045	13.48580667209585	13.411529524723539	13.733802359037306	13.418355999302646	13.636358395184784	13.534441502931216	13.536440290740634	13.4396049583216	13.618234066396377	13.44419701792376	13.782019431701698	13.55303044640456	13.537411345670414	13.597810479404046	13.399897386554564	13.488967326700953	13.507051302247916	13.517244931268612	13.75069651974008	13.559758269223435	13.494880578991262	13.76914049646003	13.456110522556497	13.443624780356437	13.754240314975695
AN005453|AcCa(4:0)	9.006859012763405	11.861133443794493	10.101187815259738	13.031878642973437	13.720826734638454	14.025018409575454	11.77224858293084	11.993536385553028	12.095476144665334	13.722100949797806	9.872151567969409	13.478827750725651	14.894174033000748	15.044066623887447	14.378147164506204	13.295946821409672	13.848117243529646	14.119365904614769	13.902699194524157	14.435874671654563	14.818792355488478	14.95560995318497	15.057138422883698	15.013326599477002	14.14148691626891	13.780443393208541	14.380039586137567	14.856816983572411	14.332951233666396	13.590271250388826	16.665118946942393	16.53376940376442	16.440870951517752	16.489954710154073	16.0271289050244	15.592187791608712	15.561559737724522	16.995672983162873	16.95648846636031	16.778890906355674	15.76209935865429	16.250171265919157
AN005453|Cer(d16:0_28:1)	9.380157991538162	9.656156679423324	7.802710219291343	10.601826489843631	5.643856189774724	11.835553060456013	11.297506696470196	11.298102673854503	11.621259767550182	8.406119950882756	5.643856189774724	5.643856189774724	8.609954370727031	8.932362410229697	8.434086072730391	9.588958186913334	9.327215788795229	5.643856189774724	12.283493547533304	12.897073997713845	13.318842163283662	12.977448084995956	13.002250693375393	13.10019088962746	12.796964324979779	12.592136973884411	13.096346198993174	12.776163632934223	12.45822972613534	11.803073625667528	9.956840765281667	10.852708957334603	11.258748567428942	8.857794427671543	8.198690585668917	5.643856189774724	11.050535707471337	12.233239181675208	12.0412484589246	11.887433880914543	5.643856189774724	11.066634135557702
AN005453|Cer(d18:1_14:0)	11.715588831213303	11.079998035948412	10.208929318716374	12.249777153125422	12.663064372548934	12.94452905919877	13.91397768146486	13.71308789170041	13.62757606125554	12.318943816409163	9.486633935070163	11.712415225934011	13.026236396495799	13.288263383819952	12.858835787398938	13.799749085839027	13.734543455198239	13.896840398957353	13.434884898194667	13.813059663299578	14.0665029638817	13.679513087581975	13.607072501457107	13.70608801698302	13.92918164782031	13.487168009425977	13.875919217033031	13.939844553244503	13.660332452290751	13.46070545379883	13.295513542169255	13.74934884899467	13.764554411703992	13.847521330545026	13.696987080703222	13.524812256201983	13.537770470403771	13.95789555956309	13.970102294657947	14.252924828165806	13.779436204612022	13.74154282702082
AN005453|Cer(d18:1_22:0)	11.26903899242628	11.549770231300835	10.31108981453023	11.972829048859191	12.600252095910419	12.56521634670942	12.932546961806693	13.12939572309251	12.84258213036882	12.85690595789384	8.967917894840237	12.073726527891038	13.361313279108403	13.665817771473343	13.249660138840339	14.060089615721942	14.191449454568232	14.46566524235869	13.792372429632842	14.003146298249614	14.32799815473718	14.305156159747614	14.452756029032495	14.695926954897642	14.56686508820056	14.228733779382784	14.171310519149484	14.706178154134854	14.097024740752941	13.136912632973036	14.15733746053943	14.488329095869512	14.797191864335913	14.693043125475945	14.699224858981173	14.314045744504925	14.379342488792384	14.853909903546096	13.777849122980353	15.40558824639411	15.156326060166503	14.754587431300521
AN005453|Cer(d18:1_22:1)	10.582179624873895	9.919623134706432	9.099637109479913	11.583703350260013	11.545524406512023	12.470259764735417	12.41309633970741	12.358648453946172	12.40988412623612	10.090998941428527	7.374257035174093	9.365425716112611	10.67247838125537	10.566777107753932	10.257682480708766	11.263374845449723	11.609737420286216	12.239273319397883	12.887694707395482	13.782516070076571	13.778634669430625	13.864497637180214	13.961857520064624	14.197863241793913	13.638154180817555	13.757762928253866	13.883218904433942	13.71750614244802	13.612268401144659	13.126147869746909	12.935235045877489	13.090147163048526	12.98005744167254	13.221345443562441	12.734876824310046	12.598520136787853	12.7232172325281	13.753900947610667	14.131956608562763	13.769389513918435	13.082922419351673	13.30641633685467
AN005453|Cer(d18:1_24:0)	13.135029456290425	12.668198034099783	11.11332544304199	12.8804980447516	12.993393088610476	13.892244912245975	13.712796728244857	13.671602983625302	13.955462839019502	13.800054575905362	10.37795880215304	13.51480526744861	13.887330108363013	14.124278047735787	13.646684704219593	14.357169150308149	14.932567722381833	15.127621995730795	14.08156665529676	14.824068711317787	15.083794259211494	15.18717884041125	15.217643853331637	14.960918262945027	14.91213851668718	15.241773908000656	15.37265356357873	15.005610076560382	15.09410078444693	14.355439885515192	15.782522724893935	15.557928529679591	15.497274917969602	15.685799746042704	14.608818481215621	14.725845514349915	15.18478122071893	16.07971726966641	16.280459060982963	16.238719324208866	15.401511877264554	15.672880256212105
AN005453|Cer(d18:2_24:1)	11.911890028660254	11.2545385369795	10.173589697590652	12.225963538808097	12.460066756454822	12.91614071296218	13.355031685830841	13.0137169701426	12.898085507142001	12.037917532111685	5.643856189774724	11.285026468100678	12.487920404567111	12.751924766534847	12.443427940316443	12.925953073013273	12.956769994811877	13.48508337133376	13.643131278845292	14.38190655319319	14.691964834641615	14.809739997892184	14.966038537257692	14.981265797063417	14.36108499953233	14.343638222018912	14.42172560885361	14.40975620467644	14.303188539579734	13.574915141528772	13.630930293725486	13.827829938449725	13.790467630257398	13.526318279596449	13.363696744838993	13.091065077930535	13.443582047630118	14.255526550124538	14.197597592961667	14.361302997021468	13.482904990079573	13.608523973634966
AN005453|Cer(d20:1_24:1)	11.39163026151743	11.452472918033365	9.609898982226532	11.371166772640562	11.66743979326873	12.487762170394845	12.420891836896377	11.75085350904075	12.207346882858342	11.796725091234816	9.786171592944584	11.59516888401057	12.224330344448123	11.788803962132963	11.96222365110027	12.06935913459935	12.651888086200154	12.393865020688768	12.055729818536065	12.983633165506577	13.127659071383215	13.271182865743889	13.05551461749903	13.277054876148728	12.757777509715694	12.364840505298808	12.748834370718898	12.855316234716975	12.710584761554932	12.491570039849059	12.170663692569775	12.31663791826333	12.556194682501884	12.687412865820193	12.615360658230799	11.929639377791238	12.493767904409891	12.99610447034408	13.182164646148893	13.259650591681426	12.30602180394301	12.141308885751961
AN005453|ChE(16:1)	5.643856189774724	5.643856189774724	5.643856189774724	5.643856189774724	5.643856189774724	5.643856189774724	5.643856189774724	5.643856189774724	5.643856189774724	5.643856189774724	5.643856189774724	5.643856189774724	5.643856189774724	5.643856189774724	5.643856189774724	7.692022610924505	7.608883149339862	5.643856189774724	5.643856189774724	5.643856189774724	5.643856189774724	5.643856189774724	9.714966684909777	5.643856189774724	5.643856189774724	5.643856189774724	5.643856189774724	5.643856189774724	5.643856189774724	5.643856189774724	12.671027938606619	12.98751806038156	12.89873174552407	13.398590063453474	13.61082645922831	13.525573416588035	12.073261257384859	12.60224650225165	12.44564860242424	13.65113467964479	13.297103985845009	13.416335727968569
AN005453|ChE(18:1)	5.643856189774724	5.643856189774724	5.643856189774724	5.643856189774724	5.643856189774724	5.643856189774724	5.643856189774724	5.643856189774724	5.643856189774724	8.29130885982897	5.643856189774724	8.228866779529097	9.130544823146002	9.304807618034841	8.8095430668046	10.541106297834085	10.880448300934997	10.906687702352126	9.95064337464039	10.722380635163802	10.90789712532638	12.772597063731089	12.970492403430624	12.640845933956882	11.17796138125284	11.563653895346864	10.581435989454384	12.104896827331016	11.740012603479672	10.929754018717755	16.279391309273326	16.377148156886218	16.687441572151332	16.74648663527786	16.59685654559623	16.584179771951053	16.1740328869536	16.595607155061952	16.563661193498124	17.477945578269317	16.9215463490162	17.09659379254525
AN005453|ChE(18:2)	5.643856189774724	5.643856189774724	5.643856189774724	5.643856189774724	5.643856189774724	8.411638092108086	5.643856189774724	5.643856189774724	5.643856189774724	9.03000494450908	5.643856189774724	8.777058010071144	3.5921580021253603	9.68530946207926	9.289696163395215	10.835774101441967	11.044093526578767	11.004712050779652	10.364791271134484	11.009408761409121	10.510714725842426	13.09373611061715	13.04552931679991	13.335158633902392	10.932886475037439	10.988464573789363	11.340784780099373	11.35893685479757	11.618385502258606	10.975124290013122	16.768346789437842	17.257466019706023	16.76294373012607	17.442401136333785	17.050680666209715	17.11416954834527	15.48254486269185	16.36239574417942	16.3000484511244	17.612957237925887	16.87294247538201	17.120447283004044
AN005453|ChE(18:3)	5.643856189774724	5.643856189774724	5.643856189774724	5.643856189774724	5.643856189774724	5.643856189774724	7.331633567171029	5.643856189774724	5.643856189774724	7.4015622072560685	5.643856189774724	5.643856189774724	7.169023035147919	5.643856189774724	5.643856189774724	9.61590546051179	10.385021122418525	10.356209850051686	9.690172621264207	10.271579746082578	10.79840699582621	12.152379920129682	12.125084079942296	12.068630508356021	10.513095908551009	10.380428595967993	10.97483758448584	11.382218718230941	11.51391014157313	11.045213599665002	15.163861913924295	15.502299457282607	15.046442800663703	16.216529134574536	16.18906896876752	15.68666985664011	13.439842568829112	14.582071397982993	14.293735304565551	16.152212935541556	15.19763752018703	15.232450908058256
AN005453|ChE(20:1)	5.643856189774724	5.643856189774724	5.643856189774724	5.643856189774724	5.643856189774724	5.643856189774724	5.643856189774724	5.643856189774724	5.643856189774724	5.643856189774724	5.643856189774724	5.643856189774724	7.357552004618084	8.32364027884028	5.643856189774724	7.953090596217388	8.406757737710706	8.171577143151136	8.154413085174966	10.288093200774053	9.543959797371853	11.82452125288372	11.761243712825655	11.772673347113678	9.482102063217585	9.606257141464658	10.296170583568456	9.982337655137256	10.64783614004643	10.070644245898533	14.515319775060476	14.403776987187083	14.877884172927955	14.86810971048832	14.473497751163904	14.38975500889809	14.41598928120782	15.031275170951872	14.744901094441861	15.289865437197127	14.657769500424164	14.87534812045395
AN005453|ChE(20:3)	5.643856189774724	5.643856189774724	5.643856189774724	5.643856189774724	8.195150710564713	5.643856189774724	8.860776615631602	8.975933925428588	8.745170090861023	9.606849335235108	5.643856189774724	9.282115421634387	10.356969090857245	10.625261355589696	9.949768359931346	12.277787199821617	12.64430470803704	12.829181622980864	12.345865371983784	12.731128073456006	13.466895999620624	14.272124549154944	14.484273473201341	14.193414474469092	12.743925561762644	12.85521694051955	12.980908928854717	13.446073968519812	13.515414030220247	13.00998952976133	17.59491573930907	17.829912720360547	17.689912480799805	17.693291470403008	17.703404871463732	17.636853988102484	16.779307563073232	17.417359569195387	17.18839055036715	18.321907489842783	17.843809746860423	17.769735522577292
AN005453|ChE(20:4)	5.643856189774724	5.643856189774724	5.643856189774724	8.029232003134638	7.420802381631812	5.643856189774724	9.894893533116573	9.777255315191923	9.316869805064334	9.820737419871561	6.798309782454597	9.64560439787469	10.493565280282592	10.631950045800638	9.859969548221025	12.85390405720391	13.32611765601485	13.443943293526743	11.639132656121811	12.528747113177378	12.937653356655854	13.898506917637286	13.962690898213957	14.099770233314329	12.411860497334233	12.479108264267575	12.69015734024682	13.630923470213965	13.404832889163867	13.011485854902737	17.03730842971316	17.146246567026633	16.88447104927115	17.48552289839397	16.712670870499757	16.98876289423679	15.628543793619606	16.740180380226032	16.397712230492107	17.759937582617173	17.10258422057699	17.107755492425117
AN005453|ChE(20:5)	5.643856189774724	5.643856189774724	5.643856189774724	5.643856189774724	7.3243605909270855	5.643856189774724	7.382580799109606	7.89711938903453	5.643856189774724	7.619119511453218	6.9453267772646265	7.131239632811231	7.509062386361898	8.784438547164008	7.501996370055376	10.9560276030091	11.57508537884393	11.620050248462539	9.619688111828863	10.764548191810174	11.264231458673299	11.8996288188786	12.655179621661524	12.45056690773996	10.505196243269518	10.672301576058835	10.966541500806704	11.88223799866527	11.846203381351234	11.639336186090155	14.670757477619278	14.90055599520341	14.530335615020528	15.234006061185765	15.082039237967967	14.609051734749064	13.443960123567463	14.509671721278211	14.204285327832505	15.529917613323551	14.542191534496974	14.860323180801828
AN005453|ChE(22:1)	5.643856189774724	5.643856189774724	5.643856189774724	5.643856189774724	5.643856189774724	5.643856189774724	5.643856189774724	5.643856189774724	5.643856189774724	5.643856189774724	5.643856189774724	5.643856189774724	5.643856189774724	5.643856189774724	5.643856189774724	7.89469652333637	7.3450947178269015	8.308657571162552	5.643856189774724	9.095133251872928	9.383574703267184	10.465464371849146	10.916125780858712	10.7904055191444	9.445490836002639	8.49713330367111	8.536208354692263	9.526929538225987	9.91055279343005	8.330961681612731	13.248557665062528	13.466678096323193	13.347680879895142	13.125741171728707	12.937189885081185	12.708590333352385	12.828263448467787	13.357873606193523	13.20073005605281	13.687339593737777	13.086290506840587	13.245154543542322
AN005453|ChE(22:3)	5.643856189774724	5.643856189774724		5.643856189774724	7.041878139955925	5.643856189774724	8.41400864873692	8.865021798857313	7.918863237274595	10.539478728163898	8.909833095203082	9.555681969595247	11.372935778724445	11.64377954456477	10.609889750603037	12.703834377778525	13.009898581483487	13.292010971237561	13.322074611162298	13.50862919998409	14.071570460075254	14.85934405150937	14.872525313132003	15.121095154426314	13.745419078000213	13.363878767395338	13.47656901998433	14.37096387870327	14.446987628994249	13.831478464597721	17.837416785608397	18.230097951453583	18.034703278999345	17.24760779159835	17.36530455730854	17.186892071230126	17.377714843131507	17.780030974492014	17.6806836072113	18.01341973101164	17.594548112190434	17.612995309079757
AN005453|ChE(22:4)	5.643856189774724	5.643856189774724	7.690137692986635	7.812369865972219	7.985158842747733	8.792822823698499	9.779998347684188	10.45158204286804	10.401562207256069	10.975310618056731	8.900172457110122	10.58253718643892	11.846336601787534	12.05428888470495	11.485658267770441	8.127323743867532	14.808892802370732	14.584250839876638	12.961042658066775	13.861022914070361	13.90307876548084	14.689343392195799	14.875419159902512	14.850672278335153	13.473349343691511	13.324900589077203	12.972405464784467	14.266464474605632	13.921249608400927	13.57792679289399	18.003739143813892	18.267740056850297	17.957177727999635	17.795818291219238	17.462068779096498	17.29785673766377	16.934552898009965	17.612938094017114	17.398446272409373	18.316879569296674	17.587802050254933	17.842391043871665
AN005453|ChE(22:5)	7.575539246834531	7.358343510344786	5.643856189774724	7.75401895208599	8.591110890742753	8.308020418768207	11.013245895158713	11.199015867397666	11.013615789228515	11.81342047236508	9.389373211950783	10.757273322206652	12.019020765143125	12.322705588142934	11.60565081635293	14.644545813491115	15.277334626985107	15.173093851093869	12.657217948748261	13.718576755592329	13.636697115960407	15.076889900611109	15.084431391297398	14.967253282091413	13.489830403195318	13.52364403640524	13.403617902836187	13.844434105798408	14.270626757806317	13.404451070531817	17.61888207453759	17.821553214306523	17.36568568617195	17.506232800419852	17.037451720592145	16.79817534379628	16.189572868163992	17.403562984708987	17.16433079005125	18.00685786252115	17.155553703869714	17.44538575658034
AN005453|ChE(22:6)	8.146186791490736	5.643856189774724	5.643856189774724	7.383877059978108	8.18571790835797	9.159240650411673	11.598782970433671	11.665087155215272	11.070201464743676	11.521463033652774	8.977537524614945	10.902849904624516	12.38448967794127	12.790429956622685	11.984329444761876	15.355383790717731	15.760015318240386	15.707045234106369	11.723089213351468	12.784209498609163	13.160645127552453	13.742904119907308	13.719198417128625	13.444885473582914	12.30284166359517	12.257865126064388	12.634507054096353	13.35877206137062	13.325100224713472	12.89363903044125	16.9573522735662	17.121437497706697	16.806866888378554	16.399519265973254	15.947067737272675	15.82152437812283	15.712961119263507	17.0409304126094	16.694120610982214	17.481858465564223	16.65475195072669	16.878188530417653
AN005453|ChE(24:1)	5.643856189774724	5.643856189774724	5.643856189774724	5.643856189774724	5.643856189774724	5.643856189774724	5.643856189774724	5.643856189774724	5.643856189774724	5.643856189774724	5.643856189774724	5.643856189774724	8.024086924771819	8.478971805032943	6.7348450781894975	8.353852558686127	8.941282410432875	9.571847429814206	7.3449172427324605	6.740927560318628	8.12023787734196	9.644757592516257	9.639503511445577	9.289281178481987	8.136324704708544	5.643856189774724	7.94673086014031	8.59585420665089	8.070764980813944	5.643856189774724	13.270099644036312	13.507244606962697	12.730544435339349	12.817221520366491	12.565682848559598	12.045752836886688	12.107311900571524	12.943935973724106	12.91383560737916	12.886864468063688	12.166975860650295	12.937563248843155
AN005453|ChE(24:2)	5.643856189774724	5.643856189774724	5.643856189774724	5.643856189774724	5.643856189774724	5.643856189774724	5.643856189774724	5.643856189774724	5.643856189774724	8.82667559138693	6.885696373339395	8.584586749959588	10.412146396540681	10.803533809039024	9.94950575199696	11.021896085613134	11.385102035876177	11.59724715851448	10.694915006448664	11.462026749025814	11.452617054211608	12.642378925495976	12.901066749243421	13.122761681067624	10.944851126922087	10.65474342118394	11.029811747985072	12.243141248684395	11.840235040888134	10.843426462779762	15.714986801595053	16.01254095824331	9.471024839066756	15.507605435083352	15.129363119719237	15.146910296914038	15.073237404044013	15.686164544967786	15.46843535773241	15.977489004309737	15.248755179465777	15.630493523912445
AN005453|ChE(24:3)	5.643856189774724	5.643856189774724	5.643856189774724	5.643856189774724	5.643856189774724	5.643856189774724	5.643856189774724	7.8283269264148165	5.643856189774724	9.867850143844931	8.153855991616721	9.287343002336682	10.728396737506012	11.21654580677819	10.862273151188592	12.046840936139828	12.375639524152607	12.342596966871549	10.413405796118644	11.533227513448987	11.893301530860564	12.225758737594475	12.834380187358615	12.452910429800443	11.063341147755507	10.760927813619846	11.216630680464299	11.858773637762798	11.710638568603803	11.389394724323994	16.231547460546665	16.48780235849544	15.989701385847408	15.68762691928174	15.714737066602442	15.323164211243851	14.782514534345127	15.911193706646412	15.513324495350318	16.177692431333785	15.368823925886668	15.666918548741764
AN005453|ChE(24:4)	5.643856189774724	5.643856189774724	5.643856189774724	5.643856189774724	5.643856189774724	7.846367945984827	8.396604781181859	9.020090998272465	8.78656369179624	11.195642879586948	8.891449566728385	10.04416184861935	11.926136592638338	12.314665374162914	11.399422133392035	13.179144010072674	13.91911844354976	13.306370764557112	11.49753752267437	12.538664254259876	12.689076343405718	13.206451229687852	13.47341530445288	13.550321127558565	11.660744686847712	11.862614113090537	11.803965602033895	12.587815012788061	12.387026438121618	11.842923849984516	16.626711333234436	16.594160559192684	16.661405269893997	9.765186627667527	15.562934920978131	15.567130186023698	15.903276988032706	16.602810049147568	16.521413190046502	17.003986026886338	16.405760241006064	10.27583351001347
AN005453|ChE(24:6)	5.643856189774724	7.242793023597252	5.643856189774724	5.643856189774724	8.637313179965325	9.498111219379835	10.592298182566106	10.792839088122173	10.62296694479051	11.785807989416384	9.306540229261962	10.878311524849247	13.193679354741729	13.667114869319901	13.211935430734515	15.03434633024843	16.035881179547637	15.532377843176656	11.053695140448822	11.715485873800164	11.85094862330506	12.450448342846864	12.463529481955623	13.202648817854241	11.859158145675346	11.65132531074473	11.34654697460389	12.551395852122578	12.30643485018936	11.937013285309558	16.209283528249642	16.622059543255123	16.500988419165015	15.531620265267827	15.468460495969497	15.32014475756318	9.597456683709627	16.386263655045838	16.183703413236422	16.964758141100607	16.397243277245803	16.285795387827473
AN005453|ChE(26:2)	5.643856189774724	5.643856189774724	5.643856189774724	5.643856189774724	5.643856189774724	5.643856189774724	5.643856189774724	5.643856189774724	5.643856189774724	9.505335207324615	5.643856189774724	7.798569003556882	9.609418859458065	10.187240711652457	9.845160702529716	10.67832724235571	10.760520367776904	11.147077697547562	9.760354030276472	10.52502155415056	11.154292821819048	11.420391868705227	11.06495154304289	11.57146824720058	10.436617857599314	10.018381026065386	10.390846068422311	10.768482098066704	10.503736311977919	9.706167899293703	14.492039682840696	14.384435713239288	14.242027079149066	13.899626930888923	13.71686767894132	13.430513969440545	13.532091666766904	14.318184068412181	14.23904503199884	14.452651155754337	13.692024791116292	14.046024938646381
AN005453|ChE(26:3)	5.643856189774724	5.643856189774724	5.643856189774724	5.643856189774724	5.643856189774724	5.643856189774724	6.843858255796592	5.643856189774724	5.643856189774724	9.820992642727	5.643856189774724	8.65492239118093	10.785100947225029	10.815087040555921	10.137349819357771	10.940680648424093	11.158641242879037	11.038370331730682	9.833538448427568	10.331084884058663	10.822363692551898	11.23322419950038	11.516118592663398	11.421917544881712	9.673238396792286	9.4398101106851	10.190293852505517	10.065294951282231	10.221200417505635	9.674174609591581	14.518039609391819	14.809933386190956	14.474217374298407	14.418510831562468	13.74530036797301	13.564578232592133	13.362753418056714	14.11196374298608	14.14061491588776	14.591152392319112	13.568691253867298	14.134546646751048
AN005453|ChE(26:4)	5.643856189774724	5.643856189774724	5.643856189774724	5.643856189774724	7.947373941721205	9.11105740255794	8.606442228131607	8.882001029498129	8.589913260672201	11.018770466243836	9.15370401966754	10.301427602462544	12.242033780134747	12.64356085790714	12.316739726814433	12.257110828080831	13.228977979279406	13.451029475398041	11.343202374647781	11.841076815267945	12.314305667290066	12.259749147426911	12.572588917750078	12.87071533202064	11.49777201759007	10.686763129806438	11.045070224209173	12.32369656617475	11.7166565810378	10.856472217029959	15.497352269689713	15.70933560506708	15.730854854095258	14.295683569569114	14.305478254312192	14.176938247908184	14.993682763720985	15.466942506881203	15.391159662526105	15.562528644843159	14.835997574972893	15.149134621974044
AN005453|ChE(26:5)	7.207697668655053	5.643856189774724	5.643856189774724	7.294804519994466	9.287435355506439	9.450963771481256	10.255300082614484	10.658327536472045	10.236085965987355	12.096925943843608	9.92552476974757	10.983556572082056	13.819633260364382	14.195674403443048	13.432731098167192	15.19589812614191	15.545157853457592	15.40859643953562	9.789566247879726	10.419623158622882	10.821487008560819	10.87960622228085	11.350723755407422	11.130371068432092	8.73974686212613	9.82444965136409	10.0379449785587	10.467951918327106	10.11118784632704	9.962245344838246	15.472961763302415	15.711267155286837	15.354703596808674	14.268896490133203	14.332165954205669	14.004963045383795	13.921140799839451	14.875109056618044	14.750354223839818	15.410140266662202	14.59817582204738	14.57962118144268
AN005453|ChE(28:4)	5.643856189774724	5.643856189774724	5.643856189774724	5.643856189774724	6.943921326553485	5.643856189774724	5.643856189774724	7.339315572413283	7.214610544908592	9.27742689653266	5.643856189774724	8.375777971667347	10.306244009034408	10.732023233768343	10.829770295677072	10.657005757329008	10.55431064562509	11.179455067124032	8.72471847620247	9.714073758032502	10.452344212847327	10.05639385872348	9.826755025760777	9.713197465678622	8.905657766998885	8.731895993656584	9.197142958940974	9.792806559091463	9.614212912035205	9.297512428194391	13.139719209410064	13.412252270759412	12.930659731490321	12.192095509349988	11.497362874037758	11.667107105736592	12.182524711524662	13.021049364329064	12.915481686806974	13.0822538458814	12.422981931881289	12.7776991530791
AN005453|ChE(28:5)	5.643856189774724	5.643856189774724	5.643856189774724	8.076975887594953	9.782490474339083	10.039206951006763	10.258106653767626	10.711176528747412	10.3546240592726	11.395084227219678	9.545929769085467	10.717145166757064	13.539049732258661	13.869066519336963	13.430431642890237	14.092888424158545	14.590848409460747	14.378151907125748	7.568184151463825	9.305879346778845	9.135119263497058	9.25093789465191	9.046796609573757	9.400281746498463	8.077937257049157	7.877621566583064	8.110926946993473	5.643856189774724	8.761684193602205	5.643856189774724	12.791637059980783	13.259466701022134	13.071440574479075	11.956724627300089	11.64684218132899	11.657872195262508	12.024976869163629	12.769124996027143	12.631106556588259	13.277278681157348	12.123157900793332	12.659112885493327
AN005453|ChE(28:6)	5.643856189774724	5.643856189774724	5.643856189774724	8.379854854305924	9.172852503505382	9.987917696193538	9.138451005816933	9.650638920867667	9.208453855679688	11.46324336776427	9.259037041089966	10.7692675937283	13.615491705418599	13.988790293579706	13.133217685345084	13.3768484552805	13.873616172092465	14.111866778720929	5.643856189774724	5.643856189774724	5.643856189774724	5.643856189774724	5.643856189774724	9.201927858733598	5.643856189774724	8.428025110276753	5.643856189774724	5.643856189774724	8.580861527586254	5.643856189774724	12.545731927772705	12.627216949203367	12.248375320070894	11.242036758340616	11.035122123077427	10.516724339762737	11.1725962715911	12.12874512634567	12.054339765701522	12.623826633645807	11.770775373343598	12.116798793375189
AN005453|ChE(28:7)	5.643856189774724	5.643856189774724	5.643856189774724	5.643856189774724	7.870303064631756	8.289696163395215	7.968839560699264	8.438292851579147	7.320574933893158	10.205548911173034	8.509616675195865	9.537237817568641	12.258748567428942	12.563515670327437	12.164668133344886	12.298268815967992	12.698548409748234	12.553504504517333	5.643856189774724	5.643856189774724	5.643856189774724	5.643856189774724	5.643856189774724	5.643856189774724	5.643856189774724	5.643856189774724	5.643856189774724	5.643856189774724	8.752112991341738	5.643856189774724	11.565663810620288	11.80290404741688	11.651316340434208	10.63797425012509	9.860838679043493	10.027560482248777	10.529010764479887	11.484903433258475	11.19765287651794	11.7180704545959	11.284517603392475	11.251707259428816
AN005453|ChE(30:4)	5.643856189774724	5.643856189774724	5.643856189774724	5.643856189774724	5.643856189774724	5.643856189774724	5.643856189774724	5.643856189774724	5.643856189774724	7.338602690352632	5.643856189774724	5.643856189774724	9.40973035386445	9.813107776388938	8.790087794252344	8.864495702651581	9.71256139085331	9.032376392767894	8.750171004593543	9.62884648619779	9.083106970886133	10.073231126783503	10.399427474184959	10.508488076905577	8.931653512707474	8.815511387355919	9.110117859091025	9.606386704624725	9.722534332278252	8.507041388487409	12.033199283864096	12.3402117444801	12.586143130144603	12.08235531602678	11.462456261036595	11.548306568199337	11.867112681205688	12.589906240377944	12.56658686141751	13.096359377600049	12.194489093934836	12.230777021527496
AN005453|ChE(30:5)	5.643856189774724	5.643856189774724	5.643856189774724	5.643856189774724	8.901711653889882	8.782801687698566	9.25670405066727	8.74139956916985	9.230116532091527	10.498131169942882	7.47094352153209	9.500443565075965	11.475925912548156	11.999193189568437	11.709126903156546	12.518975193774354	12.506597677954357	13.119929991775992	8.77488587094609	8.90183230578549	10.190454365285758	9.814262009432083	10.12426350594563	10.114158768720547	9.976191766969622	8.817111572795698	9.07379346094111	10.585300592752752	9.89513596976607	9.508250364723207	12.773065009066775	13.081445156568316	12.86124978172494	12.58079323616918	12.400212355750167	12.186671396122104	12.33079646181853	12.882176849057979	12.630531064012178	13.389984844955315	12.587735331645948	12.764521238627093
AN005453|ChE(30:6)	7.449973985810354	5.643856189774724	5.643856189774724	9.036585752262297	10.14703952714119	10.374778679764887	10.057423194320164	10.020577205544335	9.562509565234869	11.016258120499222	9.246503098280098	10.416480880926466	12.98053055214928	13.307153838233772	12.761108632814611	13.52906080396268	13.692973951623493	13.989470783965077	7.493054841539428	9.516369786960876	10.120510058276809	9.987548258953744	10.389910925071666	10.115693952197011	9.765799923285126	9.041604399363317	8.718978030779601	9.923104600792096	10.065846926547584	8.872705657436523	13.256390046189658	13.502301011411989	13.216803443612783	12.651670625296598	12.20484926415317	11.96408451031278	12.434985208793519	13.333472652405398	13.191554323222553	13.566439403249328	12.638542256788302	13.10385002203208
AN005453|ChE(30:8)	5.643856189774724	5.643856189774724	5.643856189774724	7.771093251699539	9.153374692182435	8.873167236153938	7.895969035162939	7.739645614447917	7.453105980387882	10.30533218051152	7.294528854561147	9.75259807985435	12.885816465840339	13.345588205663185	12.555710724674443	12.479416513544114	12.703676512742785	12.796538542483814	5.643856189774724	5.643856189774724	5.643856189774724	5.643856189774724	5.643856189774724	5.643856189774724	5.643856189774724	7.601473677756217	5.643856189774724	5.643856189774724	5.643856189774724	5.643856189774724	10.962498414347765	10.930145947908821	10.751226028611402	8.522306892871388	9.53368014198433	9.070416163487067	10.206782396242563	11.077456652400587	10.173714608415235	10.13135540189617	9.79495190342539	9.212690920081517
AN005453|cholesterol	12.748870002418792	12.609236463261158	12.802227554872806	13.420086539762709	13.943496493904835	14.111593777090361	11.55769344230231	14.778568966904542	14.760336875630841	15.79639303799121	13.940500804966298	15.109141782479279	17.024963671178245	17.420819648245377	16.847445600657238	18.402774179715305	18.827718904955486	18.87171652235501	16.886226230072733	17.53055699100252	17.772014174510797	18.704493358810243	18.87133408389158	18.685138774872428	17.53919077570831	17.15965979194176	17.380467491182543	18.14538918269676	17.846756998119524	17.45068787899405	22.154611189405717	22.310842547004057	22.087745104745224	22.34735160410115	21.89987673249639	21.82797246180105	21.481913704209077	22.260666064801296	21.899116223775547	22.851944704914843	22.381747689227012	22.535467791514755
AN005453|CL(68:4)	9.735877527156221	9.304990096182204	8.582066692281822	10.802580986072204	10.754094135744236	11.67175334220997	11.966977621133525	11.988574634478613	11.877598562290451	10.223639748777245	7.440786132413236	9.527692025882484	11.416523104499428	11.581520726762616	10.741837724870201	11.963604168748276	12.298303187809708	12.364348088030637	12.574461077122935	13.282610656206367	13.35051934702272	13.81802088709755	13.898100627136246	13.751382960306373	13.006180539234249	13.021054571101253	13.127676802880176	13.58094865332191	13.512242938540682	13.294738479948997	13.609765117903825	13.57330398594472	13.326273579993662	13.963121860503257	13.284472780002103	13.239969894873756	12.754499224690914	13.788400235970794	13.618135395085115	14.356071575703583	13.874154326556328	13.855824280423084
AN005453|CL(70:4)	10.786040869642568	10.524580891558665	9.549303368513575	11.729896851339968	12.450917390444205	12.53772315840661	12.739905047399803	12.957105670066378	12.589931981289878	11.876727963651225	5.643856189774724	10.918729096169095	11.825956511337399	12.536239929331138	12.180751452573256	12.2848212090493	13.225636746585382	13.10492794137216	13.447466843206916	13.60099306459957	13.614807599953776	13.852553892226828	13.658316377866146	13.938214105310934	13.540963474596712	13.58350004478159	13.811590439365318	13.2357375291983	13.576393407848476	13.214889771116619	12.93445568525925	13.487694350436454	13.317515780861687	13.51563208718225	13.367437958682892	13.08295567362409	13.348202536910437	14.021259355902817	13.978769438248081	13.810914997068092	13.441535870777686	13.593824099771476
AN005453|CL(70:5)	9.917864331955077	9.442528868732527	8.943686951597094	10.949527637817333	11.067642749928531	7.710737568330671	12.46961892521134	12.25963735233699	11.850792392369852	11.263879487400995	5.643856189774724	9.686377962932402	11.713326365587355	11.807052987205433	11.245219921080093	12.071512641479774	12.595982377127571	12.409674673619168	12.185253319152794	11.878637223811152	12.150416877426412	12.250588586002078	11.999922509415763	12.339293300180094	12.1486926524791	12.121860482528568	12.0766719883138	12.325853530107302	12.03976899637313	12.063088307439385	11.691250615935969	12.13959611617811	11.815119071084402	12.09695229034764	12.417754960936188	11.065005416407786	12.063819737417314	12.020150046468151	12.01704848476969	11.91835268924979	12.288248962306454	11.430327094468106
AN005453|CL(72:4)	10.270937679215839	9.110848667992132	8.127684862579478	10.924990603111086	11.451489319049667	11.444554227657376	11.66790542696475	11.631831850610098	11.527941213310472	10.58050355042843	7.511515478923836	10.237353386438127	11.384875466757943	11.907904634102998	11.311084136495092	11.546860706600794	11.918136490382176	11.964102565147517	12.586396499184742	12.844378198581852	12.609628932830319	11.890507492774354	12.978899898692898	12.157498524075402	13.177867974518016	12.120101767615845	12.721599088225405	12.341146287413926	12.968209579360865	12.737084639772991	12.444981210190223	12.580710811188103	12.451195654302653	11.682625964867558	11.264284246958667	11.402042087195593	12.328531884764319	12.925177954901592	12.918535314772697	12.402993377100572	11.826798712802205	11.95779492030521
AN005453|Co(Q10)	12.847570265353376	12.927152016604602	11.821471063919748	13.895199413257	14.240806235959363	14.568077245305611	14.093357313279743	14.660567551835896	14.1696588547625	14.365769485135361	9.48580918729184	13.461841354634403	15.284444222438422	15.58328084232934	14.542641359832642	14.967811649406366	15.619332476249463	15.138306202982282	15.141737957847738	15.437843733074661	16.201926710422164	16.111859852452607	16.287955994104856	16.409751399111826	15.960034522702395	15.528798687651056	16.032249172890648	16.032941320140015	15.867484355439155	15.960969831678891	16.11275612046584	16.7120356384882	15.984157854704215	16.404872295874075	16.36879409198303	15.837086328157568	16.099198617895574	17.05500190302459	16.59625659457348	16.97323187679314	16.18084506121593	16.400101924167707
AN005453|Co(Q9)	9.292620725170433	1.5109619192773793	8.089212108870425	10.546335017793782	10.868228381537628	10.644838691144786	10.392553558890912	7.004838431143352	10.199255178819746	9.813107776388938	5.643856189774724	9.04483123344781	10.322491537597468	10.889382276041065	10.263175287142522	10.687795569945504	-0.8109661756099832	10.933764410482063	11.819700112477433	12.379473135592283	12.883513905298637	12.123397197141042	11.728026781352566	12.68932537205361	13.194296706584167	12.018151485294833	12.58235841673379	12.648141835779132	12.331194077431622	12.448330576698574	11.259231286770428	11.573377366930801	11.076488281881717	10.453887917785664	10.368757438056813	10.515276033646037	10.86966323898151	11.46347328543177	11.139365887658181	11.640796236873319	10.994063454302397	10.882123341025375
AN005453|DG(14:0_16:0)	11.491071424794034	11.030639550991998	10.912178289516385	10.939821601977956	11.49452061640525	12.17710492640117	12.180801170782903	12.134265869234731	12.10615068296504	11.546566537385738	10.71334355137173	11.4965142797889	12.956933306042723	13.078601162575422	12.540866637240237	12.547494654316374	12.589321095784369	12.829954578159311	11.919053249159637	12.295679982700076	12.522397627406075	13.117787558444006	13.46980205126684	13.40097547047759	12.836567201882223	12.96875317953342	12.716924466505837	13.495376630229723	13.18346170179691	12.694312176485447	13.52372733705864	13.437995188078796	13.354316886149942	13.891402097881144	13.835220448371386	13.81193957825072	13.871310407516168	14.478685577767079	14.306516021237112	14.461440437717322	13.797130548799021	13.948306996349054
AN005453|DG(16:0_16:0)	13.542261677784355	13.030218810486906	12.432437504784835	13.172493141025734	13.714089861366856	14.019147636194383	14.26123108452422	13.932287660123697	13.812518280452188	13.415316607000289	12.149432765697185	13.083341367177658	14.806304419517575	14.751114596744403	14.429052955382645	14.119763057921652	14.302739583379964	14.49495805918969	14.250515309261624	8.462624962918733	14.713530433559047	15.171823394275298	15.282291017670653	15.52442509737068	15.166483227483772	14.7464928023165	14.697030534129736	15.493637827993735	8.387974219178744	14.661376179979325	14.898815810817915	15.084651456293644	15.01732866416534	15.657320124535858	15.200146111391113	15.169686254481924	15.477553381106643	16.26917417389926	16.069645909262505	16.0066727711191	15.385712786055052	15.463294463745891
AN005453|DG(16:0_16:1)	12.950790981051767	12.101608058502118	11.106235761615748	12.901802143757518	13.220990406021363	13.697693036766747	13.95850196647167	13.834240919401354	13.576252854561373	13.049848549450562	10.217763871908643	12.67793761480897	14.25465220400024	14.173427297348619	13.970631702431913	14.067680559253683	14.15589814405977	14.364112762656198	14.384035636936591	14.941059989542174	15.155669316888702	15.820161257773245	15.784947896451857	16.06116252855968	15.33228730535606	15.264965555693362	15.24709677552023	15.959138917734938	15.529673341829202	15.154864774419863	15.299835482885108	15.528156469268072	15.390303665054201	15.507416205151072	15.348282429252107	15.496943319046268	15.632894974961193	16.066764034213815	15.971186742770783	15.94723808721629	15.35963838946922	15.509243048526947
AN005453|DG(16:0_18:0)	15.20373990331296	14.747221114733291	13.709756956262638	14.497607376209553	14.60284150385871	14.902464620610234	15.030325731588134	14.770694860566097	14.872105384239857	14.508003325409106	13.791667580699436	14.501113168333124	15.351787109412559	15.366260051330496	15.151051035640256	14.966412621839517	14.999304637297815	15.341607077901351	15.06314182900343	14.61107841309447	15.65790958776318	16.19184209453954	16.565464640865546	16.53582454614072	16.090082225329404	15.899984896752501	16.18076582441929	16.556930490399395	16.38579905221506	15.6856470121232	14.876124564571995	15.663453033589953	15.58352531262845	15.834456482720197	15.533217777942028	15.62357889688193	16.14158669955173	16.848627585759065	16.700607013163705	16.78405942141141	16.108697595929147	16.155775435556116
AN005453|DG(16:0_18:1)	14.658529492321685	14.374758985674017	13.387193422013794	15.384510588720651	15.621720801518656	15.769707181267476	15.929790766602785	15.804774613701953	15.685646738391982	14.471459937055215	11.036448385440877	13.99496857270224	15.890549528841452	16.17858529986593	15.192137516021335	15.226077973883518	15.783915465580053	15.71226528403086	16.995614911848048	17.684845852248984	18.15889114130553	18.102938414633968	18.01724497497128	18.17903381174524	17.80338080931104	17.73937261899315	17.909767011159914	18.31871923461546	18.102235220305083	17.79865259496186	17.18907398932299	17.32721148987316	16.847372436182486	16.775418152094893	16.620362890636734	16.600739488253136	17.04651282334983	17.92873024859387	17.809621880144103	17.669548217843353	16.699641447031354	17.04216839794451
AN005453|DG(16:0_20:1)	15.514005413813011	13.229751632134667	11.675410186695785	14.158948076004942	14.11555009812224	14.62488624959578	14.179957282686578	14.294369461450897	14.185151863941451	13.0408924306469	12.0229433890072	12.767234762029902	14.59005248945111	14.60413794277862	13.848369625068106	13.537805650113826	14.09630913351592	14.014836464457229	15.321769586969067	15.964855476230893	16.444525595898565	16.842246960316277	17.024766985253702	16.86832557839752	16.55293081438564	16.431518007906323	16.680010428864723	17.00309907095734	16.678011090765548	16.238581818377686	15.063316287088751	15.248924138432516	14.775299055485448	14.80711237271827	14.559908203774693	14.380882420942553	15.240080987698692	16.227434128618842	16.15793188518554	15.816251693738485	14.66395663592091	15.01649231540681
AN005453|DG(16:0_22:3)	13.70299403430289	13.42338382935816	12.292347518246384	14.017110268132626	14.301952680863879	14.485555759259057	14.188196285298373	14.28997491435602	14.128480938969203	13.693846279719878	8.978538869710446	13.121829731534165	14.11341091362698	14.482836941398766	14.411996174160297	13.618820218421076	13.890808605470882	14.013696036742571	15.765971847899259	16.68439633982696	16.87412946536003	17.4089978045354	17.660562607897415	17.71828107812637	16.95823607165234	16.916468013844117	17.069473368792448	17.370128683351528	17.278692373471305	16.320552370453644	15.495623342833019	15.336639400467838	15.28644008302379	14.84017651144126	13.10264829047889	14.90558115027419	15.213713316731232	15.985339431663041	15.788525138077791	16.18075960958452	14.93710158789756	15.289416277821307
AN005453|DG(16:0_22:5)	13.00302064827099	12.925647155084594	11.924575003392736	13.384486979754112	13.869996677512995	13.776419666479503	14.599469484638092	14.567017257929113	14.373691707273336	13.197431729581034	7.031108428608229	12.282002449587464	13.669742105188158	14.225517004637695	13.618267337758951	14.160928694374865	14.625021573049185	14.594491400064202	12.995419152344148	13.643918179245468	13.903641815830069	14.498647918087078	14.489625970984493	14.379669422013489	14.137966939430985	14.02239989182837	14.20536715778082	14.23577865809232	13.71969042049537	13.379853500871889	12.723057206782242	12.744604720007281	12.145897128525622	12.443756855326818	12.364607995866034	12.441704443396375	12.52663861141671	12.8576603174085	12.9819471701169	13.488736416382034	12.194938410846332	12.316086330388535
AN005453|DG(16:0_26:2)	9.073820233291672	8.76563419342074	8.440827650609446	10.502841746796376	11.425572598338107	11.046973907667065	10.879353502810659	10.650827374138768	10.036695636303016	4.377123749129487	6.7546203116745325	9.662899757770314	11.901217629963599	12.558143245234174	11.927748337650039	10.86978660094578	10.764050513401427	11.858754215452429	11.738286520463529	12.337067127037363	12.68680689226351	12.720291292628888	12.842976868188556	13.106932563249472	12.58108757266546	12.40838812680245	12.289949706535907	12.635987863669573	12.429346584375198	11.918080571608499	10.991798170822424	11.193925711341768	11.17666560138697	10.162252843528888	9.929243611688877	9.840636321712973	11.663140000069037	12.032768960038391	12.028330865731423	11.192249656281277	10.537791093096468	10.610766491184984
AN005453|DG(16:0_26:4)	10.56413996092493	9.711133499317143	9.184081890370264	10.919950810069691	11.45225153800321	11.53606261663422	10.792285994826827	11.306437698373612	10.91709604626438	10.402361918499752	5.643856189774724	9.661279302158581	10.921350039789811	11.380693739073976	11.086395010953805	10.122090284997334	10.527633387290932	10.29896754917414	13.052250473512236	13.616344370916098	14.000428764700855	14.043662169004945	13.955007779883063	14.069255067663262	13.479117108402214	13.421020747962459	13.539094576783947	14.032259290618068	13.80085542152882	13.493485223401823	10.362678089618557	10.573467312725457	10.526694845541975	9.519891748413503	9.298635406734242	9.039577103060678	10.819891671525367	11.152291181023065	11.032947990341807	10.72792896099473	9.839219537956835	9.66419836929191
AN005453|DG(16:1_18:1)	13.500699992632889	12.820266734332826	11.870353159480672	13.34900748339799	13.841468033811337	14.079353941987248	14.434239226073505	14.410099512560318	14.30235261236696	13.101077809509352	10.003250851778077	12.8799986155348	14.277130450553557	14.41239518863108	13.94346810623036	14.126766573205053	14.32718209894034	14.591223117606786	15.332322624666467	15.88046886829791	16.084530632309843	16.76421551800207	16.72280206236326	16.866433404324034	16.23418180939317	16.1751001977969	16.242967704700177	16.575769376627225	16.30500595500917	16.00856583790404	15.634543355503009	15.987703016715667	15.50467004377385	15.5368639938281	15.356072607650786	15.5341748898815	15.630581400340132	16.2372433906717	16.14960443835521	16.14188540944318	15.25972377364346	15.489306095602897
AN005453|DG(18:0_18:0)	13.57299503472991	13.782234491985076	12.444233260623845	12.909268705631952	12.375484772970742	12.74403702451811	12.700287984421688	12.766648990157496	12.89499771010625	12.582828815778338	12.722826738520043	12.391649055436238	12.80755416444987	13.107769588686427	12.666024231197627	12.833502871177576	12.829169728127532	12.906854903492825	12.849205690291459	12.639953384740549	13.12922827078193	12.823671750320848	12.746281270957772	12.641392488918193	13.260700526045166	12.606141450238548	13.045942204669716	13.279948582429098	12.721998456088844	12.737509320097134	12.793440742932862	12.981176588286749	12.451852453303907	13.016951018310943	13.322194348991356	12.890040026170256	13.220611099188705	13.072961597303658	12.99639757400129	12.978567469360376	12.986867749536314	12.832435145507876
AN005453|DG(18:0_20:4)	14.336610462469011	14.244919011259503	13.331934414473059	14.757415012530233	14.997387682663671	15.246342392364982	15.570091984513976	15.672333623608486	15.492234070299359	14.195203011496071	9.204864543912803	13.934372749772697	14.83692760281687	15.698566857638868	15.057477349539422	15.118700630543783	15.661873272430416	15.491496761755185	15.35518761384555	15.938206522868933	16.28843769246255	16.66067520015484	16.78998276162229	16.887753719984506	16.23478300955945	16.213365319865716	16.40804474319321	16.646276449139535	16.33880043903974	15.911494512177466	14.779297173774392	15.06700362241155	14.740423773387745	14.55903764917962	14.328054272307183	14.560433747678841	14.646798314432901	15.182250402629066	15.262427798702213	15.551479969027303	14.535574286842646	14.706686486991622
AN005453|DG(18:0_22:3)	11.887985939636653	11.727397212607555	10.828612542618123	12.15689839214037	12.580086583477048	12.480047966211448	12.342077446684907	12.31390336912453	12.089857609277507	11.635133125375047	8.336372660785527	11.056718991417602	12.258015349267618	12.569812896332353	12.054156585715129	11.52879594112793	12.017814063625455	12.063425418014802	14.444454580213769	14.807478193955074	15.38713652846322	15.554962007230868	15.500461304857424	15.7970910216996	15.37348916814549	14.985478638722403	15.503590982875496	15.930313686946272	15.362809569424611	14.82811614903406	12.854393119254608	13.120467938395313	13.107679697122574	12.181944216964085	12.18181380637907	12.446457853939942	13.238410710732593	13.645429897538078	14.867025782510067	13.57431915268355	12.42840466732964	12.627910012242314
AN005453|DG(18:1_18:1)	14.098005756168478	13.517996565289302	12.808131610671348	14.028833293366388	14.427830712223548	14.572057714706318	14.71114963550389	14.607933044769364	14.624845707187244	13.501881957501926	10.392650148888961	13.173218023927749	14.516457202168203	14.510937201839749	13.958094097511934	13.798742129209593	14.15060013376468	14.3770206896039	16.087944681254413	16.941561419904403	17.16642771726311	17.518099945837978	17.720826934991234	17.919975650319582	17.11477734818122	17.256356688412005	17.250471822567516	17.813119115307874	17.38553712075022	17.110066154206123	15.849320550285233	16.071308581974826	15.80370558329733	15.496628806750389	15.016431811442759	15.306928214229488	15.596442240630767	16.62641945784864	16.447794677397347	16.52695474708339	15.506724422050366	16.014699843761807
AN005453|DG(18:1_18:2)	13.137927726943369	12.443098950300783	11.664944986257417	13.085618513872149	13.394611404580857	13.56664869422868	13.994778580285754	13.789823988694978	13.538140420979905	12.565930318911736	9.545929769085467	12.223353160079624	13.40835097232626	13.531437510079446	13.212014494431306	13.136347136885869	13.285539488001575	13.791738793198762	15.081006510944627	15.674817627857983	15.887391991975631	16.367539316196947	16.369740122948865	16.4535609831845	15.988975086893355	15.809719150592661	15.870862438648315	16.399001984698003	16.021548911915097	15.604792673882972	14.514116710953521	14.74936194431591	14.614336585900503	14.28624874458959	13.837180470652411	14.082161518482582	14.27956052690692	14.991784887189844	14.797641263140667	14.972162655551047	14.317121444907283	14.407573162569323
AN005453|DG(18:1_20:1)	12.055377346526578	12.77305882575678	11.218611668278394	12.79496205372121	13.104849336184987	13.263264798326562	12.887428168858127	6.415657274159	12.72156491257825	11.703613794440884	10.606803078849351	12.554588851677638	12.9861157954228	13.03111187567346	13.299316788912954	11.833830939224557	12.027360046020856	12.356526248946677	14.704867102509171	15.27041578939901	15.495445339244023	15.897274701656215	15.907349113788136	16.01439408901698	15.68737349620864	15.586491794310154	15.720881496695549	16.07407412760579	15.721887679960602	15.20331435193962	13.867808647449676	14.01653410083588	14.04029485881942	13.440562951635679	13.231947146529402	13.459774832666152	14.136543403560658	14.794635685945746	15.688456042449284	14.411942566792813	13.54337867322552	13.743179801626068
AN005453|DG(18:1_22:3)	13.07207061988573	12.994203148297768	11.958574464438545	13.252057776155228	13.553008840044972	13.761317481953522	14.13047484112536	14.18676268737693	14.167748202971865	12.790210004414822	7.756422887910517	12.29370728894246	13.180610057049606	13.389385312700185	13.380753254298897	13.385271939367405	13.714344270196776	13.948531496718648	15.090791005050308	15.548687070845597	16.123265831593724	16.48329179844861	16.779514050899376	16.823468626216897	16.164826416893536	15.873530625482218	16.354138991988496	16.47817363907647	16.403372752124724	15.750560186838728	13.592465213139738	13.797761822092834	13.176109242661111	12.703970603581517	12.680137519536537	12.79079036135385	13.717015536234907	14.314384980449587	14.124748153313757	13.98396977211832	12.981788449649084	13.180224645042555
AN005453|DG(18:1_22:4)	12.86543171143478	12.778629536528525	11.79749131021804	13.27317783500516	13.68554162176535	13.77287331413273	14.260971708426409	14.196630556002596	14.225042457683097	12.594998668401052	5.643856189774724	12.068069517664268	13.054009007143106	13.653040978034669	13.23435491635593	13.618936044162211	13.74801774443437	14.068423101585747	13.9539490531546	14.588101477011216	14.978912407978726	15.266504370784043	15.44080072879028	15.51026163392193	14.997167570184534	14.728110242392361	14.931764762508902	15.192174897076505	14.748275676360247	14.384440435231296	12.73201899261208	12.678575932603751	12.653378044412134	12.177516088183012	11.912342984149596	12.045933675123988	12.368563753478753	13.047975914170848	13.039246369864008	13.361399645745664	12.30475058888014	12.607129154744518
AN005453|DG(18:1_24:2)	9.829120165182994	8.594212618074819	6.769903944980664	10.363302512006674	10.66011180270269	10.767687899340743	10.318508916703802	10.401882144950788	10.147866326591235	9.375039431346925	5.643856189774724	8.437419184308308	10.734489473905192	10.887167294180571	10.112074551309673	6.496014873437763	9.665104925349972	9.943349970876445	12.338048292494806	12.54779827204213	13.058132128319281	12.919850281224557	13.052753130456733	13.18206840656256	12.793107424643678	12.665402542572881	12.74202305838422	12.952715770510265	12.96707131573386	12.421875478896146	10.326407015061914	10.613246164946387	11.022416364448441	8.834660657901726	9.207648868782202	9.034028586078207	10.622509454683335	11.113983029138852	11.00563156617604	10.195482943070662	9.21856323619027	9.810330629917095
AN005453|DG(18:1_26:2)	9.224194663970433	7.932096614477254	7.83099048124926	9.320574933893157	9.652414788611289	9.714915184917237	9.403736385735469	9.26980460989431	9.007700087258682	9.328787107650767	5.643856189774724	7.555049212807179	9.237520698382353	9.932155684432056	9.206281801735347	8.183039821229091	8.791618747239662	8.601807922937278	10.800980766209998	11.526807307217165	11.793664266936968	11.96212602524236	11.959791885873656	12.190759907568749	11.71106034634019	11.407554574953773	11.843756207291463	11.391173762586751	11.703081660534265	11.258872206061081	9.426998497246066	9.838920261213085	9.06255888486675	6.939814257495547	5.643856189774724	7.152994605492435	9.410557350184538	10.412538092346262	10.289730740083755	9.152741158723185	7.947549277868504	8.226556695906368
AN005453|DG(20:2_22:3)	11.341162970180184	11.037231201181685	10.022076470191326	12.318791334034833	12.279038844844136	12.769794462971712	12.780205505767803	12.90171353915335	12.682066274130555	10.448931915249672	5.643856189774724	10.216297219398998	12.341176872338036	12.682241886756847	11.778060697835395	11.46529600168679	12.246384333510251	12.15049303873147	13.165073430214251	13.684664256231011	14.058914258582318	14.053034949275396	14.354452573822133	14.484095952262631	13.65223550724996	13.428674223071795	13.748626850979827	14.19786861568747	13.97040971637182	13.379460951416885	10.417314567769017	10.878319189198985	10.4148226287925	9.558669432352271	9.244649253554748	9.724019227485584	10.592260802447024	11.261254595066534	11.041645463763544	11.065624815552852	10.037725392360903	10.219374259278913
AN005453|DG(34:3)	11.482853323781935	9.999633644200292	9.362689046726734	10.896763785460672	11.037828327552594	11.344018439881326	11.888385574464618	11.782216059502625	11.52082981516307	10.32162374430157	5.643856189774724	9.82338316374468	11.262394396708903	11.101969107262594	10.813668977238812	11.368233611380942	11.91099118355115	11.619371740888434	12.634625030328431	12.864555671833022	12.801077799774797	14.183360120510251	14.289390699983937	14.43697499728851	13.867633963489476	13.406772350354608	13.685433212221852	13.668381991533947	13.58493080053068	13.484275361604546	12.755720067615556	12.809687753488749	12.27114492293509	12.487254699316422	12.376301780256362	12.320961278038467	12.794470697467629	13.226028286084171	12.705459599165401	13.012727534955408	12.556062927889242	12.15847715108622
AN005453|DG(O-15:1_20:1)	13.43324506892888	13.553455305729965	10.147383024447533	11.356578516868113	10.916640849139092	13.476661411476032	11.386207398560458	12.403257069128884	11.561698448549038	11.801498203156493	12.244078360208777	12.286751224552065	14.477741193777081	11.694262110684177	14.526547531933462	7.342963574398726	11.61132455893057	11.051983790453837	9.723541496942708	12.069087201946694	8.097926772909684	7.43095427138573	11.61563883193587	11.839302221900475	10.392875500405571	7.774787059601174	7.792139552277902	12.406664744690664	11.433173332736583	11.069617590965562	13.120835635867628	7.382234932751129	8.564568706362783	12.291187970108838	15.271664360857441	10.629975825958944	11.694170681694102	10.09726841087279	12.266552317942395	10.427742340812026	12.214519481198407	12.481822131234319
AN005453|DG(O-15:1_22:1)	14.559424295233299	14.905254896093444	11.774049878106648	12.127146375687113	10.793432614134657	13.868236099641777	12.283154928506201	12.958694078119622	12.049423163912794	12.774043699016314	12.633174614368079	13.144090994144339	14.5618177590188	11.893737610924607	15.510859339143128	12.393768511996186	11.32454623808983	9.188489942914352	8.818486314160388	12.037111059692737	6.913009056991898	7.375560793169459	7.053219969044298	8.686500527183219	8.071676873751858	6.992881703256784	6.77162151792327	12.032300621873956	9.241887840515401	1.713695814843359	13.669147490115979	11.155741644425264	6.966015097404102	10.942441195801843	15.852973456043726	7.689788363693447	8.18660950045996	1.5410191531335593	7.745102846458163	3.1984941536390834	12.0332577979904	13.260200652595246
AN005453|DG(O-17:1_17:2)	12.945805927874536	12.681530523555606	11.98075009411568	13.457427052783729	14.129286237242804	14.58019319242717	13.815338260928598	13.904909287064646	13.537703747907644	13.088730278041115	11.22062016744785	12.566063554597758	13.832443057492657	14.265160836625707	13.530472178676568	13.633734298146408	13.694599477055002	14.205668794785144	16.810559710969983	17.276169125218736	17.657636516490562	17.68551677863114	17.923715013723776	17.728638141212276	17.388947856547055	17.232988116067176	17.371314669786045	17.991256320759305	17.952104593518833	17.52894401704137	16.354052878513542	16.63561652848969	16.33975607436863	16.517682919487008	15.936767665313283	15.647528693166453	15.993711064734963	17.028268049972436	16.901296836025416	17.27657381403632	16.37724002126865	16.66422003996061
AN005453|DG(O-17:1_22:1)	13.820427303225225	14.018640085033134	10.459154938939859	12.076892405158828	11.055214638088602	13.802067977561489	11.555758648532848	12.788292148685418	11.633998738470337	12.79079036135385	12.421562574636946	12.022600151453	14.690649525948064	12.485728698845113	15.011670602830963	12.14004367759696	11.237293627469649	11.162240253303509	11.096484568361614	12.440734232987703	12.210044213453285	12.04177891499253	12.192471598931727	13.161169682359187	10.716262163106443	10.574612447804244	10.209855412106066	13.165225779823443	12.081982669325678	11.57221229897943	14.241714331861502	12.388235288086596	11.29932823796494	12.040228066074068	15.088949274371766	11.478805003993777	12.659654794722531	11.399475540431595	12.188545576569691	10.832003876701158	11.758756213731916	13.269084297898692
AN005453|DG(O-6:0_21:5)	14.40578832320312	14.482459464972885	14.541577030260736	14.568220378975846	14.61466958978574	14.508545022966992	14.473282111350507	14.450818825789286	14.387398085583062	14.541468739102465	10.086958870776531	14.444893883134016	14.56881236202918	14.611755069057944	14.610888731096628	14.338170891271952	14.55622402620906	14.523291180304897	14.659113443117723	14.350781067424704	14.292207299866886	14.49465873766949	14.312014326395955	14.35619058874792	14.325616759138663	14.622978951951966	14.480292264236715	14.438845121134348	14.392881536122875	14.505706746355006	14.429258959707024	14.42778096305779	14.41933676205758	14.349298508982276	14.56252029754558	14.594929876943004	14.671027938606619	14.51884798502249	14.336765256578117	14.395462507677646	14.455411991561038	14.644145826812533
AN005453|DG(P-12:1_22:0)	13.712009970740972	13.982050596530371	12.684877896232429	13.0447441626887	12.812307687800734	13.44612438354277	13.462028027525108	13.555699941586909	13.55581974914358	13.049159361876086	12.88211187476019	13.272673520015987	13.582123159682888	13.59386493994949	13.277325181737835	13.24511590996829	8.802548675958525	13.644132304198225	13.464610838610078	14.152962927081106	13.885287411989703	14.539984512837988	14.810027810538548	14.968964174414305	14.234515840414979	14.04916787237217	13.719774899846017	14.268701348775117	14.268038986905923	13.887603328301383	13.871594378064847	13.878466719996007	13.351920620398	14.314818293222226	13.655952155730226	13.65400381597276	13.86011993755226	14.8423793188198	14.522368813678948	14.6107601482654	14.232154069873177	14.104158900394788
AN005453|Hex1Cer(d18:1_16:0)	14.172607990507064	14.184845906175651	12.990125242388498	15.502859457113798	15.722357685925799	15.836418035619433	16.035250163996636	16.150994730177704	16.06294395788966	14.336063669257321	8.03121873061072	13.775800583797132	15.305098075309369	15.375064213875499	14.691162813508845	15.35258730042753	15.900301258025408	15.717270233100805	16.284657306073857	16.89653675861813	16.75497568503765	16.769693623724226	16.95611838045236	16.964156841133835	17.033597111623024	16.863379893855548	17.001413142652375	16.777710067510576	16.857414294706555	16.407706422121212	16.662224974587595	16.681424008442946	16.756125352044915	16.984105550174192	16.488817992184043	16.428829914363966	16.65452093611755	10.579947567708604	17.335798305712075	17.031936780050646	16.54374009109991	16.655145513300607
AN005453|Hex1Cer(d18:1_18:0)	13.729078993975858	13.540131671959932	12.259569682679047	14.250919395255469	14.44673116463284	14.746754680309012	15.150997109326221	15.368601605854305	15.328714892568192	12.794141679499432	11.974679872156122	12.558487680317095	12.793398066231308	13.436580121830616	12.647822651977984	13.497129560373324	14.126168040275505	14.060060053415349	14.236531483564717	15.170274831357379	15.009352771381526	14.58277296391643	14.806689575143482	14.75314204222196	15.039076261221108	15.25918751019733	14.911165378536385	15.292538409056338	15.25180192212848	14.663271782671229	14.267576761861543	14.342801806424996	14.545895390073287	14.403201138483546	14.34464266793212	14.351385812104397	14.37369782378454	15.124382663516782	14.90549230738239	14.714201506208596	14.409411489091607	14.468884279798258
AN005453|Hex1Cer(d18:1_24:1)	13.482032715760479	13.138348605317136	12.098143966467358	13.662570471853593	14.525288334414391	14.546107682461463	15.157279820689643	14.664557282517949	14.583193857327279	14.135462403830205	10.15446371937839	13.381076487299218	14.19597730490165	14.187284793293092	13.904216879531097	14.894063636849811	14.96670145693843	15.372200884011395	15.64092301752332	16.15536316920967	16.451759264002447	16.332759848080872	16.421980970181668	16.593477641046878	16.40346712260497	16.095801240564366	16.194383284066834	16.12056149146445	15.860595258800922	15.389471359546736	16.476389915515195	16.67741670883669	16.87825499901243	16.63068348953302	16.214479259563024	16.379216400027246	16.7939985992813	17.14502709372213	17.172051432234223	16.823661551262123	16.447595984227913	16.23511970691553
AN005453|Hex2Cer(d18:1_16:0)	13.829833707359557	13.941409885711112	12.904126541000497	15.313567208313511	15.771567358899404	16.13256961349746	15.885135809451645	15.981041203430474	16.192304181814794	14.990544542739654	10.16119488139225	14.02697983184213	16.052202278870112	16.040979734172574	14.660794815449794	16.488052253121293	15.524341530883932	15.497159194548207	16.511897626218147	17.22667757444056	17.493113494879843	17.405970428800703	17.488900504552806	17.668703583647826	17.504261843273962	17.254261159240933	17.474160483246262	17.701779227246632	17.401699105948836	17.012894015205063	11.313948704103664	16.70365691356633	16.844378443793673	16.700312235792946	16.505118845654103	16.142518142877176	16.92645306280408	17.47622091670641	17.140835361365184	17.12515846176987	16.718222872029692	16.865505898964237
AN005453|Hex2Cer(d18:1_18:0)	10.725826347148201	10.699858708328144	9.759488765987587	13.184506565732505	13.504157311095444	14.120975725006653	14.120922282200091	15.170466927812514	13.747636004445123	8.831243896855197	5.643856189774724	11.320840027877377	9.533485480448151	9.471756490696446	10.91766297624157	12.292796125501889	2.0531113364595623	12.897297157957674	14.202602142450074	14.901627757171381	14.936379371632487	14.493531506827765	15.228374166750394	14.98232472981312	15.160127868403457	15.008975656938883	15.067202408379092	15.127613129672744	15.0762181074279	14.746419320992942	13.350397793170869	13.026136089841673	13.528900915625906	10.940225490941728	12.799384840959382	13.196961679754516	13.648875466004004	14.414109760524815	14.352553163409368	11.781400698597059	13.568559448138442	13.898020300351547
AN005453|Hex2Cer(d18:1_24:1)	11.737319180183814	11.253912469786895	9.88612332348884	13.626167601925852	13.92492567354644	14.333297236304855	13.674757227785147	13.926479470792389	13.754029394495047	10.826683535021132	5.643856189774724	10.473310019495049	12.757250400405468	13.317724918913344	12.340667966065173	12.850702551920648	13.341511873830429	13.339816606779555	15.18110643410545	15.815065269400147	15.745010642982626	16.130655017837455	16.075680531113903	16.06228840815745	15.979141576769434	16.054366901499304	16.083637217342492	15.813286933416892	15.899784805490643	15.413216030507417	14.957862920572987	15.033355459664985	14.882085119787016	15.104962739175901	14.435202090335995	14.314087533615925	15.071883394433328	16.137135446434804	16.117389049123034	15.594452327173741	14.824360641742874	15.07944853265841
AN005453|LPC(16:0)	11.296463143265697	11.12106074357356	10.449808955492067	13.037625881360569	12.980157432665314	13.342971905305383	13.336307101522896	13.044803917696925	12.933277554289349	12.127555901987202	10.715704649521182	12.106006692279161	13.275541101169651	13.681069267395443	13.355714477652375	13.802032625768874	14.381388831975803	14.357237892856066	12.96120548638036	14.21153472403456	15.202539778692739	14.159234342155463	14.4992043529384	14.263724006080041	13.666012022035895	13.743659488487618	13.978665776333116	13.77972858737735	13.804730002565538	13.725310866886854	13.835037824559672	14.694692510998351	14.191910511289326	14.15005346917589	13.714928060087722	13.504459013647763	14.033204446970705	15.082218080112698	14.782624079087393	14.736434700250259	14.251297475797832	13.853048286969901
AN005453|LPC(16:1)	5.643856189774724	9.018228002943001	5.643856189774724	10.536548352919123	10.278751440067794	9.579146198766843	10.92239113850164	10.881113960675096	10.312259013563578	10.176085861546593	5.643856189774724	9.813155887873807	10.84432130831299	11.334614083152152	10.5441047398925	11.73454027988397	12.263140068105063	12.33491570588527	11.203243988137388	12.506352215182519	13.244173524789344	12.50084187955693	12.767042290795368	12.913267171082925	12.209523427242628	11.958320705614101	11.876267522936917	12.200736185451854	12.180366078342827	11.95764621521841	12.922679167049859	13.386630447445823	13.293478833556504	14.268767860592549	13.832378771360322	13.277977485003776	12.798394844512986	13.442141343801875	13.210651559857217	14.558145637428039	13.877930172039163	13.018026265843226
AN005453|LPC(18:0)	6.304693557471008	10.410377147793477	9.629028697577711	10.834976615731527	11.643901273290327	11.380212116484834	11.338457843130849	11.51651260343062	11.004873534835273	12.34245807605318	8.958784687942808	11.768333219104393	12.581494835335365	12.888284724689466	12.311822093746004	12.467788931865023	12.969122062976579	12.925378264555581	11.121604743792938	11.784180864982742	12.35662253049115	12.048323386537815	12.188434307113564	12.319818866500215	12.014641225813003	12.183306612987135	12.647532628001109	11.83214632836387	11.98388785393051	12.025565246807583	13.217288282288594	13.734045904056817	12.993768107279042	13.560305365419534	13.374614327732672	12.871751259854367	12.876981143420169	13.715264919548543	13.759970341283411	14.235014216863702	13.02235914296009	13.257424675735555
AN005453|LPC(18:1)	10.70173963867435	12.305825209367946	10.899190739054225	13.63079950413567	13.270869077905628	13.708331674215795	14.058569327985433	13.855479763204846	13.55661022958644	13.35417911911216	9.501439145158873	13.045723832418558	14.043340061526225	14.409753553332425	13.74852203168482	14.549368955010497	14.707886995444994	15.133205240610124	14.036108346301555	14.982008246093715	15.654169728645241	14.804163800165542	15.069823148197653	15.121155877458456	14.753945853106172	14.744101164275675	14.856686186219848	14.771003984493811	14.670818321934298	14.781591263890249	15.399840324396227	16.06279896161269	15.59627974703269	16.073328630480603	15.620266226563347	15.272823666895912	15.246039117891248	16.115116417266005	16.11391366306449	16.634877257239804	15.76473296305463	15.8242517342335
AN005453|LPC(20:1)	7.542103245856593	7.275286468083891	6.611319947684995	9.439955517478156	9.582480735240944	9.369008370952722	8.626877135498702	9.343008005345	8.713352144187148	9.438833428205154	5.643856189774724	8.546778731044903	10.376602951924786	10.811727897803886	10.208917129313672	9.418822422291017	10.101030192478925	9.620384800259655	10.378836713210614	11.513308146889768	12.15634857855135	11.344601061130552	11.915759896038	11.677010450566094	11.363899294814045	11.055817923084739	11.588531945098062	11.036942844798256	11.030474028385013	11.251754591555061	11.714241223924493	12.195415272283592	11.674523326021665	11.938789335614338	11.564478204046553	11.076548406561894	11.488061042596485	12.460386780448786	12.648845139528142	12.301381872304024	11.549755794509348	11.663397993540585
AN005453|LPC(26:0)	3.2016338611696504	10.175512126154914	8.88233736124948	10.319096282668918	10.729238353205554	10.552284839943512	12.281677967852135	12.318607769058467	12.310365684774531	11.814614507639092	5.643856189774724	11.255494832060398	11.406029574943501	11.817523333350614	10.9447267001883	12.804479953035505	13.273638269286572	13.329140418663648	11.458175886625563	12.023608829169312	11.774202287291113	12.264037885099992	12.475862599072697	12.86165301393301	12.047812368800379	12.140264210370868	12.072936483296997	12.347704406951985	12.090327484316193	11.714623316895759	12.199472979068519	12.61435096589448	12.517423341396473	12.782607187216286	12.33169234227254	11.977147527255172	12.051368702725766	12.962145912526998	12.878085408212435	13.289354674091728	12.027861084387265	12.660526328619243
AN005453|LPC(28:0)	10.356650038323691	10.069369205194798	8.847558521150747	10.942946955800425	11.138790155567854	11.529298772870176	12.277676793859754	12.15855604370075	12.254892794256602	11.642796321385998	7.472406536346819	10.941458488426733	12.178789323207134	12.83157049974943	11.964893145306737	12.929263957453383	13.222805466496053	13.609284950576399	11.473502824653767	11.936965452484307	12.33240305155291	12.662232208067545	12.74636735694071	12.83932190785528	12.226234554542025	11.767787198094355	12.545734340635061	12.361387307971171	12.09196092879247	11.72416422153358	12.880628135855902	13.477046101472856	13.13423859079233	13.711210951367613	13.586085646716032	13.277477751240985	12.287695067105084	13.109579303157872	13.315913739073956	14.290295375389055	13.140933592521773	13.22785506924984
AN005453|LPC(30:0)	11.24668122710521	11.341029502648244	10.045513959186671	13.529082771967865	13.914779390006892	14.253792836412957	13.739679364463496	13.887510039505772	13.51617646973701	13.469841471196625	9.219579968759994	12.801712400073383	15.731337064600366	16.086564813994183	15.198972142752798	14.86781009501844	15.487717585410856	15.175654411980311	13.801834639720157	14.875280917755903	15.114831019100288	15.674757779395428	15.765161758831836	15.884832079711774	15.22761932754687	14.913071719367275	15.136429251702507	15.301824107903807	15.223303001203869	14.792709984210514	17.016299803879523	17.265651578523528	17.048502199991393	17.890257863550897	17.43903901506103	17.324916054796724	16.760019867854474	17.890903105804483	17.59453929207041	18.368134946303826	17.473762658605942	17.90494826038759
AN005453|LPE(20:3)	6.898692072560488	8.930648644567732	8.197609878379472	10.754353071692126	10.12515513132229	10.099847472376979	9.867510417312209	9.806694609176766	9.172202460671302	8.25988446673553	5.643856189774724	7.542954461878808	8.888621497344039	9.750489267702168	9.617706211108665	9.718156099385263	9.689735957003212	10.232121084082221	10.610554276552769	12.232378952894294	12.417580929402888	11.375951690929531	11.5973728772831	11.611098590562829	10.998879503894177	11.5417887492664	11.177139194358944	10.900346076159881	11.211663236029125	11.022145842870176	11.921011520881487	11.601571173933552	11.8598802774615	11.52408620987323	11.594291942283183	10.961941602817678	11.877268793781454	12.664831685337992	11.933664839625955	12.253622969518696	11.847871667174612	11.739388244613583
AN005453|LPE(20:4)	5.643856189774724	12.074810461160453	5.643856189774724	12.829764350688938	12.63193640838822	12.82728513820371	12.852420269300016	12.980130650043213	12.66472726288606	11.345538310070008	5.643856189774724	11.438537175716696	7.395662654908372	8.915939116524065	11.890226270855566	12.913121286184005	13.220831743981257	13.195467563625046	11.188817532450793	12.331641963760704	13.202339660826043	11.60177078840771	11.68670623662759	11.730949823584575	11.484697043078667	12.092400386501472	11.640624542866002	11.068019118600462	11.324861221043012	11.43061458440034	12.134387813611648	9.830071476348698	11.311793717753648	11.201970728373121	11.306659839422768	10.84497246967317	11.856067533986382	12.759349359984316	11.87115444058865	11.466637315441936	11.582739451761388	11.184633634059278
AN005453|LPE(22:4)	12.1622906135458	12.671521164282503	11.856538356349924	14.11178203150523	13.581619580665485	13.951583423923307	14.066281794883873	14.141905959686847	13.898362366920523	11.515266176242772	8.726320353708418	11.668495013986568	12.355006901017981	12.783477117277949	12.970008796701697	13.596646350918451	14.085793594042956	14.050739750783952	12.409563306681317	13.49496805633156	14.06342878872279	12.65223550724996	12.782406517132495	12.86993693407911	12.420952347606743	13.142821844115927	12.473363297180994	11.953778130003217	12.716004875915019	12.242001019464428	11.977108163866296	11.56616823114828	11.850139945387253	11.01462030581966	10.91779721650642	10.489035086845528	11.925884478877316	12.393310007522079	11.932746250996809	11.618238655595455	11.354965592050323	11.324022989415209
AN005453|LPE(24:5)	9.742663118306382	10.291527586909554	9.541909717606892	12.531171864593407	11.966375668403467	12.025115332551804	12.049028293896281	11.84724922273664	11.406077421734226	9.771208826465836	7.254556251909489	10.007139425413879	10.76184206906292	11.351436196053749	11.679963849047397	11.481809520406987	11.508195883497843	11.836705259390238	7.9846463097181655	9.532940288372874	10.19726584712927	7.693835392482516	7.177618860321813	7.565521018067057	8.15956864173076	8.87556506779881	8.671647208365156	7.903219077846733	7.848372559477497	7.614930647886915	7.262000855660977	5.643856189774724	5.643856189774724	5.643856189774724	5.643856189774724	5.643856189774724	5.643856189774724	7.243745234733984	5.643856189774724	5.643856189774724	5.643856189774724	5.643856189774724
AN005453|MG(21:5)	15.581453643470706	13.462598125302465	14.079407280220789	14.409996131137762	14.265754943617301	14.128508326493632	14.49655984201244	14.152119233469806	14.517111416843576	13.995588745871963	16.311172675812838	14.588136622078178	14.586916587384794	14.181270302017863	14.567143855666956	14.411975657995686	14.097004981912322	14.429457088495399	14.915330423033959	14.96382088399119	14.517120646348843	13.566986349751962	14.262107327917814	13.946469526344941	14.132605758997967	14.664584502943264	14.111027235757186	13.888145806852222	14.13649774390125	14.036134109648454	14.389978125122397	14.241064047285754	14.713097560327373	14.144836656981168	14.423132328196443	14.10635600845913	14.24568490763106	14.487497152075685	13.4789705414612	14.53184989479976	14.50533954973566	13.811166944917872
AN005453|MG(O-24:6)	10.924463661707444	11.118558292597942	10.18026971869845	11.110874761464506	11.44250295058076	11.680412271911038	10.639494467327903	10.182295025025482	10.474719946526482	12.688057936969297	11.967701794205093	11.474836533473807	11.860493417430222	12.458075893633646	11.9371199835898	10.656272898547805	10.816791677665694	11.023165236499977	11.11830521268107	10.91306143170134	11.433987003184939	11.580574210850777	11.893949915243528	12.078741244303025	10.501449097490998	10.718027630294547	10.884010210753262	11.428899250456237	10.984653429479511	10.800430786033468	13.026079015701349	13.3447439061372	13.113361259903488	13.803358230071222	13.59773134842622	13.355469480664377	12.135071153188749	12.78711081831722	12.534728429316795	13.472442077272875	12.817213524462051	12.892736326676669
AN005453|MG(P-24:6)	8.307792796129895	10.858058724447432	9.674351185407048	11.536048042018665	12.038178252278815	12.197173681969396	10.617641937275906	11.013601832683456	10.385797704345977	11.701579378448047	11.380964243042417	12.039861507244149	12.211343835978495	12.85450415805892	11.94740681887203	11.208624552747898	11.361488748762131	11.07603392551519	10.952974155939609	8.825976380241581	11.621758856709732	12.483659611178762	12.704826585645455	12.632481804359479	11.1061768615458	10.974048850372949	11.221176245078734	11.233020426474496	10.914990488544525	10.616769366293502	13.817386426013488	14.114499609936706	14.14431329934914	14.657458580722576	14.085575362888783	14.254827853600869	12.432463604393908	13.052848208018753	13.019335315370864	14.24148940976027	13.431129309604461	13.686922856355116
AN005453|PA(22:5_18:0)	17.93684741590312	17.829522009643465	16.756937272973374	18.028701228826737	18.54848471553546	18.528251454104076	19.341067193705314	19.134312451999975	19.080955807355515	18.8178813733045	13.955917754665101	18.331619310349545	18.756601764356784	18.83517439356629	18.527959305206966	19.566257047854524	19.767808676369057	19.68475384166336	18.80401395631566	19.187623432643733	19.263962973772408	19.685930792131813	19.656020455758345	19.514000365158815	19.150116060473582	19.33210088112991	19.373501551544578	19.461267419964358	19.460963224554263	19.025959482380223	19.837418248595288	19.992280021084877	19.876893203850273	19.937992632761503	19.772819330922637	19.6322874419222	19.609540293821723	20.14131575939503	20.109464247465883	20.43436316247511	19.89482455611528	19.960644131743198
AN005453|PA(O-18:2_16:0)	13.751392375665251	13.75227087210179	12.293845206756657	15.677697897561506	16.057708967086977	16.361627532883887	15.857396676656442	16.01363149018032	15.784666537064785	15.372657304140455	12.086952238412485	14.705464459116255	16.990267866939593	17.411900788065125	16.63577635175933	16.460228217432668	16.915014538740852	16.675552430765727	15.613960642006287	16.108314334310478	16.167784653583944	16.544846134671186	16.695170643452286	16.537777142483666	16.09593039331576	16.307468905458673	16.456349762280926	16.144872098236643	16.419457253057892	16.047093230655058	16.530765685819894	16.742163490581913	16.619395815029115	16.678307708451847	15.90039490275328	15.530053301840214	16.505173132993512	17.260735253464187	17.32369507107082	16.548496982582172	16.06704985415063	16.25134962981776
AN005453|PA(O-18:2_16:1)	12.320428265228049	12.157845854811388	11.14042080013396	13.955306627311865	14.217944070327704	14.31136446279521	14.361875940259353	14.097237131200457	13.823267712948759	13.892863422082211	9.270879295328784	12.974767691376066	14.907456385536292	15.177790909408829	14.933385451366147	14.790273142276218	14.771285183285704	14.383254054939293	14.759811740823631	14.930197242081231	15.380660937019856	15.678493407406721	15.71426108237241	15.752838211487617	15.178078909468663	15.096185986926182	15.210699877819916	15.33977868734805	15.276523927028991	15.170598759254837	15.812688737705319	16.121367780817803	16.129181775166483	16.379619337671386	16.400981639122335	16.31257562680753	15.783476094138956	16.300294997249452	16.233852006544403	16.3010243768525	16.218012017459245	16.208109161307654
AN005453|PA(O-18:2_20:5)	11.891369818172862	11.631836396758025	10.92646649850766	12.328904887602505	12.549358726120067	12.465653127152265	13.282681596946148	13.278700630237717	12.84247606299394	12.972811102904467	3.565597175854225	12.465571506267992	13.390864872559474	13.66654247032497	13.098025501307553	13.7174729407408	14.064936390796538	14.19102296158102	12.74529196335304	13.25088609574408	13.44067973658143	14.034750826096024	14.033660448498628	13.888209558479396	13.35925128336046	13.42998333812561	13.444925580232198	13.44453222816445	13.367293247399708	13.026666944117531	14.692670527910714	14.771662264800964	14.499868927177419	15.403549338062192	15.04843365745369	14.91827115253397	14.147269329533248	15.002335971172284	14.850210771648557	15.26568609541476	14.828296179633009	7.655137125875215
AN005453|PA(O-18:2_22:6)	15.442373676846007	14.757102962843145	13.979955658008867	15.294015789980053	15.34088767986513	15.76504595767022	16.280196593150322	16.167257793912093	16.059943909917486	16.548468083360753	11.743075638008222	16.146531685125744	16.283164335663567	16.419710383063244	16.19329780392193	16.727817177166887	16.653978773532717	17.127680127511592	14.896272321903965	14.76028229131037	15.209384062207258	15.458696571438894	15.562045614598958	15.885226629866398	15.545810343733725	14.848902122629854	15.243345456990378	16.00902903643357	15.293362436713412	15.132708567914873	15.177484943665196	15.350831817732065	15.13548805590338	16.103635734662294	15.653445784130115	15.370921321824556	15.44635736855243	15.692165134030148	15.679031386762437	15.769170980158894	15.518887931007724	15.714677510091585
AN005453|PA(O-20:2_16:0)	13.83436142153817	14.655752074445846	13.326737038269403	16.275846601560612	16.322315661450727	16.978991258658763	16.329900550116907	16.91007947763836	14.905195184531644	16.05906746416678	13.058049239942108	16.28349535618223	17.448721684947873	17.763083178397622	16.815368284341424	17.11995885883918	17.178176485638243	17.18269297635504	16.61074313757066	17.189467179716164	17.21311343016293	17.392870302962102	17.38374520852317	17.368673812474118	17.145851962918584	17.446225450662457	17.385739155067363	16.94795991026013	17.22500149244292	16.7914179276958	17.169448936075923	17.86607432189578	17.572109688853327	17.157001952462124	16.321360556095044	16.62000713490409	17.169461659290086	18.18987956212391	18.236557408675836	17.453219503354326	16.894061149285573	17.446061849261252
AN005453|PA(O-20:2_18:1)	14.90602058358774	14.759866342949934	13.926450746290817	16.043817856983747	16.65480871984124	16.83516307243463	16.19323311123553	16.044009614145537	15.871223520613581	16.410151034830175	12.14547048595058	15.75302579468332	17.214488461309667	17.679191284176603	17.060185055605583	16.57441924043214	16.718657822176343	16.824979865835278	17.126640454249927	17.63267456104	17.811017136609017	18.05161941024601	17.995257379523103	18.09013439288401	17.845373476573418	17.932326246888884	17.949771152163393	17.83181954662206	17.56023310805389	17.360293110477322	18.571921847514336	18.900372022864534	18.747341765005736	19.05494765480165	18.76181178713622	18.736787381616065	18.870033654568243	19.50462863542512	19.435493432881746	19.18315301016798	18.611222531677697	18.719099829156857
AN005453|PA(O-20:3_16:1)	13.881570945706835	13.780831926692661	12.65609856635005	14.922024980501154	15.194672607558159	15.275955693167145	15.08757969083845	15.33418318389749	15.17357135040238	14.504015749880793	10.099637109479913	14.39206380174954	15.755057601576688	15.998881927289311	15.290736702930136	15.434342513935395	15.56340156512847	15.578947850164484	15.500154407007098	15.967125367543188	16.093318520138745	16.44326993085326	16.655303327597803	16.53659873869608	16.05480587930642	15.849577852358243	16.14296559634141	16.112414459775227	16.220497741139763	16.084146710266513	16.23455756546718	16.613183419089967	16.574080510746583	16.992292677705425	16.90867524909813	16.825249621232967	16.402418714458108	16.759392535671537	16.66439728269809	17.16998115994628	16.695161805694813	16.779478911579716
AN005453|PA(P-12:1_16:0)	10.784822939791669	10.54536995271024	9.153273345522456	10.509270269631665	10.906432166544345	11.06463499638979	12.897384143278666	12.737488194677562	12.578596768184727	11.970673938826529	8.830103175920037	11.281112847769352	11.727056790754462	11.75592239816572	11.208124597145371	12.932563570290705	13.300388312637022	13.351075877605677	10.545495447683717	10.979946729274726	11.433940073130925	11.898778973820194	12.257502758676644	12.282584595466673	11.391399344817515	11.068066157781455	11.386131937314994	11.776881234650267	11.573263743174113	10.927533542321617	11.682015781543917	11.867649406017756	11.646306689009547	12.11652591130007	11.59828052103463	11.428019874308825	11.522512876560203	12.211724066117547	12.596956100808358	12.432500143053392	11.262065474243826	11.697271676860685
AN005453|PC(15:1_16:0)	18.98345929368444	18.780140740014883	17.59625528404581	19.811678170966506	20.232377922260408	20.237387536643393	20.14453501018854	20.048819565900427	19.944329317645018	19.19490199080562	15.111475188647113	18.978624946239023	19.95493667812045	20.086765366796058	19.636538350498704	20.0180990265154	20.114785480267	20.206561285187245	20.58359856117479	21.03490868733619	21.09823823289841	21.17279134252397	21.306942578126254	21.278353935816398	20.97238670013974	20.857485964539112	20.84874205632161	21.242506755022077	21.036772316777057	20.77630388986939	20.099049949477315	20.114837156059707	20.233542127663938	19.809518684036895	19.635634736200824	19.58437184185097	20.32476347734479	20.676811710952457	20.680857937764735	20.22896105098537	19.96034672743278	20.020095177314314
AN005453|PC(17:2_18:0)	16.217113683382586	16.185301527239286	15.012873724407147	16.988279160235123	17.4946002252415	17.65374371715367	16.945413429357355	16.9748634575187	16.885893543755774	16.81167346783516	12.466229443215058	16.034302907907005	17.404821249845234	17.69304591687084	17.153639901699773	16.678223241907606	16.912594785545377	16.94498217509503	18.601501969736237	18.94006105178778	19.253116896897204	19.305906993472323	19.40201857596428	19.355415774483394	19.056423628557955	19.130184369400716	19.295050393881727	19.222228008347226	19.03214425110326	18.79476201629036	18.686338599268936	18.953229254777046	18.668048897774373	18.161465497167594	18.236739712111294	18.059454790410246	18.888552799489037	19.475318344735303	19.462768487766986	18.486531849384406	18.13967564839557	18.14041515800463
AN005453|PC(17:2_18:1)	17.209147282132655	17.102910281141696	15.897871211435902	17.573519827825162	17.932183199591172	18.15784077372862	17.944512359124634	18.0456311635006	18.028697775996868	17.762237655565293	13.431440146034038	17.12744174209433	18.02967583727272	18.15872712723595	17.60736275379321	17.872126431695797	18.253283406581954	18.176896526592202	19.362491442187423	19.79785850258664	20.015732009182674	20.289917442134218	20.335314238169804	20.40949965421246	19.961676892271633	19.86792737342016	19.8956975430015	20.161338684638302	19.982957252371325	19.697849997163747	19.971999614382604	20.14933276688226	20.033481466261946	20.033722062179688	19.395101155716322	19.71243101192122	19.86458888957593	20.374995180319612	20.396167553939176	20.402639089920672	19.975369302487955	20.02289738767086
AN005453|PC(17:3_16:1)	15.006530773101089	14.601265315625026	14.484980192804654	15.223886320327942	15.274019182139577	15.450941869510682	16.269807166142268	16.138095172828656	15.603256583821773	16.045228107101817	12.150131236718343	15.34984791030908	16.101775259928132	16.39954079447444	15.42217122935303	16.924595299128168	17.021371172621606	17.19745841490744	15.435586925964202	15.916125780858712	16.254957178555028	16.483224712899833	16.66578363617268	16.594261175506897	16.128476307204114	15.954885815995445	16.204159978708535	16.49884827182057	16.420547140534417	15.977569274346141	16.96537553830971	17.0971739524256	17.1167183959843	17.318867224268033	17.093928978453476	16.827699091043065	16.66886199888497	17.11351082639136	16.99609718613646	17.721659561117328	17.359616600350456	17.301263699576428
AN005453|PC(17:3_18:1)	18.016008375913096	17.80623486656938	16.756545637784978	18.07635106087866	18.549212016296703	18.527590361235458	19.339214822618306	19.170796263828876	19.096985428626557	18.817790614977238	14.066550893376824	18.32921935852934	18.818592755757823	18.83948239988325	18.45558701720717	19.566356915979263	19.694902648379234	19.69202082248347	18.808025997536085	19.179679982772974	19.34443397173319	19.617790440644146	19.655022248187443	19.51062779252212	19.215792807820378	19.332041969650227	19.361676018510355	19.459375642514356	19.45848034984635	19.018439628101497	19.8852370136605	19.99519305184208	19.881692591782304	19.930519290841694	19.768449645184	19.627823664685515	19.648231681289726	20.13825653616272	20.105498071796625	20.396666935781504	19.905794671072027	19.956818834179174
AN005453|PC(17:3_22:1)	13.772980501536248	13.721354500915318	12.601183471570572	14.63564160831222	14.983610455089691	15.106852431831625	14.764003847247384	14.765820638179612	14.588716392109248	14.319123809581956	9.788261556473959	13.573802193150858	14.743018292200672	15.181765675685032	14.368944959967024	14.049849400095972	14.613246740583813	14.78092673758324	17.25256029369633	17.57584713683758	17.907145345921244	17.88092330828256	17.845505303541447	17.862361668574334	17.500199076220277	17.36087588293772	17.78135465434905	1.922197848396367	17.63142192808377	17.441912700633807	15.966930321067279	16.410477851904265	16.078983228457666	15.354316541748751	15.15221234125584	14.810264346531739	15.938010284599345	16.774271278046903	16.81478709520175	16.193834679779815	15.434880012760118	15.489059868696168
AN005453|PC(19:2_18:1)	16.247976081974922	15.813076703535566	14.76958942006764	16.297473559493312	16.94497600031747	17.01275731953037	16.984373841200473	16.79952688210614	16.773212756529517	16.84667449551344	12.384179353335083	16.359820581660518	16.676596365175847	16.91519268450707	16.581411126348367	16.483840648931025	16.89049585545456	17.024804420394545	19.032691999229627	19.61021552626046	19.82687890052328	19.815977186928656	19.82980412281254	19.960923592365045	19.74551900221014	19.595490825144804	19.78589474935479	19.95786874294695	19.723316156233327	19.461530505860548	18.750696487032197	19.028290661802117	18.863923966010205	18.38827796802345	18.16826685161026	18.022179389867475	18.765432864289924	19.30795435855301	19.30541519499787	19.103753740057932	18.52747593698974	18.58665847234174
AN005453|PC(19:4_18:1)	18.43004024166577	18.105598418957698	17.279845413366964	18.20977570653983	18.724543162894342	18.882128566506623	19.477640294933437	19.69204982902016	19.36498843274229	18.616586066496385	13.818212669225685	18.10577528509581	18.484411516829717	18.84223897912779	18.394393986431638	19.442296135396926	19.464508020123528	19.1311251861408	19.34030346981925	19.606129356354476	20.006443304788867	19.887162577889214	19.93030287171672	19.835280736917316	19.6285820608284	19.536270649425308	19.64702540258883	19.877815456028895	19.63090658899209	19.454627546838818	19.005258111142822	19.212163107249662	19.1918388422541	18.654218197844095	18.60138299459397	18.409358987315528	18.837141779323492	19.27519226518896	19.184039696928558	19.307271218156984	18.728577063381714	18.809284805200342
AN005453|PC(19:4_21:3)	15.870768060998135	15.4363488060251	14.196278605690248	15.873264341205667	16.453844362930194	16.57036064115255	17.98703779592372	17.761794162957006	17.196421739947667	16.946793331095307	11.252830978120535	16.128945248295754	16.996017278171557	17.49168425543874	16.85634029407366	18.072536169798486	18.38511029553638	18.59668278054866	16.312110965054682	16.92524171388521	17.27897561707699	17.040941111573254	17.124366406156774	17.068230992806914	16.83623359055192	16.73234883782323	17.136728330428245	17.108054548780604	16.87158643727528	16.72840377957299	16.47859916135634	16.797858819146047	16.68392010382065	16.21299311903425	16.000234647804213	15.797332221498225	16.269456552703332	17.02262355660778	16.82679014925344	17.293118026669955	16.45412334839073	16.629763288455266
AN005453|PC(26:0)	5.643856189774724	5.643856189774724	5.643856189774724	5.643856189774724	7.3288544116577246	6.619853147391168	5.643856189774724	6.567727963304803	6.94345253855882	7.801029283808189	5.643856189774724	6.4833321112684805	9.388985934370147	9.65536971906513	9.439581584682191	8.989876973330203	9.256114314546789	9.593092281219318	7.220233204382192	7.794935662803536	8.97004835426884	9.784324027432179	10.117954721026178	9.814085728025693	8.297925052503805	8.920858975413568	9.297558281168186	9.123966174989327	9.188489942914352	8.378728358030806	12.51273799412404	12.6234517259648	12.539793728669546	13.182062197336528	12.564725881103984	12.64684892996385	11.982023849030806	12.974579500787138	12.77176593204791	13.617208013990794	12.574304959471684	12.99487490514945
AN005453|PC(28:0)	11.313217503785193	11.19017036898273	10.509775004326936	13.389652847785108	13.670985907097746	14.088227578513479	13.480185586207813	13.560299393873608	13.460633790425407	13.469686328476724	9.709273401591359	12.824827508164365	15.974950481587788	16.0645798461852	15.317673697025024	15.112741258483842	15.579704257876644	15.670937237504958	14.589758221220848	15.687881391077212	15.72826545645474	16.539767531730433	16.74364266006933	16.74937543237252	15.679346765010601	15.68923035303602	15.73860398561494	16.294954534516553	16.143968671832816	15.519052312459717	18.776184071015475	18.798285952786713	18.9346558050819	19.682842083869556	18.83589290314609	18.902758185274536	18.384709352467965	19.308545525443858	18.941871287576905	20.174592058237703	19.343589776939815	19.49758710655883
AN005453|PC(28:1)	5.643856189774724	5.643856189774724	5.643856189774724	8.893908215075092	9.131471161691962	9.106876962330192	9.006494394816743	9.090059475755554	8.754386479397228	8.729722697197184	5.643856189774724	8.303872055100388	10.63531000933312	11.129431143206206	10.611329170161405	10.64524411591922	10.864085524002062	10.932930753482024	9.842633197064531	10.671452609368536	11.015101388934884	12.146304549913811	12.172671271008404	12.214911014376725	11.104814945068814	10.848693352243423	11.101706535307153	11.694022641519558	11.417045518971427	11.163737719234117	14.2819553752902	14.337467896668933	14.19347068859218	15.186950280509546	14.58798197737908	14.646824747209488	13.76316256060229	14.40724054082115	14.281255597711295	15.379826431924528	14.600517517938506	14.88719633548349
AN005453|PC(29:0)	14.652535790936813	10.539740425726224	13.797296753468567	15.505565647224229	15.7299337502047	16.19953605064161	16.179504441263024	15.707729842836805	15.809097360725765	15.087486460547266	12.139423448232666	14.595721946085575	15.980265674030925	16.0549400259817	15.554162227134439	15.705305692253354	15.926472984664604	16.15299480348032	16.376315517494795	16.068824452890816	16.86216404089133	17.277316372172624	17.25593660928051	17.309406096775735	16.510555263604363	16.650548050672686	16.70793739925952	17.00528659724529	16.278814042576307	16.608468097029522	16.127477714015033	15.903651935544202	16.07735504576129	15.840596001968372	15.761903604653522	15.65305497737522	16.100357023298226	16.61664302939347	16.33672499078989	16.51259989563935	15.924963008403166	16.213855301159313
AN005453|PC(30:0)	17.80347370844282	16.993503326796144	15.899771826915053	19.57069559494663	18.962277913079784	19.457374586186706	20.124291011517148	19.441072072875066	19.126303679755598	19.87332457790498	16.36271797994051	19.186151051401865	20.715786288133437	21.06889333864259	20.359427379327933	21.406560488859636	21.00763579193926	21.2115086780488	20.733015776964994	21.58094104658651	21.893673025621414	22.147727619841802	21.417374857822068	21.36801308199565	21.557610551595186	20.564157790639747	21.605093773779455	21.99337688941097	21.87833144159539	20.475680072536157	22.06411839698873	22.038363854021323	23.039117886399275	22.07834109198708	21.66779316807988	22.45552947199265	22.770821056943756	22.573331642951715	22.469148333573713	22.70442382835678	22.25575134574904	22.289159949830722
AN005453|PC(30:1)	14.020347145740846	13.672709300410563	12.713781719717172	15.084616995501545	15.283554316895412	15.62919807657958	15.600179488381695	15.481395508791614	15.43024671771739	15.66590130242052	10.94269043303178	15.142909173805267	16.89326324906174	17.12699569638096	16.55364069241	16.858943571825986	17.07637084363901	17.252232910174673	16.711369876409456	17.449873019795834	17.84522815891351	18.53571942885613	18.821608767489185	18.664082856357645	17.564441584719773	17.353524029078596	17.90189309920671	18.335899337975203	18.143398261915817	17.567161982602823	20.011654375551288	20.36693221650568	20.143704517879932	20.93381499278337	20.5125788807516	20.37367770078976	19.5260975515932	20.333076101258904	20.200872677548517	21.568676263056847	20.62981568776185	20.730504981505295
AN005453|PC(30:2)	10.24356674301182	10.220982851081777	8.815959618214864	9.993079908712994	10.337699943662853	10.84979602224561	11.54483889161413	11.408266044215983	11.336311286245692	11.730525330464907	5.643856189774724	11.214088368292481	12.03116013372193	12.24111620004382	11.50856235393084	12.304411218790449	13.016796102710765	12.856629779240942	12.75949500773236	13.546202359618478	13.688013119315244	14.268259807986242	14.542281027056594	14.552967426951277	13.45993104484775	13.613078068991934	13.573734749987782	14.294252418359791	13.792638819634947	13.29734333275724	14.588973992910667	15.551081271517862	15.559728698617755	16.093681442850798	15.724880182508326	15.566429889301551	13.665566872041888	15.681247472524388	14.580804422053705	16.721364781893648	15.720592169235683	15.255130393105308
AN005453|PC(30:3)	5.643856189774724	5.643856189774724	5.643856189774724	9.133655992691248	8.874366650140901	9.601120779367253	8.607811131964656	9.064877463881196	8.14419936225096	9.01666902468718	5.643856189774724	8.848059522168375	11.526396535156012	11.276374528295483	10.893991614206682	10.650836347490062	10.892633883424438	11.136427248957709	10.357815888112565	10.917767386415887	10.993256854862738	11.984838530942726	11.951805594134214	11.844203597185725	11.336930491420832	11.337292965704247	11.155956629464384	11.603626344986193	11.704223560237086	11.044783430544348	13.937652437216798	14.01219763769282	14.083783457937267	14.630192599028405	14.318767330711479	14.009311652321152	13.494674361414381	14.321360908454055	14.047789368745699	15.132619815336934	14.331439732307794	14.624040333146608
AN005453|PC(31:0)	16.371004902346012	16.380190128470147	15.049586101393984	17.56959998485305	17.64176353987464	18.02637425272141	17.73288850018751	17.974913074201343	17.731151745610415	16.72000104489982	12.383652998138206	16.261112791294803	17.72000859582224	17.97880026729441	17.134114527545403	17.477197371062335	17.909023884567343	17.63772228115165	18.01308703624068	18.44369866937585	18.66217437399008	18.75436869902548	18.8449622056196	18.78833328781371	18.760322514956247	18.467011070501858	18.58966767632555	18.718454444786016	18.753731593017903	18.464961514975307	17.408394097968305	17.539213877644393	17.487044954232697	17.105134361947115	16.721813602020717	16.564148894421276	17.37434560239076	18.176338893260468	18.156742445295418	17.808738170680247	17.24246676534787	17.475207062168867
AN005453|PC(31:3)	12.424444511032494	11.995304312072907	10.980510916687301	12.94562123599158	13.416364759728507	13.620149934680626	13.653844880039708	13.410603722158426	13.173802039557978	13.002837865128265	8.784569415727315	12.599127140319395	13.772382623969584	13.940342046958499	13.317122858490288	14.223629191256297	14.034481747969112	14.428517206433476	14.360387597671325	14.703889518343578	14.88959522220401	15.479766056746952	15.52057295111279	15.48484145638266	14.688412056782383	14.5917274462002	14.734791108181305	15.09373652319619	15.1453084719975	14.699056725601231	15.344365613372037	15.445768532156853	15.383261143725283	15.75431131097284	15.347415828012378	15.669277617712863	15.110638272127744	15.375221725749208	15.319581102983872	16.186356474326576	15.500141021538013	15.855223511670252
AN005453|PC(32:1)	19.250889078856652	18.921065640416142	17.798879045751374	19.96109556514981	20.371312085120014	20.597817015879674	20.894104133200056	21.060161691101552	20.682611735225876	20.884483189910732	15.917317296680237	20.10564871139819	21.57949986321142	21.89524461208329	21.159159583522786	21.770385279181152	22.224942761797827	22.1510934305677	21.577775115086627	22.282565117471	22.549795544681714	23.013822131691317	23.123087880094836	22.98220796661628	22.335604686191694	22.1525672162527	22.46628306020055	22.699508478211193	22.604568973723143	22.225214295957382	23.415894232245922	23.672523405708997	23.50152604472973	23.6699136280524	23.31721223581352	23.20534332869302	23.17545643534079	23.87117098692484	23.739542128567003	24.166703390043033	23.497751965837978	23.6661627118884
AN005453|PC(32:2)	15.852055669351252	14.94553482498715	13.84219907252304	15.733324149972026	15.938581920775517	16.297295681522893	16.884362650966246	17.03395118176984	16.857889779288097	17.13255605870129	12.275891693758144	15.735135793649599	17.268125729018283	17.445582733808184	16.62147828339315	17.99932445911468	18.105985164027626	17.65810337142847	17.28889382357874	18.895702956188927	18.534667720574905	19.543331148270944	19.75867315704551	19.70808723576256	18.759442634755295	18.06520100610875	19.027922136544003	18.9610588569149	19.070624463064224	18.541884201691676	20.10614118544258	20.42188258583333	20.245503963225694	21.164106593589544	20.61672992309125	20.43874251041749	19.721728874884974	20.422454240682182	20.205401035428295	21.429742984756384	20.523444579553754	20.722883892213627
AN005453|PC(32:3)	13.301916253021858	13.189177486112454	12.173449159984504	14.110602387599702	14.268448429691176	14.649348251940058	14.7254844892806	13.123390730194032	14.602280144364833	14.793153666994817	11.232756677473857	14.275474900890678	15.787013606235067	15.929376547576366	15.435490889459702	15.833514483293117	16.127255822492984	16.10360500250635	14.974221871023518	15.336954543016274	15.858937017597533	16.058228543501116	15.989044738734727	16.172684747052976	15.434796306411476	15.295324120963562	15.80380117274187	15.671547147954987	15.620408571108191	15.658140339437617	16.64414146014885	16.837651214179147	15.95382540864552	16.80118265944104	17.01003860884192	16.88510958727087	15.442020139888525	15.877939515429418	16.575507634354874	17.40179550216399	16.935751163543554	16.89979554222402
AN005453|PC(33:0)	12.481748986901296	12.579563437557	11.50750230629913	13.687529874712842	13.51978243132788	13.808059191068851	14.225765514570313	14.217024671470021	13.97383545954459	14.206311567546125	10.456282535272932	13.44043837060598	14.48176853445684	14.664213927753678	13.90710660799042	14.228524861742518	14.16821924637918	14.486056283920615	14.842315965058651	15.218929841803396	15.558099886032867	16.140090823305552	15.981872939262736	16.209682576308854	15.462981472451387	15.207381583950367	15.323091714147079	15.755491368644401	15.667825060450795	14.957690647002464	14.985081440577831	15.309433720378998	15.333466712368423	15.301964823273488	15.182300845236309	14.96327722832871	14.913004848227354	15.493530255943885	15.105819728382688	15.8398516052461	15.090340718016893	15.440811108346333
AN005453|PC(33:2)	10.544780945848542	9.830673649131837	9.464525329877448	10.790861617165472	10.980682271708591	11.082774428543766	11.089523309224665	11.48024492288975	11.235386016274434	11.49874950059569	9.117643101389092	11.223199283711685	11.047498855009895	11.670833256055769	10.70706573124731	12.202387110020092	11.548730412881334	12.021653224597907	12.922606700764543	13.764378170994672	14.03981011304817	14.25986975872984	14.481530792981646	14.998045173444057	13.504009540737604	13.136225358016112	13.957786760057687	14.145112199767818	13.870763486414331	13.598717847974939	13.591780615418903	13.789131142117846	14.136358352843734	14.423739664711364	13.971809364703585	13.577860722139388	12.479954528640118	13.681428400974188	13.271547649524893	15.056388777943695	13.76006913275675	14.398718310968844
AN005453|PC(34:0)	18.914325680495278	18.559283386101903	17.12478338486785	19.557381971045512	19.93238023202115	20.29120570168479	20.569368952219747	20.467087105817065	20.255899127541344	20.205055061763925	16.599727061161957	19.705509092274298	20.61198114168456	20.696183525102004	20.390246610587404	20.81251547588596	21.209683623284057	21.15453513703858	20.239857605072693	20.963475626837884	21.167672408226533	21.127583407830663	21.180924845893834	21.331995117458373	21.057496169853128	20.813123108966664	20.79128937229793	21.239268983392908	20.926552416004885	20.514619358375327	20.7669748858385	20.88494915972288	21.143119781348634	20.326010163132594	20.017342679863425	20.051559578428105	20.964404400055678	21.387490719544143	21.568375801753117	21.020046941208427	20.702992512967146	20.82175666273858
AN005453|PC(34:3)	15.564235248700776	16.564533280145472	15.727363971824918	17.433515596407478	16.77361148322355	16.917419867026155	17.47258907095556	17.388338474656756	17.15970176837245	16.79663422777081	14.417584225649698	16.15531711296885	17.443296239982136	17.756980260380836	16.906380490199023	18.002744597258303	18.3946649481396	18.47910514511787	17.831244515491175	18.581680956410352	18.92518360637986	19.43990328388415	19.424250081018553	19.763530991848747	18.735405658218863	18.403909765922965	18.743260878327906	19.191982610359812	18.970792048137636	18.57396091618007	19.51336501868375	19.687559450078478	19.57234689892478	20.165748058809754	19.502170283852166	19.61316019451593	18.945492160502695	19.68316459931078	19.445352452889292	20.690187603667077	19.87324593921869	19.93626616193387
AN005453|PC(35:1)	14.649187679317823	14.438995171980755	13.071460686562341	15.418496007916469	15.651411927436193	16.059690895893787	15.797684827621998	14.840919019979234	15.58024973320363	15.691402212517408	11.140829770773001	15.075328303757628	16.12998346370953	16.391042660278284	15.710688069316426	15.574080510746585	15.169716002159547	16.172637873311917	17.062952598196095	17.5703721305941	17.662594809322382	17.99183636058481	18.128214185482808	18.08678942504034	17.628981794582153	17.521997632226217	17.70886914829306	17.731155856701285	17.711857970690225	17.272089456762924	17.109089124124058	17.310406870527796	17.183585179340156	17.030728877894408	16.714070000561957	16.56606474414668	16.79522035471653	17.719480336866837	17.643873025814905	17.670894166311232	16.71747722487499	17.094198847003373
AN005453|PC(35:2)	12.850593173387338	12.792654069482372	10.725809309421786	13.285627622353198	13.343073260816642	14.26428644642864	14.413242480173283	14.018451446026194	14.16791045991209	13.815460352244935	9.23797473301738	13.028108084091365	13.51714402749793	13.855654951732328	12.499631658862283	14.270863969166914	14.798260666958374	14.107423066749607	15.24415939919365	15.975247690242886	16.290185382462223	16.426271635271597	16.623431863427406	16.580607331732445	16.04957482824437	15.565172306855105	15.618258446349254	15.984956876643235	16.00513810143403	15.742208368092722	15.35903709492449	15.64829859210457	15.918818292078294	15.89501238898649	15.405984052565389	15.273620787124358	14.922828733385467	15.24225712851583	15.879438944175803	16.51398537324948	15.656724834892314	15.800796788826625
AN005453|PC(36:1)	19.8215693760192	19.50606288275465	18.278307746330025	20.685001632049858	21.147412701420247	21.39860337091571	20.866890747241108	21.14140505764169	20.96294891508117	20.81670777936299	16.19757417359418	20.170887954063936	21.54410083814753	21.871278761944517	21.076201409080475	21.312390637649123	21.355251659277577	21.59551224162614	21.9071399021309	22.39989875520526	22.716954700954087	22.736732786546238	22.790239001950507	22.769838331815805	22.4709427000944	22.386089993978647	22.625558535181252	22.61393076831464	22.457349446936217	22.0425738962703	22.170403501643413	22.404016300894874	22.258647513840994	21.9493475472528	21.84021932900809	21.60824151831705	22.305549298505685	22.99541399024933	22.9468528230287	22.69306479694117	22.06143275823151	21.97660298076313
AN005453|PC(36:2)	20.704538672118222	20.608844121463253	19.445655411370407	21.242704262285333	21.533057760147223	21.73854723279662	21.94365124984827	21.955546422649174	21.734844408537242	21.422030262530605	16.284610318324763	20.87458462309446	21.839650131572572	22.100707507846586	21.489273511178354	21.79360106300402	22.108411518479453	22.078435928257353	22.721357717901398	23.21013080258073	23.41544946531022	23.568045218316303	23.674744393090318	23.58020495468326	23.192605054229652	23.078529592135048	23.312537303083513	23.445259248231512	23.26858824794819	22.958386530366575	23.16774246614221	23.37191180560184	23.244849804442822	23.366592282028453	23.112560645491843	22.97637570899545	23.033265471743043	23.654372471658686	23.57719581238224	23.802087126745036	23.157508901422926	23.298384855411378
AN005453|PC(36:3)	18.832609909909	18.771701076421262	17.53099263288166	18.330065916318276	19.964154739528915	20.25754602244904	19.524513690161506	20.48266897185917	20.178118796835964	19.705475208324405	14.600027872080124	19.162925031519766	20.263578490729138	20.53111533816853	19.914366721674806	20.52309497780035	20.833196884505917	20.966088866858463	20.981879139245645	21.46651772403814	21.778598598376366	22.043936603822527	22.19492469033497	22.07802928492573	21.48378926209982	21.267956295977243	21.646631644095415	21.884864040353456	21.811792648293444	21.63751380934787	21.587850059562324	21.766268642319293	20.91051631346222	21.718166340455536	21.606203151873935	21.357189601558435	21.232895535719074	21.75970492350114	21.754772247271873	22.42228895813199	21.736553947939807	21.76595190381735
AN005453|PC(36:4)	18.486103710000414	18.365850844915173	17.454872212173214	18.921734090488357	19.16432892388643	18.99490790487796	19.983849341870705	19.93517103625992	19.36577759996506	19.291013611122583	15.473897867891267	18.86044088750815	19.354502291205232	20.090733538220725	19.4488830900378	20.447113583459622	20.807874990327146	20.827762144231045	18.87584652275697	19.484004035676094	20.04042282946982	19.89174072426575	20.108500120180356	20.090136990871983	19.40827761430641	19.301446023625626	19.513621415160674	19.775475928414686	19.633689835775783	19.327475235731878	19.855618516703906	20.02209879988639	20.031118608198987	19.816898322464013	19.985448007650724	19.668396050568763	19.400950983198587	19.997345600879	19.866220211798414	20.555038677619624	20.016847575373028	20.109761853302523
AN005453|PC(36:6)	11.96797191494165	11.852209568594539	10.860838679043493	13.058213320479716	13.236088956496836	13.547158431570406	13.753772489289307	13.970238934618253	13.575691686077745	13.01314817145476	1.0	12.584575006171224	13.826401509219183	13.954922383531898	13.450907083344587	14.128140162466547	14.302844518881964	13.618797281527703	13.24410958677873	14.070573812531533	14.162490463426264	14.040456689956045	14.330657130422065	14.711117900831729	14.047453696595333	13.642364258038757	13.34030077465548	14.353327426818053	14.020330649477453	14.046654243890877	14.560742415470026	14.009391264758918	13.955461022701488	15.242532543907055	13.909858403183954	13.983003375578416	12.80407857326261	14.09119734183969	13.920836650333563	14.926117592952425	14.78118602635867	14.970158480418792
AN005453|PC(37:2)	14.02479251915451	14.011781090877056	12.791883242043333	14.949788418294586	15.270015667688108	15.475544406790581	14.916965471615864	15.04000411654907	14.60731701962348	14.732131379040673	9.650208078072437	14.002220800995719	15.346540741892559	15.71803592760222	15.037737830753343	14.717018750355612	15.07112167669391	15.051949389845674	16.82619727918633	17.250224386088952	17.5597161533292	17.682346009461316	17.63110271883591	17.747071730470616	17.577541902971678	17.120162735018397	15.067806163120137	17.512851934708266	14.972141110428934	17.01616713118258	16.328590085165743	16.453728478110673	16.60664435034975	16.030134733894478	15.735759351314192	15.657787919058137	16.445721983794865	17.121790280285445	17.116586928476398	16.70901122890073	15.994364486870468	16.14687629750017
AN005453|PC(37:6)	17.517442027042932	17.58170114474555	16.233302105110514	17.332405324421515	17.52519762854105	17.972724734875	18.686214140099093	18.646056769103573	18.47745594760441	17.956136478522197	13.290136954112155	17.50570705644779	17.68641387150618	17.773341685064334	17.340355198599784	18.393480162196965	18.918405569170574	18.68740421963472	17.423811871506114	18.25000398013274	17.948060667387875	18.318092338491464	18.017504129255673	17.97579995049869	17.77983783099333	18.091874022981706	17.75212815282689	18.060579839371556	18.016928173657146	17.589540333379595	17.40074871279887	17.908990238205334	17.634631623667325	17.515927628030667	17.127114628513137	17.135667407265522	17.47911513426972	17.682580635255356	17.981356951583905	18.03264640184695	17.61276485168297	17.531732648212817
AN005453|PC(38:1)	15.03735219071265	14.770556017080787	13.740964441571705	16.413998735435094	16.63501887629171	17.11591630855698	16.73724760714148	16.73092502070379	16.55747237736723	15.92633537922505	12.021427674185354	15.506248686795399	17.21886713955281	17.646521725432613	16.902891347142173	16.377729752921926	16.958324784233845	17.210563194672684	17.261502259026003	18.32110022735655	18.546714835102026	18.49455366358989	18.521096067699492	18.640963887084222	18.296130692616693	18.13098318929844	18.35140121217974	18.32973599696737	18.093158900149344	17.596432267312558	17.42650473613076	17.65584170926229	17.516215874075606	17.13958642413834	16.661696136784638	16.232155194375483	17.14745070047018	18.39417519544705	18.2608059000514	17.9282522751719	17.016381425809723	17.262970656189413
AN005453|PC(38:2)	17.903953846921336	17.70269068203293	16.58680270586086	18.78173657222097	19.281052881334663	19.560650086990208	19.08145917417408	19.09026837058108	18.90158483480776	18.721710120116146	13.718787572739636	18.064583477322664	19.462954821139736	19.70620810864815	19.02632072759372	18.852578274637377	19.102595163917726	19.34098318583366	20.40211192099855	21.191815696610988	21.250584532517014	21.369100419525083	21.515596940044805	21.514890066964714	21.396449158231917	21.016319618027516	21.262850487329764	21.215082418970706	21.012256211765504	20.698480287850916	20.542316531540347	20.865873903025623	20.70313388046504	20.45090571442738	20.296544776463502	20.065505043362435	20.738572288420716	21.37318788744156	21.34256927658181	21.128206695231256	20.425563952476967	20.58266859414032
AN005453|PC(38:3)	18.523889637016396	18.294352767234763	17.077512564295475	19.41214346007466	19.84409006122231	20.12905834568913	20.015717569542325	19.98985006571329	19.749197261999875	19.323820610430175	14.23614876538471	18.771327132673207	19.797084180360912	20.117941750896975	19.67251834934924	19.672016501114385	20.034670115986493	20.143352719035946	21.480652160547262	22.02882441931031	22.350448678366	22.376630327809185	22.458888864387866	22.454148832654486	22.010630910307693	21.777930597576702	22.041140154669897	22.455065820939414	22.309128465737267	21.79081697135774	21.273808788928562	21.5521173472302	21.445059052144696	21.255944133164284	21.08062368600383	20.816756536423192	21.263176605546825	21.786138973068546	21.731347668336852	21.903937791821303	21.215099184944936	21.31469404772121
AN005453|PC(38:4)	18.83490494503795	18.65940829168055	17.29747015619313	19.548660658654065	19.764773451488235	20.171752747954738	20.681313787563152	20.508860700136445	20.585782299379503	19.47415523378473	14.280381485682987	18.98993663384631	20.087276398391438	20.35522100021441	19.672268992502378	20.384619722471456	20.72138889851148	20.868168798494274	20.59701887418816	20.978760188009453	21.231723332740316	21.256521396459547	21.344659689535543	21.394448281237107	21.00199897221965	20.846744803576712	21.0127501052827	21.087727312566155	20.95997556480086	20.809086681185278	20.505481814625988	20.758791259714528	20.729516533973925	20.771137528506262	20.500382787164234	20.48670571281142	20.166830032187857	20.785148085636678	20.759663654655203	21.21829712630439	20.65201474522256	20.763353548028388
AN005453|PC(38:5)	18.701125606037778	18.189402315026516	17.13120877958626	19.133976912175633	19.82502203785707	19.852691997900195	20.670902488554226	20.604360451841483	20.330405641261326	19.55761387479327	14.262227742242848	19.0202059175126	19.656959388650947	20.159227516394044	19.613105216807277	20.69981391695774	20.914796488912106	21.01328342595478	19.30459956211566	19.792291810272218	20.16690345686572	20.125616728682793	20.21079724596324	20.413551925901686	19.682112889019074	19.563168913762016	19.953807963461486	19.859803358873226	19.866875145703926	19.555928147688842	19.896075766482678	19.967252690963115	19.84255286747821	19.919272686402675	19.68237263911096	19.508004370307315	19.256557744877604	19.856080166847967	19.89367777621835	20.29979164704453	19.78387271394066	19.852070867936984
AN005453|PC(38:6)	16.216886218623696	15.917891130654327	14.766810980906229	17.71391600294793	18.173409436110013	18.61496500168575	18.87517746748459	19.05542765954898	18.75191653113883	17.838471598986768	12.379649117760035	17.06932189376598	18.940023818761293	19.27549245153528	18.372779292144624	19.431207412740743	19.909810056938646	19.798892379235046	17.759770267827747	18.25887763340707	18.757453753555442	18.212491635479005	18.27692097619658	18.66045557792076	18.604043009615655	18.03645090752773	18.57970838211397	18.56938225760307	18.18989934347962	18.024281105862904	17.407242034802838	17.6205119554234	17.48740529491131	17.378183665337005	10.396133794949959	15.825238315133223	17.343315339772072	18.12618921902703	18.031696249605165	18.032397648802473	16.953731304436097	17.326730631622514
AN005453|PC(38:7)	12.974957649359489	12.812863184863597	12.220550642671027	13.897187473337906	14.611572391695924	14.29090585469499	15.299121783293954	15.405376839419532	15.23342719474143	14.190229024973906	8.218732741385901	12.863791361851137	14.549240186040937	15.574660930367413	10.227676104588557	15.99300646968828	16.352617298958503	15.740593215090795	13.779849626757503	14.509636467287518	14.958693625056208	14.835581185854728	15.274192489687604	15.042712300679689	14.460228697468096	14.449366632716677	14.647662471524487	14.69416578354897	14.86918029107368	14.614318179299062	14.111416094546781	14.330951180917697	14.586686176849941	14.557051991319454	13.739180416611667	13.6986113486399	13.47773170887489	14.42615466112704	14.732697948967798	15.286125624745775	14.369446035292807	14.437875585447337
AN005453|PC(39:2)	10.410716333604269	10.610581958492531	9.626913629397166	12.207743417036747	12.189836910668244	12.65947195098768	11.751908034252391	11.955591791753994	11.820147044030229	11.852139328187244	7.133193598664106	11.378950477391427	12.906822967693435	13.319554995996736	12.630458258080434	11.805510120499797	12.231503210825286	12.421678278237057	12.873913142861026	13.578803123947367	13.842282568157758	13.790208986039577	13.98313523554513	13.929271355842063	13.319770893634649	13.341504924382138	13.652492096823297	13.578004658113269	13.542088732138339	12.720891914607657	12.302738869506873	12.390727865376233	12.280735978030032	11.176434980107631	10.860768857517384	10.540370243743567	12.615684805895691	13.217126182488018	13.172635334274128	12.080411171228153	11.08101067329455	11.428794590922514
AN005453|PC(39:3)	12.02807181405652	12.143973054896096	10.885612493282341	13.265905079898095	13.409178759500671	13.903187061461551	12.809673687364567	13.003089185979578	12.886862563295756	12.649388673001212	7.024474827952101	12.11623023079436	13.544479107352222	14.029301895443732	12.872484431955343	12.469354368753974	13.066334777618005	12.904914930325916	14.930417185603329	15.060132268839638	15.672050143856435	15.679196645863621	15.28805678187907	15.731479999230373	15.445195300828729	15.22952483709828	15.494084916549193	15.375197964283515	15.247582296084376	15.023269649001268	13.967898086962904	14.28529817460285	14.083972883942632	13.232780656648302	12.899689233243805	6.119771161952904	14.066681219917118	14.84199424217584	15.045854347933354	14.035324061637057	12.95790371919524	13.532492297847792
AN005453|PC(39:5)	15.632430114211285	15.62170678093206	14.38344105220489	16.298473423765966	16.73093868223633	17.089238596620525	16.759630368928963	17.08594739398402	16.914642182747187	16.07607109790848	11.170563553223703	15.241503933935132	16.54953320902377	16.739012127842205	16.153823738491788	16.675195415684566	16.99385554602531	16.986481377626067	17.563390392463326	18.05236713185063	18.371522874419533	18.246793891509647	18.433630386125273	18.4817673915627	17.858207795135982	17.92832474763087	17.992744536217625	18.356751898698977	17.99314615546938	17.644186605178877	16.63532460696026	16.710304932546613	16.799370294549426	15.757441057031532	15.581865215054014	15.528963469470868	16.28850888797013	16.840463725625785	16.9848268515644	16.484002776504113	16.04549241559258	16.094952499734124
AN005453|PC(39:6)	16.302918754355154	16.333953364899944	15.188454784428647	16.913439572117184	17.08541114914861	17.43415320151618	17.567229585150105	17.683370579308587	17.4850172341165	16.649194838093315	11.621658137024172	16.114268188340233	17.10845748228806	17.31509143641395	16.835978336891582	17.107074008869542	17.42914435299492	17.459125874885107	17.290650499880933	17.686187393143523	17.833387239055565	17.939119461073258	17.918013990491936	17.926081388589953	17.50040800705018	17.440648838150928	17.539369446295133	17.716401172898806	17.814602366910005	17.511130913411233	16.55182254454062	16.48696429909155	16.605850590440113	15.957726463464901	15.857622900364468	15.761831423399078	16.210006531287007	16.71039198132806	16.812475662991865	16.577399469884337	16.073548303503113	16.259797871194603
AN005453|PC(39:7)	15.730016570119359	15.64916746611292	14.334114731003103	16.016139702655252	15.512073457169839	15.75288811413392	16.938103121955436	16.735315775088093	16.574917358289564	15.115059504759724	9.407246516738624	14.19843736752216	15.588052858257191	15.828889179403843	14.97531554467363	16.500610839433612	16.719864987880193	16.78751069676551	16.172557012529015	16.732570503380696	16.495769632849033	16.397274701543886	16.344482301784137	15.88503091786876	15.677495304057397	8.010500132856384	16.414142141233274	16.455068380267477	16.713879161866416	16.464422425522773	13.911931212309048	15.443248559392337	14.020946960657014	13.853107758944294	13.414086631002373	12.291682978107104	12.167176631012763	14.38249434029312	12.635291868386762	14.466084110872478	14.409925880559237	11.389104280216642
AN005453|PC(40:1)	12.163979810383523	11.985792138977796	11.101772182776308	13.73560785000191	14.236341632157758	14.626732291236493	13.742585231452264	13.795710948510422	13.578352640685424	14.323740187348529	10.158597066155407	13.900978099461339	15.663557270353529	16.05052401661581	15.066319219397874	14.659340378354132	15.191256275806754	15.030636533822738	13.854176861264454	14.60450110765195	14.884533532602243	15.118052494044198	15.367550236446922	15.298025325309151	14.596666148953483	14.299084210375563	14.76405725394336	14.246714623811565	14.160566349098232	13.709414499989837	14.688001641399413	14.98620781085317	14.785354888813025	14.053749435788374	13.397706716246992	13.452467770046372	14.158634932001338	15.4150092112951	15.381025099446203	14.991600232030123	13.961096936213268	14.254484652730362
AN005453|PC(40:2)	14.862032879634654	14.804942712201855	13.60615649062259	16.391996363258016	16.914852250515	16.93008275190511	16.602495174339857	16.46067922029839	16.10535303115155	15.937458882250539	11.030680928676622	15.323592432879257	17.27847178235961	17.693292491469887	16.98479248027391	16.314943943743653	16.743414142272346	16.939376275141232	17.738219746249072	18.53282735278931	18.72493285968489	18.678120128241986	18.726336154601537	18.879614986496616	18.54880072804971	18.181402751546983	18.453018259286623	18.556989409149313	18.29874842606643	17.868976061993465	17.389195554543743	17.726856422922147	17.688184525657828	16.932141147909725	16.57017976304636	16.495967264744838	17.381921673132215	18.12402617129238	18.041221877516495	17.758563844101037	16.908173047197835	17.105059349854496
AN005453|PC(40:3)	16.135190223273487	15.818500294624696	14.49676267006673	16.85550896277012	17.330223033863522	17.759609044857008	17.395024128405982	17.223183819737756	17.253950037788837	16.869344183735553	11.957979873536628	16.251330395930566	17.53745836455151	17.78005616521607	17.145716855591427	17.004544623632306	17.397392452998453	17.454468309376587	19.046877589771512	19.721763296926817	20.069342297665578	20.01939996019775	20.017421075539627	20.355038021810582	19.83163451267315	19.52211753128797	19.943200799726146	19.86351664951069	19.702227974040234	19.15027904796831	19.01497119313016	19.468319465590614	19.22883235658535	18.967209847591132	18.663164744977685	18.4313839506569	18.930623265588256	19.76519797716948	19.591714482254275	19.726065669335448	19.03401227239056	19.163249557042754
AN005453|PC(40:4)	17.496002698249416	17.417642732777367	16.085647349627187	17.911978770940742	18.440022982226424	18.614296536861815	18.79386115527502	18.833380691232936	18.590865802515243	18.27109001354578	12.927724267350868	17.54004242446889	18.41333492621157	18.753876699367336	18.206410973271602	18.638156797568517	19.02219635275333	19.11193285670453	20.40623748097454	20.76256310557356	21.177313338696692	21.14906140407446	21.327682874805205	21.28978987983278	20.915281201988826	20.814263472615337	20.869298143527732	21.331851693184532	20.879298184606448	20.801451911731043	20.090938498797946	20.31414388502369	20.193937198135227	19.733094736731175	19.632935877382998	19.464240948970325	19.894671169988825	20.343198133945226	20.41289826599121	20.495599912804373	19.820172588145716	19.955971417420447
AN005453|PC(40:5)	18.098622252886855	17.904591935664026	16.6989359015329	18.849503726944057	19.20880153913608	19.396282311867612	19.999500255699292	19.989637017816452	19.892976103187195	18.610653720006326	13.43717076859849	18.119135059674587	19.299186012826343	19.63765822082132	19.011154051777137	19.66635548667315	20.01543431378327	20.05810203690006	19.10504686451641	19.687297624656168	19.942897243762296	19.943876225493643	20.01503019253846	19.93226076701823	19.48789552464924	19.512219670761063	19.65330540262671	19.715051173103017	19.63172224148854	19.315910666372453	18.87304085760115	19.11527878342073	18.95917475487503	18.92760066929714	18.694533778419448	18.475539419636547	18.56546880601121	19.21543386508847	19.095479570091126	19.654232552947214	18.87376538592062	18.97941821719733
AN005453|PC(40:6)	17.479671022217296	17.364830932120668	16.123848195183808	18.34744597752333	18.765020373945248	19.06199502695626	19.53169988979291	19.414996518670762	19.118233341449887	18.197968892707944	12.76933992050796	17.67461428466279	19.124158351312705	19.235850303694892	18.65030587749171	19.305826878931946	19.681733975074735	19.703005004776468	17.97572445120805	18.535812170866848	18.89423242583203	18.801940359822254	18.926405023349034	18.837115163029836	18.478444009582535	18.18929728982156	18.66404635290296	18.6091314379008	18.320994805081767	18.177062625768293	18.018595426759386	18.35702478029491	18.2961752897316	18.10462951574348	17.916416987320222	17.682299573584082	17.545588128970163	18.409287338162596	18.232402282500768	18.687572998844757	18.12865899892423	18.23439402629581
AN005453|PC(41:6)	13.016559345612812	12.760183514432915	11.110267966127358	13.914092639069619	14.32309347382849	14.246434067447469	14.48049676100609	14.118035049551533	13.861428148332832	12.856464435734145	5.643856189774724	12.516889275604923	14.152305443033326	14.333611013405728	13.91526972632072	13.623827776508074	14.00951111256144	14.163443696784878	14.720044879792013	15.334111238421405	15.35035946014464	15.374915172799154	15.340782694217417	15.502150874782782	15.070518469616504	14.942720210335963	15.408959919656125	15.363973533206755	14.972296407651795	14.885093376957093	13.281911196475594	13.397401896098401	13.61977636235998	12.304893157540231	11.27474504154303	12.507187609547104	13.183931519126519	13.696707861214955	13.59798385416766	13.398965422469328	12.928677514471149	12.576212693964123
AN005453|PC(42:1)	10.96835719966598	10.994975641704706	9.732082608646936	12.770963219019416	13.201388817425386	13.590491147738165	12.634055479004742	12.545736753493381	12.395839350454917	13.767538938394273	9.413289427135973	13.19848187574914	14.852896183554787	15.236969018333868	14.674417947506722	13.693760268305365	14.244480536460415	14.35442640155895	11.996416994429234	12.78074479767779	13.131426145097306	13.21281856934736	13.389335564525776	13.521415183823818	12.730631465454891	12.554783084443697	12.802257852368502	12.376564969773563	12.329594548579015	11.37890172241241	13.086557557862774	13.33195260322896	13.276210208173685	12.456562333040385	12.09708072266516	11.982872394626424	13.021536983788927	13.627438127199337	13.554193111431942	12.985818816705246	12.3207046668226	12.68908071269984
AN005453|PC(42:10)	11.347516179753542	10.905168854238925	10.230680969127498	11.631299852388633	11.673485757337788	10.230957102542732	12.510660337602298	12.52229463101009	12.121692153270226	11.19970301404781	5.643856189774724	11.073612734578717	11.184212096105028	11.708506274219612	11.271626430709993	12.925704635523289	13.361362632105651	13.710442701302888	10.16947408878326	10.85586514988829	11.331678348417936	11.622770241822952	12.319127338635388	12.225641264954856	12.353130280735316	10.991769832258393	11.250458313668036	11.919705060524763	11.260290348523432	10.953425309676131	11.522262749682973	11.974446856480895	11.897622380564455	12.165811469208924	12.240269602231635	11.71054817161538	10.971342367308225	12.25983151721329	12.259313686128204	12.459075511817117	11.544119233343695	11.665939874880076
AN005453|PC(42:2)	13.624485914773791	13.61555492568241	12.852627038222275	15.059565850877938	15.741740046634087	15.69748861656324	14.883538247336007	15.031907927127381	14.91119628190156	15.442734577547913	10.709445733647668	14.471230653594116	16.354617861358356	16.75986816298522	16.050736350298543	15.333939742259894	15.548869459789676	15.92325690901276	16.074627562722153	16.28340853847604	17.124333991867378	16.51423370243051	16.65736060201331	16.760773995546952	16.619536239510413	15.975017006100353	16.52272541966927	16.39134614147285	15.986071563695	15.32826188833841	15.418555630989085	15.519632874593887	15.46142572891753	14.395204082559417	14.043263155207041	14.090290263882139	15.297474096855767	16.225499117801785	16.075235741020677	15.527173052641565	14.5355372301985	14.523753673764487
AN005453|PC(42:3)	13.820214869754198	13.665925445015944	12.317384347519296	14.881151729569703	15.273419362766413	15.40473611368785	14.951367594687762	15.039289643673603	14.673876036940825	14.514527911789527	9.627679788097602	14.02760453992759	15.726882027398743	16.206366708996	15.368811310482696	14.671403955517755	15.248917098870615	15.14493461608164	16.54522649496418	17.266313938951875	17.600865701399105	17.48835906828599	17.548106944796455	17.59860205937969	17.20470161513874	17.05494744289053	17.437865753539988	17.297773913892982	16.946033674354336	16.566487417997187	15.83066622254452	16.312590870708735	16.06240077915196	15.23123655877416	14.89656088191649	14.830604827958368	15.689448505206114	16.6209581985413	16.572366570599772	16.192094353185773	15.305539529649474	15.66984699554509
AN005453|PC(42:4)	14.892844927551394	14.750589757256948	13.66194729282418	16.212901003496036	16.586392980474994	16.974058039815272	16.300097084297732	16.44757516101999	16.366390863583888	15.696191108307405	10.651589909816355	14.786233376008163	16.819841165261057	17.164093178391656	16.221840461763964	15.790968748744389	16.14447184019874	16.429746876403804	18.18646954844636	18.67742314389529	19.044579930372983	18.951271536880352	19.086154526118303	18.94536187313244	18.482460292189057	18.57173338927321	18.740366486786577	18.633814032575614	18.56782676433525	18.080475921124417	17.196662154327417	17.40301560300457	17.11101215212026	16.826645802369125	16.469963062178657	16.16427372360379	16.799010382311657	18.005745368090157	17.816299262940458	17.70486399625656	16.56096596434413	16.76946816247222
AN005453|PC(42:5)	16.563278661052795	16.557730831533473	15.130864927501044	18.236914754043237	18.439287677545607	18.931811296771667	18.905241026305355	18.823757973018257	18.585246670623523	17.026191216129003	11.528224550637072	16.28886571378032	18.542755720978604	18.993274714158936	18.223523564661942	18.13026055035056	18.523135323365697	18.608992847564117	18.384697423200024	18.98413409532829	19.24441723923401	19.140544072655505	19.1563989720405	19.3970912023877	18.944921626829604	18.685308572244445	19.002372839071416	19.21563606128352	18.82470275800128	18.621955268482896	17.448961749825912	17.689723742149503	17.672159080165713	17.045650785494367	16.848300175636993	16.591072749156773	17.27539878500258	17.92454148581026	17.914176865402514	17.87186872956445	17.145047499722818	17.35045917569288
AN005453|PC(42:6)	16.46561502735322	16.215080190604567	14.949065685368955	17.65450226594853	18.209716031549757	18.387230494192618	18.7475296052644	18.55496373041616	18.48476598728987	17.065760904660838	11.232834608333613	16.283311404974924	18.234205203439796	18.53973171838216	18.0340673404252	18.189906387506653	18.307855484853878	18.47408825690284	17.782475180669206	18.215516932004174	18.562145476472764	18.436083121228794	18.58979164386979	18.537971718605668	18.118508258082493	17.977606109866436	18.15199981889166	18.504794436227037	18.14836818729981	17.824600743811033	16.978931060015977	17.096363701804197	17.10995835325029	16.588211741788054	16.40238123936995	16.20669579666135	16.60843445451532	17.437008007103955	17.28608915614747	17.721989647695956	16.834244746980552	16.979054581792887
AN005453|PC(42:7)	15.64314791191111	15.592951010335563	14.51317118269774	16.406726851408152	16.88126275961301	17.068230467884497	17.542250037862757	17.574863120564373	17.258454239094597	16.082176282945493	10.8733133719663	15.558275706998057	16.76740961954563	17.139865568781236	16.482132480482278	17.15439211892984	17.479345063056794	17.543437883692135	16.469948757889117	16.8916845145246	17.569302330737283	17.065213630675995	17.09766572716082	17.02352718197191	16.736757460883947	16.643707826884835	16.938674261961207	17.070740562153983	16.79410473645422	16.7187372790609	15.931720909877052	16.258104260779874	16.165518850514236	15.436971419824726	15.583718038852442	15.20978346315551	15.561141137985127	16.06275891646815	16.035876455473673	16.427401078163673	15.78460698712538	15.863980300188631
AN005453|PC(42:8)	14.144263901152746	13.243102561158478	12.762942562595274	13.774012803167663	14.227048801062521	14.610995970791723	15.778485037841184	16.257520437246384	15.632162545489024	14.385762659307849	9.501379429724318	13.459256138131916	14.691915777490745	14.933319054120012	14.758303385361545	15.89200531073149	16.084601425596592	16.041606965922576	14.226389612869166	14.820859055145059	15.25413694021094	15.456443297273829	15.205853182297432	15.20741437762187	14.745395441826714	14.591349362394507	14.83137751606691	14.962069525778922	14.847506649778852	14.612780398998877	14.217175420334677	14.057423194320164	14.46116542230344	13.696563341191261	13.600580817074814	13.206832751318142	13.786863820468083	14.328367789063185	14.321732951550308	14.660720735900698	14.09306344989528	14.157124260560147
AN005453|PC(42:9)	9.505454308719106	13.785020207939068	12.8829906908652	14.683286888487109	14.202885232360947	15.032174041163033	14.546720863142061	14.292562493296302	14.870649839465717	13.277941172975462	8.864712353735607	13.892554200309908	15.067143573948533	15.485418021631645	14.293132489423764	15.311949069475098	16.72565249964828	16.241418648868173	13.87187829272964	14.489180007583382	14.09749640273338	13.046010439220163	13.6755248651811	14.520602107636845	14.562720619358778	13.895327238682937	14.669404411612511	14.714003974839839	13.776765085518916	14.45634414677964	13.51510968094379	13.427090188830736	14.389907564986961	13.123405280784038	12.238742085103901	12.350444758373152	12.888585350373335	13.056158430466365	12.89246692327728	14.508069578198292	13.413084436212047	14.494331225031122
AN005453|PC(44:1)	8.142004915984876	7.432458384509866	5.643856189774724	9.80933404930685	10.359145566119526	10.727086580873612	9.644865723007923	9.364659971814762	9.376581247960818	10.807620572466377	5.643856189774724	10.536344363598396	12.132506155872731	12.008130947968493	11.716056337024158	10.21446484021313	11.239884891902086	11.317463491611338	9.961999463371182	10.35348870812267	11.109837182295884	11.234476172430242	11.28033000818159	11.663700409903015	10.501021085201641	10.393958842395325	10.78558324478436	10.433929644022712	9.758173235972786	9.685747467972783	11.364523188982126	11.436414853561294	11.1994331026087	10.702596945048326	10.401487544917185	10.39557697654977	11.25950789456702	11.944170308232048	11.895976606278726	11.297179950543683	10.429260267577016	10.708238976737904
AN005453|PC(44:2)	10.699841361154528	10.403395554728743	8.720688885332123	11.861385497454464	12.264917555769967	12.734878940693246	11.852872781605981	11.989848597002972	11.191595960132902	12.538654555371881	7.489446598622579	12.022190933322662	13.741936712777417	14.053485575209654	13.290717267201769	12.249018613439379	12.84190237835392	12.73742270391096	12.480179273651217	13.244927184948057	13.719691489885152	13.635541286406074	13.65437086867445	13.806536532147453	12.908979862775128	13.147610387399663	13.33893550530934	13.084064264788475	12.901010164904957	12.25252056440449	12.76248170331897	12.85060293966497	12.917504482072088	12.490249210627086	11.75884780310832	11.903915729094463	12.582508961116043	13.583765628864716	13.449700644085476	12.930462001914512	12.070657661388106	12.412945554842064
AN005453|PC(44:3)	12.47863060046677	12.207575665877762	11.029963547431851	12.911097950714542	13.543987579149706	13.704792010355273	13.22462126068002	13.305118387311344	13.184086540777432	13.257792954453256	7.707497182417421	12.66042159406827	14.18247660454215	14.558095998592544	13.689294791903306	13.141093303701414	13.493801672331175	13.55572510199912	14.69620197778203	15.23179830831046	15.387724544666012	15.487914439704769	15.642374412448099	15.57633435351351	15.276544645339838	15.08747485813394	15.490637815354253	14.87275278369944	14.89106692337445	14.244662631158487	14.033751631511018	14.017732305261642	13.745225775259721	13.135730124882265	12.706875851848276	12.569414190022393	13.726569422177148	14.799905885178473	14.616979520444973	14.186467130358606	13.252641781518014	13.550628960476988
AN005453|PC(44:4)	12.262802508721954	12.13092443656153	10.870033293233524	13.662385771852964	13.994125345716038	14.332934455671486	13.422822980743558	13.554116349238997	13.485438148498037	12.991950481067873	7.227278994468321	12.366357734709167	14.119919457686281	14.659559473593603	13.966563129714924	12.886811133610976	13.503922609926903	13.507601409172997	14.903435169864428	15.670765221583702	16.045428209508053	15.704439727358292	15.936452069633011	16.083136064694497	15.438757746677265	15.27945170755544	15.647436221462454	15.641863218420943	15.425156882749556	15.067885132527378	13.713460624080179	14.195550610683727	13.961282371140758	13.314693693730138	13.024712020916866	12.645108986986468	13.509447194294093	14.590340264336039	14.539280606077368	14.294707612369313	13.221425503785667	13.505140405727724
AN005453|PC(44:5)	14.005667527673959	13.94338293985531	12.743696299968281	15.695223668860235	16.168521307255183	16.39310685150211	16.17691254343612	15.944603864007835	15.890078987506431	14.546617177344256	8.65935375917005	14.205816917464162	16.267700926252445	16.75771345433865	15.984020078265264	15.207582910080777	15.581601634478009	15.856242894362397	16.54975579450935	17.087821750697994	17.341863298526125	17.243298034141006	17.310442108266976	17.143863275074036	16.93322371800802	16.721782368019603	17.02125566829794	16.958389474132996	16.926487925879467	16.28825851657526	14.891402572577348	14.847114128573482	14.785621045194246	13.943341728514007	13.679226066047999	13.37287458012764	14.312014326395955	15.387958405498079	15.519432622411252	15.143198639903353	14.097437967820353	14.480277115174703
AN005453|PC(44:6)	14.898763860933647	14.563102107785337	13.339939055385557	16.365814585926515	16.853366579722554	17.091386726777916	17.120967121658236	16.943625490534302	16.80797469693776	15.177334272566467	9.272863023201902	14.321639949770487	16.771172710345947	17.072655804528335	16.407857257745754	16.1168678178635	16.31055562651617	16.572282034163784	16.726877106054104	17.569044309206358	17.94780853312587	17.816822108243482	17.961313971850448	18.114506726884244	17.23006998620394	17.083130557697217	17.501645020049814	17.869218494189152	17.502756532273363	17.07954009635435	14.735220166877184	15.128093430334568	15.454524857756516	14.144427227449825	13.703512141747165	13.808979253174924	14.872649873339837	15.393826820103248	15.292246850020444	15.100071360122522	14.59972284849229	14.741873003254378
AN005453|PC(44:7)	14.287938864892235	14.096844431299804	12.79026295893708	15.665003854791044	16.129684693625617	16.337725027588938	16.528783276536984	16.461965859185014	16.19605763230945	14.420855660802971	8.854338570746691	13.85595564244132	15.985955310024961	16.17339508839753	15.731097040463546	15.49816888822228	16.108245920489157	16.030528558112252	16.23978534258136	16.5546885191335	16.96586137661855	16.771756261910795	16.761459554821585	16.811542526503004	16.488027767872317	16.383119867777395	16.569643518944012	16.65633282037579	16.619408425132956	16.27306179258329	14.340638065714668	14.768473827416287	14.28509656749514	13.52172311265785	13.190283048119205	12.49614973019036	13.679823138637133	14.595885085125087	14.647564668398104	14.406477411979823	13.777359095076758	13.878431275661924
AN005453|PC(44:8)	14.212112557804376	14.439158196552698	12.68732100172196	15.05856002724423	14.918234343021087	15.51235313705613	16.72676710296965	15.84073736197631	15.605286783169303	14.220092602250263	8.413204789252584	13.442824302757206	15.786696919882417	14.922974104435326	14.956458291236002	15.213457785486707	15.664923881858543	16.144387990990275	15.42996569062776	15.837665872398691	15.779851934613127	14.450274344112112	15.015508702557735	15.651378290503732	15.138340604971985	14.540701998815331	14.446178028363267	15.331555896399758	15.496562026466462	14.68748394712005	12.952275316847485	12.936050804599084	11.287383407575897	11.765033263017827	11.82017098288515	11.80231036652051	12.309496249025608	12.546578594679945	12.174523144383917	13.28493829701572	13.136842158299954	10.885986103291135
AN005453|PC(44:9)	12.941568526261022	12.468570589923807	10.971586661724292	13.466665352421632	13.600856048914736	13.836815695885301	15.450615233026195	15.551079168073796	15.159762168933584	13.255074317401773	6.780047576061869	12.866782438312587	13.47666647385254	13.825214211723692	13.148304973883732	14.925033733278035	15.389566811762725	15.258225929973616	13.209850844025405	14.021084943564487	14.173365611696974	13.635422251366645	13.753952118878145	13.823719510807194	14.397256816521983	13.583089821079437	13.838715457138163	13.95706303456693	13.512055242140015	13.557827440820112	11.627994342586673	11.521826149862104	11.320907703642463	10.724206864068703	10.052472954776603	11.097182801736585	11.728749595776195	12.14936607577991	11.767658935916804	12.391257017278587	10.902337426035524	11.727673746228538
AN005453|PC(46:2)	8.286557761607957	7.174326515173915	5.643856189774724	8.730266328315796	9.939344132834478	9.956216413675884	8.632086412835182	8.415657274159	9.04070068671455	9.730572030822454	5.643856189774724	9.312247666670547	10.728651824417385	11.24835456389542	10.405779682585322	8.728906866234105	9.939020833240573	9.813203997754291	10.894105332526188	11.42012339323649	11.640985980164404	11.908445163340808	12.099423428261767	12.152364074260957	11.319948667433032	11.495000546564208	11.722615443598817	11.381856546456092	11.168013918577941	10.689106928186677	11.494405609426712	12.028261789832843	11.752811299920044	11.821335527355311	11.444383399254214	11.417145758701652	11.747009690142324	12.341343687783866	12.447364813626274	12.023529131163087	11.197284279454719	11.390147455368718
AN005453|PC(46:3)	5.643856189774724	8.393390457443987	7.233044401265581	9.812754909800194	10.660477304882354	10.813636914498993	9.709635275136595	10.084011098455035	9.994282714780319	10.47712074981816	5.643856189774724	9.712423824280378	11.611730290834846	11.86678050684525	11.103458298660811	9.456066874276614	10.319073696091579	10.316960287364898	11.830119025444516	12.392513311149708	13.042459666314663	13.016959720941049	12.591629866821782	13.184838159567237	12.537769257295022	12.293839460444293	12.67839327049528	12.325994028631126	12.27865852930858	11.918061931535616	11.863551343033421	12.2310321296654	11.872082291820655	11.956742774476002	11.53037219583882	11.275583293169042	11.735052473551256	12.753716089339827	12.682292371430833	12.282199420755404	11.590236157285094	11.738784722177042
AN005453|PC(46:5)	11.566244354778568	11.586455143083759	10.410302940266163	13.197245878510943	13.782450544081815	13.86686838599133	13.24293589533958	13.424886668957798	13.212953804462117	12.568177024633066	7.517826836026677	12.224366523753874	14.051851279902037	14.295641243946214	13.601211333897608	13.27146010982893	13.56364674610167	13.68239223808191	13.927975134211035	14.81344402204191	15.145322803203511	14.828307585773683	14.96338200183418	15.005604813748569	14.526986983222882	14.175766281665432	14.736947806922872	14.692767499698002	14.326807246234079	13.972570605571137	13.007470592656247	13.136457690378629	13.086884254922982	11.968324796502671	11.58261245126702	11.546783553265367	12.455427403981618	13.666904128663077	13.34669378179505	13.315469433660448	12.255896051068847	12.630385448474339
AN005453|PC(46:6)	12.8883094620793	12.792879748379178	11.487543628002426	14.61734692956257	15.040181823131128	15.14429178743926	15.105775131664368	14.869247778542244	14.748022463115392	13.520224561796013	5.643856189774724	12.881872973507011	15.36047916374797	15.586247826218937	14.898562655547806	14.050863012968964	14.758053488164476	14.94707664346509	13.902163104143844	14.557427801307734	14.980964249208348	14.820143054182456	14.572706146924261	14.82984708290537	14.298860183904615	14.240016868051633	14.652834331966705	14.835443514202769	14.440036004222884	14.21523796938597	12.526306051781818	12.8505462943344	12.690386538514419	11.935312406229214	11.10120094971416	11.374843872078783	12.318870400981439	13.257845978845955	13.229319038564087	13.033509037559833	12.343579931590558	12.36899746173433
AN005453|PC(46:7)	12.738145050481352	12.253374780186029	11.23935388279722	13.945630379710398	14.58555293620388	14.83947790954801	14.621636962104837	14.551851827143247	14.588529602762161	13.127894398958796	5.643856189774724	12.493134922305504	14.702836077281834	15.020131811253886	14.296875350966268	13.946807606527988	14.270919434504941	14.42289523343171	14.018199309300524	14.561399532499113	15.326745463405564	14.731906597427862	14.873784847456145	14.65751943024655	14.407016093997402	14.301754816612743	14.78932578410125	14.868421321755383	14.75660166663395	14.392772889347771	11.316326792057149	11.97646030291508	11.815263199662889	9.97527478760954	10.069087201946694	8.743858259325568	11.677979444276737	12.627871264215086	12.446015795150227	12.79268660195147	11.367676837060959	11.545905643548616
AN005453|PC(46:8)	12.784557147303788	13.001179456315146	11.181264089355905	14.0777445337885	14.128144191027742	14.438381878729343	14.64411371039659	14.639028053162429	14.386169668431108	13.0142349750276	5.643856189774724	12.62603523872022	14.334390618242432	14.474044317111439	14.128882838996228	13.631734104964499	14.190124059936668	14.213160431390646	13.663181148671953	14.186851652109675	14.364714681316851	13.425752223845718	14.005228911618616	13.841715685185287	13.607890867571191	13.948183780078804	14.052523899856615	13.928054735979192	13.974770379635208	13.503341280746787	9.59370857415041	11.809655602146243	11.167142125595051	9.557157323737654	5.643856189774724	5.643856189774724	9.377796167389144	11.433976574415976	10.43398178880988	11.49971137540489	10.766528908598865	9.715653175865553
AN005453|PC(46:9)	12.789531607264061	12.116701341416295	10.94069532853298	13.45867831059763	14.027666736713124	13.744701416230738	15.02925486950967	15.165217927144063	14.898833756706846	12.597780223954434	5.643856189774724	12.406122608912911	13.901083724112205	14.281655512174973	13.460917863599484	14.265235571301902	14.525074179851543	14.688386375089706	13.031606444162396	13.217598796461647	13.65667735750658	12.466864144467435	13.23781643453407	12.482807956726667	13.30604602026204	12.75190175959644	12.531912625424237	13.19063646393193	13.155382737725299	12.975638425332596	5.643856189774724	5.643856189774724	10.700032168593093	5.643856189774724	5.643856189774724	5.643856189774724	5.643856189774724	10.687646874116325	10.655253427157545	10.988947358313686	9.13542713148483	5.643856189774724
AN005453|PC(48:12)	11.782965457242394	11.522709024163326	9.144428820786041	12.382907674680265	12.943556930319009	12.278908213407119	14.088602756357156	13.751139185736806	13.945800442317728	13.446749900348943	7.12629147776676	11.890515092606	12.979041068623642	14.233469138536814	14.096448330047817	12.978780161469352	13.836940912755342	13.608032994027973	16.618521436823134	17.295264562945444	17.689515732564086	17.351369505963085	17.566647802428122	17.632951049136153	17.51647259162117	16.9968655776852	17.120485454745392	17.54316484581027	17.34680119433819	17.02853861315029	16.141490907732734	16.328742587129117	16.433530022028204	16.044289730242916	15.577548319874507	15.35858527272814	16.242541847563004	16.374679867047814	16.624721788819453	16.298383027573344	15.94286679733482	15.940151835532442
AN005453|PC(48:2)	5.643856189774724	5.643856189774724	5.643856189774724	5.643856189774724	7.827374463819392	8.490409679460006	5.643856189774724	5.643856189774724	5.643856189774724	7.453846773749929	5.643856189774724	5.643856189774724	8.318452426602777	9.248259674718796	8.170375773213168	7.7078422504763955	8.232133079002558	5.643856189774724	10.940254860274335	11.58845230354392	11.91888559291297	12.018822615429059	12.184621237642016	12.16695703699627	11.581261791577932	11.405763730539581	11.673021921518604	11.064048864993422	11.090787284245758	10.803243183987837	11.470501277199864	11.719209114638321	11.771390425251383	11.561617311793238	11.29065247954945	11.218641937507844	11.850933000972844	12.305280873032807	12.256214586696201	11.769556879093688	10.78194978626201	11.00994055832416
AN005453|PC(48:4)	8.855429149225015	9.246170532283656	5.643856189774724	10.273609132231856	10.611661140054222	10.680324356844016	9.806307944283597	10.464055579585695	10.200714732441272	10.518977651804024	5.643856189774724	9.534905906056153	11.260596155013785	11.744993567618245	10.947103590071412	10.133655992691248	10.582640674565278	10.76526952069059	12.63207504940794	12.935015835684416	13.495542775508143	13.679000587632576	13.544640900639065	13.747166031906387	13.287578202671325	12.95207870734496	13.127518823683314	13.1777823463648	12.922181120150462	12.655635813356096	11.985358111984846	12.32263236389861	12.201679802238472	11.944236207955036	11.411616908869714	11.110861714787312	12.099988792722758	13.029982521239699	12.971344163741671	12.360243549384128	11.296623739052315	11.925198358082927
AN005453|PC(48:5)	11.563201039872578	11.102894292464438	9.894211461537772	12.269512437428359	12.857528138574398	13.214070149417195	13.175652462954211	12.989266759262252	13.013729181152348	12.238186766034081	5.643856189774724	11.799803714640047	12.85972889267839	13.137452290772039	12.78040238093094	12.971045925151124	13.33795772988969	13.389439092580695	13.416750035034422	13.9442956981752	14.278263591814545	14.22469134312788	14.363264178068077	14.29599057250992	13.88412281015025	13.716607284692918	14.215366910384276	13.99808793744821	13.819456636147535	13.419268940292401	12.301799106275334	12.518584313776765	12.41567575767303	11.93210399835387	11.48892968080097	11.573334759070722	12.268021436760968	13.188389487824791	13.010875975132167	12.945151170783868	11.985827709171438	12.025039179332838
AN005453|PC(48:6)	12.37379500487223	12.130631692656113	10.805260206155843	13.93369895263758	14.15947009448342	14.380087626071631	14.015225119885473	14.237782084456567	13.88626815287296	12.950112960318732	5.643856189774724	12.188789721134421	14.253068177867393	14.526503518310426	13.968531804185437	13.878090199186632	14.023363657112213	14.138121378251418	13.570734482866593	14.085892326570487	14.42164540883974	14.132404135865839	14.334771186194438	14.442112178015096	13.978276977801036	13.617748676177236	14.052692005857931	14.301172495411324	14.011183568502092	13.405101565044806	12.428566930217904	12.422548387522749	12.419404580634575	11.88252460290471	11.383315489927405	11.12407606530746	12.140193899234022	13.23431599249229	13.060668914673519	13.090023075691215	12.145359028672859	12.276839758094667
AN005453|PC(48:7)	12.005392969633984	11.852392957981484	10.64427991921077	13.521768498999888	13.880149802011717	14.351755023535883	13.978680968631293	13.88779464665287	13.799539656270081	12.393811405545474	5.643856189774724	11.88205836431766	13.807319699580743	14.377915434675275	13.575607787401955	13.146977498076824	13.584611411603987	13.615274436483425	13.688461233215916	14.059897872270723	14.589001506641093	14.19422898013152	14.159365232820173	14.170977365375304	13.9825542485119	13.550153956385314	14.124772381408965	14.39927058015232	13.945006645249931	13.535581576562242	11.487809893639673	12.195119944425263	12.103117298013196	10.824720127350336	10.779456724634166	10.213079911180321	11.429710104513084	12.275638577369529	12.542045190107494	12.70476391732185	11.626215523540473	11.877575557631022
AN005453|PC(48:8)	11.509097035653777	10.873421041514687	9.955940451289479	12.931175179318863	13.726230934025116	13.865817348297648	13.654087753942191	13.441530683615513	13.442988838460924	12.016738657867245	5.643856189774724	11.353466653623842	13.568983320951862	14.1999790076159	13.227907701690217	12.874326301457327	13.121323055001948	13.353616893222421	12.659621349429603	13.26564727529882	13.905846706193852	12.985913074058205	13.192228076702369	13.31312253391847	13.024476559428903	12.918335916359013	13.093041160061551	13.566087345389796	13.113118664684373	12.780939549387874	8.846900693173989	9.887296785318242	9.4236622024954	5.643856189774724	5.643856189774724	5.643856189774724	9.11660388287422	10.064405961891042	10.149912207202586	9.5531300715434	5.643856189774724	9.271766475528826
AN005453|PC(48:9)	11.576980276542999	11.635699984515727	9.936682102460507	12.826167107800421	13.234718654009045	13.928765403604846	14.1466569720846	14.007293629142884	13.890903580664899	11.77169166373218	5.643856189774724	10.735936743624281	13.353855314779596	13.62948526375966	13.077885532987322	13.043521202432956	13.358228109468802	13.444970860593008	11.893384965069638	11.63907837661389	12.56263357817863	11.321167098003277	11.486126066907433	11.40242587625305	11.053260704154797	11.553614895690416	11.912230694393633	12.052231790317833	11.783206983391086	11.148152416038931	5.643856189774724	9.906920651442123	5.643856189774724	5.643856189774724	5.643856189774724	5.643856189774724	5.643856189774724	5.643856189774724	5.643856189774724	9.871843648509318	5.643856189774724	5.643856189774724
AN005453|PC(50:4)	5.643856189774724	5.643856189774724	5.643856189774724	5.643856189774724	8.671434917249007	7.495855026887171	7.353411515901703	7.7206204900899325	6.792855352362489	7.269033146455237	5.643856189774724	5.643856189774724	8.819221103550154	8.652343078740216	8.412188747160545	7.588339860923476	8.150559676575382	8.221393782341856	11.733790710201793	12.133402336540408	12.537672205289818	12.984907937869103	12.977043748731369	13.118157562224788	12.339721980283459	12.372666485478113	12.466966078481871	12.225650301651354	12.080537753521702	11.766313564909996	11.077363182901541	11.201162114900248	11.15974522155991	11.341991304937341	10.70118514916719	10.47511529015084	11.638499268090525	12.289713451843072	12.277095570550955	11.467411955132643	10.651634752307334	10.742132562452536
AN005453|PC(50:5)	10.110744289382945	9.84616419652869	8.351513494034887	10.70050040716078	10.743420716937921	11.282439805006387	11.40927424284894	11.341807889243938	11.146835934582668	10.472731449369055	5.643856189774724	9.986425157333372	4.3750394313469245	11.17418917094054	10.686290410663554	10.592774694207332	11.270955193921237	11.550645793195613	13.044947319619501	13.3925267271882	13.912868758223441	14.268197659775357	14.417692997569631	14.205396178766144	13.912530114323083	13.722945178197788	13.754052367528924	13.803993845670425	13.76333064967734	13.092550696570962	12.249916372948897	12.483725102240445	12.449669696475699	12.310666739716966	11.88745292093926	11.816043645999477	12.483276680850746	13.267421678512425	13.165477042998146	12.827795212332761	12.183104972606648	12.408045738626132
AN005453|PC(50:6)	11.329168455514557	11.199905414493463	10.49894890557747	12.91260308851221	13.159433038976983	13.337273450177928	13.604823072133621	13.42573386898034	13.42209368287545	11.868618094198794	5.643856189774724	11.185426783291039	12.965872647027272	13.041713901833266	12.70859895452498	13.199956010168401	13.507668299764607	13.718088654539052	13.136404818026007	13.781362787445477	14.072574793118505	14.320022733384231	14.144432007453197	14.521059941239256	13.855075775239849	13.621766868200998	13.891368868758743	14.046195509190385	13.73019944725671	13.399014839690661	12.009534731026983	12.358008272736472	12.246336824864649	11.773938650431274	11.179952618950002	11.11612949062845	12.296600797891562	13.232185555606469	13.077291407568634	12.723317506282472	11.764515018590256	12.174111128618852
AN005453|PC(50:7)	11.821243833635037	11.45746296464855	10.42483813005075	13.029627152137792	13.082187304206638	13.606885182914006	13.397324343854086	13.546123964962696	13.546187887079572	12.15849924145316	5.643856189774724	11.704539153358683	13.16163421879231	13.344864550610692	12.737855732848768	12.93913840511203	13.564516310976943	13.76016999707099	13.27530684038471	13.770587503206206	14.206061210306169	14.121067220973258	14.212148284663526	14.389234718368494	13.779372590688512	13.666924094887497	14.074265250847278	14.031923430262356	13.969340649386655	13.335119544799078	12.361376340971935	12.599420085125448	12.397187948759623	12.133244983097388	11.362535639638898	11.545345817809938	12.225508720236002	13.152154892480818	13.216603400181146	13.219070179046694	12.253634786993423	12.453141999973635
AN005453|PC(O-13:1_20:1)	14.650178340685061	14.662836353824959	13.825319567990201	16.040954699142986	16.625577008498972	16.63961811246318	16.085906638077848	16.023454193695596	15.768338905735853	16.2446516689646	11.994526691300903	15.753002282806346	17.156039018731363	17.48798319109571	17.057273833845112	16.404186432221238	16.571875864493077	16.82400865186398	17.031799508186953	17.577030597980986	17.836502421238695	17.946110857741143	17.824938609066002	17.978121708422332	17.914491298083256	17.724279753233613	17.69188423013606	17.726062658298368	17.445055353180365	17.241637158486306	18.485936316876877	18.82097111627313	18.485788987000234	18.983910337374528	18.603841681399018	18.682400811476306	18.725660087610382	19.435293038179022	19.32386853676134	19.056116771331414	18.597105711803497	18.46281265252962
AN005453|PC(O-13:1_20:5)	11.89077726228472	11.629770971079145	10.948936604100476	12.349836855238204	12.544669876625372	12.466953337123929	13.28283939138842	13.2814504974122	12.851048211696362	12.97283443260208	3.576522137920503	12.465267938082578	13.390890392067892	13.760354030276472	13.099127509701276	13.714737066602442	14.013974251708813	14.196064165921053	12.681361413419541	13.245524481920933	13.443780161419449	14.030782643773577	14.006726674114281	13.890822852148581	13.359691917245627	13.429597658427815	13.444163363172702	13.442489991330266	13.328773085587436	13.02446617053692	14.691393487966312	14.772734680151407	14.499322092712415	15.396798750690811	15.04593666047073	14.915600725846641	14.082925744813409	14.998200793062988	14.848429290219268	15.260188888781181	14.825485538198578	14.932119227480042
AN005453|PC(O-13:1_22:6)	15.498037961039673	14.858857150718027	13.839316002097044	15.38110758958422	15.74952536392733	15.550103139725648	16.440511206394394	16.268605961091477	15.769349477704047	16.599069590599274	11.803985776116408	16.140306155723998	16.390996998290365	16.386271065916315	16.3342392360173	16.548752083410925	16.648216283111143	16.93178945787804	15.093259915756079	15.14821320273856	15.39401345722196	15.80916570791291	15.732720734310517	15.806600721564884	15.339011735585183	15.170000139852313	15.468915136070757	15.930543545548787	15.086965917629923	15.433154745959483	15.636997253531215	15.802168725418177	15.727485496407882	16.159054150941184	16.11702696762703	15.81842714533822	15.573273803972004	16.177352377289967	16.093867098534425	16.480873173866314	15.969274762114127	16.06892624234867
AN005453|PC(O-15:1_16:0)	13.832966141211948	14.654884361914181	13.324236812878802	16.275172232353746	16.32289408826899	16.977710462751556	16.32485735448172	16.910374425137487	14.904649673181089	16.058417760707005	13.056984800686601	16.28236487023703	17.446267458892926	17.76786444728071	16.902943384072202	17.13525055638321	17.176854317218616	17.175002023353418	16.609931436684004	17.20701460624489	17.245824708546596	17.392269620637475	17.382922362081345	17.36862590246393	17.14589474095184	17.503082759349233	17.421633904373756	17.075347734909816	17.224987177877857	16.792103956357135	17.16235543009843	17.866661958087583	17.573124290330444	17.157022091070285	16.321139257636304	16.619526782780714	17.3552432860461	18.1876702569191	18.235889232918563	17.4517096088681	17.010729583096385	17.445515164839264
AN005453|PC(O-15:1_20:1)	12.88503091786876	12.6510113166856	11.826639844491751	14.600916430311743	14.624660111194592	14.763835318011479	14.42818610701485	14.352620057412793	14.169171052667176	14.825687757526886	10.062396984401886	13.749621207202573	15.921549951837042	16.164974669231167	15.013164313772979	14.737929123652759	14.982625993468265	15.337804108778712	15.337258813359945	16.222537013172275	16.442503274560533	16.41286221960229	17.32743817474025	16.534343466802017	16.64090395878302	16.285062602234515	16.34016218428722	16.446750546403777	16.01345615318489	15.451389183511303	16.71068484106085	17.269315096233175	17.358659270018613	17.25663633541128	16.892291048760665	16.777238103449697	17.19204772045685	17.97218650068869	17.676034743257397	17.685350051653167	16.8726200568174	17.229709580118442
AN005453|PC(O-15:1_22:1)	14.291826124630434	13.959320075827565	12.726631150447467	15.55566459645716	15.72095174936393	15.546070593855962	15.526059639230382	15.476106973752458	15.25429456550574	15.08004968432875	9.987462990769618	14.704467286338293	15.793135373494641	16.057139480831097	15.807169742841381	15.446361892160834	15.750520671439943	15.653618198152287	16.631425622879732	16.925549688058478	17.199474800322815	17.065041821878577	17.325896295794024	17.482455919755346	17.018431776599154	17.007078199333858	17.138301402639428	17.244079475455056	16.991131070631067	16.656455170505122	16.411411680144823	16.101537479323365	16.564944349364723	15.964565820060308	16.08536519085044	15.367170709280112	16.573886936339925	17.14253080668151	17.099185465198964	16.861853861003063	16.236103722046533	16.406088220269595
AN005453|PC(O-15:2_22:2)	16.184932665348207	16.57005120719653	15.314018828843391	17.67229908958126	17.68200082552005	17.625770547204276	17.566098199808334	17.95637065501303	17.657759174723466	17.28344028180576	13.044453888866588	16.61520832965388	17.681781818642577	18.117226844195834	17.4539535690221	17.498052690940895	18.23393160973599	17.88674618910962	20.00604961804414	20.273248091240568	20.603159871731062	20.368561707376106	20.4523504171029	20.612371461437935	20.35780326197454	20.114515699271642	20.505053795098092	20.53821674938469	20.285455028387805	19.95415036476748	19.88013419369826	20.329080509972655	20.212225032657074	19.5522856656066	19.32875481288164	19.341860063481548	19.996245401485314	20.49626558337949	20.501185969342984	20.500491629263788	19.708169365504634	19.933288361651876
AN005453|PC(O-15:2_22:4)	17.85817300323309	17.789538102442854	16.678833243368807	18.631095505255256	19.086261165535063	19.10125715459323	19.43256230966152	19.448952315715804	19.347289816134694	18.545516488140148	14.154322888597902	17.916462823800135	19.206151998449577	19.45263394422739	19.03351804415925	19.534132210498502	19.731056557319356	19.72601839033723	18.96378033701318	19.338736774232146	19.589690386221317	19.497460219870238	19.50711301000277	19.539566022753014	19.17887233922266	19.079536112048242	19.292866207786425	19.377138601468143	19.213315049877647	18.92976785706421	18.368894033131866	18.66075784577436	18.436932554987386	18.325832981051274	18.247956061557034	17.934916178441625	18.04347511832751	18.6772441559738	18.71066802711295	18.81108100151731	18.24401530092289	18.491349450564574
AN005453|PC(O-15:2_22:5)	17.266601452976257	16.920756533009342	16.13526999874148	17.73186504345344	17.764818149399282	17.895569069974787	18.349633962370522	18.360214480753594	18.217663494278888	17.81928373302549	13.697256470852153	17.62725457465802	18.30018938447952	18.596930157440166	18.222355500611293	18.420315789278046	18.710036050497383	18.639202022077676	17.792025960081677	18.34660172608441	18.209123859072168	18.20176952666973	18.3599478623642	18.310541692387922	17.8919569111394	17.966932686107423	17.861033518989004	17.93312900969535	18.13732169848797	17.75121013832555	17.828541825643786	17.78255926185388	17.75269541767839	17.93051952184083	17.61097867460587	17.814469312843496	17.5077817124884	17.937092332476208	17.520906988198153	17.918443655489863	17.77834745548138	17.77802237787046
AN005453|PC(O-15:2_22:6)	14.924681233906863	15.011873667230272	14.068282014354432	14.907720188467309	15.190573580768802	15.282509668217669	15.828810606068911	15.619560024344423	15.333998772771126	15.636412777123038	10.552419341735432	15.20847366976835	15.458081021647981	15.714866633761615	14.880804122798121	15.694835586583045	16.11817257134025	15.7260073605662	14.606423142167142	14.6680101738385	14.941122362571216	15.28822660867563	14.427174670918218	14.851389396265937	14.428785432852068	14.647075553287477	15.374345007998032	15.120730762551188	14.624678957415279	14.925571129051276	13.586969934196004	13.786507538342615	13.484844287871574	6.335569005556748	14.079386445208014	13.542907319584085	14.184367087611705	14.27119235129017	14.173106346957017	14.941546060885024	13.685933580217151	13.82265646602143
AN005453|PC(O-17:2_22:3)	13.578847928727063	13.346810108960208	12.587055519464363	14.668154257640854	15.639776504062048	15.220789808955347	14.972649579265658	14.642622609118856	13.453464849674157	14.181391443578992	9.694862785659417	14.070348234918121	15.14133283732471	15.598526824520746	15.24719545068203	15.293628267587028	14.852388568614211	15.416300097282889	16.37619221685814	16.944547017281963	17.16913091714209	17.18714800047355	17.275003681752825	17.45923468193418	16.960739680651272	16.595326402996236	16.953949734988324	17.1423073290513	16.772829895814855	16.322738502638142	15.825142147582065	15.987936787133945	15.948064432806643	15.43150445991606	14.856455681726189	14.811576391779985	15.643424725632173	16.464771313333646	16.374639287356565	16.315731045649603	15.59721630917974	15.84736766445742
AN005453|PC(O-17:2_22:4)	15.519974344874809	15.12772072769539	13.844514529923936	16.56475445649004	16.86529528825137	17.192674245905128	17.11470537722408	16.956734948534383	16.805556722720247	16.35066851275395	11.010954627404802	16.02108602828349	17.37552473498085	17.62451297371242	17.01539751952792	16.72261264213253	17.26204996237643	17.362030102637448	16.275294653417898	16.75511525342213	16.948014454629828	17.147956331679783	17.155728898442266	17.000598430527667	16.656333239400787	16.730539924489033	17.051303270506132	16.925676706805852	17.102317659242452	16.568868311753935	15.542129249236654	15.838318320244372	15.682713465506756	15.172927099061337	14.75097804173496	14.493685982649607	15.306102286022108	15.96266514481862	16.05388516519811	16.20304358546095	15.161133064229762	15.618954105259013
AN005453|PC(O-17:3_22:4)	15.56983721859768	15.579148261684796	14.239190513438045	16.751989994439384	17.058217866259874	17.359082492485037	17.245820995549995	17.26750617174379	17.205502234046854	16.291843567394245	11.409470494332306	15.724704888850505	17.396585800867935	17.616915286000307	16.931510860368352	17.02208763508206	17.285203697360345	17.333544629733257	15.962263874647784	16.256706261724084	16.363681176054236	15.900589956762314	16.08973432446233	16.130480673090073	16.100904779761976	15.77973397281987	16.14457719250951	16.0759948725872	16.020898359760746	16.232183494061623	15.975624320405508	15.990418233578314	16.009897925585662	15.696729592297212	15.625457433831869	15.52063433258316	15.7959447716391	16.12080304092361	16.184091384935627	16.18677719287072	15.754754695888959	15.954896491086352
AN005453|PC(O-18:2_18:1)	14.163222747439088	14.224970132059195	12.434242484478638	15.435187762831491	15.880568352797788	16.15158444069334	15.730968392307116	15.705009982899968	15.58063691907704	14.880148845185099	9.343141289974325	13.929751245254481	16.24771078888799	16.425267544299892	15.769639779651841	15.47006430070716	16.125748031673623	15.851742698384145	15.954509184578093	16.722213844596396	16.742678905669674	17.305165424533776	17.568489755445437	17.30630507382955	16.937587500351363	17.153592108212727	17.19388356425019	17.107598687767577	17.19925661686936	16.632295199879856	17.6906614601846	17.78947060209885	17.505352809517074	18.672360525042908	18.041712832513394	18.006539100531132	17.448035542046096	18.274169735156935	18.25874944139991	18.77238774692566	18.25680382123258	18.40804304266037
AN005453|PC(O-21:4_23:4)	9.308020418768207	8.708394187756673	9.324068007514905	7.776169802951527	6.4833321112684805	8.169223520840417	11.629169895570104	11.997119485033355	10.193439116546108	10.107661718137667	6.973496479812955	8.821742098854932	8.090906345231911	8.193328223884793	9.00256188900918	12.578193404839979	12.789458247920402	14.533816389433365	7.700370356135219	8.582029046119882	9.75685650528923	8.595928779949825	11.45595389612554	9.987860865852364	9.221007026749193	5.643856189774724	5.643856189774724	8.909353096848598	7.84253891867594	7.24069594421251	8.207453652782325	9.513964407438904	6.839833648417312	9.523346319759744	8.559071118776984	10.01302949805724	11.24552893843155	9.079084720495448	8.806968434121849	8.664660606305109	8.447083226209653	8.896029602976752
AN005453|PC(O-32:0)	15.146763954557837	15.097095541043021	13.870874235420493	16.897068323698342	17.188731682598103	17.544722016843238	17.175405694980142	17.260692992473558	17.009249424705796	16.71097011026087	13.002514422827367	16.259199466115952	18.564496215650813	18.835235624850462	17.991445614971628	17.852867540492504	18.31925459935607	18.34721575252528	16.76763643714158	17.5427496385691	17.567451759779853	18.196926487060377	18.623227363418668	18.301368653160008	17.579415752947472	17.605203140947914	17.665849685861286	17.7409286140818	17.750659559357885	17.20314684985847	18.57837991543291	18.63247481067716	18.573891742741615	19.11307106177872	18.50914796396181	18.406844954734336	18.428160052612895	19.18191518125241	19.121247842684163	19.528215201087804	18.85450978891095	19.02858323447216
AN005453|PC(O-32:1)	13.910072097320828	13.004192370717636	12.453828772865316	15.229047850413334	15.68493212289075	15.936125359985041	15.79835256727157	15.51383274751725	15.409637552261746	15.454863780281885	10.623424289869911	14.527421413335885	16.73244596147359	16.99932467935556	16.420409798191464	16.29373602290771	16.61539629504797	16.57907443685622	16.1212904710685	16.734722981391148	17.071366513505318	17.65776266314413	17.726061061281673	17.645271351312125	16.923742400225652	16.793717602774603	17.087760540423744	17.151164829408806	17.135757775872825	16.73079728574697	18.524639998654425	18.84393625916123	18.834805717055698	19.790322864579526	19.704670044804775	19.33491867292533	17.486557263464366	18.968372697796696	18.918994950073703	19.788676057650516	19.174167660947063	19.331095930639005
AN005453|PC(O-32:2)	8.953498063196886	7.099610811960915	3.6217588567097327	9.167819535565394	9.208234358339789	8.745943176301525	10.352396605525069	11.199163140662852	10.277450144621755	9.541154709282173	1.1505596765753814	7.919459269111574	7.4645865903798265	10.008078410868256	10.433867067790176	11.642597791373145	11.929546918795097	12.301833394112602	11.972513167441512	12.848726601072224	12.66845290861752	13.330145199558789	13.719427326523617	13.279858649880637	12.515315462585589	11.500881704957296	12.756583424922015	12.127217325576026	12.899100085238501	11.695850308744875	13.97877479986868	13.563994634948518	13.68796283443626	14.862896895350104	14.60383204880526	14.51036116562543	13.204268513338606	14.249223843704417	13.586998072378696	14.914634125064152	14.286115153658429	14.475727732107105
AN005453|PC(O-34:0)	13.907416482316568	13.769512456896754	12.633376715909812	15.349556304463274	15.935712035309644	16.111941132153966	9.12122266984196	15.632388931174258	15.350785900864226	15.349580492023883	11.786629031245567	14.606099799125937	16.710696274433495	17.079295288489103	16.163049541953054	15.996176868953755	16.362208567838305	16.324604951064632	15.689377520636153	16.362176027844686	16.860952131816877	16.791387656081145	17.119002697319612	17.133177741379612	16.723158158423768	16.60896989823086	16.983491887549203	16.759549881909514	16.57264309302203	16.21152635895171	16.959076186443152	17.556242889705654	17.072727810851674	17.198868962679803	16.991192423511432	16.607495902054556	17.07590673856542	18.08137176346656	17.89421554782242	18.239273459268794	17.22980579107286	17.48105747938289
AN005453|PC(O-34:1)	17.930687044222584	17.687501375173383	16.329881284619248	18.991900616729616	19.50612775220221	19.86527756981214	19.463836309097687	19.57587196679114	19.345986896953264	19.03155445890102	14.221511601331745	18.364515622803186	19.921545709805113	20.175192699404903	19.591540279343302	19.693016334618548	20.044872646234072	20.14164262506368	19.652228853801955	20.321592653952134	20.536743455225267	20.698085465109614	20.89292261632441	20.81091974972864	20.51852438177243	20.31245899898612	20.445052007933967	20.639497664571294	20.44824364375127	20.022611109121925	20.546636345838003	20.863316192632816	20.936587541842574	21.063943637723636	20.721563819544926	20.68772438441289	20.62176625124622	21.277867235456497	21.010767746145753	21.480050225131865	20.968358261476073	21.0667691836768
AN005453|PC(O-34:2)	15.691470098628132	15.152579563164995	13.762576170706444	16.633787644088702	17.41722909416204	17.26210411550779	17.523186486123997	17.20527885020511	16.757614892035118	16.455724382014928	11.154349789921529	15.71782607135579	17.56886363699263	18.141488961895497	17.731506516157296	17.792492857732018	17.521266716561122	18.203968542318684	17.59404535218695	17.751623817250437	18.00633128391285	18.417894574752186	18.540271625736985	18.715551261993035	17.97191559673056	18.095910104534184	18.490049383174483	18.264077985925297	18.131032642271165	18.083485508219734	18.481945278050752	18.583648964444595	18.798210537047275	19.154418549205307	19.376843220967686	18.99733395339449	18.27142896812494	18.959418287971367	18.922192766050504	19.580957814463904	18.856993255574718	19.06874251765401
AN005453|PC(O-34:3)	12.486616338668444	12.81103746327161	10.660628827413625	14.233924449840321	14.148185789445996	14.227194744934131	13.868753118583376	13.902829182919252	13.63516487537477	13.734135899421258	9.320800548881637	11.907791998350051	14.277983294843493	14.421433054486446	13.96405201104085	13.678589136197214	14.372259730183739	14.426942824512091	13.828612542618123	14.714884069447512	15.035119974642921	15.5302636700386	16.20676160518735	15.70091974186687	15.167015860099639	14.851833937774014	15.676426262412905	15.490548194840983	15.270391332588206	14.963954057417764	15.68087209030793	15.792057680347094	15.616916936753682	16.628414211532952	16.370847780579155	16.270645918633402	15.369170635837186	16.431055345485436	15.844734937701439	16.676203514542895	16.568083927172594	16.431362769696218
AN005453|PC(O-36:1)	13.058490692556619	12.63373770326549	11.500821966444473	14.177696713129004	14.823042258681687	15.043105057119464	14.337509012820963	14.329799841263847	14.083994483574019	14.271745323797553	9.691464373416833	13.615848001622057	15.382539934455359	15.951205018437406	15.211638523073049	14.40184948789601	14.693601841456728	14.899139746983803	15.196154480461722	16.00631446222313	16.091670912518087	16.013609029043863	16.330620895052654	16.536708458260573	16.03610877569444	15.828523293628566	16.069258424778372	15.986631361759063	15.701171067557429	15.453695044976312	17.11896327004417	17.218810865981954	17.13565979280057	17.877857099848764	17.523864221436302	17.22717998195336	16.876548001584446	17.89676756893872	17.884425079367475	18.392634763675566	17.544685873535144	17.764035476694403
AN005453|PC(O-36:2)	14.95822508133592	14.618053355077876	13.597039931448302	16.058825074874605	16.174521193828916	16.358273790086	16.17743705765748	16.008073375962358	15.979906995737698	15.603751219394244	10.224677025485137	15.083912237095062	16.467015290920244	16.820641201099754	16.256262877046442	16.092976558875836	16.306386786232057	16.42351448759026	16.41009934689089	17.10078551467579	17.302068386731808	17.312247400726672	17.464311695429824	17.532700484660353	17.333036868309204	17.115564220025817	17.742199682231835	17.290051975531824	17.329572914073328	16.755901149576797	17.81107065032435	18.076175457416024	17.971351405591314	18.593040984558936	18.206109109754873	18.147392813319733	17.999296047759263	18.068514265572187	18.02435318650578	18.8614537443128	18.535093919452265	18.646277785333222
AN005453|PC(O-36:4)	14.168741838351666	13.907004240936965	12.919997348829577	13.87776054304876	15.181121190746401	15.345986615506938	14.580177878918867	14.784056608912852	14.907542291075364	14.751644475202793	10.343074649198865	13.900982815012451	15.720531250797206	15.92446064608395	15.22448899904397	15.030047202800219	15.164765147902482	15.363933164416379	14.705580013125212	15.82745510025024	15.523951489930912	16.185813711273564	16.240995873337635	16.576692185727605	15.496507414123618	15.713796484102234	16.26696309755462	16.119880359334626	16.110030765376486	14.896083070886695	15.66176696582286	15.922554439165085	17.178905714447154	16.57802412376146	17.25804922096602	17.061100493169196	16.16984105312151	16.677091546157243	15.043688652096677	17.91949412702353	17.444289240862382	17.611658258699766
AN005453|PC(O-37:8)	14.303368368372379	14.486352995446468	13.773932470864532	14.762165555920438	15.132063883142433	14.900568259191903	15.302492205207539	15.13224546837101	15.132763583739989	15.126777460655427	11.704690440648006	14.807706596488535	15.111875334653533	15.341096585529298	15.29111744642711	15.801641678192947	15.543156310183248	15.611831417883428	14.54901872467189	14.024585638278273	14.251682853194422	14.15545942793512	13.93580686190483	14.342812221218532	14.514261600182875	14.183046026248956	14.354920839333888	14.261328797702804	14.52135874352407	14.410401661941432	14.955590429637455	14.724540498394003	14.641253046738534	14.90043665171823	14.919095625848332	15.122582133448688	14.705770063140623	14.016669895122675	14.388529943139027	11.397220042883152	14.921650362320802	14.801748264845017
AN005453|PC(O-38:1)	8.09169983413681	8.970623614470604	6.8533719408673885	10.396658292616774	10.62801713372549	11.130319581534815	10.144951340141384	10.063165849847257	9.701063826173993	10.053396479550251	5.643856189774724	10.136798910773345	11.57755628564521	11.89057968955865	11.007952314021333	10.100675478244463	10.67117835713166	10.76081141226331	11.263668263412786	12.384813423769952	12.611658834971117	12.837560921189707	13.358430054944403	13.47366770336245	12.538278673236544	12.662503715545979	12.830309206157851	12.514317085821675	12.219005118733683	11.400057548975866	13.613711205120616	14.039428882272995	13.84847819424072	14.179223335991471	13.926992709020114	13.648527234768732	13.359779753395747	14.546180650755675	14.687973219500526	14.895573862404552	13.90502873138379	14.292620725170433
AN005453|PC(O-38:2)	4.876271360550127	11.234967080517478	10.257187454465246	13.336789659539196	13.694956346566313	14.002382564127707	12.867593426066271	13.042242476540855	12.703920871842646	13.018447099214573	7.379291716118301	12.508520264086046	14.400696686893133	14.782919910704209	13.988798280334752	12.956577626761801	13.630136275299897	13.710802129710112	14.897554316782804	15.640812614510434	16.011831746598734	16.313605645839026	16.489005912728977	16.50641141520281	15.981713541790253	15.83318881448099	15.854899786073885	15.898810379781212	15.511750800990024	14.978450832854362	16.598410511703605	16.921131615835307	16.7892747058604	17.640395491582325	17.005811474328734	16.92511662769332	16.498523423019503	17.545360525062865	17.35034633689262	18.078538934409302	16.994896002970854	17.257011539284363
AN005453|PC(O-38:3)	12.720517891146612	12.896279418334197	11.714507411743405	14.60240368539514	14.833269126593851	15.078542791174335	14.184640606997178	14.045575388658753	13.252315063346652	13.85991326947265	8.83421820065774	12.832712039161015	15.072020779241335	15.483548143593564	14.828438501974187	13.867342454759259	14.471664419538413	14.119210255541974	16.362627411910726	17.16512035403775	17.81459748555714	18.074691318524643	18.02123088517943	18.255972834173754	17.306352606443745	17.104544188751245	17.547576212675583	17.459336275809985	17.32836936699534	16.92637511008938	17.452080411773945	17.842630189580863	17.648652846411668	18.07728587821607	17.9042394632799	17.70704900991737	17.261504921848307	18.00544467255527	18.19566806028346	18.879267188730857	18.07473328084732	18.18124482022638
AN005453|PC(O-38:4)	13.728538103741025	13.193682434458884	11.885105296323184	14.707180078373831	15.296725177624715	15.270944612145485	15.732240576335155	15.546776018538807	15.42257992241499	14.671673742558358	9.021951590962514	13.963772125899759	15.679511163298228	15.83735789530423	15.309039301117187	15.60687911199878	15.976390040837586	16.236869641211758	15.558843390649612	17.339844610857494	16.337232327311828	16.419298242319993	18.23564526534575	16.59469709846602	15.961309279838922	15.89281481415418	15.930602679125645	16.15305855416589	15.988964439181794	15.371458808110765	17.011521343190438	17.684076994092155	16.748323902416082	17.66301084700011	9.054034452801542	17.241237634160374	16.29245842492693	17.00097796081212	16.881600219364422	18.639670534801624	17.491129688962097	17.192488647801298
AN005453|PC(O-38:5)	14.685490155624024	14.273366543407377	13.040418160379541	15.257709731685063	16.001743538028133	16.02905294257317	16.362288887101922	16.462619052296112	15.953074222371182	15.410968683805953	9.51127826508303	14.742721530687641	15.82907134401798	16.10292606466211	15.321596265046942	16.101461356629564	16.548937924934133	16.38441058523614	15.994646233574224	16.49125795581397	16.77158889380238	17.13005115621155	17.3438605194003	17.158951427934525	16.910730437104352	16.640759668891864	16.500084209734776	16.409432373244847	16.69342284174	16.564855954066974	16.521483430693568	16.497872414664126	16.591232177207175	17.73546651375371	17.214408394661152	17.257324763922504	16.143009257496253	17.060733606913196	16.96170719863078	17.938891826125	17.13270555603906	17.4068057264066
AN005453|PC(O-39:3)	10.377102052999058	9.533251851928968	8.992541859109112	11.894670000734378	12.68284539217411	12.448013030772469	11.813139850890455	11.317847844025943	11.290306896257901	11.277008366854865	1.0	9.323662794037597	12.626740275157195	12.714674827308002	11.912309298140485	11.495145494072887	11.797317021020856	12.189460133544348	13.010208131975702	13.583087469891101	13.897518392936725	13.387480212141714	13.61346604173081	13.778427285649922	14.043838144303338	13.252316541876072	13.59912248992222	13.639625601485294	13.156285368158596	13.167678434715933	13.14223791529841	13.305557341759291	13.323420737249965	13.023534328993351	12.674587321781901	12.634851880585655	13.136981502622998	13.872647949711823	13.698787128931578	13.52200276795047	13.312171072808212	13.410806416432548
AN005453|PC(O-39:4)	12.182440911228177	12.012949213458478	10.509379148914688	12.994848394360526	13.325624488181422	13.614652337586415	13.032569246179039	12.929463700631977	12.912807022442722	12.74034365716212	7.35860724911781	12.178580826199633	13.827357591626766	14.05799595204191	13.376087394549808	12.66935236655657	13.228408365747812	12.850155576309444	14.126730281110396	14.690659346127036	15.321023309064259	14.873818003541658	15.017165087774488	15.193246204037155	14.962981834465543	14.586789954088117	14.800516228694926	15.070163721428147	14.485909162781187	14.43595473547501	14.178878780968509	14.645572876795217	14.408640884537435	13.81330923252496	13.542521661946758	13.433930947665361	14.35948877566379	14.827951969316594	14.814111270131999	14.533681966811963	14.06610264837113	14.014574978126719
AN005453|PC(O-39:8)	14.877304746044324	14.997580859933535	14.206166548829428	16.009752308886473	16.238094938658737	16.527790820410463	16.61904311736147	16.39489220356764	16.440589715687416	15.933572868771783	11.205316751524045	15.472160899225784	15.244451547836826	16.63055040247022	16.250759180559356	16.421688796286038	16.740235862193916	16.751934570516433	16.40933640309092	16.428493488893153	16.58225152656669	16.450225524030497	16.43956648900548	16.313279514316918	16.34883602041825	16.318441128317136	16.28814656541506	16.60146714875896	16.290866987533807	16.46786278738708	15.927243240061914	16.056914120517607	16.121593817235897	15.676734498654577	15.78313586018751	15.749758938027504	15.825969674517012	15.8257394257326	15.838874478209968	15.943598822256776	15.9319648520749	15.900209730352197
AN005453|PC(O-40:2)	8.981053471115526	8.568906154502084	7.70362677086498	10.850522854236685	11.085611875343329	11.190232112065278	10.28191843899693	10.298051108618377	10.167606311174382	10.53494480215065	5.643856189774724	9.815591438795057	11.812401956883232	12.242733489528515	11.411839317361231	10.332618433653549	10.878280867043115	10.929539521819418	12.22830463881667	12.98356725978076	13.258355502824438	13.541097825663648	13.814368168523476	13.83560042923267	13.400532592900086	12.900198878748176	13.289347468805332	12.958752069062042	12.754983511659544	11.860392538890125	13.70237941931677	13.96387054331639	13.816849663921337	14.22894942880997	13.525996653586454	13.69953232967121	13.34702473565766	14.519514016605212	14.45029561174987	14.588044071560567	13.894622637732306	7.206916672538598
AN005453|PC(O-40:3)	11.389830280878774	11.342752508715405	9.243792828797192	12.783143535522138	13.212310944710277	13.200716264809751	12.488410067039926	12.173464775950153	12.034616723143012	12.484392437776012	5.643856189774724	11.790548065265996	13.273055416355527	13.749553122470786	12.766383969267888	12.144470246910034	12.506101750521816	13.005605252316954	14.957411792234085	15.587156925573392	15.953263192541979	16.069444522627645	16.175437469211587	16.29846894884018	16.02009751105969	15.621766582077075	16.020644263241998	15.900531938615472	15.509804379891397	15.227761829927557	15.426730920986559	15.85034508776671	15.814730652955413	15.943492831010483	15.56417539680162	15.10679151262278	15.330845469663515	16.21983025948905	16.31315673087806	16.793781603177088	15.83111917442448	16.018844995542967
AN005453|PC(O-40:4)	13.595650275603825	13.330989683092502	12.099673267785857	14.456540515899135	14.783999335022296	15.298397706152187	14.663760996735348	14.71435285705391	14.542030675805174	13.845587076763888	8.768845959753389	13.40359660150775	14.789544852303559	15.154251281159457	14.511201038620388	14.0600076844138	14.603903893369017	14.634964158265984	16.494407797144994	17.436976542099675	17.601205529290514	18.237714175307	18.06832069924278	18.19329068016705	17.460561803542404	17.300974256092125	17.431197637324917	17.554284411144238	17.738239607282022	16.90383125451874	16.99189679796896	16.83915050799938	16.817000992071513	17.132636281159833	16.69858164291033	16.647834173044302	16.41141366636916	17.589061947195834	17.59820439689986	17.886659333919344	17.0598604919998	17.4400735685759
AN005453|PC(O-40:5)	14.238439820990283	14.090943549775133	13.268218863583487	15.761332287274694	16.23761554966087	16.430578651291643	16.295690025910908	16.445419706153686	15.613420860362744	15.130812251892745	9.869516732947018	14.060059208769115	15.689242094230513	16.291161883944643	13.461047085587046	16.08852449883377	15.380262180252718	16.302788839770173	16.736138563638928	17.30318033257223	17.73552568098689	17.995262072846792	18.017003614031545	17.93671890430943	17.431582073486357	17.358694807971418	17.64445153084624	17.660655008003292	17.539660921938438	17.10233303911981	16.187944117081425	16.766625052282347	16.313573407983668	15.889276741964158	15.767057037483733	15.390783610064862	15.732782994749096	16.76541366549594	16.930954543080883	17.548080672540728	16.558067590056826	16.842140622703393
AN005453|PC(O-41:11)	12.196648228099338	12.496986059968894	10.455943624945807	13.25453115569447	13.077860504549708	13.510819788227513	13.421816321528661	13.674260693001392	13.481347888260924	12.44599252514558	8.362469888750208	12.222595688544004	13.043493861866658	13.362106835102924	12.837446599448334	12.77996142529853	13.289958349266707	13.271805860684868	13.33418667630502	13.098347966998038	13.50456080850351	14.074476836982253	13.750290361487146	13.541235794818494	13.758642759737736	12.865621159968011	13.651995683597274	13.862280901217686	13.473430525738777	13.931245369435276	13.932578333227092	12.963071272019004	13.70697403124868	13.04746988562347	13.666028670867183	12.110652951904688	13.327757525909986	13.780979521487096	13.864634982083256	13.516910198953532	13.604499949376628	13.076137504631681
AN005453|PC(O-41:9)	12.478840387643945	11.798285478088136	10.986602921521499	13.221775903804021	13.439849060370285	13.766700746367619	13.7251244392147	13.250252518627073	13.498566272972386	13.106209584103755	5.643856189774724	12.658135596425264	13.618059666013297	13.842131290160014	13.735835228190874	13.409184064296923	13.333132982772248	13.85405508011154	11.85515268769116	12.139621694856991	12.176995886574584	10.102330065689639	11.384271108429907	10.461622686491225	11.650481857668348	10.225327957810778	11.653064496849202	11.79627895626188	11.67586002695771	11.986208255357914	11.181245451209508	11.293000253134432	10.509577090197963	9.146466849824284	9.972218761129962	9.531478936617892	9.089847680689164	11.18178585971996	10.156032498888866	8.740084303078431	11.536368649553852	10.31019240769253
AN005453|PC(P-13:1_20:4)	11.89030608264682	11.629338404118133	10.938035792487941	12.325215494683038	12.549019326515154	12.46636966229979	8.004894596640444	13.281346167761626	12.847468479087635	12.945846154653827	3.568032104771279	12.469440863702705	13.38984237779509	13.664261713408607	13.099022279584073	13.717027321309152	14.062859027245432	14.194853020628408	12.742797831587216	13.24925718160468	13.441996157158826	14.03141518516563	14.03330512385655	13.89104888061164	13.360008925669968	13.429887908342545	13.442773772278803	13.4454572114202	13.366890436740597	13.026566667394782	14.692407908659082	14.769681357265787	14.498872262548474	15.400883104372346	15.046166087210839	14.9170093087085	14.147828177044754	15.00059777038802	14.851000859249904	15.262046382691038	14.82785275801433	14.932654913535242
AN005453|PC(P-15:2_20:4)	15.427114093179055	14.76678872766384	13.891072621042142	15.387930142317913	15.644010594965376	15.61877119036816	16.518086034091425	15.94611948419918	16.16501315344005	16.550526757611962	11.742347334755408	16.118421415943782	16.428430676419957	16.423494791126807	16.205434745224824	16.62492393588336	16.647711089576998	17.02762170909986	14.893539021241011	14.766055731388338	15.178343896571791	15.492156756685482	15.492899672404567	15.875876752504778	15.548368888400345	14.847124407921854	15.256764116506355	15.98170752223991	15.294925465935288	15.191596345654236	15.188858862166692	15.46010836358868	15.249863056305967	16.12149972401452	15.670041811222058	15.305820222925293	15.459787317458288	15.678368785412719	15.697655032546349	15.922481966614285	15.430181040706445	15.726922195584041
AN005453|PC(P-21:6_16:0)	14.542858362493666	14.492910309531306	13.344717557151267	14.96456017976014	15.169804458734948	15.059871262685665	15.20558632814685	14.93720184157603	14.826394557182756	15.14110847534391	11.22063225837138	15.016881830533922	15.804367517449158	16.584823954017697	15.387259065630479	15.449523975891063	16.160554138052763	15.748165326983314	15.80989872889595	16.155400724712617	15.909181965070434	16.11265717342829	16.2227543453637	16.10057960010869	15.697930269054659	15.969996659503419	16.01760857169191	15.908277677236489	16.123072399315244	15.998394963409712	16.467581192936482	16.437492497785843	16.264543578014774	16.5362745391991	16.558957558062414	16.437613107418635	16.181180409958245	16.44841559872951	14.420595166148564	16.25060912502666	16.728575037373478	16.440912467273126
AN005453|PC(P-23:7_16:0)	14.6015584069519	14.41031486673334	13.470043640359945	15.067725088965897	15.421748287557104	15.396862955541845	15.381857222234364	15.442811022482408	15.339194114966686	15.164034432477004	10.759838262114513	14.80831566080078	15.27229990717539	15.42649802046989	15.248513192799368	15.543791283385977	15.605935786180057	15.607791486283501	15.758258615296574	15.721331001261158	15.88197905054649	15.637540740013634	15.771199797520625	15.819773945539584	15.780167050451212	15.54947394736952	15.620436064613198	15.933410580082334	15.788542980353235	15.994609554373667	15.370492618930996	15.42859342706097	15.484166144890134	15.415669156445205	15.280022917601995	15.316617414283188	15.338179249900112	15.345578157383882	14.960340024099677	15.485301972190797	15.407791880984526	15.313780461663237
AN005453|PE(16:0_22:4)	17.843589259017214	17.796813921529978	16.46155026934025	18.07635106087866	18.549212016296703	18.527590361235458	19.289327721632844	19.21896400534429	19.02016174184884	18.71358376169754	14.066550893376824	18.32712147276666	18.818592755757823	18.894743203115638	18.45558701720717	19.564408555820368	19.65482939596808	19.754504264747865	18.808025997536085	19.179679982772974	19.34443397173319	19.617790440644146	19.655022248187443	19.51062779252212	19.215792807820378	19.337053533767428	19.360885160986587	19.459375642514356	19.45848034984635	19.018439628101497	19.8852370136605	19.99519305184208	19.903799928253466	19.930519290841694	19.768449645184	19.627823664685515	19.648231681289726	20.13825653616272	20.11010614406867	20.396666935781504	19.728393266285824	19.956818834179174
AN005453|PE(18:0_20:2)	16.21631275736515	16.1636842650638	14.993369646706618	16.989986593820277	17.413395465445152	17.65529836558649	16.910257882398373	16.971948873300157	16.785255386846593	16.810918636070312	12.464568723002007	16.033906242363148	17.406028827324803	17.672856851101756	17.152766109365345	16.67982066508921	16.912156999491245	16.94393425726649	18.600279685813238	19.01982636428823	19.253857454436503	19.36850140998592	19.39722969605408	19.357034018689724	19.054848053144212	19.0505538015405	19.279706286635474	19.224433132759003	19.031110771536273	18.792968402825615	18.683286682852575	18.955501491995086	18.668857879478246	18.16384752007164	18.237144312603014	18.058685370828872	18.888870726269598	19.474676124981244	19.464829732229227	18.487210294955354	18.138542950072633	18.139784748274824
AN005453|PE(20:1_18:0)	13.628050180237256	13.428293428193149	12.206324542194528	14.639712640853043	14.693312163884038	9.045459353015548	14.739317565353204	14.748004636906106	14.621843547366705	14.394827743517101	10.315353382322224	13.860947283590244	15.034075886666754	15.411589767390987	14.519842618163883	14.09284796707548	14.728648104723986	14.799762743233211	15.642226038137553	16.362727909548777	16.52460292788525	16.697429565495046	16.744233640649	16.670701332634042	16.430141012206004	16.521267023327418	10.212751706854801	16.617594734356324	16.559852950822876	15.99685542928646	16.013599651961094	9.726184092931392	15.897223169032511	15.148973813164641	14.962854444134985	14.723008662130386	15.741954877373923	16.784366717769952	10.150927715882837	16.106302021320225	15.114914367705888	15.453280602669627
AN005453|PE(20:3_16:1)	15.034167043426711	14.59259660472142	14.481640524684567	15.107845583548476	15.493654713575538	15.598612017709499	16.269173077884194	16.081323231462648	15.638835790105682	16.047078955031584	12.158000547949685	15.229881910510901	16.058038878560108	16.30605777215272	15.880132339826057	16.788633335345633	17.02703514195057	17.19920810587099	15.436056924303156	15.91719233749641	16.152841948747465	16.693960590752035	16.671464357921785	16.590810845593985	16.114410950161652	15.939004298927687	16.178096226558708	16.453544104018388	16.418038870732627	16.040385409430446	16.972504192527186	17.13014268188433	17.100176308379726	17.21143072739874	17.22607703284261	16.79855052546928	16.678463972277644	17.11389494789248	16.995286422669285	17.714301737666506	17.400366728937826	17.303501352332386
AN005453|PE(23:4)	12.26749483311277	12.998447633946652	11.975246122611061	11.20327458151656	12.779598304832758	12.613582298109483	12.945315802485778	13.028648572273312	12.69781898645453	11.91376456508926	9.422148885880185	11.286089878306877	12.102169286271998	11.61370199785893	11.239061446023628	11.726903574710045	10.87376706779208	10.818518269308314	12.45351500708746	12.001784653489612	10.293759009667864	12.101023624489319	11.826357810147977	11.555063596725699	12.149197749421932	12.39758105258484	12.291959187805741	12.101214084049005	11.572477600424362	10.692057493597739	10.733167890062255	9.938359312874386	10.694288232188564	9.691132817666299	9.603107029664912	10.045991675040506	10.752355555986178	10.07538555177827	10.866699382882029	10.038191973087791	9.374670019361519	10.533407608478743
AN005453|PE(30:0)	11.238834617504292	9.900625332536066	9.552534619006039	11.767257525746638	12.386684330116664	12.467276932750904	12.562697965310566	12.111628006992987	12.169928132287529	11.841568278774377	8.690347249968758	11.358832487812833	8.54020554865792	13.550325937953083	12.889956398286008	13.29679721977036	13.324224153161612	13.827295063545243	13.108726994853354	13.784007005764506	13.964119717031233	14.343856790152016	14.335758100141748	14.440634970136253	13.760755286824862	13.741505960550894	13.762837740424333	14.544867863624177	13.808481587511888	13.618120479067162	14.09054499787119	14.316780731006853	14.426198568500446	14.264563552819741	13.695628501191067	13.908830729703796	14.066545848241795	14.574724191749839	14.703801941167523	14.73024456577179	14.326094476687341	14.369251079727281
AN005453|PE(30:1)	7.7505395133544965	8.422106826639599	5.643856189774724	8.953410758531705	9.260707875833214	9.449953358052921	9.223398414711628	9.338825503839134	9.570462931026041	8.947899886248265	5.643856189774724	8.228097162578422	10.353113735782811	10.909548115441202	10.011534773914692	10.608069967721663	11.032941104971702	10.971105218455733	11.225285776652475	11.217164057903828	11.627976109416382	12.510089137254708	12.524064165652605	12.483012097241721	11.470816453707583	11.349026840841306	11.587655646102744	11.935964278703599	12.154049099539181	11.633290428827326	12.69850934284818	12.936019508597635	12.885036639424472	13.451144128007579	12.848540788969313	12.866904115542036	12.794346816793178	13.238998773287856	13.207946217392035	13.928860687879618	13.150209000069012	13.097184448114035
AN005453|PE(36:4)	10.749098443586298	14.842115572055754	9.93054516251476	15.764758875783036	15.461157746702703	15.258384581496028	15.35795056004299	15.193504185007626	14.975991227531344	15.38750074305091	8.76434084667018	14.920662688918167	15.296273846706718	15.386830813455568	15.307146721296267	15.94097353423018	15.498225619644966	15.816454211396655	15.479888866185684	14.360162601653716	13.38098993828158	14.939705003904905	15.813781942620508	14.787737819182064	14.530069766544784	15.329135862623911	15.22459149344896	15.594923172515317	15.20764810627109	15.606582184156425	15.112473309368948	14.945129218470766	14.989107067627065	14.859209114410271	14.623020690354801	15.035061535997261	14.334754429351664	14.6620786279347	14.929789611023171	14.965672922340673	14.66258215388985	14.758783274834675
AN005453|PE(40:2)	13.71960272783563	13.702245207978281	12.517260927559775	14.804877188879074	14.999786010195715	15.251620356560466	14.553533902991896	14.68034468767947	8.026523442519766	14.389373211950783	9.652970419290558	13.513141567108649	15.136605482358494	15.523119928228512	14.779000085128649	14.364724939117528	14.8147656949647	14.82992832429733	16.557118722693044	16.992745531831833	17.26439201704421	17.345881913664684	17.146584187651932	17.405665023334233	17.143689522965246	16.85908266009787	10.463575459301564	17.24313585481273	10.283065195614377	16.759872193055184	15.954233122637197	16.071442459998792	16.238367790691488	15.54786874559109	15.260094039525741	15.185945502464596	16.172795089639298	16.88002540923011	16.885440428585117	16.288297994864184	15.473742526714107	15.680865224324933
AN005453|PE(42:2)	10.435899407292915	10.748461233004036	9.634393606312896	12.187918028198323	12.440555165636487	12.705910964745565	11.887510039505772	11.959980204569517	11.799156129121732	11.91374586916836	7.126910926054889	11.287002398919771	12.897777402747597	13.452411140977018	12.70550495807005	11.807226104249501	12.238959974515568	12.40695433179258	13.00353372334121	13.643883240053146	7.705908805437825	13.794394542574938	14.1824463428764	14.0440012866913	13.464592971532564	13.444417048872786	13.88489073266523	13.588567079680208	13.5395671775582	13.001812796017678	12.355108791414665	12.397805635260157	12.298056838180074	11.174083032349545	10.845599817043395	10.542577280381446	12.678608941360837	13.266072042387341	13.147716901771783	12.080464470389652	11.06059461527606	11.424082286661339
AN005453|PE(O-16:2_20:3)	16.555811512692546	16.566590428767114	15.019480836815612	17.01815550692	17.06195704197148	17.101260566320512	17.921574764568483	17.86905175486808	17.741521826415035	18.01628587327545	11.311651829419468	17.625541764967256	18.123151281179013	18.169515487031536	17.727611863139657	18.319961188372805	18.672593051323023	18.649520980897915	16.762225260653302	17.509305223251577	17.306332578847776	17.697369290187957	18.004673377492637	17.750212819892173	17.403086190870983	17.09359654898679	17.140881183438204	17.44571972098899	17.416798104763114	17.055271524570216	18.15308349931952	17.83675480895258	18.01824528406596	18.62410607223115	18.467643438160227	18.285236710905018	17.883281621033888	18.225212144978848	18.137894365480232	18.436361576535752	18.284392076314603	18.36426908044832
AN005453|PE(O-18:2_14:0)	12.329476824919242	12.15771324748968	11.139538562492447	14.094327627764914	14.342384458497706	14.30985928795796	14.364016295523838	14.322618985990914	13.739106561888613	13.892029509918656	9.263457008494889	13.108931137525234	14.962390865230324	15.22580579926962	14.933011927101052	14.791180698238554	14.77311138304703	14.882095152960101	14.758298700187277	14.930727637032112	15.362319540823139	15.741508857236205	15.710976162037388	15.749405419930035	15.195692471684168	14.941828915704194	15.209858457485137	15.331715431835883	15.315863160248163	15.170464971765703	15.812703777084305	16.108119703791868	16.092949520460152	16.38110657538985	16.34187927823722	16.313083906325993	15.781043320812454	16.299689730832146	16.235725564208966	16.312835105672427	16.187292720111902	16.208236073292195
AN005453|PE(O-18:2_16:1)	13.878305776560222	13.620774249139844	12.646128897612524	14.932487446502185	15.200642709286793	15.26242816575279	15.232792271417646	15.319263906372079	15.141225451335103	14.498644801946137	10.093206261769046	14.404156322587323	15.726677178861085	15.977525450590123	15.155747177530118	15.392146669608803	15.474204062944079	15.576641409661903	15.533140195773193	15.987530717213026	16.094422685131942	16.54843075434295	16.639328978227546	16.5457141327882	16.045898490214807	15.719422513382128	16.1664998997478	15.969904728148963	16.344603661590806	16.092852921064974	16.229841364035156	16.54928772358763	16.584059359623804	16.993889259929052	16.90568808353633	16.742525497806387	16.406835946842314	16.758858080530615	16.66327831588368	17.17877405649159	16.644544123639832	16.7879793127243
AN005453|PE(O-20:2_22:4)	15.41035230194822	15.19600805276312	13.92915667655375	16.635348132922285	16.753007768945245	17.272182882671046	17.04399669589469	16.718833450816334	16.79446917440917	16.34097371373159	11.01397861201793	15.736291991399474	17.272162101626396	17.71652516503053	16.987998608968937	16.713774471691032	17.174217752884648	17.415151361059053	16.083047950215388	16.755648097846368	17.309927658355782	17.18708370820159	16.98626881784868	17.058718871443546	16.657347621428723	16.757025460909595	17.071048542364256	16.95854036819229	16.800734362597876	16.678473050465612	15.628575973740285	15.835731672093491	15.69074854302503	15.080734267181763	14.750402380465665	14.678930187152346	15.306458347541271	16.054500877019816	16.05456044125423	16.20360972774198	15.343285320717209	15.660239961874588
AN005453|PE(P-10:0_16:0)	10.790853473822265	10.544539480103714	9.153526698824752	10.509200978536652	10.906853024935959	11.069013334843177	12.888235248637272	12.821172069266856	12.578212278154574	11.971213018221226	8.827469738380488	11.281796759812728	11.726746085706553	11.754486697871158	11.205518365985162	13.181778096663022	13.397067589437237	13.5063113006599	10.45410390472458	10.97936802946227	11.431158045193024	11.89534806841992	12.299688836602323	12.28223128121162	11.388092648043038	11.06914092110112	11.388566266307512	11.776794894595044	11.579589363669117	10.927644647346268	11.680218851691366	11.867722755769856	11.64687367468825	12.12129391164281	11.600572687065965	11.429082386372858	11.524561303430238	12.212034259678505	12.597179638357689	12.538475114181937	11.402196681179042	11.698787128931578
AN005453|PE(P-16:0_16:0)	13.751944635868215	13.840059937317399	12.324793730484979	15.669780021579856	16.063891554295445	16.349168384252252	15.702577195931388	16.022038747397087	15.74318795553127	15.123626350862	12.12414070276125	14.681975715516623	16.972328721735746	17.410391723823547	16.520456933001007	16.414212517205534	16.91450157555809	16.677026146842728	15.622826567942033	16.11033322518509	16.16421969992989	16.536272717647797	16.71592687667193	16.53690936153227	15.934308701884413	16.270193472695425	16.452511688220284	16.018009960427385	16.2498027024506	16.049829622460454	16.51779793086532	16.73947711623183	16.4303859038878	16.074570075566665	15.889504914053651	15.491713766838679	16.50446351387697	17.2500929702563	17.28720960289793	16.55200333634736	15.911562623631571	16.249369043151823
AN005453|PE(P-16:0_16:1)	12.334276079059405	12.157479576357368	11.139257155862309	14.104909928061705	14.348713633166886	14.369296071811535	14.36297321765211	14.30561861373767	13.740503885164575	13.892173747633633	9.266294628986701	13.109920411924653	14.890961037621814	15.177950484112058	14.948259992865259	14.791643164176168	14.773846984142137	14.881873451349001	14.777212670797997	14.905134530100101	15.388863543795187	15.637008012020727	15.690207821563403	15.759543380338755	15.196453054677116	15.09001687104318	14.995814839568192	15.331782249550786	15.244427761864475	15.170907753109727	15.81264211463411	16.11971524321064	15.881450021283868	16.283725397839994	16.328082856355298	16.109683358040904	15.684385107070984	16.128226371220716	16.23780075307841	16.314083992212787	16.0289347072737	16.068489651338727
AN005453|PE(P-16:0_18:3)	10.171076693915895	10.107504801121971	8.800641097329084	11.42281115723189	11.927814991767304	11.729127866011023	12.218333161565479	12.203984165855989	11.932030157887027	11.384702818782195	9.554185915149857	11.295671374178	12.51223429516387	12.521455672243922	12.020882737696375	12.700077698456994	12.766216235581012	12.856127854523443	12.025606770281584	12.231575209679509	12.889564803247898	13.983028322982975	13.316113207505678	13.326881662946546	12.817609268545551	12.685044403935926	12.758754132087601	13.557048400306003	12.597235517333582	12.040087619958449	13.987566022524458	14.153572614348306	13.674366634762709	15.143790548813397	14.875855399812096	14.754841060494883	13.305731176404585	13.573127619600484	13.861436872220805	15.119809655479687	14.312938246192795	14.621878452204214
AN005453|PE(P-16:0_20:1)	14.645764244175838	14.668075013330307	13.81842539769898	16.0700892803283	16.647241983477574	16.65447912019757	16.08826526634729	16.02452222637938	15.85541965890611	16.250165528083425	11.996473488733228	15.72502002919459	17.14813562971797	17.57880010252234	17.074603836482865	16.384715970429195	16.57083244835851	16.826601986571063	17.048189368354816	17.554815903601636	17.841000316202738	17.97972159530331	17.97026932850779	18.036028315970974	17.914312072845405	17.843401741171785	17.873694144850543	17.85318556847096	17.456064146215272	17.250338208438496	18.553078571907022	18.79155411030737	18.701027434057146	18.835866171303138	18.602767576951724	18.704334856573514	18.83631854177767	19.446361750798285	19.374463817990762	19.07947876807096	18.638591430611203	18.631191020089794
AN005453|PE(P-16:0_20:3)	14.69169118345632	14.733477744913687	13.851150721977714	14.482062976878959	16.17466981856451	15.456710231724868	16.02435643329682	15.869137868763243	15.73028915209463	15.93206500182824	11.563348829389364	15.440753046745188	16.726404312681403	16.88168218244578	16.478355524521362	16.299277789897772	16.45871146826979	16.474661332681528	16.49947454832792	17.217863248820414	17.50236884752807	17.81176088086404	17.96524819004921	17.665500740008778	17.367344529414694	17.082750212310426	17.459538401527546	17.54815180977747	17.529385026906567	17.38416290764165	18.446821933680976	18.905911707071002	18.715561115210573	19.287908798124604	19.0789766374804	19.099490309776485	18.16549313805387	18.71995540441233	18.723795144373074	19.344077232876796	18.779452909214637	19.02994457337446
AN005453|PE(P-16:0_20:4)	16.36381119591232	16.334408601465025	15.130489320442633	16.745911410231827	16.864000257018855	17.104203547101413	17.942412500976317	17.80941777299184	17.521544313378474	17.97477194778406	11.341824564361486	17.440161350140325	17.74820320319586	17.94164010365925	17.600444342998873	18.434412400107995	18.474620459996615	18.563100208044084	16.926817404038285	17.265248484622067	17.437470227788626	17.558335206179528	17.83939665051882	17.645169022392473	17.218963508855715	17.25904531913828	17.127993414456938	17.341872851635557	17.049715310921563	16.97415071543124	17.936333243311644	17.865285620928724	17.90945131263201	18.335915907114284	18.444726774545607	18.177298841159857	17.85986244690612	18.21826064072034	18.141364622443714	18.48540383044964	17.988755683796903	18.07588914244355
AN005453|PE(P-16:0_20:5)	11.890313683539526	11.630248920558087	10.937543019785128	12.279442276158461	12.547791043791175	12.465648025982281	13.28276122015216	13.279517725607972	12.849911323798118	12.951477790019478	3.4918530963296748	12.47061820555103	13.3916356312335	13.632314798744948	13.098273937882025	13.717248005827646	14.063661348557194	14.19169387924149	12.68551534141194	13.248987492943963	13.44331137763269	13.97941090407653	14.031454817490847	13.889002887813419	13.359122224905455	13.431538084814552	13.443826772475246	13.447265360128522	13.366614548961717	13.02673609641734	14.693124822604593	14.770961670940725	14.499114016967921	15.403347618910052	15.043367832245108	14.847695041602417	14.148159567548294	15.003226251629519	14.854595709942934	15.227580973578707	14.731396998098772	7.721987779242066
AN005453|PE(P-16:0_22:2)	14.620713547848279	14.75571068045796	13.539201228433411	16.20634381314812	16.57335813437199	16.880847757543272	15.797618467248256	15.999984370132024	16.03734146510028	16.031117261696398	11.105371652827948	15.961047407486118	17.231752472794238	17.535987844260095	16.816203310313075	15.48264790044264	16.71556590773763	17.58164480792041	17.437335706444742	18.061005535874475	18.06417852286369	18.371257061480836	18.6248398184504	18.722248805496626	18.318472198389742	18.037440781221438	18.15181792916867	18.16692139883278	17.994678548061056	17.54014567551806	18.786666453337613	18.89115223765894	19.13056568638177	19.156346430431118	18.647672237420867	18.806432155315758	18.92053008157826	19.545159682682954	19.416677948052616	19.345516306951133	18.80479209862277	19.047005097731116
AN005453|PE(P-16:0_22:3)	17.301585949799726	18.103913830906446	15.982302221644686	18.286351953166243	18.234224947719955	18.868410499698115	18.275141398070613	18.271244885494212	18.183470861208335	18.17767204397543	13.92069338951575	17.846718011941867	19.27054776232836	19.493682289025532	18.575317317021447	18.383154301899946	18.942435640161612	18.791049060402475	20.098078989223218	20.742749897333837	21.098883022854523	21.31508783664865	21.4016301166306	21.339549806979143	20.58250663654498	20.856064736803518	20.80796422126961	20.95624044583299	20.9025558655045	20.764127776595192	21.194584310170136	21.305975122947594	21.222496920106988	21.349347993909245	20.900762670756553	20.850145356697354	20.85674227949682	21.665820746132272	21.630120949460373	21.905595049843132	21.071198323621978	21.267443408102086
AN005453|PE(P-16:0_22:4)	17.982203103527006	17.84780103177211	16.94698643717976	18.704888440933285	19.181592911112492	19.50284970869843	19.756623051490052	19.588885338053096	19.44098791423499	19.384404450732664	14.368917685567588	18.78752858347463	19.568223849494053	19.947496228375645	19.73899677842838	20.08871577457028	20.29544187311443	20.26893180872021	19.226830939201736	19.56691834571615	20.025807247506158	19.912729030473294	20.085698459068258	20.197376749533227	19.644643328639297	19.7566588822216	19.655814270980667	19.705432447263735	19.55365242826494	19.374907618484965	19.928583519212783	20.020184114766526	20.055651107608448	20.108863977774597	19.908602750244544	19.879591116596288	19.681300085507797	20.110805487864695	20.263026425816722	20.35577970925892	19.892460860529127	20.074531440298067
AN005453|PE(P-16:0_22:6)	15.124176656091493	14.75740824088288	14.04995487623993	15.03825671639451	15.591730367636718	15.647287523528568	16.059862603905326	16.173014773200237	16.16713643996407	16.54486982524966	11.743454378756253	15.979472087517415	16.078392056954634	16.419777032147245	15.960390934710297	16.724315730074583	16.647245075748753	17.03133268612722	14.893608222658727	14.763492494723632	15.212741829178423	15.466735761070614	15.538466929676552	15.881872017822557	15.543887320650462	14.84637284345414	15.243719577907948	16.00804601203608	15.294302683427254	15.22116906881153	15.242819441053307	15.463946098132483	15.113053124413245	16.076013877085277	15.6859467166449	15.490084648853857	15.522912805535146	15.682859105272717	15.656858880254093	15.897110641859863	15.518836001011238	15.710466109920642
AN005453|PE(P-18:0_16:0)	14.831222120699797	15.66473559474214	14.658910453596611	17.286870501740854	17.323603163177662	18.001245827083526	17.178603875158036	17.875988189238537	17.303785741673845	16.95822927352835	14.05725902389023	16.61209068562228	18.445943075139443	18.716727508556936	17.92528043160197	17.673003903457893	18.229233546555367	18.193326442986923	17.610496027403137	18.118232200607824	18.250289164136912	18.39198063554455	18.314965135129878	18.368428107643606	18.02046207170963	18.373435300184642	18.430753490114686	17.881587374873515	18.21195581475839	17.79150861154655	18.28901837402827	18.465014743019434	18.572763647904427	17.582138011418674	17.32147771072407	17.619514961781423	18.355330059836714	19.19278434621048	19.236534496506962	18.474395560304696	17.89358286499029	18.44421287421708
AN005453|PE(P-18:0_20:1)	12.882182581943766	12.63218640713567	11.887662344628255	14.757995172589581	14.636830769835658	14.874728296879221	14.439828936497571	14.350734113169459	14.16854833685762	14.912579699750966	10.063138879047665	13.748787209762893	15.91626739630972	16.260840716797723	15.700663225355333	14.784856160409868	14.980269914249021	15.287523734839937	15.596650135857919	16.15754727383114	16.55898908699927	16.497995874778898	16.734874575649496	16.858175067697516	16.641777860712224	16.000833861070603	16.431243432229472	16.44540952136557	16.011413346887277	15.590773573086338	17.159677528610775	17.376512318753896	17.158686404291927	17.153038657126995	16.973713059384604	16.9749096022091	17.15882296459248	17.86248608020533	17.929121531075978	17.75082858812995	16.997597397881314	17.123633422928705
AN005453|PE(P-18:0_22:2)	14.542326980538125	14.198488014707173	12.913454181427433	15.32174986032072	15.537142246851552	16.06879003173791	15.374988167505242	15.062310124060058	15.062198800247787	14.95134937977273	10.58901438522824	14.94596774241774	15.894630215917129	16.352074125511507	15.469352142712582	14.718935768385204	15.344719290651973	15.180939828924181	17.232155944043203	17.510091533182997	17.617839771009628	17.752858002926917	17.850877589149132	17.99440255351247	17.450517050456504	17.342953334260052	17.504907183075616	17.316464950981295	17.276147310784836	16.637347854056745	17.536747457534073	17.733013202567133	17.458777380895963	17.383490666544233	17.15586099669322	16.963439691755333	17.30773437312215	18.249405479622467	18.150739642870175	18.1283345780725	16.859262508296556	17.674831900108572
AN005453|PE(P-18:0_22:3)	16.23461481850755	16.570783244132063	15.315661180964764	17.745314550658183	17.758641198382	17.8425931172264	17.633289080550714	17.826400205714904	17.724034487196043	17.37163347356941	12.985786803373108	16.627011844718105	18.0229100764403	18.17231244944048	17.506320289555994	18.40189135044109	18.321865046045755	18.04233343942644	20.185914237013055	20.28455894631327	20.578527015104868	20.567385328248786	20.614505631642984	20.814576536230227	20.55162523751167	20.2671230092325	20.591986344671618	20.749803416252686	20.382539237888718	20.12177312118453	20.143141304511648	20.398012098492664	20.38203205866762	19.759195113391698	19.43868250783257	19.53187872914823	20.217425181835054	20.80236715476381	20.656142352183824	20.676745773921738	19.909403216448215	20.108313632319458
AN005453|PE(P-18:1_16:0)	17.268243631430263	17.058828562018878	16.16719878462434	18.38395221750737	18.717860436067827	19.064207158678563	18.760081026273937	16.271198006105397	18.7448803068643	18.43599065697486	14.204534465095461	17.956254138806916	19.20425394380332	19.59938327049159	18.986851143671196	18.905705033493263	16.458746707472493	19.260558047599304	18.997000974762322	19.615787092700316	19.617444453074423	20.128602504899415	20.19441938053256	20.050035931861913	19.576381154272724	19.685680629343413	19.630412041471267	19.722824854477008	19.73032627313812	19.21891173125223	19.68331276393196	19.73429451912649	19.78622413743833	19.80749243872758	19.49282440858155	19.436174928749125	19.881543224797806	20.348923364080505	20.648057129708523	20.12122425106357	19.57736835918121	19.72949900040186
AN005453|PE(P-18:1_16:1)	13.842157814072639	13.781150671542317	12.656652780363755	14.923760154756305	15.194728772680842	15.271131423810523	15.210766074606118	15.333860798274733	15.172959513729023	14.502064142777813	10.103379613357225	14.391576563257463	15.661088032878085	15.998126291713856	15.284483624498447	15.332692551225463	15.562562033550511	15.578417509509933	15.467798482360893	15.845561840878112	16.01769425125156	16.510035962080206	16.67377047313678	16.432870044871056	16.054363297555554	15.843423518292846	16.15232010106362	16.115775625669045	16.22031786142221	15.820596579335852	16.228009201688838	16.46339265875478	16.503286458511184	16.994728868837846	16.908484334455974	16.768952542478118	16.3992984551258	16.719458611551897	16.663607162352555	17.17025076859348	16.635066504800832	16.682390866334078
AN005453|PE(P-18:1_18:1)	15.459751783535282	15.150815093133346	14.003379117185663	16.358492727851736	16.767731084794786	17.10616346553452	16.61721361105446	16.592794837371823	16.21402156462492	16.484027802341146	12.089337921352412	15.944823452050835	17.131571740570337	17.52653026285949	17.120321015433035	16.6084286788975	16.747565859224576	16.98510957719184	17.419857747470974	17.720505399761393	17.954078993476955	18.233004926934623	18.439507565659024	18.363850071285064	18.18783550692117	17.974519229801636	17.97739933806908	18.291288802190927	17.94805285125997	17.694682514217572	18.47984273494571	18.57891229631636	18.607418817716805	18.807762999806563	18.84246179118075	18.65647053337259	18.59665916144273	19.14451428575784	19.14329075548975	19.180931163180766	18.649808676238095	18.762604522692126
AN005453|PE(P-18:1_20:4)	17.225320896318888	17.14931198719904	15.98265339820864	17.45294154920432	17.874255088080865	17.837260376052114	18.712444614601434	18.753527812432537	18.421232423227103	18.30876261028671	13.431308244636579	17.60545984060423	18.29237277408298	18.517121146278694	17.925414660430455	18.88239438416117	19.181650097239334	19.115105746342092	18.041872526656814	18.407141810101827	18.25310364363683	18.847237659465016	18.657707719538873	18.44760030218108	18.396415050429006	18.41598610506101	18.521854437807008	18.55550276161565	18.45406421312154	18.23719198485108	18.309888234781635	18.491398308029122	18.103102746312697	18.839941201562283	18.74879922940293	18.63343617719495	18.224032066145874	18.847402442630358	18.52003674965971	18.95370235024552	18.497913023607815	18.621558161490597
AN005453|PE(P-18:1_22:3)	17.55513821100154	17.340019580551168	15.963588365321668	18.24038053221768	18.846855713509683	18.892918963526853	19.031239142019498	18.93650940874703	18.850712836250192	18.519782316172087	13.089481930068423	17.826010591369755	18.88001751471088	19.32494874315835	18.691500496393274	19.12500747375308	19.382231892542475	19.27671181214003	20.355452360288723	20.83441346676803	21.05512166967931	20.9157168159201	21.114635041967166	21.061173197217496	20.727224609817632	20.4837240592871	20.646787268411707	21.078981684921224	20.75080215416058	20.382329112708355	19.85023359100722	20.128207261722228	20.25670322152009	19.72404696472144	19.602686796603123	19.527305467357884	19.848909669822433	20.28814076255672	20.281735056215606	20.49745386549686	19.97810652420269	19.952680056912122
AN005453|PE(P-18:1_22:4)	17.696674381125728	17.702879422518322	16.517728433107287	18.408931318814723	18.765230114718452	19.03115894883382	19.2950890812225	19.419296699039847	19.148552026761017	18.4770507671076	14.129156614576578	17.849696774917614	19.177149878591255	19.372548037486315	18.821785844551513	19.304228533691816	19.600440785789154	19.53843167135746	18.72369823638972	19.243368121772253	19.38014570742965	19.520142209913335	19.49929639635923	19.503506957809407	19.02677907182109	19.112807321875344	19.280317161177194	19.14698776188419	19.282962249192828	18.840282286929135	18.362967098295687	18.67784772550883	18.479748376378218	18.383576559444766	18.24960959017733	17.969046719450574	18.15654875944277	18.687382757732998	18.659154114266038	18.797894051774293	18.358266663318016	18.41178115357036
AN005453|PE(P-18:1_22:6)	14.970327473998351	14.956389770940858	14.074324631906817	14.98233096963923	15.079203917632112	15.250182926611782	15.95303078529544	15.672217033416992	15.450155110640111	15.535877082931309	10.55758814902075	15.19145986466515	15.257171982157859	15.61380528845792	14.872532527337045	15.734542661370327	15.821272488548662	16.077620209453777	14.598589338785423	14.808173350874092	15.61914015006349	15.287553313652522	14.292612817276066	14.988659393238025	14.42128511115479	14.75687578572792	15.364319016479666	15.115962928956963	15.100892668955138	14.926747229759865	13.591296761742159	13.783709351054231	13.492429057489879	14.730820366420541	13.977246825577776	13.407160195527041	14.233929691074623	14.15290590418777	14.228204663049834	14.842251135074205	13.683011037682753	13.823999076937374
AN005453|PE(P-20:1_22:3)	13.56200744235153	13.319069461068962	12.576694547361589	14.566886488038497	15.734684220441668	15.229055738877152	15.011157792598084	14.615291106423074	14.492890286639373	14.398906653840507	9.694410126289219	14.06641550947151	15.14481873691385	15.590541731083247	15.252242983199924	15.360966046760336	14.838540661435475	15.394443602355148	16.38792896467339	16.931295123847512	17.012145030186712	17.00164909995149	17.10345583981003	17.305448595401746	16.785004621670506	16.544289973354125	16.7357826171222	16.932992441236944	16.622175967360096	16.21396804354576	15.879514808037525	15.95305170802921	15.947156111671083	15.329463510329246	14.845719864152395	14.86606761881812	15.642951967857805	16.4648458019952	16.46109809949695	15.892914636468696	15.599862005347484	15.713524526733961
AN005453|PG(16:2_16:1)	7.478081976557074	8.89572673847666	7.842098871382338	10.45386734591447	10.73880160735627	10.98123189837809	10.129321660044594	10.66041490862601	10.372930338954294	11.22217302161959	5.643856189774724	10.712079850448008	12.603399167534402	12.844105497242609	12.102812296463297	12.164184141426018	12.532390019637115	12.56791568319045	12.048830818351709	12.719925667153888	12.983496006960483	13.49994427194342	13.628548065358359	13.661790342816818	12.424678071272856	12.44683259301655	12.601503855848511	13.185634293341577	12.950322597531589	12.567107601111932	15.257993258601084	15.51656215497959	15.292382750466011	16.08370223807354	15.689704839630133	15.525418647204615	14.652790086820517	15.30228798808954	15.19069934435427	16.32340472770209	15.567022904543785	15.821219414215998
AN005453|PG(16:3_18:0)	14.947208631358762	14.709762340146163	13.875935530756754	15.796450075473155	16.10880457247152	16.135227706266395	15.844439990642543	16.12335920341223	15.94162285434683	16.10627911707518	12.797667604612194	15.654825078999039	16.814584593699657	17.08748884317417	16.58164752920143	16.664049860886866	16.92775215645867	16.926186755240817	16.81897243022001	17.266284745113055	17.53141763405692	17.757627066211207	17.910594600798156	17.73598650737019	16.900553400884792	16.904521965514967	17.17746868985296	17.42568978357288	17.42278980897928	16.88197905054649	17.834569190005723	18.068011453588596	18.01695721894027	17.95892755674665	17.559136636254475	17.40588760351151	17.59741914601635	18.357405911634167	18.28196673663141	18.51167977606419	17.859225678861424	17.92641512943115
AN005453|PG(16:3_18:1)	11.790491048507466	11.719303249303463	10.665229310164605	12.447256318561482	12.859587197656275	13.122675953910928	12.938901414500608	13.016063074164686	12.810149849874561	13.183509775942898	8.16571099248493	12.604448984341762	13.637853152057161	14.037591565630963	13.420386604960534	13.730103897507849	14.004894596640444	13.965134925776978	14.124863636915126	14.706103669946387	14.971116447973806	15.27953042104097	15.557526824108244	15.541930886023684	14.371525511882561	14.322823161606545	14.553026245193315	14.926474837846946	14.879230477503258	14.53860787856143	16.017612486097438	16.23722994409443	16.143264618881528	16.724252969891666	16.217247948409515	16.123153454032863	15.439505293085068	16.21176056293951	16.123325452824584	17.094633500435094	16.341397203652747	16.625358113686065
AN005453|PG(17:3_19:0)	11.41265452194556	11.236767641783754	10.620063998695244	11.461643148073906	11.77169166373218	11.851955906555052	12.220212039345968	12.381867358870446	11.98299713865987	12.74232838554415	9.84102962596249	12.083136895937542	12.608806933031255	12.886693028877145	12.303018680691178	12.770283968987082	13.141957034752743	13.074912456161247	12.108397039225466	12.655577679297648	12.795739354209882	12.976465673124185	13.089634199511254	13.07330477825368	12.62423115033241	12.519690303756605	12.747985237545723	12.907737554583623	12.739358707433395	12.363880135899006	13.433168115419818	13.546559302960846	13.472203428542723	13.423870947104785	13.17762664579159	13.093042811172156	13.283863911522058	13.912343919860843	13.747423067107405	14.02574690318362	13.328944145449753	13.56127959068557
AN005453|PG(18:1_16:0)	12.066691309222787	11.99267639032353	11.096339609644595	13.044189176529656	13.046448769244336	13.397591747790743	13.23674821250363	13.417314567769017	13.341743966174453	12.440036004222884	8.743622676067654	12.013134210385243	13.395653284085723	13.541442723814425	12.7806381856072	13.188948856423954	13.555822145193234	13.733502636347204	13.66337797845655	14.195283766563131	14.281351964051261	14.93641526097666	15.08777359054775	15.393208097847078	14.260688766306405	14.092885121582045	14.358355187300097	14.651589909816355	14.362716439133102	13.683864194692402	14.60032644223325	14.569502603161272	14.658646636074284	14.99904296378825	14.516789577835052	14.406658766362888	14.468010487089558	15.114343841663269	15.002113974636151	15.199760900407789	14.73061076974467	14.717256575419308
AN005453|PG(22:5_18:0)	14.860598168448737	14.85134205501677	13.934022525146748	15.007833650325539	15.389289848474622	15.47382780792085	15.542327282858816	15.55975767184346	14.459913759905813	16.194641446512776	12.351524536265543	15.715689100381306	16.27957975080591	16.360773370453884	15.990902137124428	15.829038134768732	16.12215743866644	15.632248616001576	17.447226125775284	17.941154981215654	18.20438764362489	17.99172311669161	17.878060674555055	18.092922791146563	17.704131476716928	17.57317267496617	17.612494834304062	18.004204936981612	17.650631699140238	17.492699273051784	18.130071473400758	18.24070931194674	18.255095069355324	17.97248349391815	17.73088814718375	17.752010777861564	17.93479146765387	18.38658241439971	18.240132756642577	18.549798126983454	17.8456066771473	18.103584821367846
AN005453|PG(22:6_18:0)	16.11669931109715	15.880343785502081	14.975534538192662	16.590076911601724	16.888669533364126	17.198689242962626	17.92463733938617	18.018958520385162	17.7003862067313	17.51028095350083	13.104883726481361	16.869079897623177	17.947377651853856	18.129910084668467	17.540848706485257	18.42455998374233	18.674014776049578	18.74988454702555	17.786868031012975	18.314033127851104	18.534066991834234	18.41131368968227	18.445978627602678	18.43796687272663	18.151054306840784	17.921664365773957	18.16265449273942	18.318828838428086	18.190884449565235	17.971454527831295	18.398017569805017	18.511104113559917	18.47694373048601	18.056440643396353	17.81460374369885	17.64681096848212	18.105317424200013	18.588764585984045	18.4565924513826	18.403150491080538	18.198470317171324	18.27115267575358
AN005453|PG(22:7_18:0)	15.335357204151272	15.201630415530513	14.016976255793626	15.399019848098352	15.618884439782565	16.00825899913568	16.766475075690003	16.757791570271454	16.565577839296868	16.66926751247941	12.361899922155704	16.040140717048576	16.557443208624992	16.945890265684948	16.256905058733064	17.518217998133178	17.77529551844877	17.817716805234205	15.772904234393337	16.371689535592523	16.54062163996696	16.52570446819225	16.82920727092464	16.540187988146222	16.007418250511385	16.08564651982934	16.203186432584523	16.41120940198062	16.25135739727644	16.0766517400019	16.857787625277176	17.254463799723958	17.212743728736825	16.935184275892194	16.540534163288694	16.453986112285154	16.507134482210912	17.30092922633052	17.25827231250181	17.603793662642456	16.861974501168596	16.893943281206447
AN005453|PG(24:7_18:0)	14.400872100073883	14.136095556061512	12.928966140808257	15.038921132076835	14.986775776188706	15.651004307109844	15.698790655168912	15.770099391024678	15.612433711652594	15.645894246945357	11.209995492890297	15.146592937887208	16.175353451164266	16.321831231006705	16.066381241033437	16.180490792359027	16.581261938713393	16.511098475487465	14.895909884453076	15.304887811469728	15.614993605270705	15.131685775072178	15.223178162144903	15.29135491039127	15.299554695851594	14.853420677633927	15.145219296850122	15.339421360825655	15.141969803236693	15.051902671656993	14.589584440221408	14.838362397245673	15.188814442331005	14.041174008353288	13.997618786679295	14.161230316787837	14.786449340638827	15.197194803671918	15.320164153519576	14.788494550806504	14.59766966980125	14.496024863259153
AN005453|PG(24:8_16:1)	10.624100894628114	10.214161241492972	9.42923934151485	11.070845465144611	11.108269610418365	11.676411110586736	12.101489877462454	12.157384834034252	11.907476571450594	12.465326615905166	6.733625498408233	11.841198713830037	12.809026497355545	12.945688898138568	12.518134301897007	10.431361790222304	13.448907402055045	13.37280521857948	10.79782361731406	11.615795137422275	11.4369977627593	11.3412463811179	11.347892609595789	11.388033434826099	11.177818155119876	11.279715036284385	11.448947397052732	11.281773581661653	10.933011927101052	10.86664529770551	12.128387495266935	12.307659051080549	12.042510966211937	12.310950696235775	11.597614971456013	11.504352245472111	11.873201848605188	12.738913466677408	12.521352608575834	12.905418972619762	12.358964318538739	12.76248377959177
AN005453|PG(32:1)	7.203201156316611	6.634738459915802		8.055770482842497	8.632340930150917	9.133758726796604	9.268471822912371	8.594249947657353	9.102999240546096	8.585901449690772	5.643856189774724	7.691952843047669	9.8963929564709	10.145511882175008	9.268027286833007	9.850483786560822	10.415097375516028	10.136696392938791	9.216939820959901	10.16804526822409	9.937829878098752	10.93749888267394	11.10903401448473	11.210573943364244	10.18050594379476	10.37501770384836	10.298623952182687	10.563539503172189	10.388985934370147	9.948717641263174	11.430740016601131	11.686373585445148	11.406476083292164	11.860958919306789	11.280254601201639	11.272979628175971	11.247797000587655	11.919090503457594	11.926807445520133	12.495685170519424	11.597633592402111	11.84853687687834
AN005453|PG(34:2)	9.821247820439714	9.877115387392715	8.402159366906625	9.923268052885419	10.257906365364088	10.377600981468774	10.87327491660871	11.216218390065814	10.772215586303453	10.422926760743474	8.96976063812787	10.608116183506297	10.341974631746933	10.631631805917637	10.238834617504292	10.855545948037756	11.191811835956264	11.301313274348237	11.259266601357178	11.73488317345033	11.704833068420115	12.658860817197686	12.797027167943526	12.722914235436516	12.018078441935558	12.076645268831987	12.186866350102678	12.254296411133181	12.516527376741298	11.853855336764317	12.292146174769597	12.345324848328147	12.17722018811454	8.457586084256139	0.5558161550616397	12.188672289665407	11.965780677919977	12.648762019252203	12.570035933940943	13.310274787916853	12.29003037000993	12.461980722296632
AN005453|PG(36:1)		10.394409101674302	10.373593839567214	9.692859562385769	8.794415866350105	10.076307892805458	9.995060467032719	5.643856189774724	9.4223801897883	11.628222237774413	6.74711881638081	10.976893435564161	10.917051279144777	9.607977531710683	11.070764980813944	10.390523673664797	11.950862045419564	10.922889112916328	13.295598199666347	13.320801958864374	13.93568717682155	13.708758436926153	13.47063599816501	13.491434754306974	13.908172108777505	13.440736828003322	14.091751891589487	14.230953351084176	14.242326359493632	14.059842963064604	14.012625411744176	14.936528904676862	14.572756469657577	13.404643988045562	14.207592441871434	13.957868360455949	14.59846081814783	15.397497159313415	14.99463452284647	15.358282033050843	14.597934985537648	14.552984232407983
AN005453|PG(36:2)	9.903173878037606	9.690626611937175	9.608088454213176	10.475176102632375	10.689351583095114	10.832470749097693	10.715721806998285	10.900164907981798	11.072085697388502	9.867232399724298	5.643856189774724	9.89502990874482	10.203176680419507	10.12777512813563	10.04771014352836	10.511080557083531	10.479153747811008	9.084462949849152	11.436456497744086	12.080967384268353	12.295025588582913	13.283026116642732	12.971559719516787	12.949066141466036	12.42830520686067	12.10200192539716	12.872013012345201	12.777343682694596	12.475107688410407	12.169214123695932	12.34902131016972	12.31055598152405	12.28618231172682	12.723257769565919	11.564425805373714	11.474349847274251	12.056149961108142	12.683771007996917	12.618532333976294	12.876092900736015	11.847112170594059	12.164190428076115
AN005453|PG(O-16:3_17:0)	10.593176336668487	9.845176387492572	8.796493929425838	10.686518035511941	11.008022369185833	11.405290406263102	11.299974961858783	11.51232566538474	11.368986552433444	11.477576147581052	5.643856189774724	11.099314931837098	12.140842549237586	12.705794357502583	11.415620306420502	12.203442833506502	12.811820198310429	12.648937240186694	13.253336366116669	14.048236526291559	14.500310976643775	14.454949542363766	14.849822405617276	14.689761068779832	14.332423332407714	13.975058890330876	14.298139198115008	14.643182587007992	14.349446418724963	14.153807710597096	14.786745409810063	15.095881988136767	14.628186346670708	14.53774984741628	14.084921301505748	13.916763990401334	14.44436075003056	15.498019256186458	15.288724796151488	15.352023763836343	14.4794828290621	14.596410500488124
AN005453|PG(O-30:1_20:4)	12.845866357091156	12.813404438322591	12.88155182789554	12.788241161305923	12.625841236217992	12.562511950199704	12.659373830161234	12.812474158823207	12.629586576813548	12.714492386319634	12.901047888043855	12.714994579971494	12.890157857234385	12.518171193398429	12.781697805556256	12.653012978946027	12.628543508836573	12.637462626430974	12.899149190095784	12.671664897881515	12.700591435903762	12.31294249925183	12.73640193131829	12.178437661553026	13.035247586103646	13.005715767300007	12.844066255397527	12.757169129266583	12.714475214215135	12.726179834574731	12.766787692620955	12.99991194219542	12.875749351420055	12.506520820365438	13.191892010178456	12.863009218126422	13.034960551875752	12.674220962835122	12.851856380803845	12.725144681099215	12.906214173759341	12.920017825408337
AN005453|PI(18:0_18:0)	13.748297692803117	13.259809454338786	12.170438369265751	14.576030185401688	14.744753965807922	14.933819724655057	14.64876988218609	14.752153247348758	14.738082229138543	14.52735298858019	9.406098686465205	13.877339738719787	15.275642941821447	15.567828657862764	14.967818402526968	14.744786545584544	15.156920111794346	15.089054827837453	16.346921234188116	17.157196811311803	17.116490883635244	17.442938151804128	17.449445548267274	17.45697054149458	16.98641071303091	16.741772826186452	17.10671413334173	17.30116802884966	17.238513993511063	16.811039470827684	17.229131803993603	17.3074678381534	17.33404697340908	17.084516722370097	16.776724097033533	16.901174017626783	16.96244079974621	17.52949445763	17.424995465608987	17.465014862630802	17.259243426257125	17.312018050207303
AN005453|PI(18:0_18:1)	14.628471741720112	14.462746364945463	13.64462917703027	15.038592391722338	15.55321288720543	15.542261375449916	16.050258289806937	16.136819533598203	15.824604037711168	15.22141039842322	10.625617530362078	14.709138214227412	15.623992339223573	15.992893428221217	15.620763655230478	15.680136969979355	16.11531193527094	16.017550506762678	15.842563961973822	16.368316665601366	16.669803960978196	16.765175229504383	16.84170770105716	16.82254344656988	16.262836451688003	16.239964116321627	16.733346395769342	16.662222609788206	16.60292354379528	16.059131277417393	16.80960147072826	17.032498758663714	16.72407959902062	16.82750819377776	16.438274168176836	16.350520382949036	16.491962828400318	17.234593769859757	17.152463207115623	17.368069535398416	16.66511964107709	16.682010841956853
AN005453|PI(20:2_18:0)	12.70170498932303	11.968717185854455	10.750363645914838	13.745411724565509	14.604572918905893	14.358855833714962	13.008010109777608	12.329880408908695	12.870123864970767	13.303685155049982	8.120756272978472	13.11937076837772	14.866866937477367	14.928031596383114	14.543611271795033	12.909113037770563	13.217719954597134	13.365127671108386	15.289488325629675	15.89487340714928	16.375147045539162	16.14740329777416	16.291523629970726	16.18737643239332	16.153389537286774	15.917750373666191	16.013704104859805	16.034186606980604	15.96850547985685	15.843967410269896	16.045554699163404	16.41415667927414	16.379839797280763	16.057807102484908	16.30972449111125	16.13053517065532	16.263018445755513	16.61825428744526	16.546207485274525	16.280906849923426	16.052479323009987	15.952517628503243
AN005453|PI(20:2_18:1)	15.110547743535763	14.832508329711526	14.058044164988793	15.948857918156264	16.048836989871646	16.426702752177384	15.988433506752742	15.971734834872548	15.796881459306785	15.991711603618167	11.286679039920424	15.399907397226828	16.680800682487483	16.810435321333422	16.08062997671882	15.992703162308667	16.33441226791979	16.321070006798386	17.74333241667828	18.406094574754558	18.53239458578329	18.70642512536303	18.616766710461153	18.697316615109898	18.442858474609643	18.331373817272446	18.432396927111174	18.76761173980619	18.523124447216162	18.228052900878044	18.520071174760307	18.645897658656825	18.647062514976415	18.59658007647496	18.144798725908952	18.104223617189096	18.539066473367814	18.926274419758585	18.649557467814716	19.012642732829935	18.613941043927483	18.576211180537406
AN005453|PI(20:3_16:0)	12.14795533827678	11.979668125008054	10.572349693318289	12.818847765492178	13.166605617031854	13.304579487888748	13.33841187895363	13.417338304960058	13.157331143955918	13.628736009342681	6.576068579088089	12.626938718416877	13.66031796623165	13.947618675873702	13.723168159853062	13.895205094627542	13.716422944303702	13.810218147219754	14.093698978020386	14.658782176260592	15.052443235982453	15.559516608834977	15.817944217056581	15.7095345843212	14.822613649121188	14.71963267226997	15.072926856145198	15.21004192971365	15.198217492082838	14.715128146927178	15.357925481783996	15.788254673136981	15.801398671597616	16.102369232450933	16.02187310230422	15.591242405719882	15.217397727227425	16.111031923882486	15.885075974505757	16.549943160802357	15.845363858614032	15.95837191411445
AN005453|PI(20:3_18:0)	15.452242527631388	15.164506689802653	14.405027750666518	16.213773301162227	16.29404541553685	16.670563588390003	16.185939503420816	16.204896248897764	15.992857368120816	16.271751341131978	11.611080142602816	15.716249299836559	16.89826646417225	17.053798533134913	16.42276714664239	16.200766448977916	16.54048784995867	16.515253546346408	17.893682693421464	18.52900397545293	18.64049067513842	18.80192871173451	18.737606295007033	18.792052404279158	18.578726186178198	18.446249201619967	18.556292742045116	18.882578185608885	18.644069056121424	18.35638228745515	18.662670530992212	18.750463195538025	18.77496840153736	18.711764121814035	18.282300339955533	18.256277022863934	18.657608780888186	19.039870340437204	18.659717781252454	19.10647253915102	18.719439325882828	18.692562448442068
AN005453|PI(20:3_18:1)	16.7956748065218	16.610387020200594	15.619470041100744	17.236792955501382	17.53955877206983	17.605936870983015	17.844459606616297	18.11947021860177	17.902876983677103	17.503808427662793	12.97159025398061	16.882146512158116	17.88343204621891	18.251132031510156	17.623757845955947	17.90364228651602	18.42668043783203	18.25819229250494	17.947767904519747	18.441342190563056	18.626196447790832	18.741195553600765	19.021133972048798	18.892412846814473	18.407736250328693	18.2985362055113	18.763650593836758	18.583143383050775	18.676547540159667	18.13678109081348	18.67721717336508	18.824899028797457	18.771471511786896	18.86497855909972	18.45522165064913	18.192178943421286	18.398111038333056	19.13227860922624	19.115669342585804	19.356453453254545	18.64331891830777	18.77924368694074
AN005453|PI(20:4_16:0)	12.211721024674041	11.705848343508945	10.593689902474575	12.663140000069037	12.830017981742607	13.144709220554574	13.84340192520517	13.868643171111476	13.522271333186504	13.246605525041849	7.465484779018499	12.634130373093326	13.939657260242361	14.250452391918797	13.550959567209501	14.455144816772927	14.823108455309995	14.76145617848062	12.823568263842681	13.344967159809498	13.717572543570268	14.112127508164486	14.118258160879423	14.341379828588275	13.459436741835022	13.328851607386788	13.582966378511424	13.870528477754993	13.727299349551734	13.418842182647184	14.078144968878428	14.269190248691205	14.16890085051597	14.649469511726155	14.2407682309717	13.92971334072204	13.641717613471021	14.364826829310589	14.466870515554342	15.020104892182998	14.111934409946352	14.445517347140106
AN005453|PI(20:4_18:1)	15.958025201593273	15.530021591509383	14.49355652427763	16.567515263792533	17.03488244547869	16.958055797226432	17.45577606599996	17.4769514411841	17.104893245079257	16.716369754507646	11.627159939068946	16.048507947199067	17.26851111535995	17.534985900204838	17.00420312612936	17.587529590405328	17.804700008992103	17.725250213955984	16.148723034769997	16.548473050455634	16.923896729690224	17.08620165165513	17.24761066560985	17.104477745882797	16.66752503210194	16.720702510559462	16.98407372138318	16.711035871538186	16.768558987000457	16.17598298014082	16.839197143573234	17.057654820561535	16.98359431266425	17.024837310583706	16.907323644378646	16.546114919151364	16.536102999695643	17.381355792217274	17.212794066123163	17.52752015003641	16.70902456086525	16.920283180234694
AN005453|PI(20:4_20:1)	13.825416965996046	13.924143506488639	12.906148393605113	14.823004928416571	14.876411426446532	15.291657080736446	15.66579917754793	15.714953005403563	15.186335580277039	14.26449464773688	9.584774637573435	13.753883193889697	15.351989958438153	15.45554074443365	14.815953616042972	15.363786732544503	15.606939530921807	15.678870784074876	15.65501522312179	16.150190353116965	16.42082540373731	16.54235252641292	16.850790439376098	16.62553220483247	16.06730116077968	15.913185112642457	16.228477324996913	16.24043229041417	16.13535037107107	15.702851765567722	15.52606911741449	15.589152822779848	15.681222486691363	15.372880700104142	15.03289462786395	14.885242600319375	15.221732486007397	16.07693039026622	15.68457386055194	16.01253288361866	15.267646617075227	15.20316979649863
AN005453|PI(22:3_18:0)	13.491543735320517	13.053070597131326	11.882704179212526	14.166919388951394	14.357011717533377	14.730819305248245	14.028551886384191	13.486592457494252	13.754112931046615	13.870947421402517	9.805163453495659	13.368481907109311	14.556565327528444	14.648424996090698	14.49568267248245	13.675992306227919	13.59457887284821	12.32013206188688	17.266817279608357	17.78320365756403	18.148021149747272	17.63328801612092	17.837912637794908	17.986318654982362	17.76026084690514	17.605581373551086	17.58743831949913	18.071622306301734	17.618760079978404	17.505723801359053	16.634594261015174	16.769094511356624	16.7160271223489	15.931360113685468	15.908912098243313	15.724994724608276	16.70523372838847	16.903398921393162	16.949525927999574	16.711971938631905	16.24593201001993	16.241219941175235
AN005453|PI(22:3_18:1)	14.377182733834742	14.00180751933548	13.007039534656784	15.276221842072266	15.622862306724965	15.716776331989948	15.873841068195214	16.076337541633105	15.58079146996896	14.957382316629275	9.801999293285254	14.320637686603787	15.769068934737817	15.97359872018396	15.549773539711872	15.436617206990974	16.03066799827766	15.816629703707989	17.254024247871072	17.63802758098001	18.025413632725765	18.06081818790456	18.010755148149286	18.07766990918336	17.83682506287765	17.520133997492064	18.091884608936816	17.925886332815764	17.72566461374421	17.508189460149612	16.766390828332323	16.986080010059336	16.91141633218055	16.36942831314817	16.238376188191307	16.07475235422688	16.658562823476608	17.285505533167118	17.077072512483205	16.924296517067283	16.457054735156504	16.39766026207268
AN005453|PI(34:1)	10.119848958336803	9.480103520817567	8.022645227708837	11.605488777948775	12.16115393274001	12.058350321889963	11.455640592241869	11.219362157807716	11.337114528207417	10.78840839317313	5.643856189774724	10.31892687471897	12.3068819462727	13.047837923986643	12.112498151729463	11.712256147282144	11.816039644787375	12.135414304963607	11.496164713495874	11.712961119263507	12.234371383828263	13.286234302923123	13.725852968192923	13.398821167924849	12.814033640760503	12.515059155214379	13.069667934220282	13.195507549842636	13.129777248549132	12.786845447037477	13.429198796405627	13.715100790846853	13.49145730277832	14.523393492953934	14.220855166618325	14.104823133504167	13.510325310275073	14.128215897534844	14.066207783997905	14.844165339001371	14.217978138927375	14.268245185118653
AN005453|PI(34:3)	8.489567018892329	5.643856189774724	5.643856189774724	8.753584480882578	9.32972907814279	8.997123014273262	10.121300387995717	10.209904137399807	9.379465012820118	9.202319762312479	5.643856189774724	8.556391094311623	9.501737685261519	10.20228302587407	9.758173235972786	10.726516206031098	10.714588975599154	11.320896424568739	10.46054804564037	11.260302111510223	11.728392485675347	12.399416792579338	11.635758925081984	12.607038970912482	11.672562356133817	11.366256635708071	11.539793728669546	11.90648853862825	11.458052817343575	11.120438777756979	11.865578632870916	12.403238425821362	11.849670938954711	12.559400991836993	12.251674717691206	12.232450908058256	11.433095071003907	12.406686000766571	12.260681416421003	12.807622584782795	12.120681765068491	12.340434309617883
AN005453|PI(38:0)	11.342169140313041	10.965005018919316	9.648878835573083	12.391270445004753	12.388356386488077	12.783663316492225	12.063533276764478	11.56312952338059	11.393862339978925	11.947644242718352	5.643856189774724	11.211018279355509	12.642442106683932	12.732262838846905	12.656954379976666	11.683113048301067	11.833083784202417	11.720487965080341	15.272646185771595	15.567200910170756	16.0784249988343	15.806731608782394	16.096694567939817	16.15354846929827	15.81594461273831	15.640772517207186	15.700756681741776	16.201079773238572	15.610422203319578	15.50822064794624	14.628433578386764	14.683163502499962	14.558018845686911	13.889058043176988	13.749630634066042	13.981999775857199	14.495806320120913	14.896959094550251	14.768182256691956	14.722072124178123	14.102426852821354	14.277373860427259
AN005453|PI(38:1)	12.416311974275892	12.177201497651442	11.016870951650754	13.34957427240417	13.480836893584188	13.914621512948184	14.028214298233983	14.222920152335282	13.754222565430494	13.179825137645382	6.98436149044871	12.444246204224658	13.904091721514844	14.1780166440568	13.742967257776131	13.353335698092799	14.073931500550419	13.971274999439212	15.331501314437139	15.737441981743757	16.189896545157964	16.14391826564797	16.06228123972949	16.15550923485686	15.912069964472682	15.585859796784709	16.029199428710356	16.068807662187115	15.807479200212937	15.612669836667298	14.951284259570738	15.11218657313245	15.070193077425559	14.222780566392183	14.34899711323223	14.161876663146955	14.909909017813867	15.316792395779702	15.341761684265483	15.03728397445881	14.572244279864599	14.548092792465996
AN005453|PI(40:7)	14.555631047736371	14.17527898096234	13.173491322703839	14.893090553521974	14.968726184358385	15.19369475326176	15.449008677559528	15.474102956029366	15.380044322540178	15.135355782513424	10.69697621714209	14.588386713080366	15.450282077834844	15.734792166436165	15.196507229475074	15.539450556499014	15.713358588765123	15.603362943332941	15.11652591130007	15.43306474344116	15.40434129560341	15.398712299621229	15.561636403205128	15.462953683207605	15.332971506816582	15.336191319378402	15.50076689281158	15.457303919603067	15.550410718523997	15.256613762952968	15.44279612251638	15.467460674729162	15.439440036219917	15.478329135961479	15.36911541328231	15.192029221105477	15.238193111612407	15.413327777042214	15.400127614444406	15.31121259657356	15.272614477399273	15.193141073188372
AN005453|PI(40:8)	13.377470842849648	12.783075991175954	11.645572876795217	13.80946569366489	13.916276028103546	14.117500253224128	14.45676123881775	14.627887789236325	14.071338333720474	13.459586587320278	8.509893739773355	13.345438513706437	14.274758870824641	14.513693674457869	14.059453470096487	14.571799445022755	14.666987874031015	14.713091114583264	13.443716716173585	13.69824235738062	13.730622974943023	13.875332760113237	14.093873080375818	14.050449830615527	13.689568897971972	13.720973118318348	13.94766250447285	13.501417996225149	13.710093948638914	13.288473921501652	13.852844503744699	13.809532013752982	13.890505592810186	13.883747762793481	13.601312330322592	13.369730922968822	13.476860096420682	13.969340649386655	14.076096575063051	14.166444782469986	13.482369334960172	13.656096331185097
AN005453|PI(42:4)	8.929643076027837	8.093549612810632	7.384654257816195	10.257470347402803	11.298400570247718	11.034255614761175	9.986282930210649	5.643856189774724	9.963791990506298	8.886184306054249	5.643856189774724	9.121455811744303	10.585432051592962	10.323606505385452	9.81623169045186	5.643856189774724	9.241816354498942	9.27758962528969	12.685342317134404	13.534595915323468	13.74877253715104	13.684550301959723	13.654855280033791	13.764790747800678	13.434749402676683	13.166599340897339	13.712875165511914	13.53896488745146	13.208284662763216	13.221667168077982	11.453270634010623	12.385654823081527	12.075469121452418	10.815079032812683	10.040084194272625	10.747194360480037	11.782187386284045	12.797367688655939	12.702508207168378	11.955290278597307	10.046250940275339	11.513831205760813
AN005453|PI(42:5)	10.617265418741278	10.364725622968313	8.876731800039845	11.889405093204859	12.526966205509323	12.485278383764536	11.605206324650654	12.424313280824256	11.861110175082594	10.488984894451438	5.643856189774724	9.919742297995201	12.28033580855526	12.439451724233654	11.485980210332803	10.69543711040537	11.404332646314673	11.866633707761029	13.645955586175754	13.887405320406305	14.649151744535532	14.200133081058574	14.37220462574699	14.400108263369406	14.174468527847052	13.576443011621835	13.961816833102185	14.05433128566004	13.847000561374221	14.005228034252873	12.26794830885887	11.761110711064424	12.417815603356376	10.218054601077537	10.859185329224722	5.643856189774724	11.613089583038295	12.592928826047533	12.458334835578324	12.314300001897534	10.573997405588731	11.963575270922764
AN005453|PS(20:3_18:0)	12.281402680592223	13.2118472391915	12.40773778528235	14.202359559065158	14.621231144817997	14.774092616090227	15.092762920936483	14.988180507405467	14.574761437808426	14.983372642194816	11.05360011868743	14.125994564512876	15.290575090484845	15.636791977507402	15.005310504300448	15.30008081382297	15.72200566291575	15.888916346700116	16.02959760598352	16.571516391141664	16.72162245001834	16.84512394022981	17.036412324482843	16.945685240806345	16.459064141851037	16.31286363840982	16.51204953060025	16.767606567535807	16.542237037319826	16.207542494588797	17.09715234341486	17.284342820445872	17.12524918827827	17.23898291814641	16.87279750413764	16.949160664474366	16.878472707128633	17.24926986832547	17.30418195621012	17.54243505614787	17.02277383899482	17.160771557979402
AN005453|PS(20:3_18:1)	13.23790155946217	11.95917605699764	11.408717167542743	12.516047166690967	12.858083985574707	13.074862295586554	13.243685739946915	13.422470861315741	13.130475645535688	13.485872065766518	11.609838975617869	12.487797335044087	13.477295335951448	14.335027402007723	13.412937618359953	14.227291029714443	14.711258818958648	14.479400092087838	14.19065035186838	14.746980308590814	15.073099298003164	15.3632405611167	15.454261374818214	14.7251718473926	14.591947121723253	14.266563297983424	14.061744138840506	15.02196416609652	15.049551643565465	14.579713095513624	14.507743857628533	15.937295880552018	15.825752590893046	15.926559618393531	15.624821723817695	15.448072737323525	15.184488356854262	16.19926649143799	15.88483804048663	16.514664439071925	15.876472581091862	15.883028171930933
AN005453|PS(24:5_18:0)	14.406991522254131	14.133455319041497	12.525530596680872	15.037901235536712	15.28890751789751	15.678285698102416	15.69953558297895	15.74446439385199	15.611515624461086	15.728358736324957	11.188156095922164	15.151501003862684	16.178672436338477	16.33304525673556	15.98950825927923	16.177780400211343	16.659481149473027	16.51028018072264	14.897265482652307	15.303517851834792	15.62637410991451	15.131659251551959	15.224724499228703	15.294192097967041	15.27568658561446	14.876889562685891	15.143079431561016	15.334513179064905	15.154451852146407	15.052361718433087	14.5915790294409	14.722431335674539	15.18780786993484	14.044372772505437	13.994227902784806	14.16222215466203	14.787132760295783	15.176634048963157	15.318037509642325	14.795898111481764	14.601629784535772	14.484398102511076
AN005453|PS(24:6_18:0)	13.262545617141036	13.182642644437047	12.140727538981512	14.41014854987547	14.516723724295177	14.662497039745324	15.225288789633254	15.457954738992656	14.992552037896242	15.199212228410557	10.072373814941962	14.246540952495712	15.763513761473009	16.066601553963	15.34937661274531	15.850038828768094	16.034965278949773	16.242223814576445	13.950673443837943	14.698843005217078	14.580545358263045	14.635188687416024	14.55755045694422	14.752152724550673	14.392414028587144	14.157899525738465	14.425325412812066	14.587414804951429	14.405508473816615	14.061567803001378	14.463871722610333	14.560931046442308	14.543345441796951	14.182579799808575	14.215975053129203	14.17207038492374	14.351099349363412	15.046099565740837	14.879785683658861	15.063605318546827	14.309981464468432	14.819028956321661
AN005453|PS(26:7_18:0)	9.106222672919126	7.836176624809224	8.581878451647835	8.173277373205469	8.876639723897178	11.130306709523385	11.635740789779605	9.161535025266685	9.101791876434568	10.871273824194976	7.872582544833223	8.06759569694004	9.965005018919316	11.164240720290714	9.610342030700044	11.829223254195224	11.789496965816618	12.152275334179638	10.808014932855446	12.21290062362597	10.782662468968017	10.918617302386215	11.108478718438626	10.812522291442459	11.367933416628187	11.264372223142226	11.633431210355631	11.859414427362582	11.438017287479717	11.052391438906486	12.575678688010749	8.628299713938297	10.772595001962063	10.086043316191333	5.643856189774724	11.08250833946993	10.801829588700231	9.497392815305624	5.643856189774724	11.587369679387663	13.097301336111016	12.304491077758602
AN005453|PS(30:0)	5.643856189774724	5.643856189774724	5.643856189774724	7.14231131824596	7.598871346211795	7.929080835242584	7.410154513759573	7.081297014138268	6.577579887670554	7.292045492492862	5.643856189774724	5.643856189774724	9.998942951443086	10.1423751438604	9.603960091864469	9.570747525554983	6.825912798784975	9.996713564847811	8.383272283175753	9.492053456727314	9.735962121366555	10.08003135769576	10.481395824154129	10.56589224931274	9.106536768868889	9.351425153146922	9.50213564265757	10.152931247974172	9.709893700678558	9.27206985934139	12.403760347386083	12.635425652504074	12.296878934864582	12.024717214487096	11.491106508876012	4.854993016757	12.072062243427213	12.699073539821002	12.63765960039457	12.839386869600347	12.259910940767915	12.357153339058797
AN005453|PS(36:3)	11.415678398155704	11.342108011875156	11.08198932457519	12.931020010100685	12.472645151484286	12.611188520989932	12.709223852315038	12.783342056657085	12.88246728661156	12.69939893773701	10.152842542773888	12.262911123402386	13.249132716179545	13.604707265846198	13.030730925128905	13.532978020353017	13.581758435422527	13.807100294506908	13.321207976555883	14.690514764517507	14.486191446102682	13.83268039686167	15.004669921531422	14.898714270662646	13.796722049872523	13.798993175119259	14.016263344592005	14.465391031201458	14.413908851723146	13.873484485878837	14.865597963525	14.927884882707747	14.961162971871248	15.276162217350354	14.911683156640507	14.809257167465388	14.308543814585146	15.107648233751949	15.029994595351136	15.760903650717818	15.090283233247883	15.287071680705624
AN005453|PS(38:5)	10.37279977831702	9.909338094326426	9.308339030139408	11.679541676638177	11.872297806693492	12.187667550913606	12.251153950038193	12.371869191617364	12.225460519137098	12.20311242921389	-2.473931188332412	11.315925057169798	13.362561665204524	13.072859464283752	12.134163171237853	13.047371044515184	13.38507101958711	13.377545402869707	11.81970410355037	12.390109828142597	12.478981913567042	12.73501649894211	13.014137318300168	12.930293818050998	12.188774270171441	11.947994828023015	12.19348839943747	12.416528382359159	12.319186625442322	11.776066965884613	13.347283629892287	13.411179935200575	13.461851583911464	13.630620928767687	13.414514797479592	12.768002321950247	13.087926868882535	13.517927692053904	13.524339694203489	14.148229491549749	13.480366113636123	13.6926623558331
AN005453|PS(38:6)	11.042288653481535	10.97119145891251	11.691028100017935	12.635842797890232	12.155340042439908	12.664762811803344	12.528671426587957	12.55280836561291	13.052967046160575	12.151996401240618	10.752087896119637	11.817507344842598	13.698620029650858	14.060390272200708	13.496488065254761	13.426112718507515	13.959607164810919	13.963572561721945	12.152208775536392	12.634767950147772	12.74008852059092	12.512296032433637	12.644552572876446	12.936245929060403	11.89677891931334	12.247598242422255	12.799666127037309	12.705029698742665	13.013032988590622	12.15634857855135	12.605102127095094	12.70334342572372	13.229251434099853	12.810832677875924	12.451046222976684	12.337058761963329	12.253469333537804	12.318523038883452	13.022976321650566	13.062545393855263	13.02762268093369	12.004989370958835
AN005453|PS(40:3)	10.020452196466566	10.166125413876522	9.396005317469424	10.425131962236877	10.94264645311985	11.145397243566686	11.205573346857706	11.128580820372312	10.79082904351685	11.54926967153918	8.504660113636492	10.949389022014017	11.561364326732026	11.805743872151618	11.277153703420138	11.332590463768904	11.619921906637238	11.418933076799686	12.702852306540056	13.251875873041001	13.019748818502089	13.32610079835905	13.644755339711498	13.708712102640083	13.149383542484786	13.00483492072718	13.329967276806503	13.589731892111901	13.117690173254132	13.021497078068135	13.536297004809345	13.704132760386733	13.537237817568641	13.325937830863499	13.041268996337129	13.076127481171218	13.326113441619366	13.90967748823112	13.911095141153574	13.840004844158377	13.324118651198004	13.49330007484833
AN005453|PS(40:6)	13.689485907209141	13.60053319779985	12.669883802226904	13.894215251715226	14.12929026260499	14.330781759140395	15.042592187318848	14.909516239204363	14.784298463750966	15.314419678585816	10.930966435899656	14.707438404787418	14.878993013781235	15.52139923352815	14.983996038378484	15.747269638338421	16.045922160157264	16.138256198627516	12.678190774623708	13.664877228933921	14.028662384014249	14.18184563385926	14.3724535994355	14.059177128242219	13.545470108232106	12.238965943625375	13.844572393289768	14.019505595719666	13.835533323006706	13.430307490795466	15.05861625353799	15.020429190143622	14.914245901628284	15.031185985583894	14.871015789163183	14.467792752070958	14.536603595063532	15.418056829485066	15.545220309819445	15.704544016411193	14.966148969905559	15.108285948073929
AN005453|SM(d32:0)	11.560213400871515	11.216721611016071	10.516881890821198	11.772735195544037	12.117048889943183	12.424853872577916	13.06335294588814	12.836020758986427	12.87088482835821	10.08837749571336	6.848497755385146	9.68238016665623	10.184453875582824	10.376809123299166	8.842444634125968	11.420865527100228	11.759609434934326	11.718725507946726	13.672111486303042	14.170835008614086	14.847297677343166	14.233330569572548	14.427227060425249	14.472862155452232	13.651556277033407	13.18700094581107	13.838780446195646	14.423408780085397	14.182040464834962	13.621987738938802	11.535518397768667	12.403454140788684	12.014850409063701	11.286811856851624	10.729374325830161	10.571354472980005	11.323752851313234	12.433661068517809	12.232160067208687	12.0343175254748	11.10055722078293	11.298841573112032
AN005453|SM(d32:1)	13.451620676033558	13.37148126992935	12.190355590303673	14.39692715753567	14.714614731648243	14.963017068103035	15.595755158028398	15.410017338187375	15.209110243053283	13.228742045285927	10.498031414368633	12.831384444133008	13.4995556749325	13.847409752975201	13.23098261220222	14.88787173792142	15.02589783358372	15.215820008659838	16.146465656509218	16.847887444999785	17.26696382935156	16.812479674100622	17.126388082422725	17.192683106244953	16.619183002901575	16.44011616196137	16.571589418730056	17.175687447572145	16.794030720565495	16.294237338498043	15.450112893183764	15.671996259825873	15.676839708104033	15.379103164616872	15.061805724748991	14.826740132148826	15.342939622774113	16.190073890125934	15.993850350697953	16.496064041422304	15.421138796717255	15.578725891389581
AN005453|SM(d34:0)	16.9522798676761	16.85821975655625	15.641682903145274	17.435983049665058	17.718838065294317	17.828552795988784	18.207772676178585	18.304687230410128	17.98467851523363	15.61327494653634	12.362513723008956	14.781590751651695	15.300026100770642	15.462299682927183	14.819036942170717	16.45776176800179	16.641256716442253	16.533856683367485	19.06391990623556	19.653019086293572	20.08473436122763	19.75787549136381	19.741207290957117	19.513144767781043	19.080094432614903	19.049754018354534	19.412769660586097	19.485199575967144	19.411232308675444	19.23394826922499	16.316160948518604	16.566713645553694	16.40794901251779	15.51649382879668	15.31551082776317	14.990893718944546	16.177797331658496	17.01943924524407	16.955867820834563	16.051673518269023	15.087931011314225	15.558668535605674
AN005453|SM(d34:1)	18.191528058581163	18.22990115091669	17.13409687499575	19.188539032965483	19.496825969984346	19.88949629883605	20.018210001553136	19.979165460383864	19.773989469926768	18.42112206825064	15.77111337475757	17.72965373324852	18.771367597682907	19.043263475658545	18.47400956846583	19.469787725511402	19.819972711678805	19.99606344101299	20.74978956400177	21.422290200465405	21.777387434967455	21.77551032946492	21.846719905427545	21.967530550858314	21.47672599993755	21.342648602634103	21.479167704496238	21.988143892339163	21.48058218130333	21.133567787518203	19.89499771010625	20.078014748424472	20.11489951523531	19.869937159928405	19.26133350411507	19.34742800468411	20.133039007798217	20.66632510062426	20.583059494129596	20.24129938330639	19.758762946529675	19.82447690635447
AN005453|SM(d34:2)	11.196294745028263	11.063449012805343	9.761202151092398	11.98108915833346	12.456903664170262	12.594795782469182	12.653787793142028	12.649806290998633	12.476536111996623	12.227260941410883	8.548398090660038	11.694949819258069	12.613520142399167	13.13367044011687	12.490996241745261	12.56008917970764	13.007120148788797	13.029154341042007	14.10800736572859	14.925991539918957	15.28300223452783	16.25347745892732	16.680448810034772	16.464333874039752	14.980614892344406	14.849692438417145	15.29982868741113	15.471844429040365	15.466905237483484	15.048219494257472	14.287516159680635	14.535398714969286	14.345808557226974	14.263271401390675	13.907812648896417	13.636971206329617	14.094487633961016	15.116961198679794	14.749292275840961	15.072474307529953	13.972251974604523	14.28288716061441
AN005453|SM(d36:1)	16.60986263236739	16.619463449750818	15.387669691241403	17.450705838575132	17.711855148256674	17.891644884599227	18.659904251244683	18.379754231482544	18.306140477827313	16.21999451281031	13.12026056104792	15.595084653111149	16.212995588029592	16.605532182877333	15.875345000397978	17.123429329354142	17.519659516481717	17.407852279923972	18.755072927801145	19.2048890389398	19.41313624463246	19.143677417322415	19.440139689197053	19.184750958936878	19.082125386501144	19.04997244598743	19.580883125545846	19.443884791425155	19.51674986220188	19.16441164669024	17.194521316307686	17.488101928647712	17.040859155486174	16.706315373087737	16.22856920290749	16.2695496927091	17.466702787312126	17.98328579063528	18.140514116753952	17.641211973648463	17.125117284786946	17.055856996576978
AN005453|SM(d36:2)	12.529464717697282	12.251633299872625	11.39333146127324	13.23694548226569	13.599516557893871	13.920642221490155	14.06790403413797	13.922445961269084	13.81576753632741	11.801841711118344	8.279889111532961	11.201290788272606	11.688001094829715	12.363165600405736	11.682959481185522	12.846369904974548	13.310895329101047	13.342715013554916	13.981996209426946	16.008512441268007	15.69405448232466	16.718698888823006	16.776913739314363	16.920226646647293	15.395350707673076	15.918639196017498	16.340182356360653	16.81883491155928	16.458472139275063	14.065626498340455	13.886971131054372	14.134423913587957	14.228784876934606	14.070125977125164	13.329136213089017	13.1815964292044	14.06654752995543	15.133499469639437	14.698089849607292	14.527080479230964	13.999803623724018	14.07078929426215
AN005453|SM(d36:4)	14.504335484633964	14.621121228249018	13.525203900125595	15.345275290192154	15.421734154493885	15.58667591598301	15.62243681478369	14.90195294759188	15.425840717241027	14.391230832853092	12.303235639763452	14.163395735567486	14.944793946851327	14.528495012591776	14.097084838896501	15.310481072926134	14.872045246959438	15.444574285726203	15.935626409825165	14.716085283091399	15.987129641514123	13.33449257840106	12.993168384500665	12.471809825782925	12.699980132703425	11.736393474698893	14.481908512437913	12.376535125953223	15.576860737644592	15.894226148419937	14.120523017992955	12.652383415981278	13.872253551801716	13.80377998723714	14.151907638540177	14.145417942878199	10.399555647284108	12.36893473212766	10.700552424288635	14.243970548998531	13.768136758072568	13.768346660197173
AN005453|SM(d42:2)	17.153146751168492	17.110800760779046	15.7028590686771	17.813178940725066	18.135505090231216	18.4299135638875	18.47526830625134	18.597333809602905	18.36534134178697	16.743341687473237	13.826487910305023	16.111476615026515	17.04351212456801	17.376428717535067	16.388580055419027	17.24109636359194	17.821758538674423	17.78356836556874	19.673138015255013	20.474566050398657	20.879278797302806	20.72792432566033	20.791449247973063	20.785106160949635	20.192001495721954	20.16357893539117	20.45108763817917	20.389433914253644	20.275393032951776	19.892422541592616	18.3217871117563	18.60154868656057	18.442598845416608	18.106154159835153	17.603179127717613	17.49134698415831	18.307143830030377	19.507602318874877	19.457060127392666	18.8538625231326	17.682845255042466	17.974285067693497
AN005453|SM(d42:3)	14.673862790142188	14.523120847345792	13.373989347411229	15.275359952530604	15.821245079512682	16.057769668002102	16.110980149827792	15.932930984095366	15.680571329620369	13.945885466104466	10.335535510205045	13.420795803819907	13.71498814269743	14.00650316075228	14.15951897475949	14.961830847629908	15.279499226348463	15.468540680836762	17.589587658578306	17.973873455284263	18.411931729258875	18.45846336793021	18.561039714442508	18.71629284690172	18.099947404549113	17.799351573736427	18.134854937684736	18.360008153818466	18.104073033521214	17.77812148135367	15.278695549156287	15.778917464114961	15.830743952264498	15.291999823572429	14.967874227113205	15.163665398413162	15.621671013512348	16.181829720206935	16.15445541232625	15.657549016702434	15.326596612089322	15.394596333322427
AN005453|SM(d43:5)	12.918248321427726	12.381975478557301	8.18159953482323	14.597960583597912	15.40098914149256	15.605194747516107	15.777733565359272	15.496898704907748	15.46500226351192	15.257075460684526	7.76467258459178	14.039339771117492	16.025099323401975	16.30649537289492	15.568561823122973	16.683129775160353	16.52751060502012	16.90697007783819	15.691901060020193	16.586233309990057	16.637202783430077	16.526721739348805	16.782084721248076	17.22526816942022	16.935329328253207	16.200206470955113	16.33575182064565	16.672107479781413	16.539808719767528	16.255750769572078	16.439056876674723	16.520183731813596	16.62918882529878	15.527269897013698	15.354386453504986	14.969768730928584	16.829216935248947	17.00619533493798	17.105772369895657	16.427423995210383	16.72080723350158	16.249661064623513
AN005453|SM(d44:2)	11.208453855679688	11.041255304761261	9.910402885903768	11.606465362295483	11.81437417729506	12.379278176436763	12.357667459586063	12.278095129698112	12.036221701586703	10.869832858962997	5.643856189774724	10.257929930148943	10.98336417996507	11.343291220465169	10.812746889101858	11.738548308915139	11.914680368546092	11.598112999007702	13.861212942395305	14.612916862693378	15.02028636910091	14.783747712067187	14.839671780886704	15.303983327600564	14.43308789679932	14.115452561776427	14.728917491998088	14.602758589500851	14.395365436312892	13.711263659413138	12.064874096556192	12.356446467941845	12.205945939775761	11.901934097974625	11.48795556535977	11.43426855145477	12.27764483266226	13.283030458802967	13.115224138363528	12.765677699353017	11.404705184074043	11.511021239399955
AN005453|SM(d44:3)	12.567136129362767	12.358491869337152	10.885406585190808	12.809490815269072	13.10903401448473	13.571452840800111	13.438917875008887	13.35585760270663	13.237233866025747	10.630312635193517	5.643856189774724	9.901078065844802	10.38194304350203	11.088834605581017	10.218793274129629	11.038713267157645	11.785942819392252	12.17922800208616	15.192836805219805	16.027452708039885	16.118685829673723	16.333378831905154	16.409125378902708	16.490770982407852	15.96963137196294	15.725422978215162	15.741926972247406	16.089375580192034	15.865999257725209	15.218728958005086	12.426516365615893	12.828166242448269	12.692125076377096	12.289840227464062	11.676847419489635	11.26606618438147	12.586478599975916	13.631892085907554	13.5436650359984	12.70569285834129	11.411251449040343	12.158994607978098
AN005453|SM(d44:5)	13.458738538461233	14.332814906809567	13.25523073366151	15.074138953424534	15.163011988417999	15.36435698038805	14.951447737581915	14.748419825539207	14.248129191909607	13.151114872274212	10.486090861498136	12.7604351222037	12.741195191436777	12.207987383908128	12.614079447412655	13.593579034422016	13.794846336115228	13.800945387765994	16.553335151639306	17.044030432570842	17.08886058279329	16.90025962308987	17.135585950444018	17.036053597661745	16.696047895331787	16.66812627325911	16.630634294249976	17.193626613565137	17.10024510593195	17.187424762907536	13.384930763694094	13.62707099876054	13.725956253196212	13.372236600182653	13.254169426458123	13.10810458972536	13.541930281216086	14.016544547004049	14.26691095606716	13.521736606043818	13.198549402850805	12.945385308008529
AN005453|SPH(d18:0)	13.012853215138604	11.021486667698564	10.319096282668918	11.868510065591629	12.026727452561133	12.341474346411966	12.386436453166068	12.442106344786984	11.953261600838854	9.830404287114007	9.02297805492676	9.70659961901207	9.47082153663545	9.873521013186533	10.00768607336771	10.209014641651722	9.017086773362719	10.804727986210404	13.428313059252261	14.023285678467207	14.4129012422583	13.867540339622915	14.101767259319738	14.133211262269477	14.02567683843404	13.707295495055824	14.084423086300621	14.03410684621226	13.776574909672693	13.50295856873703	11.701674670457964	11.983595759923555	11.84852514054177	11.103864771043543	4.100977647724821	11.109967736434987	11.466254938607792	12.39752222753507	12.125096998635296	11.878817284614229	10.921387234826355	11.518367932141944
AN005453|SPH(d18:1)	11.61285007194936	11.590039620127577	11.889960199658642	12.232522859633598	12.754000155559215	12.871706988193749	12.76371448339569	12.845358712673127	12.36982905306477	11.278159031437237	11.286979304251783	11.599513071038707	11.22388707430475	12.110095015346703	12.488116289500141	12.145330366838179	12.205686356515956	12.103333711614868	13.731234164114785	14.355682134928129	14.743221359758563	14.09276209522124	14.312618522025431	14.312765986764417	14.322142933376334	14.166356119654944	14.434695331201304	14.256428379036958	13.899412628004344	13.618212267501402	12.569483022194945	13.034193701390649	12.85518578799043	12.886449169159832	12.641356359444636	12.474930303095014	12.67386996550655	13.430804035083465	13.274851305250088	13.100097238484137	12.418927807729816	12.587493917793088
AN005453|SPH(d20:0)	8.869161972501747	7.2228431931073045	8.827215658900974	8.158862106208455	8.71087529578098	9.42313692521678	8.032376392767894	9.171827302684438	8.462420473252632	8.784831117245584	8.693243002930453	8.015080475613182	9.762946713811598	8.691185173640282	8.332036548361652	8.374300512761405	8.59585420665089	10.214306976852004	8.463115619892362	9.019674118724708	8.63146811235315	8.426600226169924	7.551823595721256	8.18308946064076	8.39278965635932	8.831307243802051	9.148756196409488	8.520854363693521	9.393926675640417	7.419286060650465	9.212253179690862	9.17916267538715	8.126756088915927	8.659425121425691	10.637612057417305	8.320529806661234	7.555586115191761	7.541561301323336	7.0221458428701755	8.168772388846817	9.423199968589174	8.62993940943954
AN005453|TG(12:0_12:0_12:0)	12.28318966232083	12.153346189153899	12.17174913248982	11.989649947083086	11.816263695577332	12.973431903213703	12.12169862783565	12.052034752810059	13.61456492327232	11.967136177662045	12.349715243867177	12.737325518584678	11.828088869710665	12.061884179701249	12.920786417640388	12.159300577469988	12.416895146315985	12.12550064951017	12.149658218303594	12.173555345217805	12.19836523058297	12.179097345729945	11.713588426557367	11.858295773010846	11.510086664034237	11.409873521771154	11.831659560435385	11.9762060901486	11.85926299368646	11.919492788588368	12.305038563060709	12.16547861325539	12.055370567374688	12.19775729523352	12.6531227322637	11.833479152523491	12.019729709624873	12.124386298677809	12.178820439579379	11.864139705225288	12.28987480070007	12.29359234735822
AN005453|TG(12:0_12:0_14:0)	12.369098368857005	11.936380291883234	12.179734961139943	11.915550777327974	11.698192427785045	12.84453316414255	12.01370999237634	12.219531569167904	13.40242054654857	11.920308189242508	12.179598130849836	12.490108785755266	11.7323370447384	11.968018730726772	12.883038437275882	12.24488408679584	12.456811281760054	11.967276701836676	12.120105008472844	11.833933692185319	11.960150394551132	11.721394022197742	11.6443475240974	11.928444351037607	11.836886686311136	11.71982943452087	11.364566960899555	11.938914275455247	11.759526216051167	11.663309035486032	12.135943304318957	12.165151962949741	11.991603331952074	11.819883690406165	12.231536210746166	11.808734966028634	12.047832812985604	11.568863414384573	11.983478193205544	11.711150711243256	12.052418611374955	11.859072708328354
AN005453|TG(12:0_14:0_14:0)	11.815655476748388	11.972222351812725	12.09275383804281	11.723020931812032	11.480093420139207	12.531922369742503	12.294247391756722	12.19028767858039	13.079268096626796	11.732968700352624	11.976306348419994	12.124677081887155	11.745367603170184	11.668149270365046	12.448627406021709	11.978735480854896	12.183799737625007	11.921480218222532	11.674139291834942	11.852623137196137	11.678586935606695	11.648914777153575	11.566244354778568	11.771815442134454	11.654993972963718	11.658938896156666	11.681449265314958	11.9058457662591	12.04086846404897	12.005143804657322	12.41013065807523	12.214416268711034	11.93993910861184	12.109370354609975	12.579282934374792	12.026627180044173	11.998227242320723	12.135096812219501	12.07806739326029	12.163536469696705	12.00138004397103	12.046963679523152
AN005453|TG(12:0_14:0_16:0)	12.356619779679049	12.008936277357181	12.108259807736218	11.900621559161527	12.349527278855252	12.449491734835188	12.736710564006723	12.572726276228225	12.821754055105867	12.506049668250323	12.32206897619609	12.540764951019861	12.004125641473372	12.06152308283148	12.994372884822688	12.750261046673703	12.538596360674605	12.684321270479874	12.746864875273713	12.334926875886673	12.542964131902709	12.734919151384153	12.722406252486659	12.912127754439023	12.517179713784408	12.287897032697133	12.036585752262297	12.824895114206393	12.341863472219588	12.203565186266637	12.948018562490486	12.77719982585401	13.112996537560516	13.133742675074869	13.411590429384349	13.032168013233102	12.98273159911773	13.036590903263674	13.128672640722927	13.441506044340494	6.55596949459953	13.240415705631687
AN005453|TG(12:0_16:0_16:1)	12.09842034734979	11.552846782032969	11.365852168842155	11.756552152879214	11.563062771456048	12.654255615231593	12.164407300730442	13.251143591956739	12.56574234050076	11.716103508095047	11.895476827391203	12.66048621841297	11.551549662176024	11.821447146627728	12.441629236507747	12.719467970189214	12.717057319245557	12.97273572745682	13.333267182800954	13.083753546294282	13.305416263822769	13.843733637897321	13.83575831392319	14.126639143603382	12.701460254583793	12.701726645265126	12.712187351080747	13.892888081087836	13.561242591695873	13.003728714296965	13.858251086506773	13.749546837564324	13.66434727911515	14.40720734082886	14.303508219715773	13.610952153384815	13.757351461973771	7.8718436485093175	14.19238991567688	15.180782138233182	14.243809932530146	14.25788059093992
AN005453|TG(12:0_16:1_18:1)	12.496354488564615	11.6311634109827	11.54239832646423	11.900780032395316	11.87402845483733	12.544049180314037	12.478625544977652	13.520783171804387	12.870189381406629	12.105296346107718	11.917457862825966	12.434662105554581	11.877993418422417	12.157552207925141	12.623870061775538	12.895804353563765	12.942853513501761	13.270886593443878	13.946696140195106	13.956348021880792	14.564258474142171	15.003774384044881	14.852713833325565	15.591535494857554	13.912455265166354	13.669452025657408	13.721718696615419	15.256914454391957	14.881988128849713	14.610339146709853	14.167525559887624	14.5511404671861	14.12191550898795	14.944477356972202	14.852035424647356	13.938251787158839	14.455838983134937	14.547864529321732	14.716020957708812	15.52605535873973	14.800387810001125	14.83303583842747
AN005453|TG(14:0_14:0_15:0)	11.758356482939918	12.179955728109395	12.140890467471765	12.010531602477112	12.07298001396403	12.364025189926556	12.642198392568153	12.78519087933783	12.329726275571494	12.314897578205564	12.189889404588458	12.286860938275442	12.03687418002073	11.944184952875077	12.386789395536862	12.678529719074996	12.535110098854071	12.81478271506211	12.610330494704682	12.17122371888704	12.434516164240495	12.393722936202684	12.107445952840635	12.999554372289854	12.155646787898982	12.10705356960822	12.081343622385564	12.59377859078265	12.156636150875055	12.223567352796353	12.356809573410292	12.172580646221737	12.420736602163123	12.372149519205422	12.876749063662393	12.235828758979109	12.95408904958591	12.363540707224233	12.39260722079931	12.336071342534476	12.726852499079083	12.746743135587531
AN005453|TG(14:0_14:0_16:0)	13.569795099293056	13.440190474266796	13.028772873181818	13.05014964659215	13.437298233311049	13.476003151225699	14.034251315307404	13.73800779022494	13.8903070327606	13.291659958245031	13.193553080677619	13.712747299831411	13.208363926780088	13.428340542286257	13.64664420732723	14.083401206936948	13.601123101349291	13.983823740799673	13.866089841514615	13.985359001517947	14.129539008195858	14.496480575300374	14.304731341031605	14.716744452953405	13.585169121932879	13.640511575137781	13.589625400591597	14.396949895056705	14.102066739019815	14.160610465562565	14.537098858690475	14.448675151123869	14.628274648575863	8.529274367609148	14.582133158888155	14.556938271553161	14.514359623366301	14.596072089686588	14.680970407600354	15.50207098205001	14.984153625897779	8.65753282796212
AN005453|TG(14:0_14:1_16:1)	10.605683221849928	9.823319467896331	9.656853853777786	9.854541169094606	9.904107719761257	11.07051679252533	10.71567033395482	12.013095816747429	11.0813968871102	10.11014396578449	10.303872055100388	10.868853414231923	9.854728157705233	10.038438925337775	10.662428054662973	11.03875441393145	11.137260150899403	11.356589520399757	11.925057384757656	11.428077468910896	11.610138983705502	11.928229659317699	12.200607462602983	12.576798455429746	11.199672344836364	10.756931541222267	10.854369741575193	12.246675289832032	11.772038216500244	11.5505880801998	11.960233671694455	11.754035659904202	11.655982333180482	12.242146947635886	12.28281043957256	11.818358486490274	11.441699256840266	11.833708416513506	12.04824844859578	12.70821741833125	12.11610349202433	12.17315867220843
AN005453|TG(14:0_15:0_16:0)	13.645213713012842	13.258211205049646	13.062402044066435	13.244057542119975	13.352784175950905	13.472379880077682	13.748585972360653	13.916382404889989	13.711369069727564	13.359527210048872	13.267291454145203	13.611556255044215	13.066477737192045	13.466035663504703	13.56903911565981	13.90321625290015	14.017370425378235	14.153524323844131	13.98276011577345	13.8996193789055	13.696128607239045	13.746188880285798	13.848209201605965	14.5259795308001	13.725746481066597	13.513828738947083	13.3699258137069	14.334760014987546	13.98013422108822	13.90279244825571	13.996011759502306	13.784795340542496	13.547206640360294	14.066621523414783	14.252368289451155	13.893921483441247	14.028958441414055	13.829371927297618	14.15797213616776	13.73917197626324	13.940554943875958	14.179383529940726
AN005453|TG(14:0_16:0_16:1)	13.09892197498388	12.847865796311895	12.313747519267515	13.1984895494426	13.014533135915324	13.79231548493088	13.502221437836083	14.562960849613308	13.806553649604686	12.97933944567821	13.037313578134937	13.410350645543323	13.42449043878542	13.573305169538628	13.7798927061204	14.098015628771796	14.453167727698593	14.577600539125994	15.50538204263973	15.657823081251854	15.917304008624598	16.461433882727242	16.646429470435162	16.425822691248886	15.300060788371356	15.294220463227772	15.590612778682774	16.361924760128097	16.410353461430518	15.853851439058072	16.21311067650817	16.25778466921585	15.988496527757674	16.54022976970263	16.129778053348513	15.56289438792515	15.821022050272207	16.633537071286252	16.60147353266771	17.351623394971394	16.187229497686868	16.70672776093769
AN005453|TG(14:0_16:0_18:0)	14.435353171722216	14.263465811400774	13.948671107378626	14.419012110538533	14.662239441511227	15.033799801342045	15.249821956715529	14.799611998906041	14.65808258522614	14.694947099537584	14.09441093217426	14.43398178880988	14.847477287798322	14.920761765771546	14.8787914262	14.866985227994109	15.070728509873339	15.289896048423635	15.76012528489461	15.787883179166679	15.440199884722373	16.29112320359158	16.178082217243496	16.45378810932601	15.88839080704359	15.830565712303038	15.86315904890623	16.75805726297537	16.18627831355299	15.785442506171847	16.624381958036075	16.692020975778505	16.58292464077769	17.006744860442833	16.639965816432632	16.452653729422963	16.322817177559887	16.97993824692611	17.114568337848223	11.525966077039682	17.22409204713464	11.019743607015222
AN005453|TG(14:0_16:0_18:1)	14.044697210588748	7.57569050444013	12.85478269148508	14.543184107437902	14.737190821574423	15.501841537854904	14.647547805119965	15.413221651101987	14.868844735076381	14.316381951141373	13.389998284527254	14.56977433580306	15.131240436795244	15.538679711727852	15.121680013381736	15.331791694737278	15.873067961114415	15.880184964949732	17.47076069916699	17.897215899947774	18.32793054770316	18.650672785379133	18.8050432595138	18.738141817096658	17.93520125698182	17.736660428898503	17.840067746110552	18.90324859232242	18.933050235081375	12.367341031032339	17.999145282019207	18.255947624325206	17.79805817446622	18.25722548984889	17.600359766148106	17.4745864777549	17.391693857808757	18.750023496193595	18.37500900426989	19.051507311505805	18.12860050384527	18.421790850248374
AN005453|TG(14:0_16:1_18:1)	13.336884478555737	12.945074336226583	12.533259153392898	13.469930479979427	7.4063325778217095	14.39660210555801	14.186274444097759	14.653858871581724	14.208506438625498	13.463936841302159	12.834749528035555	13.763503906189102	13.854181732296757	14.074614811223546	14.18472195544924	14.656450002958387	14.680536992220903	14.876468024560609	16.522950341069553	16.43958304554575	17.2916204819234	17.303176585879367	17.538161568976133	17.920865893792723	16.881072844045477	16.449226847285647	16.90030090419249	18.206811007296572	17.69597309011326	17.314883155033936	16.396068721197697	16.767683115243845	16.306091246710572	16.99407273818371	16.796602798071824	16.254580425056773	16.348002959654064	17.165843553563725	16.97511846687398	17.756997389854494	16.68026624753867	17.057822964260907
AN005453|TG(14:1_16:1_18:1)	12.005568412107902	11.559047212000957	10.84971784645969	11.872678727452252	11.609095609912474	12.261524938768973	12.222683225498717	12.761330988568389	12.196307041545566	11.801946767808742	11.307627747257134	12.233191238168086	11.812217424396025	11.910785119316925	11.949655298486134	12.708932985292416	12.86537177865779	13.042097095039193	14.169398139971937	14.576247539252398	14.811898950052191	15.534543635812836	15.741429327945497	15.953679703628659	14.785715031109811	14.192668852628154	14.31362778680592	15.744431543997655	15.473467626950368	15.048768250417663	13.923660819410266	14.047998059514558	13.92726222492941	14.555374014688127	14.24697805961472	14.00189722030818	13.836810765864902	14.386001892156933	14.365991558743222	15.22400242811463	14.512111430136619	14.739092318042841
AN005453|TG(15:0_16:0_16:0)	14.08448786400765	13.83084791540687	13.516801886574491	13.658205903010803	13.905711349284175	14.006358516004529	14.281882950294973	14.446492101379562	14.390629131545438	14.01497503299889	13.767329953364946	13.800338765200102	13.679408622751886	13.7571899684566	14.029084441584004	14.316367100826156	14.302996554741943	14.49273197086532	14.775573245899226	13.859127078134579	14.428912332364122	14.557890248341243	14.437150607331844	14.916242433804507	14.40089144090621	13.84700545669649	14.159393617180594	14.913560766478014	14.454767733546706	14.24696841351828	14.415900841467657	14.36792318161505	14.357969110803388	14.52321827045682	14.75267908628722	14.237327242193999	14.552292646193841	14.471519633694863	14.476029107557851	14.390385290484003	14.57344009287934	14.72452131384629
AN005453|TG(15:0_16:0_16:1)	12.825211229830604	12.27502742374674	11.737412140605661	12.410021977187924	12.032727642197768	12.988372258349566	12.901442035845617	14.12779608183205	13.595905476207985	11.874343593888465	12.293373933115872	12.799753132487819	11.898325518342842	12.39950224320999	12.7580170412064	13.538362345798227	13.404810275544516	13.667937572316848	13.947470744520603	13.324149599240307	13.172661896294459	13.365774268619443	13.812487194899486	14.510135509353514	12.726494919023034	12.038761271612993	12.586229937511932	13.778124369630293	13.104813307376165	13.327371594141319	13.379004647657982	13.068509594673175	13.188153004385313	13.415688960038072	13.945271902535499	12.91419263538988	13.587642755380697	13.205742858025637	13.453369674403934	13.09261345877833	13.373332826555448	13.713304883068993
AN005453|TG(15:0_16:0_18:1)	12.532382713773172	12.052058534626903	11.281176615986404	12.040217789992619	11.968958326357924	8.214416268711034	12.808841532586293	13.976395858846555	7.948308821696174	11.85819474068089	11.7733658981294	12.651641478560766	12.105748127476755	12.004813858050781	12.581235895503225	13.11315448667973	13.21914733980063	13.549479061415349	14.045620605904402	13.845405760592447	14.174252382126545	14.382086968498447	14.441882071688367	14.917602377585709	13.675291087850377	13.247578958456467	13.542746540686078	14.567584186621911	14.148656907788272	14.00648124581357	13.637589417353642	13.630750597156334	13.539963315842913	13.843345977974538	14.01551436493132	13.28978692543525	13.587302867519556	13.719006918286219	13.593280231775333	14.012801722498608	13.667040559022988	13.867220814495381
AN005453|TG(16:0_16:0_17:0)	13.11916323324846	12.803673046131303	12.665058278279544	12.981313967509278	12.845366554099563	13.23241343185818	13.320220929274903	13.552293246672887	13.089910560594703	12.781402747820115	13.026008102260352	12.68655742847471	12.760655502876046	12.933476742590313	12.93219075607342	13.072499429583251	13.273495492095396	13.192903056369072	13.479815623768342	13.385274636086901	13.510547846327103	13.730143179837306	13.228934402020167	13.913054884966641	13.442908516288446	13.294682487107586	12.719827295945006	13.796721036083667	13.371880079142294	13.173617803469128	13.728457324731492	13.65888870302527	13.697677835198721	13.528836222943092	14.030561964634527	13.342914976484401	13.704932467317308	13.602752211275943	13.693070903018766	13.829319397885106	13.784563281528593	13.972299549330609
AN005453|TG(16:0_16:1_18:1)	14.914000580254928	14.80458885089998	13.989007695021167	15.594792284185658	15.950585968068342	16.385229296820327	15.545288797504233	15.981694814217814	15.707448111350109	15.186008974689894	13.663211175290147	14.711812676685113	15.974450665693556	16.11036503790546	15.434718458405667	15.649165781666394	16.319687642817183	16.45932194582275	18.983580953279013	19.135356083148515	20.065309310783746	20.0825909778543	20.28440173523843	20.339912053230364	19.56344934591681	18.94507805227776	19.52929905886688	14.360175635917093	20.319078636935586	19.980566112852568	18.50811253252812	18.939451146719968	18.37168719617381	18.75669762727035	18.690734359177583	18.126288502886066	18.089521654081203	19.22397981044747	18.89287444755509	19.591196048058617	18.682291102476295	18.808227190180453
AN005453|TG(16:0_16:1_18:2)	13.578517755592925	13.128940014071125	12.337669284938686	13.443734843671399	13.843411740285088	14.177462363469349	13.904803001521186	14.123590383814843	14.007951438310249	13.342859434006268	12.118113750940603	13.197298103544263	13.683905852679988	13.783102599932256	13.542191534496974	14.26892060689536	14.226477672557259	14.583038681868446	16.96257455246818	17.41269520393692	17.629742445575168	18.431589826452747	18.582186241743802	18.809408163543395	17.3643431288075	17.245571738801278	17.48448267750755	18.839836108270084	18.47205841905171	18.081431424904082	16.37247128445652	16.573141676433735	16.441254278157597	16.874110969312877	16.54057563213304	16.40773413457908	16.17912301130523	17.145291254457582	16.973460267944006	17.86733575757105	16.80480712603404	17.045389812477527
AN005453|TG(16:0_18:0_18:1)	11.326895703405247	14.223348634538345	13.593934948993606	15.17794970574171	16.32806654773465	16.2801130212008	15.32622160720648	15.478593947769285	15.093027125545117	15.330572754869156	13.185866545311335	14.483090847435294	16.40063598763178	16.765871517876707	16.217334484970944	16.005062860646856	16.43571599546733	16.31238861002678	18.700576230981305	19.03174847202226	18.766342167094766	19.365338393936508	13.74485800832412	13.713626013366737	19.466874537288465	18.86624403223781	18.819037066949257	20.026070057126294	19.42749605876541	18.984533668193567	18.482343610632594	18.574935942000224	12.93788687520168	18.551418984760296	18.538531608737426	18.72115330611683	12.573580920451178	19.002479508915584	19.039400767869353	19.558327656796195	13.029632328044137	18.95938746649394
AN005453|TG(16:0_18:0_20:1)	13.042890528768066	12.806628158523017	11.529425673572804	13.125486120038193	13.756322803850708	14.858387084606541	13.69198554716003	13.646305563816435	13.548959140945845	13.53277961211897	11.36808079276682	12.897739593994947	14.815258695862756	15.365292765569901	14.444657750179289	13.440442263926002	14.130276942557078	14.679554321616944	16.605899770258706	17.444602835641597	17.691243185658035	16.76421564761335	16.90256919441591	17.495278558058907	17.343584962702536	16.107029859702305	17.50700157785682	17.854265207056937	16.6922313493443	17.24018238039403	17.42687470436212	17.175775928557783	16.286548196069194	16.602814977580795	16.049223189373034	15.59780960665958	16.037917103256806	17.486919846521626	17.397254727135802	16.630788841418134	15.998390114979118	16.879764986918758
AN005453|TG(16:0_18:0_22:1)	10.247702074730588	10.318407232929317	9.330692839750801	10.368462808954975	11.462532946155822	11.449040284382363	10.738818492337877	9.896271848807375	10.163033222997708	11.18888551341164	9.728413744703369	10.377438306360537	12.57111030217669	13.147004536714823	12.27092308346558	11.727673746228538	11.90220550870482	11.81811877907751	12.647422448573876	14.210650798931475	9.53368014198433	14.86031590528465	14.9797967182782	7.638073837180719	10.034771456213223	14.338204325494024	14.134158357089873	7.94626298433245	12.783814713523155	8.155172411693428	13.61267847465458	13.740489128066255	13.99724741446424	13.564061343771671	13.783757430028539	13.584970719175356	13.731361462608158	14.23524688324742	14.36829159635074	14.521235426056434	13.644244988778077	13.882302011883567
AN005453|TG(16:0_18:1_18:1)	16.650515936225723	16.139653667567867	14.788357919743458	17.025021979398783	17.478540783904496	18.316675876371264	17.197563135645723	17.345848137255864	17.024280240007467	16.03833731989482	14.059334320008272	15.906965029614097	17.20151593906302	17.372569653429323	16.754830363044775	16.661697667507887	17.202459524430964	17.457059546074497	20.308200913104635	21.2269457757355	15.422253700058382	21.563732409042675	21.730410015898563	21.558584252949245	20.93367100538203	20.982556441854875	21.312883420481125	21.57815288812341	21.841332001713347	15.171160374858896	19.983267097380278	20.34588703418584	19.828428754953332	20.102979793955853	19.570005164512725	19.066820467121463	19.31695847600732	20.692342893477267	20.57330545619013	20.93493019045861	20.087551126753294	20.308851047832167
AN005453|TG(16:0_18:1_19:1)	10.428820756517748	9.815815559196887	9.201290788272606	10.103156648355485	11.097933355013074	10.885688748081185	10.662365742720949	10.768664040381227	11.016982347533649	10.239204687768318	9.417747050867364	10.37569110419135	10.81637570792549	10.739535921444215	10.657782895817647	10.62517914892243	10.61290534726846	11.154128234663474	14.214102032297962	14.58628565570488	15.10952666077002	15.471985055757083	15.424309015642203	15.605277811398498	14.832170563531404	14.340104622768353	14.489100334347341	15.465224565984107	15.139186795627356	14.804073530092827	13.11093347005187	13.045795489457028	13.200112385582642	13.251470575501603	12.81947659476982	12.731147170350347	12.779834240959003	13.430381983334401	13.109830654278793	14.072088210290312	13.234157292025206	13.418282201059107
AN005453|TG(16:0_18:1_20:1)	15.572834910417752	15.16092042446494	14.087455382444656	15.916800371035608	11.228506072702205	17.33984843745947	16.020848455351082	15.981195991665091	15.544313069257532	9.259813866940679	13.166048503751238	14.701197064268097	16.312916449068453	16.514168965236184	16.42364332865586	15.654240788270762	16.00946977931632	16.153474448347914	19.79300967880751	14.222240203746749	20.166392458337114	14.62225662916631	14.846420837773616	20.83913183488984	20.511275948349297	20.075881623560452	20.030518360886635	21.003407722769698	14.647294832291774	19.771334645386304	18.65907730164078	18.721532171281964	18.933916432933994	12.763266321603894	18.2069921974634	18.17846606219133	18.748405181950332	19.353767633975487	19.387842005586812	13.316700135453818	18.861560121792266	19.048947966319183
AN005453|TG(16:0_18:1_20:3)	15.329572125765376	15.22523907464574	14.132845099681951	15.485354494367824	15.91182614487883	16.30158764660319	15.811950612872497	15.890011042054734	15.742264430118583	14.900929056816066	13.207697668655053	14.253302383587291	15.136391599635083	15.367612685038518	14.592572663147001	14.905494657793898	15.362683910592638	15.710276946660347	19.049062391866503	19.615130165198057	19.97553162745385	20.303916034620233	20.548712899394324	20.756902271484783	19.77104736104775	19.419316164825837	19.7683167083599	20.836586486043352	20.49838138580197	20.169076316351568	17.34824490461232	17.682781350277864	17.474112147859874	17.67604893458289	17.170645210342432	17.143235317411722	17.474424952146734	18.252380810237312	18.191816268782024	18.63816418809628	17.927640770387924	17.76428045179423
AN005453|TG(16:0_18:1_22:2)	14.979786449097888	14.349168557068444	13.54990376477394	14.994263707630637	16.24203322172046	16.362408758282804	15.044419735165148	14.823204509677414	14.697185326325995	14.206393229565593	11.808031026908324	13.646674580103074	14.824798675212177	15.149489529090918	14.860280497243934	14.258649207277877	14.456404472163882	14.817535824249212	19.28061494662856	19.87092066922694	14.025541889328245	20.06268401325664	20.196416396684	20.265034930623067	19.36899147441339	19.830822141909582	13.877795045476143	19.938515116167913	20.174272988569676	13.832641831870996	17.429708960483673	11.786620863976232	17.727137581725447	11.080331218793674	16.723937395367656	16.758641848947097	17.473465882897692	12.236510556288364	18.39415011087723	18.834755884508954	17.866487497444655	18.104846674996928
AN005453|TG(16:0_18:1_22:3)	15.567797470034158	15.185444980328922	14.00779117423207	15.665969844136729	16.40063832226598	16.43130334707527	15.86784121739555	15.46608283596259	15.393757453296232	14.676502019156878	12.741125654266776	14.212354266957053	15.077477098046298	15.270773468510964	14.706437739256769	14.693593674652806	14.916671168985845	15.191455237964682	19.46955877229147	19.959349851512258	20.426747492423665	20.62903179354881	20.729815957563282	20.731946228333033	20.084043795462854	19.91132410242593	14.052812554667273	20.921605416709554	20.75832271967844	20.027363785556158	17.35577873086037	17.510538111092828	17.33559072478325	17.273519258921905	16.94360614749799	16.81741215958843	17.278148956208938	18.238711348482404	18.20250921755443	18.27735606020147	17.5750685333385	17.61131771410762
AN005453|TG(16:0_18:1_24:1)	11.498275803274732	11.367556720306236	10.321533554018526	12.240042963600722	13.313971371059019	12.995611710129621	11.634198455254726	11.995003917368205	11.932816364720773	12.42574829067994	10.81092503567264	11.631327139121431	14.04573662857932	14.403320321412664	13.746848084203599	12.696406852059283	13.068627149779445	13.093179846765505	16.014133612445953	16.29304840579518	16.37574709359341	14.147010103430329	11.380369067348223	17.057117792754397	15.958733494092042	16.399842493466902	16.498639504491088	16.40818492656771	10.155906047631378	15.767090411011345	14.777045163750065	15.105335227785634	15.238995415743034	14.503295310967884	14.061755950040403	13.948020388202579	14.884928879647854	15.676793714340985	15.535530244003214	15.39518935227222	14.428032309701626	15.33427153920931
AN005453|TG(16:0_18:1_26:5)	14.4501299736775	14.32228168090497	13.205724533454141	14.977778089674569	15.657905960174968	15.991935870607872	14.777897911196977	15.255250653382861	15.130441457701222	13.351361654792276	11.794501158299154	12.882537976378803	14.484714033629453	14.636969507582744	10.532950025752546	13.413828876948044	14.182697728218045	14.111185400614865	17.83591420810106	18.00381846056764	18.60675082180443	12.77927408617577	12.87556506779881	18.983462550320606	18.404762178855588	17.859563115397776	18.404570191827784	19.26248510334254	18.578711594069436	18.51548333155638	14.00100963882542	14.260746829084766	14.207915722919065	13.708307961474432	13.337690188684928	12.928688616551907	14.218572317330642	15.179887325054883	15.159920597541428	14.81339341481501	14.141609848287075	14.197404851774918
AN005453|TG(16:0_20:1_24:2)	11.941410802758636	12.151435202293632	10.837415060821943	12.597472978838347	13.856581150764821	13.763988291527257	11.992948954588766	12.407859912577013	12.15501108824456	12.42036818170287	10.877667574067882	11.724373157913513	13.529249961935262	13.825161530705085	13.58169724683763	12.401386211276568	12.516699720855568	12.95795630238433	16.372474345303534	11.144237607874608	17.158069602031453	17.320358363195822	11.963477736487993	17.68683984998766	16.9258222546863	16.882357065756537	17.06233900781234	16.910093418135133	13.323954052727537	16.369551341239024	14.535271123386229	14.733534412021251	14.556955629360333	14.313299711457521	13.173585013224338	13.12076923048307	14.341007256859092	15.152126761556637	15.277679699388052	14.770165738549354	13.966503649437048	14.184525161796484
AN005453|TG(16:0_24:2_22:3)	12.133611044219615	11.371428177794545	10.13293664904174	11.77313920671969	13.608944350430473	13.533079039829031	12.301116037054557	11.924214967580694	11.954428984371878	11.535518397768667	9.866753466031026	10.940563202175115	12.263495154032466	12.759542860211829	12.390940086657286	11.413061951563948	11.54025399034071	11.985678308464365	15.94156371228133	16.756812211413614	17.11020617123608	17.27080676830359	17.397958344877924	17.385606125643786	16.54202447694406	16.846100641381664	16.804184980034897	17.22866295368039	17.09973387200488	16.57534675450882	12.516485518634797	12.954806999581926	12.888254278088915	12.014623792506283	11.874024611253272	11.312310073477848	12.848286480988355	13.86228477621662	13.60372369580138	13.186563076970618	12.289531912806902	12.323403848051454
AN005453|TG(16:1_16:1_20:3)	11.868348007512202	11.621809213915785	10.62067804213541	11.627688906584238	12.152059799826093	12.153659691500026	12.780785800222617	12.904659080296934	12.774951741416418	11.695254395512437	9.891084965911613	11.23119117426268	12.309320024986949	11.91682742270741	11.35904121423277	12.764114806518966	12.637175041434118	13.036656147689298	14.201697412593642	14.69769195094577	15.180124001366254	16.008882456857112	16.384083037941352	16.15358389509384	14.802764736083784	14.711235154280683	14.88442048825903	16.083214822846056	15.922759293800834	15.640972992579979	13.031926875380837	13.19284759049794	12.881284151933418	13.534871871113213	13.250847615351434	13.065952922014127	12.473599217571389	13.561270042650035	13.590121513863696	14.414788942300143	13.550268212160235	13.60426248329782
AN005453|TG(16:1_18:1_16:2)	11.486191446102682	11.11458826426357	10.315409993897326	11.221677739966564	11.54371336166234	11.896964296125788	12.081103906785657	12.151565216958275	11.837324383430358	11.265152044056332	10.003447637867087	11.025783231714206	11.358673176278312	11.584685394007868	11.196682034985596	12.10928872586327	12.295042813284123	12.429189640900683	14.252631434113237	14.737996175296276	15.148057456526399	15.704559686135545	16.218730093020373	16.26131061473654	14.67942676718624	14.635169977988125	14.757984758846014	16.006395336043518	15.696743988958945	15.311484738014101	13.529157216608997	13.728874988472585	13.602519096799586	14.042157814977376	13.579644749711434	13.593731913405385	13.362617824036017	13.939120953642917	13.695985116281983	14.740475951958055	13.910575278215571	14.234939396548663
AN005453|TG(16:1_18:1_18:1)	15.608692889746855	14.985126369929224	14.029936811188152	15.621929091327788	16.25759980398903	16.180265055971763	16.07465954549329	15.996556460731634	15.579536921733144	15.122648455441993	13.324859815021922	14.810594728922911	15.424972591937705	15.610682301071861	15.483528620135834	15.642976215615162	15.930382532861941	16.04252421838892	19.485292831721388	19.687687278394215	20.14359010921533	20.583828216888275	20.826140839246136	20.89331815290429	20.11542260104635	19.600891084221782	19.517080939828663	21.098387344827298	20.348395040542933	20.179592153946892	18.363866664634525	18.40427966828964	18.520341135780992	18.51878718050071	18.43462855338972	18.182324853357777	18.097807878496972	19.01537603876299	18.634114238568536	19.344647218603246	18.768840533513124	18.864862158846943
AN005453|TG(16:1_18:1_20:3)	14.434039797670994	14.516598778943694	13.321553283624732	14.416337707425306	14.864187595862349	14.931632277330518	15.349386289023343	15.315930716184424	15.1988666611814	13.85471841931334	12.510150966388561	13.42233945144964	14.58935855214769	14.153323227971374	13.580583631978945	14.608020861828257	14.899132664609253	14.871552026682089	17.32824014616821	17.782284412109124	18.03821593059374	18.804433788699505	19.175517389031256	18.991721373131103	18.090539208961818	17.75925058423814	17.88340364504474	19.193557676592892	18.784653566632862	18.35039127490157	15.463875233987316	15.397560330397772	15.101332287682032	15.57944116608935	15.371194344949812	14.929464162968365	14.96632474321501	16.16830622758969	15.963789055979369	16.51634623935335	15.76491822883055	15.885305050244138
AN005453|TG(16:1_18:1_22:4)	14.431146942874383	14.415679058275618	13.128788615971265	14.600041233543845	15.194766856006357	15.160218884790721	16.0786353504422	15.938635442630579	15.664747536985276	13.949712742101852	11.933410349545644	13.56104325823192	14.135642760299268	14.541233374420711	13.960535963534296	14.819897657335794	15.294399259249028	15.426848503447966	16.959707338175445	17.429682810992635	17.807937037616895	18.40013161808269	18.450893675952468	18.442439935132043	17.70696115232621	17.26441043612573	17.636809533288815	18.65796372145742	18.543252276426923	18.029380358469346	14.325898491123612	14.491127809509534	14.410792506951273	14.699382127309256	14.505076500111214	13.88764806670604	14.107724643604621	15.234352670776959	15.12865451874818	15.545855581772512	14.767643936772307	14.938509559745924
AN005453|TG(16:1_18:2_20:3)	13.017232956826133	12.857434828576208	11.800637053170203	12.914142170823519	13.524411935204919	13.514770754982447	14.362632890667665	14.513195244916234	14.158557621509038	12.620368761875513	11.30222764568122	12.424586226251101	14.051037262228295	13.197000088263598	12.669746533431283	14.191502660941087	14.583373111227552	14.298747799697066	14.480568706679872	15.089544825916885	15.554713547322727	16.0505631274699	16.52303674569027	16.349789179274627	15.008282856985959	15.094909008667482	15.40331566081271	16.294896935091547	16.368653949620263	15.923205135308763	12.596511251191743	12.88002923686025	12.427823511792578	13.144530790643904	13.181717543385222	12.717569330683101	12.749643203121515	13.520026847973645	13.482257137286963	14.23674821250363	13.316626605758598	13.226290257024198
AN005453|TG(16:1_3:0_3:0)	22.240077213292594	18.11690948472451	19.19632627866025	17.666915151716974	17.991947879974077	18.771934923346624	10.966498242017456	11.851979323381087	10.182146019633214	11.918829703167487	23.248196076828403	15.648347469625808	18.705990856859994	19.004990522691777	18.661815284816797	9.910567783326002	9.57332529048648	10.047601095253786	18.190451953867708	18.907198110005243	19.35502505937744	11.751845286464782	10.609160265616023	9.856783434452861	10.25830691436912	10.318294242551458	12.147643773347514	12.366199252042163	11.43807968396095	11.61633747806749	18.378196114365085	19.060514058374476	17.894342868284557	11.581558386190974	10.676468411201395	11.707777556501824	11.793396033975936	10.257929930148943	12.046018968312058	10.658595317124846	11.909713110585507	7.2917692993186884
AN005453|TG(17:1_16:0_18:1)	11.705753326786613	10.966959602243527	10.569703737701733	10.972290573087275	11.420670819695092	12.115050154633256	11.61278558140028	12.7845162518052	12.133248194563702	10.747974751296365	10.536577491896269	11.61739399709431	11.073813540250608	11.317503062029273	11.665349242508867	11.878710017054724	12.285272162365544	12.298956097259401	14.299837628817608	14.558076860272074	14.717921634681916	15.280480810318373	15.432114809362256	15.58789146739378	14.42242946849928	13.866935016061513	14.293160516210973	15.297910369115177	15.052605408242913	14.671031256831483	13.314110198390177	13.399535620987976	13.19299703533862	13.536452432962086	13.500876726842371	12.891073570651235	13.04232456785804	13.561476504827777	13.366002490714942	14.260354308607043	13.480460786823711	13.692758238629052
AN005453|TG(18:0_18:1_20:1)	13.492621827905603	13.266028106763509	11.723242835000292	14.23200187914124	14.90358862732833	9.980882160180112	13.799078196895186	13.963377485891721	13.817714182483504	13.388757284216586	11.118590735530635	12.622733642962855	15.025846371983533	15.74696246949974	14.41175922777745	13.258919303705408	13.884905037901918	14.0714305183323	17.792247478826255	17.7938362044507	18.697670845138237	18.2216884061685	18.245983894288567	18.64591313436012	18.41000441517862	18.21443794584322	18.624675923475923	12.87560346216115	17.90847905697251	18.373633046914975	17.135213575091992	17.58857161783467	16.34862892404597	16.222354934528084	9.748679257771593	15.36476357617867	16.22579168092827	17.49050526276275	17.225009873931537	17.13099741222747	15.915284200384205	16.38010606350886
AN005453|TG(18:1_18:1_20:3)	15.324489983896541	14.899056172748601	13.911969586923679	15.20717412763922	16.147541625810934	16.358549560380922	16.14391467937008	16.173767497083404	16.01750287872781	14.606788623424647	12.55486940172441	13.783193680036858	14.728778819624365	14.880659700311284	14.299932046687726	15.024406000066126	15.40629603479669	15.437065731813247	18.60669090095449	19.267461639672575	19.37360938670367	19.85701882401363	20.04855448277352	20.190402579196963	19.44778392429402	19.12896930535319	19.18933865406169	20.369365059079154	19.88841864939607	19.502721419629168	15.993525992580665	16.385726096990517	16.368416938247886	16.30004201425802	16.204515934126754	15.985977316696609	16.368420348759567	17.305175134678496	17.121271547763143	17.55499909272065	16.745101401719804	16.990797903304397
AN005453|TG(18:1_18:1_22:3)	15.217131485106092	14.931517323886197	13.398370947571076	9.01521989203185	16.02756588154646	16.288327557806948	15.46068977774007	15.424187944831122	15.375554005814575	14.080331218793674	12.175427917522326	13.483000756859768	14.570437433359368	14.856812121429511	14.23502244686147	13.566358532693304	14.428063070475933	14.533545706666926	18.707316527942464	19.351262756578105	19.673534444547762	19.905369816263025	20.179762753206944	19.953950786148013	19.28036662264936	19.213630050980235	19.47867234707086	20.232083083891016	19.886677625140287	19.734581955327652	15.889523926765616	16.18201232852076	15.923663604606622	15.785700473909491	15.422491228773596	15.159894588068134	16.019252774296262	16.961785525963833	16.667212187837798	16.55391212992575	16.018990566451098	15.955903909548892
AN005453|TG(18:1_18:1_24:2)	12.486578631370614	12.685937959039691	11.294011839859847	13.032610568556201	13.987197383607851	14.517372896632018	12.666119681082392	13.145489592047914	12.907040868515367	12.355747507771335	10.51568012920077	11.270429660241781	13.428740949968663	13.714318509318716	12.803646814083324	11.88683970588442	12.513616577185688	12.351311958478208	17.57683609073887	11.656652780363755	17.599523095724585	18.007661056044242	12.433426349954065	19.198904779275527	17.93797110268482	17.159189887880416	17.407975393008673	18.554458411796713	17.825803759998397	17.117471032538774	13.984629400144149	14.766074371501361	14.57405064076052	13.558047554226823	13.732136680071088	13.073848678369789	14.51761772179964	15.142392695409356	15.04708385563467	8.34722271778136	14.004820001363163	13.922979213055632
AN005453|TG(18:1_18:1_26:2)	11.35022096928385	10.862009625425028	9.912305555202032	11.46033302137883	12.802819250816214	12.848427334023928	11.462752754242837	8.196282448406151	10.823327430031169	11.448900951145127	9.443689524499787	10.640109338210978	11.855218887530286	12.707072203968158	12.052010970601183	10.857436772596062	10.580381064164154	11.12538118061792	15.687706190282652	16.3325588221832	16.544912829445842	16.663675118316586	16.777407257709815	16.981199560074078	15.896413061251396	16.08274595104276	12.564554416900814	16.44317051849023	16.509795567284865	15.66280270410809	12.867552887503999	13.221115812239503	13.117930378165742	12.126101073034468	11.695802470784285	11.480860870220702	13.204237941029433	13.880657787333647	13.896859315243823	13.321981631405299	12.42576402327872	12.691798033522238
AN005453|TG(18:1_20:1_22:3)	13.627693465805944	13.558498442588522	12.398674227171318	14.05584757244398	14.91007584605826	15.266751043753805	13.67766018869729	14.162366150613275	13.771605012531388	12.958813681884365	11.356193340378487	11.921617822651658	13.97757687629078	14.296533406122057	13.56652383678666	12.702038454792698	13.171458302175598	13.05873926733585	18.12031969903287	12.172505642092975	18.648399575734274	12.561562422576728	12.653039858081556	19.043616623357412	18.353584374223217	17.910362068539467	18.08424041618787	18.971539652858233	18.60388716375488	18.24447802785255	14.127766263018607	14.688866601724786	14.827063785345937	13.79985126024616	13.594441246609222	13.227217312256075	14.577831815232742	15.156504617351189	15.148331987654178	14.953329360360849	14.01334099490796	14.187389965100506
AN005453|TG(18:1_20:2_20:3)	15.15068104473984	14.67333281843382	13.614296896373391	15.36745058610157	15.906496289617534	16.310826294665098	16.112742887201666	16.090101045160267	15.735462943809507	14.184954354326145	12.541713743801132	13.554015592662076	14.496832561128496	14.986156691894172	14.262152117346766	14.453348452034874	14.702324762173799	15.005893362931479	17.663846175295035	18.39677438052334	18.530185014215796	19.10065127834188	19.290060595144535	19.112000764912253	18.369972573346264	18.220303169624753	18.53514955912243	19.24446218635769	19.16856748251962	18.60163395537278	14.764901646569696	14.722139383061487	14.849841459974531	14.82424228524921	14.550472046044236	14.223215879011512	14.905348454909321	15.79786388408716	15.739726033106194	15.87787123541367	15.156944990268935	15.183282572729203
AN005453|TG(18:1_20:3_22:3)	14.591610583888187	14.263247923692079	12.832193809125906	14.79931046299055	15.554053077329632	15.95313880701875	15.442694086005194	15.468951717394498	15.213787727425492	13.286299289283814	11.500846857792098	12.783869949024664	13.93744922680976	14.492407150130921	13.662569359273778	13.622272646576949	14.019214543145727	14.139683241694586	16.98773121325741	17.384552493684776	17.79890194826659	18.026331832667374	18.164680407814377	18.121445592337626	17.70072993216263	17.41488950405683	17.791440948960734	18.51608776755624	18.128475149260517	17.83560388314513	13.086564192041493	13.47400501185388	12.996522919434547	12.950601458955674	12.70365921141459	12.497714644696456	13.223739287319484	14.414392571553352	14.222201706506038	14.426874704362122	13.272647279151315	13.736577394985932
AN005453|TG(18:1_20:3_22:4)	13.850779697863182	13.561186494643508	12.313356403674785	13.877464363272294	14.711196967277212	14.78412308468472	15.065052974815856	14.813076703535566	14.539239402959984	12.649292109698507	10.73282882731239	11.634425372591519	12.792389715972645	13.223678961750082	12.7102683355092	13.064355434679813	13.00122344722363	13.449789614765836	15.59675785689515	16.31604424547559	16.359184352890097	16.806561956532793	16.996310730594026	17.209913939359684	16.28771815031807	16.0227672299327	15.992538097365259	17.075148291986324	16.972346449293795	16.441725351511607	11.612075995029013	11.532141599505312	11.689744691583787	11.753856040717382	11.459154938939859	11.164014391517428	11.825483550644371	13.00138708162797	12.568162770865927	13.106345374788514	12.171089207262737	12.042500706378412
AN005453|TG(18:1_22:3_22:3)	13.688276539713645	13.602234901341063	12.300252449149795	14.105435496750877	8.783096459493592	15.267461548229537	14.185233183571468	14.484997180021146	14.324729752145156	12.44240445735735	11.09129653181465	11.865029534135013	13.636844361061584	13.960358578396946	13.356266256676319	12.337496469034388	13.022333132442366	13.053886861734926	16.649346006292344	17.33277566675615	17.301405898681317	17.792466230959878	17.956287324760734	17.95063984374653	17.17134248144405	17.057370094846274	17.22630794587604	18.005128175578196	17.879236341788125	17.299167853513122	12.143848730115197	12.556470130543367	12.144798427235134	11.7778676113408	11.258995834098325	11.208776943779773	12.234446233606322	13.240180143867317	13.394126365982768	13.011370539239646	12.235272317168553	12.183151507503618
AN005453|TG(18:1_22:3_24:4)	12.700396367278218	12.28983446517751	10.659237787975487	13.268468898780466	14.026961682750743	14.315329321730106	13.49028682211125	13.150792884792878	13.01855837346836	11.476705706668179	9.870642134263788	10.779399267836647	12.61141908621692	13.051892053675848	12.507170262060605	11.58329435979801	11.857740007618531	12.119323751315653	15.12279362526193	15.784039989491275	16.36725638465885	16.220160448269308	16.326334154021346	16.177789741724	9.662792970572568	15.670761626176816	16.002559911282784	16.43824784853873	16.36750536051658	16.19250299951837	10.243804727067669	10.779858858157844	9.344073937757537	8.588939453655215	8.549053029337289	5.643856189774724	10.094354846566347	11.457868193733777	11.488733906284208	10.4493343881443	10.171026639443138	10.07299005931605
AN005453|TG(18:2_18:1_22:4)	14.555517215905262	14.406234241757561	12.94706157141495	14.70060498135673	15.394797605362545	15.400880436671335	15.785137227331502	15.743691304179563	15.555634043189588	13.522943140450899	11.844030936824309	12.875428759559703	13.990873337884567	14.357451661248648	13.855435962748807	14.274522299061815	14.740727858303527	14.777880450340604	16.530845224201034	17.081404897455318	17.240939524951518	17.791563807621547	17.822255692439235	18.03367087892285	17.117776602938314	16.922092828972506	17.09922399815087	18.04658614635555	17.897184991154113	17.40430195755451	13.463445186348949	13.678442789616893	13.273850951960487	13.444947573727807	13.353394974174133	12.832838601418809	13.2497179065723	14.52515005539003	14.109633167798984	14.732403826777519	13.717105528908052	13.809244604683562
AN005453|TG(20:1_16:0_26:2)	10.273247783855643	9.346668853325012	8.484500693308094	9.811888416628767	12.014341343584128	12.025011486256545	10.244982170376552	10.51591662043128	9.956405199635574	11.253611151947169	9.023255352300303	10.258436479947017	11.870195162125775	12.284442414978662	12.07479708423204	10.336986262623242	10.608735332224887	10.98743456692162	14.036153002477114	14.912051480553544	15.191248563542807	14.347851788313314	15.220705935246556	15.08578944546951	14.636657470480728	14.526290766867787	14.884418103261865	15.004185346732003	14.671145177922819	14.548733422696577	12.7737573721398	12.792952933954117	12.625969052563145	11.775659659094456	11.1741954141439	11.292149051302832	12.601102203376408	13.169708956712386	13.639497858878675	12.731338125391893	11.789007821303802	12.02775052536537
AN005453|TG(20:1_24:2_22:3)	9.045623165328758	10.285783650296608	8.988116584760144	10.040906125666963	11.55637193336093	12.097176216207995	9.732031716043466	10.59400728810365	10.495435345408946	9.462072774286638	7.025803990463827	8.389093521904474	11.162126936330518	11.510047091930074	10.575463612084407	9.674156950821335	9.891464756429643	9.67519844861717	13.988946470990337	14.186512783171363	14.869628059613454	14.588206909643727	14.783908817183994	15.035259616231526	14.504583152754407	10.625973617223186	13.845787968071132	14.980515379315763	14.849257500612264	13.839588626066723	9.537645514843765	9.860838679043493	9.759089238142085	8.584511588062105	8.905086098761771	5.643856189774724	9.858462849415739	10.80783788642329	10.66441172785495	10.298371929036534	9.150204239167996	9.00996854220609
AN005453|TG(20:2_20:1_24:2)	10.302718880916917	10.226171322091025	8.932480525958596	10.154640925096968	11.389437748108115	12.166454982267366	10.37431138195351	10.406236899577156	10.481234349528531	10.123047940513533	5.643856189774724	9.708169988702608	11.24486922506551	11.387441168950906	10.5791367682472	9.857592285697526	9.98470326682514	10.307439910051373	14.533498255916774	14.396181971055576	15.54144121128325	15.098902653214754	15.797330448117451	16.05507543153931	15.587116774295902	14.903594746459326	15.20845842818584	16.223075190078376	14.546350091814624	15.067386460603625	10.951226423080627	11.292056999394402	10.99698889708712	10.153855991616721	9.858151994103585	8.730436171038864	10.973345796584757	12.172208712477975	12.267714274659772	10.932310731557285	9.869732631384359	10.952107836369414
AN005453|TG(20:3_22:3_22:3)	12.697610512043433	12.267699646261693	11.269991569224706	12.731864181875117	13.80094134446001	13.855990670292874	13.693033866176153	13.133103671501809	13.286771435601718	11.215181079987627	9.839723442710076	10.835592534544565	11.65118177908297	12.248553217897902	11.87152796284254	11.309123879374248	11.25969619293788	11.969645535603403	14.43893996028059	14.989403813819788	15.309473511649495	15.507553716764708	15.703000525317364	15.456910079395753	14.936521083332527	14.762174901172164	14.926806519142856	15.749562026041406	15.657221857244831	15.257520437246386	5.643856189774724	9.551285291017043	10.007840218681956	8.650477369897105	5.643856189774724	5.643856189774724	9.678424082592938	10.567205070306732	9.492554236016902	5.643856189774724	5.643856189774724	5.643856189774724
AN005453|TG(20:4_20:4_20:4)	12.849150945289333	12.347577079475716	12.588431221220125	12.696093822862991	12.626678683767501	12.567145638654353	12.658905434263099	12.582986365167624	12.595397361064634	12.826961534666504	12.786196102245096	12.775040250125242	12.985046741705322	12.75097071657992	12.812678711365562	12.68865245896872	12.628368071804326	12.707952223575726	12.89808172711868	12.716667297411623	12.845025412646434	12.295731632753855	12.741262618219112	12.231620207138814	12.863063439785241	12.986146023361233	12.807459578058028	12.314806966440337	12.739156150476848	12.706698896276016	12.658374401674376	12.828989310827662	12.973209450577603	12.540781899220988	13.207732742544108	12.882977321587033	13.065079488999862	12.679009387451057	12.983269755929458	12.738501866043192	12.926512827560382	12.87605260030329
AN005453|TG(21:1)	14.158715393624203	11.406624888704208	11.471487245399034	10.116629872462513	11.268898682582785	12.210053348375679	12.297028017146227	11.313863699849138	13.058521132585897	14.7242095291853	15.201425193736808	10.85259192860729	11.82744592033007	11.783407542173519	11.498654773573458	12.06914427848186	14.516650481780863	11.454535781619919	10.918900496479434	11.621648980340437	11.860807647671287	10.760279172143964	11.324107397199837	11.137196098588232	11.042972583219523	11.582024340280567	10.604757063689002	13.070441321404667	12.035692634038982	11.554305848498517	11.520083340402094	11.581567800894465	10.449561374613236	10.995710628907103	11.014850409063701	8.613015891553621	11.42830258938731	10.954254482401193	10.835221435464309	11.802395193036023	11.280057364310252	11.81649971145314
AN005453|TG(22:2_16:0_26:2)	9.346846113086675	8.789077126860354	7.595145567990858	8.963907560974057	11.162800412016416	10.921543443508968	8.678881784829315	9.347156265272575	9.369837230271488	9.132833856377578	7.188737187185129	8.039193239847426	10.443389087134927	10.759738414717361	10.468817475297767	8.529781912043894	8.749567787146056	8.420170774890945	10.603774686463973	14.398714971334373	14.625682591254467	14.165020025512185	14.284846506636931	14.57863568324391	14.662386328213774	13.914004786115635	14.432459689482647	14.628725758483926	13.665271509718888	13.526359853390993	10.810001191534178	11.230680969127498	10.779522386743768	10.075104722209485	9.748494777420627	9.385452608429395	11.010702925037366	11.911893772676907	11.731505720656582	10.58467130241391	9.971241763465022	9.698062168531926
AN005453|TG(23:1)	18.606666288593622	14.05983789441714	15.153503344678837	13.026134360355442	13.636394650038053	14.563143230982853	9.044721967340978	9.05969596505773	9.583778554275975	8.52371876221345	19.275615959295212	11.69166065341248	14.027682285490547	14.76733616127733	14.45409169203995	9.529469598138546	8.034468851590955	8.384956388384866	14.416792250730861	15.037626310302024	15.067128864965992	9.752932528649998	8.886885420344957	9.880670221642948	9.024530234179075	8.511594541537413	9.951357576512953	9.734235417170071	9.650620971653147	9.059939263983082	14.204500077541878	14.689681910609965	13.47808703395132	9.749517507638814	9.396925820023272	9.675145509241554	9.280608399815602	9.560963278381688	9.452508953427976	9.58473706200816	9.381824108726818	9.619302955415687
AN005453|TG(26:2_21:4_21:4)	10.58775876773282	10.676397887044763	8.97312333067025	11.354761783830364	12.063637757239105	12.60853667912439	10.81745538096779	11.66530038238694	11.459308656433643	8.945004815719996	7.51861381784899	8.559224112763276	10.61144905699013	11.015024705273152	10.157309035695834	8.536596917554073	9.460906348207246	9.556218636593302	12.105420763788658	12.69685019385443	13.006049015198288	13.127665519225507	13.182381937731131	13.378183750024633	12.598078096136877	12.08741974539635	12.435571300120971	13.306775168401222	13.149364487887162	12.85036071646645	5.643856189774724	5.643856189774724	8.925702781351335	5.643856189774724	5.643856189774724	5.643856189774724	5.643856189774724	5.643856189774724	5.643856189774724	5.643856189774724	5.643856189774724	5.643856189774724
AN005453|TG(28:0_18:3)	9.96021918905831	9.562872034651402	8.565254434147967	9.351800564567828	9.278426226229227	10.405992359675837	10.02417005566244	11.203556010169555	10.567100468961078	9.545254101506382	9.441035223670088	10.109386679805098	9.514280095632918	9.810298492898452	10.267851774351996	10.283366212949918	10.690888464662105	11.028168532123187	11.772141341132405	10.982565834895489	12.001464493588573	12.302978710987317	12.470025840438932	12.9927932098856	11.557564217657719	11.067326793276537	11.196522213634504	12.566808020414141	12.350182286169446	12.001672077887289	11.490264255338415	11.715305680645312	11.536893126430819	12.143096177140205	12.039816965713417	11.765853781392137	11.449432409409749	11.97337091154908	11.98528338924632	12.692859562385769	11.857825523923058	12.052870278699556
AN005453|TG(30:2_18:1_18:1)	5.643856189774724	7.2600256559614555	5.643856189774724	7.51861381784899	8.700405037555004	8.12474169241965	5.643856189774724	5.643856189774724	6.767654798237347	5.643856189774724	5.643856189774724	5.643856189774724	7.85860271245712	9.061938167727858	8.196675888337927	5.643856189774724	5.643856189774724	7.030336078370959	12.285624732787694	12.294560443897469	12.866707109170301	13.088534850601647	13.265472938126075	13.216857996098643	12.549835195074822	11.818154737728557	12.255069890279717	12.960816477139623	8.57228336665041	11.667754666791668	8.995993216618992	9.09347038520739	9.875595783370425	8.791162888555018	8.618385502258606	8.740489128066255	9.62955698047725	10.485356381356565	10.238345023890526	9.556276124790035	8.622783966156124	8.513885474595721
AN005453|TG(31:1_16:1)	12.243295988414392	11.363176553811963	11.004789284539655	11.605048867660377	11.201100837831929	12.276042960513387	12.011195800973367	13.170015793195175	12.38874114283638	10.960660844068618	11.186504271739564	11.632908887238269	10.651948610723446	11.174963122197594	11.75631863353087	12.508057194730576	12.272918411739708	12.616208805514862	13.018066267682793	12.40331566081271	12.398837196919882	12.545698147275987	12.36731645679037	13.244846932182956	11.656554467605385	10.897376579545906	11.494355603532846	12.840848719324551	11.800600655230108	12.376746732439601	12.47207139313474	11.946039958870376	12.020521647291496	12.555713120905173	12.90834945937638	11.82773171098572	12.566199156857516	12.181447351638091	12.501371965121205	12.035304298685407	12.157068981348027	12.332179243878349
AN005453|TG(36:2_22:6)	13.197388724850889	13.230808537327851	12.183225960216816	13.44203115884688	13.990072932103882	14.170697331571677	14.801397661089727	14.618220298711556	14.483056827879057	12.443790519561992	11.504511153373597	12.15826254134584	12.551825998416977	13.035811175776928	12.393897188818366	13.505114347468622	13.53572857804652	13.59853409376047	14.305121950790976	14.76768583054403	15.30488210897269	15.828493294811746	15.840607557132323	16.040168335326893	15.03974372616852	14.978820819625977	15.288630723270073	15.934873976043884	15.752841346783228	15.543014294111506	11.125897731760327	11.335870428732152	11.54236446782055	11.764643560568723	11.188947311505522	11.191719321701608	11.837529385062423	12.537504775234554	12.185773649010066	12.608411929475063	12.001967570109896	11.578924565256225
AN005453|TG(41:0_25:5)	8.034083626615416	5.643856189774724	7.246027980528104	6.811085643846393	9.51945934478503	10.536888271037885	7.779719355143404	7.16400181665555	7.160173968330223	8.513372305822774	5.643856189774724	7.4327924190195525	9.780670990160356	10.169774712881221	8.982908036879476	7.7415344004821804	5.643856189774724	7.453023646529056	13.055494281882812	13.088965418343237	13.9703809545448	14.173030589125725	13.73562054182188	14.068250939717267	13.518736744988976	12.529359784216586	13.173672452221007	13.881524106619162	13.879993830893989	13.10911565764406	9.674563047862188	9.49157254501724	9.583026337649374	8.374213556276484	8.519321734629434	8.470658874060552	9.85933288812753	10.081949392617586	10.279053358718135	9.881634032686732	9.022534268237864	8.832573598977403
AN005453|TG(46:5_18:1)	11.755826451133084	11.38620200860239	10.225014582611646	11.592279492627629	13.220355653139828	13.592583174131038	12.105823410618918	11.93684402357415	11.936115235405625	11.133148635783634	9.019034669364338	10.703609468940247	12.37001984247951	12.846916359231193	12.159937542855094	11.226364021866365	11.277043248965827	11.644392592261898	15.33933158036851	15.845499116764483	16.402848026230842	15.668060881894544	16.328540124120437	16.26718957098836	15.80469244748862	15.624405948717346	16.357702506587536	11.831002361100223	16.228607530612976	15.839886534327633	10.96219472560886	11.367977085201764	10.78718429711903	9.833601694705798	9.841375645030503	9.28955784835356	10.511999669441451	12.199963676024968	12.0080188665084	11.756435397929819	10.28793165253134	10.871266122324936
AN005453|TG(48:7_16:0)	12.586075088286293	12.010884714485325	10.689071974098365	12.393991008433048	13.99753411164248	14.224892528659606	13.153588446948637	13.019003384678163	12.687056312923705	11.629543320424943	9.771605012531388	10.683828017043066	12.8423208763024	13.472780941414939	12.844440971447566	11.684792444028224	11.619229580629744	12.201082454203897	15.22039495547603	16.021709606691715	16.445706467340447	16.431463651947727	16.594263362740147	16.46408095383861	15.961924425019129	15.658567983461047	16.347463409449517	10.328338334012841	16.41745945745548	16.015315297378702	10.626712901530842	10.643116619035075	10.546064864636762	7.738632746670322	8.773337048473604	7.7996701739188	10.663344619366084	11.98743456692162	11.564759218999356	11.3147474993764	10.287550788655611	9.478041516764858
AN005453|TG(50:3_16:0)	5.643856189774724	5.643856189774724	5.643856189774724	5.643856189774724	7.631759110294914	5.643856189774724	5.643856189774724	5.643856189774724	5.643856189774724	5.643856189774724	5.643856189774724	5.643856189774724	7.945560885993885	7.994013939259718	5.643856189774724	5.643856189774724	5.643856189774724	5.643856189774724	10.528991236406023	10.877843922502507	11.229131240563039	11.686605573968519	11.892364460892717	11.953945416702641	11.359425631236796	10.659871055566917	11.126033295794151	10.758331496087646	10.98185265328974	9.509299964796504	9.475247047287839	9.60255041287461	9.59535073603301	9.528219665982157	8.621465834460144	8.772083592246554	9.410811715247284	10.570197258804672	10.389728125096052	9.611043245975083	8.608476615824951	8.708739041359578
AN005453|TG(O-10:0_6:0_22:5)	12.98383442651934	12.907542291075364	11.912500175126384	13.44421513938761	13.859851166236863	13.69639272373279	14.682417478009224	14.702726254503574	14.449116395930567	13.200950698014033	7.036723106005525	12.248571006474156	13.688615308520548	14.214452697490911	13.827119374907342	14.3560818951424	14.686576577443093	14.767905106487989	12.993214389766015	13.6486047515744	13.902889463417198	14.51210525573852	14.504455910033231	14.481039420533241	14.197053090326973	14.01734345473316	14.210100544553294	14.236643588804935	13.755305931576341	13.5423076318822	12.777588206407696	12.746188880285798	12.147532483850002	12.4477160750039	12.364865121750913	12.434748099773394	12.59862946279312	12.858066497149087	13.034290009930075	13.493342611077841	12.194975334780707	12.44732606632548
AN005453|TG(O-13:0_16:0_3:0)	13.541419733169406	13.030103257807049	12.431419251567016	13.534075467386767	13.714323876206244	14.017634884991464	14.262277667186316	13.891602405805761	13.810617822734995	13.553440905767486	12.149537557910495	13.319411046286687	14.805637076526917	14.850077420004899	14.439310163029063	14.291045479932714	14.301053144131645	14.496507414123618	14.243540711123849	15.018473614561747	14.899539608666526	15.364615860767985	15.55655993918757	15.47280885925593	15.175290678107169	14.969504792303422	14.870949828773066	15.566154254889112	8.426642154619028	14.873555617151275	14.898588162008998	15.085744225245246	15.026511339322681	15.52473513877679	15.358231544151963	15.31111678489196	15.420321135531015	9.424145288737446	16.069419766913608	16.004254707091626	15.310163644523529	15.462497799315486
AN005453|TG(O-16:0_16:0_16:1)	7.208478242211705	8.115979992256163	8.306289585336073	7.8987525261648415	9.246146774635864	7.988855073762213	8.268003886402514	9.089476964489918	8.830325053419045	7.5570424152637194	7.280863544963655	8.501996370055375	9.31494571339116	9.842193178530938	9.595947422672277	9.167192315020726	9.956216413675884	10.095317896580251	11.526807307217165	12.887193955070819	12.457078148139793	13.028368856065937	13.08797160651536	13.142667110041993	12.25038132903195	12.268778823784565	12.537412559080156	12.733951667599609	13.006057783840399	12.38194034054784	13.420498455403372	13.841892552999958	13.315642078132814	14.249866758914282	13.893990666516359	13.726745021533189	12.888286627580667	14.237124795008771	13.967401000274776	14.913673887610816	14.26626095032469	14.509979074839906
AN005453|TG(O-18:1_16:0_16:0)	8.521718205940754	8.684362915271622	7.456313341355182	9.314855104649219	10.510507050620514	10.703626770864979	9.492794548346419	9.7248719244706	9.221345443562441	10.092255016813027	7.098558517938413	8.770895101985474	11.197646734005192	11.641451197383038	10.970954285250501	10.438698303036867	10.879368820402442	11.182369521950886	13.276829582797637	13.966606386558606	14.136877396066826	14.591671937782305	14.891851090689144	14.819738526096177	14.420342520344771	14.119397518780854	14.218703230752418	14.797397581726006	14.600095259070178	14.155791441605016	14.794573246371648	14.852738213033184	15.168390852923485	15.502274590984818	15.014452934951304	15.474779508426717	15.284908303164247	15.35481101716962	15.219632525853081	16.276883365697667	16.213569419859173	15.783999335022296
AN005453|TG(O-18:1_16:0_20:2)	9.10276309662559	8.8840178448884	7.379031732028535	9.246621853273858	10.332696746445858	10.925049964727359	9.686885661341135	9.754720513906914	9.39231742277876	8.368200865897748	5.643856189774724	7.803872797620629	9.94279304761272	10.497722128246755	9.491131568412214	9.257647127323812	9.87333644468885	10.545591974850947	13.876769204294275	14.29978898689711	14.943570207676858	14.88873183512652	15.220823054841771	15.184418618599222	14.901639540712859	14.652718955703318	14.810236225387591	15.01028856925377	14.979568100095186	14.676713015153544	13.932027388796	13.924010783640226	13.788422668166238	14.033350727313346	13.528347882693076	13.587936869552497	13.577939770722384	14.720272585972245	14.433007673718153	15.166090883307037	14.123448123335756	14.489715648803033
AN005453|TG(O-20:1_16:1_16:1)	9.196577538413498	8.8939688694671	5.643856189774724	9.914011328541255	10.548272847934397	10.920285855637633	10.025361072342031	10.062626338031881	10.162554975980681	9.363565345864368	5.643856189774724	7.865980657149941	9.988471674732374	10.512710838371195	9.62494163667865	9.37316966943962	10.423893263923642	10.477990940428892	13.838990163640954	14.29966522873457	14.695651879575278	14.910381335416302	15.069294932900803	15.149076256404342	14.758062860090586	14.461506305720416	14.537485361797145	15.227444094242518	14.898831867676419	14.680845724755038	13.869526371959132	14.212286622878743	14.229208616300586	14.40450495698557	14.292776717498086	14.183119708819756	13.888102987013648	14.6806336842482	14.46837967020428	15.308633754121555	14.5375903125818	14.73284737186644
AN005453|TG(O-24:0_16:0_12:1)	8.629757313052853	8.250914215381956	8.411171988999552	8.249634957310189	9.998618634651262	10.69569809154578	9.103471412460852	9.42280064736239	8.371079627062711	8.352573162972545	8.778931320143126	8.843575642251487	10.80928581019891	11.049576317155973	9.998237821888047	8.18873718718513	10.434190349113376	10.403544678202014	12.878859423259179	13.019879099555828	14.652838812412176	13.684954579798879	13.736254990504072	14.102151238484153	13.49416056398362	13.787157763538968	14.100489875396578	8.423536153389481	14.162731977319947	13.689689007726578	14.512417029819227	14.872788848677143	10.8239085472178	14.545832661343475	14.28712869134651	10.766230731854673	10.578485913474388	15.07242364339177	14.762589665542569	15.719933953552676	14.536901016409484	15.26031938822319
AN005453|TG(O-34:1_22:3)	9.363324416657134	8.958784687942808	7.329033873660803	9.41679752760606	10.377156292713368	10.487146650247348	9.3348766101993	9.771819567898307	9.521129278700307	8.877529547211664	7.390770849422623	8.312429206250613	9.9159988517389	10.270680772437823	8.99274011125729	9.597195936615897	9.66803400407589	9.69108045979223	13.971991632284714	14.26263957136759	14.559539611628683	15.159750739331335	15.15870158925291	15.472727324955258	14.874668749069466	14.319073696091579	14.639436244463056	15.339774860561063	14.961551887706726	14.555699342524125	13.608487011574955	13.772597063731089	13.768143996585271	13.86662984442551	13.388945586976195	13.447957517600177	13.300598518293375	14.1722712290547	13.979906549287245	8.660637740008127	14.546331400005343	14.108364366245347
AN005453|TG(O-6:0_12:1_18:1)	14.005465780850493	13.50789124600708	12.8076930140892	14.111739656030466	14.467494745626242	14.580779106506867	14.802519394292961	14.66308717243934	14.423953648879161	13.558718453651439	10.382429492780313	13.173086822123285	14.4324342423005	14.41591866185145	13.957072106055316	13.861443657430534	14.215618691344737	14.598730058659868	16.1364316549926	16.885503942389796	17.215423413249056	17.53659054353894	17.896692311331456	17.919719257423733	17.321606129454977	17.25472324134071	17.38791289814138	17.599418704820657	17.20767727203398	17.070505996204233	15.851005985105205	15.980746301499446	15.869061216198183	15.573821715583335	14.985945973759817	15.475959784116657	15.738678921477456	16.741925787583867	16.55701533263701	16.57320677998054	15.579266432489058	15.854862540800887
AN005453|TG(P-10:0_8:0_18:1)	14.005278043248587	13.52129493878717	12.808612304208427	14.111923817313212	14.469084674741305	14.56896135861327	14.800563750825537	14.667600564745404	14.496812592599198	13.558075066041512	10.403171840613458	13.17394254279486	14.433726261342333	14.453502146378494	13.95724173238238	13.861706317449244	14.112689545736883	14.597681889360938	16.131843901395044	16.941615748257814	17.21194464872038	17.51993442895978	17.900248712886835	17.935307859120908	17.314628026883682	17.1534455514382	17.388573413119566	17.79824110890483	17.474385498808797	17.10818700031455	15.855335946722558	15.920871533119254	15.866908460967581	15.7268886778378	15.092602723331169	15.475321472082927	15.738848832042631	16.741070074800458	16.555039323780008	16.396012678467393	15.578345563909933	15.859454467264065
