source	sign	target
A2M	1	LRP1
A2M	-1	MMP2
AAK1	1	AP1M1
AAK1	1	AP2M1
AAK1	1	NUMB
ABI1	1	CBL
ABL1	1	ABI1
ABL1	1	ABL2
ABL1	1	AHSA1
ABL1	1	APBB1
ABL1	1	APP
ABL1	1	ARHGAP35
ABL1	1	ATR
ABL1	1	BCAR1
ABL1	1	BCR
ABL1	1	CASP9
ABL1	1	CAT
ABL1	1	CAV1
ABL1	1	CBL
ABL1	1	CDK5
ABL1	-1	CDKN1B
ABL1	1	CEBPB
ABL1	1	CHRNB1
ABL1	1	CKMT1B
ABL1	-1	CRK
ABL1	1	CRKL
ABL1	1	CTNNB1
ABL1	1	CTNND1
ABL1	1	CTTN
ABL1	1	CUL4A
ABL1	-1	DDB2
ABL1	1	DDX5
ABL1	1	DGCR8
ABL1	1	DLG4
ABL1	1	DNM1L
ABL1	1	DNM2
ABL1	1	DOK1
ABL1	1	EGFR
ABL1	1	ENAH
ABL1	1	EPHB2
ABL1	-1	ERCC3
ABL1	1	ERCC6
ABL1	1	GMNN
ABL1	1	GPX1
ABL1	-1	GRB2
ABL1	1	HDAC2
ABL1	1	HIPK2
ABL1	1	IRF3
ABL1	1	IRS1
ABL1	1	JAK2
ABL1	1	JUN
ABL1	-1	KAT5
ABL1	-1	LASP1
ABL1	1	MAP2K6
ABL1	1	MAP3K1
ABL1	1	MAVS
ABL1	-1	MDM2
ABL1	-1	MDM4
ABL1	1	MET
ABL1	1	MTOR
ABL1	1	MUC1
ABL1	1	MYC
ABL1	1	MYLK
ABL1	1	NCK1
ABL1	1	NCOA3
ABL1	1	NEDD9
ABL1	1	NFKBIA
ABL1	1	NOS3
ABL1	1	PCNA
ABL1	1	PDGFRB
ABL1	-1	PLCG1
ABL1	1	PLK1
ABL1	1	PLSCR1
ABL1	-1	PRDX1
ABL1	1	PRKCD
ABL1	1	PRKD1
ABL1	-1	PRKN
ABL1	-1	PSMA7
ABL1	1	PSTPIP1
ABL1	1	PTPN11
ABL1	1	PXN
ABL1	1	RACK1
ABL1	1	RAD51
ABL1	1	RAD52
ABL1	-1	RAD9A
ABL1	1	RAPGEF1
ABL1	1	RAPH1
ABL1	-1	RB1
ABL1	1	RBM39
ABL1	1	RIN1
ABL1	-1	ROBO1
ABL1	1	SHC1
ABL1	1	SNCA
ABL1	1	SORBS1
ABL1	1	SORBS2
ABL1	1	SORBS3
ABL1	1	SOS1
ABL1	-1	SPTLC1
ABL1	1	STAT1
ABL1	1	STAT3
ABL1	1	STAT5A
ABL1	1	STAT5B
ABL1	1	STAT6
ABL1	1	STK3
ABL1	1	STK4
ABL1	-1	STX17
ABL1	1	SYNJ2
ABL1	-1	TERT
ABL1	1	TOP1
ABL1	1	TP73
ABL1	1	TRIP10
ABL1	1	TUB
ABL1	-1	UBE3A
ABL1	1	VCL
ABL1	1	WASF2
ABL1	1	WASF3
ABL1	1	WASL
ABL1	-1	WRN
ABL1	1	YAP1
ABL1	-1	YTHDC1
ABL1	1	ZDHHC16
ABL2	1	CAT
ABL2	1	CEBPB
ABL2	-1	CRK
ABL2	1	CTTN
ABL2	1	GPX1
ABL2	1	LGALS3
ABL2	1	NFKBIB
ABL2	-1	PSMA7
ABL2	1	RAPH1
ABL2	1	RIN1
ABL2	1	SIVA1
ABL2	1	SORBS2
ABL2	1	WASL
ABRAXAS1	1	BRCA1
ACAA2	-1	BNIP3
ACD	1	TERT
ACP1	-1	AKT1
ACP1	-1	AKT2
ACP1	-1	AKT3
ACP1	1	CTNNB1
ACP1	1	EPHA2
ACP1	-1	PDGFRB
ACP1	-1	PTK2
ACP1	1	SRC
ACTB	1	ARPC2
ACTB	-1	CFL1
ACTB	1	CTTN
ACTL6A	1	ATM
ACTR2	1	ACVR1B
ACVR1	1	SMAD1
ACVR1	1	SMAD5
ACVR1B	1	SMAD2
ACVR1B	1	SMAD3
ACVR1B	1	TDP2
ACVR2A	1	ACVR1
ACVR2A	1	ACVR1B
ACVR2B	1	ACVR1
ACVR2B	1	ACVR1B
ACVR2B	1	BMPR1A
ACVR2B	1	BMPR1B
ADA	1	ADORA1
ADAM10	1	APP
ADAM10	1	CD44
ADAM10	1	NOTCH1
ADAM10	1	NOTCH2
ADAM10	1	NOTCH3
ADAM12	1	ITGA9
ADAM12	1	ITGB1
ADAM12	1	SDC4
ADAM15	1	ITGA5
ADAM15	1	ITGA9
ADAM15	1	ITGB1
ADAM17	1	APP
ADAM17	1	ERBB4
ADAM17	1	HBEGF
ADAM17	1	ITGA5
ADAM17	1	ITGB1
ADAM17	-1	MUC1
ADAM17	1	NOTCH1
ADAM17	-1	PTPRF
ADAM23	1	ITGA5
ADAM9	1	APP
ADAM9	1	ITGA6
ADAM9	1	ITGAV
ADAM9	1	ITGB1
ADAM9	1	ITGB5
ADAMTS1	1	VCAN
ADCK5	1	SOX9
ADGRG1	1	GNA13
ADGRV1	-1	ADCY6
ADGRV1	1	VEZT
ADGRV1	1	WHRN
ADIPOR1	1	APPL1
ADIPOR2	1	APPL1
ADM	1	CALCR
ADM	1	CALCRL
ADM2	1	CALCR
ADM2	1	CALCRL
ADORA1	1	GNAI3
ADORA1	1	GNAO1
ADORA1	1	GNAZ
ADORA2B	1	GNAS
ADRM1	1	UCHL5
AFDN	1	RIT1
AGRN	1	DAG1
AGRN	1	LRP4
AHSA1	1	GCH1
AHSA1	1	HSP90AA1
AHSA1	1	HSP90AB1
AKAP12	1	PRKCA
AKAP13	1	RHOA
AKAP5	1	PRKACA
AKAP8	1	HDAC3
AKAP8L	1	DHX9
AKAP9	1	TRIP10
AKT1	1	AGAP2
AKT1	-1	AKT1S1
AKT1	1	ALYREF
AKT1	-1	AR
AKT1	1	ATG4B
AKT1	1	ATXN1
AKT1	-1	BAD
AKT1	-1	BAX
AKT1	-1	BCL2L11
AKT1	-1	BECN1
AKT1	1	BMI1
AKT1	-1	BRAF
AKT1	1	BRCA1
AKT1	-1	CASP9
AKT1	1	CBY1
AKT1	-1	CDCA7
AKT1	1	CDK2
AKT1	1	CDKN1A
AKT1	-1	CDKN1B
AKT1	-1	CDKN1C
AKT1	-1	CFLAR
AKT1	-1	CHEK1
AKT1	1	CHUK
AKT1	1	CLK2
AKT1	1	COPS6
AKT1	1	CREB1
AKT1	1	CTNNB1
AKT1	-1	CYCS
AKT1	-1	DAB2IP
AKT1	1	DNMT1
AKT1	1	EIF4B
AKT1	1	EIF4EBP1
AKT1	1	EP300
AKT1	1	EPHA2
AKT1	-1	EZH2
AKT1	-1	FBXO31
AKT1	1	FLNA
AKT1	-1	FOXO1
AKT1	1	FOXO3
AKT1	1	FOXO4
AKT1	-1	FOXO6
AKT1	-1	GAB2
AKT1	-1	GSK3A
AKT1	-1	GSK3B
AKT1	-1	H3-3B
AKT1	1	HK2
AKT1	1	HMOX1
AKT1	-1	HNRNPA1
AKT1	1	HSF1
AKT1	-1	HSPB1
AKT1	-1	HTRA2
AKT1	1	IKBKB
AKT1	1	ILF3
AKT1	1	IMPDH2
AKT1	-1	IRAK1
AKT1	1	ITCH
AKT1	1	ITGB1
AKT1	-1	ITPR1
AKT1	1	KDM5A
AKT1	-1	KHSRP
AKT1	-1	LARP1
AKT1	1	LONP1
AKT1	-1	MAP2K4
AKT1	-1	MAP3K11
AKT1	1	MAP3K8
AKT1	1	MASTL
AKT1	1	MDM2
AKT1	1	MDM4
AKT1	-1	METTL1
AKT1	1	MVD
AKT1	-1	MXD1
AKT1	-1	NCOR1
AKT1	-1	NHEJ1
AKT1	1	NOS3
AKT1	-1	NPM1
AKT1	-1	NQO1
AKT1	-1	NR3C1
AKT1	-1	NR4A1
AKT1	1	NRF1
AKT1	1	NUAK1
AKT1	1	PAK1
AKT1	1	PARK7
AKT1	-1	PAWR
AKT1	-1	PDCD4
AKT1	1	PDE3B
AKT1	1	PEA15
AKT1	1	PFKFB2
AKT1	1	PFKFB3
AKT1	-1	PHB2
AKT1	-1	PHF20
AKT1	1	PIKFYVE
AKT1	1	POU5F1
AKT1	-1	PPARGC1A
AKT1	-1	PRKAA1
AKT1	1	PRKACA
AKT1	-1	PTEN
AKT1	1	PTK2
AKT1	-1	PTPN1
AKT1	-1	RAF1
AKT1	-1	RARA
AKT1	-1	RNF11
AKT1	1	RPS3
AKT1	1	RPS6KB1
AKT1	1	S1PR1
AKT1	1	SCYL1
AKT1	1	SH2B2
AKT1	-1	SH3RF1
AKT1	-1	SIRT6
AKT1	-1	SKI
AKT1	-1	SKP2
AKT1	1	SLC9A1
AKT1	1	SMAD3
AKT1	1	SMARCB1
AKT1	1	SMARCC1
AKT1	1	SMURF1
AKT1	1	SOX2
AKT1	1	SRPK2
AKT1	-1	STK3
AKT1	-1	STK4
AKT1	-1	SYTL1
AKT1	-1	TBC1D1
AKT1	-1	TBC1D4
AKT1	-1	TENT2
AKT1	1	TERT
AKT1	1	TKT
AKT1	1	TOPBP1
AKT1	1	TP53RK
AKT1	-1	TSC1
AKT1	-1	TSC2
AKT1	1	TTC3
AKT1	1	TWIST1
AKT1	1	UBE2S
AKT1	1	USP14
AKT1	1	USP4
AKT1	1	VCP
AKT1	1	VIM
AKT1	1	WNK1
AKT1	1	XIAP
AKT1	-1	YAP1
AKT1	1	YBX1
AKT1	1	YWHAZ
AKT1	-1	ZFP36L1
AKT1	1	ZRANB1
AKT1	-1	ZYX
AKT1S1	-1	RPTOR
AKT2	-1	AKT1S1
AKT2	1	ATP7A
AKT2	-1	BAD
AKT2	1	BMI1
AKT2	-1	BRAF
AKT2	1	C2CD5
AKT2	-1	CASP9
AKT2	1	CDKN1A
AKT2	-1	CDKN1B
AKT2	1	CHUK
AKT2	1	CREB1
AKT2	1	CTNNB1
AKT2	1	EP300
AKT2	1	EZR
AKT2	-1	FOXO1
AKT2	-1	FOXO3
AKT2	-1	FOXO4
AKT2	-1	GSK3A
AKT2	-1	GSK3B
AKT2	1	HSF1
AKT2	-1	HSPB1
AKT2	-1	HTRA2
AKT2	-1	KHSRP
AKT2	1	MDM2
AKT2	1	MYO5A
AKT2	1	NOS3
AKT2	-1	PCBP1
AKT2	1	POU5F1
AKT2	-1	PPARGC1A
AKT2	1	PPIF
AKT2	-1	PTPN1
AKT2	-1	RAF1
AKT2	-1	SH3RF1
AKT2	1	SRSF5
AKT2	-1	STK3
AKT2	-1	STK4
AKT2	-1	STXBP4
AKT2	-1	TSC2
AKT2	1	TWIST1
AKT2	1	XIAP
AKT3	-1	ADARB1
AKT3	1	AGO2
AKT3	-1	AKT1S1
AKT3	-1	BAD
AKT3	1	BMI1
AKT3	-1	BRAF
AKT3	-1	CASP9
AKT3	-1	CDKN1A
AKT3	1	CHUK
AKT3	1	CREB1
AKT3	-1	FOXO3
AKT3	-1	GSK3B
AKT3	-1	HSPB1
AKT3	1	IWS1
AKT3	1	MAP3K8
AKT3	1	NOS3
AKT3	1	POU5F1
AKT3	-1	STK3
AKT3	-1	STK4
ALK	1	ATIC
ALK	1	MAPT
ALK	1	PLCG1
ALK	1	PTPN11
ALK	-1	SFPQ
ALK	1	SHC1
ALK	1	SHC3
ALK	1	STAT3
AMBRA1	1	BECN1
AMER1	1	APC
AMER1	1	AXIN1
AMER1	-1	CTNNB1
AMFR	-1	HMGCR
AMH	1	ACVR1
AMOT	-1	WWTR1
AMOT	-1	YAP1
ANAPC1	-1	CTNNB1
ANAPC1	1	PTTG1
ANAPC2	-1	DVL1
ANGPT1	1	TIE1
ANKRD6	1	CSNK1E
ANKRD6	1	DVL1
ANKRD6	1	DVL2
ANP32A	1	APAF1
AP1B1	1	CLTA
AP1B1	1	DNM1
AP2M1	-1	EGFR
AP3B1	1	KIF3A
APAF1	1	CASP9
APBA1	1	CASK
APBA1	1	NRXN1
APBA1	1	STXBP1
APBA2	1	NRXN1
APBA2	1	STXBP1
APC	-1	CTNNB1
APC	-1	FEN1
APC	-1	POLB
APC2	1	AXIN1
APC2	1	CTNNB1
APEX1	1	ARNT
APEX1	1	EGR1
APEX1	1	FOS
APEX1	1	FOSL1
APEX1	1	RELB
APEX1	1	STAT3
APEX1	1	TP53
APEX1	1	TXN
APH1A	1	PSEN1
APH1A	1	PSEN2
APH1A	1	PSENEN
APH1B	1	NCSTN
APH1B	1	PSEN1
APH1B	1	PSEN2
APIP	-1	APAF1
APLF	1	PARP1
APLN	1	APLNR
APLNR	1	GNAI1
APOE	1	LDLR
APOE	1	LRP5
APOE	1	LRP8
APOE	1	MAPT
APOE	1	SORL1
APOE	1	VLDLR
APP	1	NAE1
APP	1	NOTCH1
AR	1	ANO7
AR	-1	CASP2
AR	1	CDKN1A
AR	1	CFLAR
AR	1	CTNNB1
AR	1	CYP3A5
AR	1	DBI
AR	1	EGFR
AR	1	F2R
AR	1	FKBP5
AR	-1	FOXO1
AR	-1	FOXO3
AR	1	IGFBP3
AR	1	JUN
AR	1	MMP2
AR	1	MT2A
AR	1	NR3C1
AR	1	NR5A1
AR	1	ODC1
AR	1	PMAIP1
AR	1	RXRA
AR	1	SCAP
AR	1	SMS
ARAF	1	MAP2K1
ARAF	1	MAP2K2
ARAF	1	MAPK1
ARAF	1	MAPK3
ARAF	1	NHERF2
AREL1	-1	DIABLO
ARF1	1	PLD2
ARFGAP1	-1	ARF1
ARFGEF2	1	ARF1
ARHGAP1	-1	CDC42
ARHGAP1	-1	RHOA
ARHGAP21	-1	RHOA
ARHGAP26	-1	RHOA
ARHGAP32	1	CDC42
ARHGAP32	1	CRK
ARHGAP32	1	CRKL
ARHGAP32	-1	RAC1
ARHGAP32	1	RHOA
ARHGAP32	1	SRC
ARHGAP33	-1	RAC1
ARHGAP35	-1	RAC1
ARHGAP35	-1	RHOA
ARHGAP44	-1	RAC1
ARHGAP5	-1	RHOA
ARHGDIA	-1	RAC1
ARHGEF1	1	RHOA
ARHGEF11	1	RHOA
ARHGEF12	1	RHOA
ARHGEF18	1	RHOA
ARHGEF19	1	CDC42
ARHGEF19	1	RAC1
ARHGEF19	1	RHOA
ARHGEF2	1	RAC1
ARHGEF2	1	RHOA
ARHGEF25	1	RHOA
ARHGEF3	1	RHOA
ARHGEF6	1	PAK1
ARHGEF6	1	RAC1
ARHGEF7	1	CDC42
ARHGEF7	1	GIT1
ARHGEF7	1	RAC1
ARIH1	-1	EIF4E2
ARNT	1	HIF1A
ARPC2	1	ACTB
ARRB1	1	DVL1
ARRB1	1	DVL2
ARRB1	-1	GNAI1
ARRB1	-1	GNAI2
ARRB1	-1	GNAI3
ARRB1	1	MDM2
ARRB1	1	PDE4D
ARRB1	-1	SLC9A5
ARRB1	1	SMO
ARRB2	-1	GNAI1
ARRB2	-1	GNAI2
ARRB2	-1	GNAI3
ARRB2	1	KIF3A
ARRB2	1	MDM2
ARRB2	-1	SLC9A5
ARVCF	1	CDH2
ARVCF	1	ERBIN
ASAP1	-1	ARF1
ASAP2	-1	ARF1
ASAP2	1	ARF5
ASAP2	1	ARF6
ASB2	-1	FLNA
ASB3	-1	TNFRSF1B
ASF1A	1	CHAF1B
ASF1A	1	EP300
ASF1B	1	CHAF1B
ATAD2	1	AR
ATAD2	1	E2F1
ATAD2	1	MYC
ATF1	1	ARNT2
ATF1	1	DRC2
ATF1	1	GOLPH3
ATF1	1	NKX6-1
ATF1	1	SH3RF1
ATF2	1	ATF3
ATF2	1	GADD45A
ATF2	1	JUN
ATF2	1	MMP2
ATF4	1	FUS
ATG10	1	ATG12
ATG10	1	ATG5
ATG101	1	ATG13
ATG12	1	ATG5
ATG13	1	RB1CC1
ATG14	1	BECN1
ATG14	1	PIK3C3
ATG16L1	1	CLTC
ATG3	1	GABARAPL2
ATG3	1	MAP1LC3B
ATG4A	1	GABARAPL2
ATG4B	1	GABARAPL1
ATG4B	1	GABARAPL2
ATG4B	1	MAP1LC3B
ATG4B	1	MAP1LC3C
ATG4D	1	GABARAPL1
ATG5	1	ATG16L1
ATG7	1	ATG10
ATG7	1	ATG12
ATG7	1	ATG3
ATG7	1	ATG5
ATG7	1	GABARAPL2
ATG7	1	MAP1LC3B
ATG7	1	MAP1LC3C
ATM	1	AATF
ATM	1	ABL1
ATM	1	ABRAXAS1
ATM	-1	ACTR8
ATM	1	AGER
ATM	1	AKT1
ATM	1	APLF
ATM	-1	ATF1
ATM	1	ATF2
ATM	1	ATMIN
ATM	1	AVEN
ATM	1	BCL10
ATM	1	BID
ATM	1	BLM
ATM	1	BRCA1
ATM	-1	BRD7
ATM	1	BTRC
ATM	1	BUB1
ATM	1	BUB3
ATM	1	CCAR2
ATM	1	CCDC6
ATM	1	CDKN1B
ATM	1	CDS1
ATM	1	CEP164
ATM	1	CHEK1
ATM	1	CHEK2
ATM	-1	COP1
ATM	-1	CREB1
ATM	-1	DAXX
ATM	-1	DBF4
ATM	1	DCK
ATM	1	DCLRE1A
ATM	1	DCLRE1C
ATM	1	DGCR8
ATM	1	DYRK2
ATM	1	E2F1
ATM	1	EIF4EBP1
ATM	-1	ELF4
ATM	1	EP300
ATM	-1	EXO1
ATM	-1	EZH2
ATM	1	FANCA
ATM	1	FANCD2
ATM	1	FANCI
ATM	1	FBXO31
ATM	1	FBXW7
ATM	1	H2AX
ATM	1	HERC2
ATM	1	HIF1A
ATM	1	HIPK2
ATM	1	HMGA1
ATM	1	HMGA2
ATM	1	IKBKG
ATM	1	KAT8
ATM	1	KHSRP
ATM	1	KIFC1
ATM	1	L3MBTL2
ATM	1	LAMTOR5
ATM	-1	LARP7
ATM	1	MCM3
ATM	1	MDC1
ATM	-1	MDM2
ATM	-1	MDM4
ATM	1	MECOM
ATM	1	METTL3
ATM	1	MPG
ATM	1	MRE11
ATM	1	NABP2
ATM	1	NBN
ATM	1	NFAT5
ATM	-1	NOP53
ATM	1	PAN2
ATM	1	PEX5
ATM	1	PIDD1
ATM	-1	PLK1
ATM	1	PNKP
ATM	1	POLL
ATM	1	PPM1G
ATM	-1	PPP1R2
ATM	1	PPP2R5C
ATM	1	PPP2R5D
ATM	1	PRKDC
ATM	1	RAD17
ATM	1	RAD50
ATM	1	RAD9A
ATM	1	RANBP9
ATM	1	RASSF1
ATM	-1	RBBP8
ATM	-1	RELA
ATM	1	RIF1
ATM	1	RNF138
ATM	1	RNF20
ATM	1	RNF40
ATM	-1	RPA1
ATM	1	RPA2
ATM	1	RRM2B
ATM	-1	SIAH1
ATM	1	SLX4
ATM	1	SMAD1
ATM	1	SMARCC2
ATM	1	SMC1A
ATM	1	SMC3
ATM	1	SMURF2
ATM	1	SNAI1
ATM	1	SP1
ATM	1	SRSF1
ATM	1	STK11
ATM	1	STRAP
ATM	1	TAOK1
ATM	1	TAOK3
ATM	1	TDP1
ATM	1	TERF1
ATM	1	TERF2
ATM	-1	TOP2B
ATM	1	TOPBP1
ATM	1	TP53
ATM	1	TP53BP1
ATM	1	TRAF6
ATM	-1	TRIM28
ATM	1	TTC5
ATM	1	UBQLN4
ATM	-1	UCK1
ATM	1	UFL1
ATM	1	UPF1
ATM	1	USP10
ATM	1	USP28
ATM	1	WRAP53
ATM	1	XRCC6
ATM	1	ZEB1
ATM	1	ZFHX3
ATM	1	ZNF148
ATM	-1	ZNF420
ATR	1	AKAP12
ATR	1	ATM
ATR	1	ATRIP
ATR	1	BRCA1
ATR	1	CCAR2
ATR	1	CDC25C
ATR	1	CEP164
ATR	1	CHEK1
ATR	1	CHEK2
ATR	-1	CLSPN
ATR	-1	CREB1
ATR	-1	DBF4
ATR	1	DCK
ATR	1	DCLRE1A
ATR	1	E2F1
ATR	1	EXO1
ATR	1	FANCA
ATR	1	FANCD2
ATR	1	FANCI
ATR	1	H2AX
ATR	1	HERC2
ATR	1	KIFC1
ATR	1	KMT2A
ATR	1	MCC
ATR	1	MCM2
ATR	1	MCM6
ATR	-1	MDM2
ATR	1	NBN
ATR	1	PALB2
ATR	-1	PARP1
ATR	-1	PLK1
ATR	1	POLH
ATR	1	PRKDC
ATR	1	RAD1
ATR	1	RAD17
ATR	1	RBBP8
ATR	1	RFWD3
ATR	1	RPA2
ATR	-1	SIAH1
ATR	1	SMARCAL1
ATR	1	SMARCC2
ATR	1	SMC1A
ATR	1	SP1
ATR	1	TDP1
ATR	1	TP53
ATR	1	UIMC1
ATR	1	UPF1
ATR	1	USP28
ATR	1	WDHD1
ATR	-1	WRN
ATR	1	XPA
ATR	1	XRCC3
ATR	1	ZDHHC13
ATRIP	1	BRCA1
AURKA	1	AJUBA
AURKA	-1	ARHGEF2
AURKA	1	AURKAIP1
AURKA	-1	BCL2L11
AURKA	1	BRCA1
AURKA	1	CDC25B
AURKA	1	CENPA
AURKA	1	CETN2
AURKA	1	CTNNB1
AURKA	1	DLGAP5
AURKA	1	EGFR
AURKA	1	FADD
AURKA	-1	FAF1
AURKA	1	FANCA
AURKA	1	GMNN
AURKA	-1	GSK3B
AURKA	1	HDAC6
AURKA	1	INCENP
AURKA	1	KCTD12
AURKA	1	KIF11
AURKA	-1	KIF2C
AURKA	1	KIF4A
AURKA	1	LATS2
AURKA	1	LDHB
AURKA	1	LIMK1
AURKA	1	MAP9
AURKA	1	MAPRE3
AURKA	1	MBD3
AURKA	1	MCRS1
AURKA	1	NDEL1
AURKA	1	NEDD1
AURKA	1	NEDD9
AURKA	-1	NFKBIA
AURKA	1	PARD3
AURKA	-1	PHLDA1
AURKA	-1	PIN1
AURKA	1	PLK1
AURKA	-1	POU6F1
AURKA	1	RALA
AURKA	-1	RASSF1
AURKA	1	SECISBP2L
AURKA	-1	SKI
AURKA	1	SOX8
AURKA	1	SPAG5
AURKA	1	SPIN1
AURKA	1	TACC1
AURKA	1	TACC3
AURKA	1	TIFA
AURKA	-1	TP53
AURKA	-1	TP73
AURKA	1	TPX2
AURKA	-1	VHL
AURKA	1	WDR62
AURKB	1	ATM
AURKB	-1	BIRC5
AURKB	1	BUB1
AURKB	1	CASP2
AURKB	-1	CDCA2
AURKB	-1	CDCA5
AURKB	1	CDCA8
AURKB	1	CENPA
AURKB	1	CKAP2
AURKB	1	DIAPH2
AURKB	-1	DSN1
AURKB	1	H3-3B
AURKB	1	HASPIN
AURKB	-1	HDAC4
AURKB	-1	HDAC5
AURKB	-1	HDAC9
AURKB	1	INCENP
AURKB	-1	KIF20A
AURKB	1	KIF23
AURKB	1	KIF2C
AURKB	1	KIF4A
AURKB	-1	KNL1
AURKB	1	MAPRE3
AURKB	1	MYC
AURKB	-1	NDC80
AURKB	1	NINL
AURKB	-1	NSUN2
AURKB	1	PLEKHG6
AURKB	1	PLK1
AURKB	1	RACGAP1
AURKB	-1	RASSF1
AURKB	1	RB1
AURKB	-1	REC8
AURKB	1	RPRD1B
AURKB	1	SHCBP1
AURKB	1	SKA3
AURKB	-1	SSU72
AURKB	1	TERF1
AURKB	-1	TP53
AURKB	1	TP53BP1
AURKB	-1	VIM
AURKB	1	YY1
AURKB	1	ZWINT
AXIN1	1	APC
AXIN1	1	CTNNB1
AXIN1	1	GSK3A
AXIN1	1	MAP3K1
AXIN1	1	MAP3K4
AXIN1	1	MYC
AXIN1	1	RNF111
AXIN1	1	SMAD3
AXIN1	-1	SMAD7
AXIN2	1	APC
AXIN2	1	GSK3B
AXL	1	EGFR
AXL	1	SOCS1
AZI2	1	TBK1
BABAM1	1	BRCA1
BACE1	1	APP
BACH1	1	MAFK
BACH1	-1	NFE2L2
BACH1	-1	NQO1
BAD	-1	BCL2
BAD	-1	BCL2L1
BAD	-1	BCL2L2
BAD	1	CYCS
BAG1	1	BCL2
BAG1	-1	HSPA8
BAG1	-1	PPP1R15A
BAG1	1	STUB1
BAG2	1	BCL2
BAG2	1	RAF1
BAG2	1	STUB1
BAG3	1	HSPA8
BAG4	-1	TNFRSF1A
BAG5	-1	HSPA1B
BAIAP2	1	ENAH
BAIAP2	1	WASF1
BAIAP2	1	WASF2
BAK1	1	AIFM1
BAK1	1	BAX
BAK1	1	CYCS
BAK1	1	DIABLO
BAK1	1	ENDOG
BAK1	1	HTRA2
BAK1	1	VDAC1
BARD1	1	BRCA1
BAX	1	AIFM1
BAX	1	APAF1
BAX	1	CYCS
BAX	1	DIABLO
BAX	1	ENDOG
BAX	1	HTRA2
BAX	1	VDAC1
BAZ1B	1	H2AX
BBC3	1	BAK1
BBC3	1	BAX
BBC3	-1	BCL2
BBC3	-1	BCL2L1
BBC3	-1	BCL2L2
BBC3	-1	MCL1
BCAP31	1	BCL2
BCAP31	1	BCL2L1
BCAR1	1	CRKL
BCAR1	1	PIK3R1
BCAR1	-1	SMAD3
BCL10	1	IKBKG
BCL2	-1	BAK1
BCL2	-1	BAX
BCL2	-1	BECN1
BCL2	-1	BID
BCL2	-1	XRCC6
BCL2L1	-1	APAF1
BCL2L1	-1	BAK1
BCL2L1	-1	BAX
BCL2L1	-1	BECN1
BCL2L1	-1	VDAC1
BCL2L11	1	BAK1
BCL2L11	1	BAX
BCL2L11	-1	BCL2
BCL2L11	-1	BCL2L1
BCL2L11	-1	BCL2L2
BCL2L11	-1	MCL1
BCL2L11	1	VDAC1
BCL2L2	-1	BAK1
BCL2L2	-1	BAX
BCL3	1	HDAC1
BCL3	1	HDAC3
BCL3	1	NFKB1
BCL3	1	NFKB2
BCL6	-1	ATR
BCL6	-1	TP53
BCL6	-1	ZBTB17
BCL9	1	CTNNB1
BCL9	1	PYGO1
BCOR	1	HDAC1
BCOR	1	HDAC3
BCOR	1	HDAC5
BCOR	1	RNF2
BCR	1	YWHAQ
BECN1	1	PIK3C3
BECN1	1	PIK3R4
BECN1	1	ZWINT
BHLHE41	1	RBPJ
BID	1	BAK1
BID	1	BAX
BID	-1	BCL2L1
BID	-1	BCL2L2
BID	1	CYCS
BID	1	DIABLO
BIRC2	-1	CASP3
BIRC2	-1	CASP7
BIRC2	-1	CASP9
BIRC2	-1	CFLAR
BIRC2	1	E2F1
BIRC2	1	ERC1
BIRC2	1	IKBKG
BIRC2	-1	MAP3K14
BIRC2	1	RIPK1
BIRC2	1	RIPK2
BIRC2	-1	UBE2J1
BIRC5	-1	CASP3
BIRC5	-1	CASP7
BIRC5	-1	CASP9
BIRC5	1	XIAP
BIRC6	-1	CASP7
BIRC6	-1	CASP9
BIRC6	-1	DIABLO
BLM	1	CHAF1A
BLM	1	FEN1
BLM	1	TP53
BLVRA	1	ATF2
BLVRA	1	HMOX1
BLVRA	1	JUN
BLVRA	1	JUND
BMAL1	1	CRY1
BMAL1	1	CRY2
BMF	-1	BCL2
BMF	-1	BCL2L1
BMF	-1	BCL2L2
BMF	-1	MCL1
BMI1	-1	CDKN2A
BMI1	1	H2AX
BMI1	1	RNF2
BMP1	1	COL1A1
BMP1	1	COL5A2
BMP1	1	COL7A1
BMP2	1	ACTR2
BMP2	1	ACVR1
BMP2	1	ACVR2A
BMP2	1	ACVR2B
BMP2	1	BMPR1A
BMP2	1	BMPR1B
BMP2	1	BMPR2
BMP4	1	ACVR1
BMP4	1	ACVR2A
BMP4	1	BMPR1A
BMP4	1	BMPR1B
BMP4	1	BMPR2
BMP6	1	ACVR1
BMP6	1	ACVR2A
BMP6	1	ACVR2B
BMP6	1	BMPR1A
BMP6	1	BMPR1B
BMP6	1	BMPR2
BMP7	1	ACTR2
BMP7	1	ACVR1
BMP7	1	ACVR2A
BMP7	1	ACVR2B
BMP7	1	BMPR1A
BMP7	1	BMPR1B
BMP7	1	BMPR2
BMP8A	1	ACVR2A
BMP8A	1	ACVR2B
BMP8A	1	BMPR1A
BMP8A	1	BMPR2
BMPR1A	1	BMPR1B
BMPR1A	1	SMAD1
BMPR1A	1	SMAD9
BMPR1B	1	SMAD1
BMPR1B	1	SMAD5
BMPR1B	1	SMAD9
BMPR1B	1	STAMBP
BMPR2	1	ACVR1
BMPR2	1	BMPR1A
BMPR2	1	BMPR1B
BNIP2	1	CDC42
BNIP3	-1	BCL2
BNIP3	-1	BCL2L1
BNIP3	-1	RHEB
BNIP3L	1	GABARAPL1
BORA	1	AURKA
BRAF	-1	EEF1A1
BRAF	-1	EEF1A2
BRAF	1	MAP2K1
BRAF	1	MAP2K2
BRAF	1	MAPK7
BRAF	1	PAX3
BRAP	1	CDC14A
BRAP	-1	KSR1
BRAP	-1	USP15
BRCA1	-1	ABL1
BRCA1	-1	ACACA
BRCA1	-1	CDC25C
BRCA1	1	FANCD2
BRCA1	1	GADD45A
BRCA1	1	MACROH2A1
BRCA1	1	NFE2L2
BRCA1	1	PALB2
BRCA1	1	RBBP8
BRCA1	1	SOX2
BRCA2	1	POLH
BRCA2	1	RAD51
BRCC3	-1	H2AZ1
BRCC3	-1	H2BC11
BRD4	1	CDK9
BRD4	-1	MYC
BRD4	1	POLR2A
BRIP1	1	BLM
BRIP1	1	BRCA1
BRSK1	-1	CDC25B
BRSK1	-1	CDC25C
BRSK1	1	TUBG1
BRSK2	1	PRKAA1
BTAF1	1	TBP
BTF3	1	EPHB2
BTG2	-1	CCND1
BTG2	-1	PER1
BTG3	-1	PER2
BTRC	1	CDC25A
BTRC	1	CTNNB1
BTRC	-1	FBXO5
BTRC	-1	GLI2
BTRC	1	GLI3
BTRC	1	GLIS2
BTRC	-1	NFKB1
BTRC	-1	NFKBIA
BTRC	-1	NFKBIB
BTRC	-1	PDCD4
BTRC	-1	PER1
BTRC	-1	SMAD3
BTRC	-1	SMAD4
BTRC	-1	WEE1
BTRC	-1	YAP1
BUB1	1	BUB3
BUB1	-1	CDC20
BUB1	1	PLK1
BUB1	1	SMC1A
BUB1B	-1	CDC20
CABLES1	-1	CDK2
CALM1	1	ADCY1
CALM1	1	ADD1
CALM1	-1	AKAP5
CALM1	1	ATP2B1
CALM1	1	CAMK2A
CALM1	1	CAMK4
CALM1	1	CAMKK1
CALM1	1	CAMKK2
CALM1	1	DAPK1
CALM1	1	EEF2K
CALM1	-1	GRIN2A
CALM1	-1	GRM7
CALM1	1	IQGAP1
CALM1	-1	ITPR1
CALM1	-1	MARCKS
CALM1	1	MYLK
CALM1	1	NOS3
CALM1	1	PDE1A
CALM1	1	PDE1B
CALM1	1	PDE1C
CALM1	1	PPP3CA
CALM1	1	RAC1
CALM1	-1	TRPC1
CALM1	-1	TRPC3
CALM1	1	TRPV1
CALM1	1	UNC13B
CALM2	1	ADCY1
CALM2	1	CAMK2A
CALM2	1	CAMK4
CALM2	1	CAMKK2
CALM2	1	DAPK1
CALM2	1	EEF2K
CALM2	-1	GRIN2A
CALM2	-1	GRM7
CALM2	1	IQGAP1
CALM2	-1	ITPR1
CALM2	-1	MARCKS
CALM2	1	MYLK
CALM2	1	NOS3
CALM2	1	PDE1A
CALM2	1	PDE1B
CALM2	1	PDE1C
CALM2	1	RAC1
CALM2	-1	TRPC1
CALM2	-1	TRPC3
CALM2	1	TRPV1
CALM2	1	UNC13B
CALM3	1	ADCY1
CALM3	1	ATP2B1
CALM3	1	CAMK2A
CALM3	1	CAMK4
CALM3	1	CAMKK1
CALM3	1	CAMKK2
CALM3	1	DAPK1
CALM3	-1	DRD2
CALM3	1	EEF2K
CALM3	-1	GRIN2A
CALM3	-1	GRM7
CALM3	1	IQGAP1
CALM3	-1	ITPR1
CALM3	1	KIF1A
CALM3	-1	MARCKS
CALM3	1	MYLK
CALM3	1	NOS3
CALM3	1	PDE1A
CALM3	1	PDE1B
CALM3	1	PDE1C
CALM3	1	PPP3CA
CALM3	1	PPP3CB
CALM3	1	PPP3CC
CALM3	1	PPP3R1
CALM3	1	RAC1
CALM3	-1	TRPC1
CALM3	-1	TRPC3
CALM3	1	TRPV1
CALM3	1	UNC13B
CALR	1	SCARF1
CAMK1	1	ARHGEF2
CAMK1	1	ATF1
CAMK1	1	CDKN1B
CAMK1	1	CREB1
CAMK1	1	DNM1L
CAMK1	-1	HDAC5
CAMK1	-1	NUMB
CAMK1	1	PPME1
CAMK2A	-1	ADCY3
CAMK2A	1	ATP2A2
CAMK2A	1	CACNA1B
CAMK2A	-1	CALD1
CAMK2A	1	CD44
CAMK2A	1	CEBPB
CAMK2A	1	CLCN3
CAMK2A	-1	CREB1
CAMK2A	1	CYLD
CAMK2A	1	DLG1
CAMK2A	1	EGFR
CAMK2A	-1	ETS1
CAMK2A	-1	ETS2
CAMK2A	1	FBXO43
CAMK2A	-1	GABBR1
CAMK2A	1	GFPT1
CAMK2A	1	GLO1
CAMK2A	1	GRIA1
CAMK2A	1	GRIA4
CAMK2A	1	GRIN2B
CAMK2A	-1	HOMER3
CAMK2A	1	HSF1
CAMK2A	1	ITGB1BP1
CAMK2A	1	ITPKA
CAMK2A	1	KCND2
CAMK2A	-1	LIPE
CAMK2A	1	MAP2
CAMK2A	-1	MAPT
CAMK2A	-1	NCOR2
CAMK2A	1	PEA15
CAMK2A	1	PTK2
CAMK2A	-1	PTTG1
CAMK2A	-1	RCHY1
CAMK2A	1	RIMS1
CAMK2A	1	RYR2
CAMK2A	1	SCN8A
CAMK2A	-1	SMAD2
CAMK2A	1	SRF
CAMK2A	-1	STMN1
CAMK2A	1	SYNGAP1
CAMK2D	-1	ANKRD28
CAMK2D	1	CACNB2
CAMK2D	1	CEACAM1
CAMK2D	1	CREB1
CAMK2D	1	HDAC4
CAMK2D	-1	ITPR2
CAMK2D	-1	KCNJ11
CAMK2G	-1	ADCY3
CAMK2G	1	ATF1
CAMK2G	1	CREB1
CAMK2G	-1	EGFR
CAMK2G	1	GRIA1
CAMK2G	-1	HDAC5
CAMK2G	-1	MYLK
CAMK2G	-1	NCOR2
CAMK2G	1	STAT1
CAMK4	1	CREB1
CAMK4	1	CREBBP
CAMK4	1	CREM
CAMK4	-1	GSK3B
CAMK4	-1	HDAC4
CAMK4	-1	HDAC5
CAMK4	1	HNRNPL
CAMK4	1	NOVA2
CAMK4	-1	PHB2
CAMK4	-1	STMN1
CAMKK1	1	AKT1
CAMKK1	1	CAMK1
CAMKK1	1	CAMK1D
CAMKK1	1	CAMK4
CAMKK1	1	CRMP1
CAMKK1	1	PRKAA1
CAMKK2	1	CAMK1
CAMKK2	1	CAMK4
CAMKK2	1	PRKAA1
CAMKK2	1	PRKAA2
CAND1	-1	CUL1
CAND1	-1	CUL4A
CAPN1	1	ATG5
CAPN1	-1	BCL2
CAPN1	-1	BCL2L1
CAPN1	1	BID
CAPN1	-1	CABIN1
CAPN1	-1	CBL
CAPN1	1	CDK5R1
CAPN1	-1	EZR
CAPN1	1	F2R
CAPN1	-1	F2RL1
CAPN1	-1	GRIN2A
CAPN1	1	GSK3A
CAPN1	-1	MAPT
CAPN1	-1	OGG1
CAPN1	-1	PTPN1
CAPN1	-1	SPTBN2
CAPN2	1	ATG5
CAPN2	-1	BCL2
CAPN2	-1	BCL2L1
CAPN2	1	BID
CAPN2	1	CDK5R1
CAPN2	-1	F2RL1
CAPN2	1	GSK3A
CAPN2	-1	MAPT
CAPNS1	1	CAPN2
CAPRIN1	1	G3BP1
CAPRIN2	1	LRP6
CARD8	-1	APAF1
CARD8	-1	CASP9
CARM1	1	CREBBP
CARM1	1	EP300
CARM1	1	RELB
CARM1	1	SMARCC1
CASP2	1	AIFM1
CASP2	1	BID
CASP2	1	CYCS
CASP2	1	DIABLO
CASP2	-1	GOLGA3
CASP2	1	RIPK1
CASP2	1	TRAF2
CASP3	1	ACIN1
CASP3	-1	AKT1
CASP3	-1	AR
CASP3	1	ATG4D
CASP3	1	BAD
CASP3	-1	BCAR1
CASP3	-1	BCL2
CASP3	-1	BIRC6
CASP3	-1	BRCA1
CASP3	1	CASP2
CASP3	1	CASP6
CASP3	1	CASP7
CASP3	1	CASP9
CASP3	1	CDKN1A
CASP3	-1	CTNNB1
CASP3	-1	DFFA
CASP3	1	DFFB
CASP3	-1	EIF2A
CASP3	-1	EIF2S2
CASP3	-1	EIF2S3
CASP3	-1	EIF3J
CASP3	-1	EIF4B
CASP3	-1	EIF4EBP1
CASP3	-1	EIF4G1
CASP3	-1	EIF4G2
CASP3	-1	EIF4G3
CASP3	-1	GORASP1
CASP3	1	GRIPAP1
CASP3	-1	GSN
CASP3	-1	IKBKB
CASP3	1	NFKBIA
CASP3	-1	NUMA1
CASP3	1	PAK2
CASP3	-1	PARP1
CASP3	1	PIP5K1A
CASP3	1	PPP3R1
CASP3	1	PRKDC
CASP3	1	PSEN1
CASP3	1	PSEN2
CASP3	-1	PSIP1
CASP3	1	PTBP1
CASP3	-1	PTCH1
CASP3	-1	PTK2
CASP3	-1	PXN
CASP3	-1	RAD51
CASP3	-1	RB1
CASP3	-1	RELA
CASP3	1	ROCK1
CASP3	-1	SPTAN1
CASP3	1	STK3
CASP3	1	STK4
CASP3	1	TP73
CASP3	-1	VIM
CASP6	1	APP
CASP6	1	HIPK2
CASP6	-1	LMNA
CASP6	-1	NUMA1
CASP6	1	PSEN1
CASP6	1	PSEN2
CASP6	1	SATB1
CASP6	-1	VIM
CASP7	-1	AR
CASP7	-1	DFFA
CASP7	-1	LYN
CASP7	-1	PARP1
CASP7	1	PSEN1
CASP7	1	PSEN2
CASP7	-1	TNFRSF1A
CASP7	-1	VIM
CASP9	1	CASP3
CASP9	1	CASP6
CASP9	1	CASP7
CASP9	-1	LYN
CASP9	1	VIM
CAV1	1	LRP6
CAV1	1	PDGFRA
CAV1	1	PDGFRB
CAV1	1	TRPC1
CBL	1	EGFR
CBL	-1	EPHA2
CBL	-1	ERBB2
CBL	-1	ITGA5
CBL	-1	KIT
CBL	-1	LYN
CBL	1	MET
CBL	-1	NCK1
CBL	1	PDGFRA
CBL	-1	PDGFRB
CBL	-1	PIK3CA
CBL	-1	PIK3R1
CBL	-1	PLCG1
CBL	-1	SORBS2
CBLB	-1	CRK
CBLB	-1	EGFR
CBLB	-1	FYN
CBLB	-1	GRB2
CBLB	-1	IGF1R
CBLB	-1	KIT
CBLB	1	NCK1
CBLB	-1	PIK3CA
CBLB	-1	PIK3R1
CBLB	-1	SHC1
CBLB	-1	VAV2
CBX4	1	CTCF
CBX5	1	H3-3B
CBY1	1	CTNNB1
CCAR2	-1	SIRT1
CCDC88C	-1	DVL1
CCKBR	1	GNAQ
CCL5	1	GPR75
CCN1	1	ITGA5
CCN2	1	LRP6
CCND1	1	CDK4
CCND1	1	CDK6
CCND2	1	CDK4
CCND2	1	CDK6
CCND2	-1	RB1
CCND3	1	CCNE1
CCND3	1	CDK4
CCND3	1	CDK6
CCNF	-1	CCP110
CCNH	1	CDK7
CCP110	1	CALM1
CCP110	1	CALM2
CCP110	1	CALM3
CCP110	1	CETN2
CD55	1	ADGRE5
CD74	1	CXCR4
CDC14A	-1	CDC25B
CDC14A	-1	FZR1
CDC14A	1	IREB2
CDC14A	-1	KMT5A
CDC14A	-1	MAPK6
CDC14A	-1	TP53
CDC14A	1	WEE1
CDC14B	1	FZR1
CDC14B	-1	KMT5A
CDC14B	-1	MAPK6
CDC14B	-1	SKP2
CDC14B	-1	TP53
CDC14B	-1	USP9X
CDC20	1	ANAPC11
CDC20	-1	CCNA2
CDC20	-1	CCNB1
CDC20	1	UBE2S
CDC25A	1	CDK2
CDC25A	1	CDK4
CDC25A	1	CDK6
CDC25A	-1	MAPK3
CDC25A	-1	RAF1
CDC25B	1	CDK2
CDC34	-1	NFKBIA
CDC42	1	BAIAP2
CDC42	1	CDC42BPA
CDC42	1	DIAPH3
CDC42	1	MAP2K7
CDC42	1	MAP3K1
CDC42	1	MAP3K10
CDC42	1	MAP3K11
CDC42	1	MAP3K4
CDC42	1	PAK1
CDC42	1	PAK1IP1
CDC42	1	PAK2
CDC42	1	PTEN
CDC42	1	WASF1
CDC42	1	WASL
CDC42BPA	1	LIMK1
CDC42BPA	1	LIMK2
CDC42BPA	1	MYL9
CDC42BPA	-1	PPP1R12C
CDC42BPB	1	MSN
CDC5L	1	HNRNPM
CDC7	1	CLSPN
CDC7	1	DTD1
CDC7	1	MCM2
CDC7	1	MCM4
CDC7	1	MCM7
CDC7	1	PSIP1
CDC7	1	TARDBP
CDC73	1	CPSF3
CDC73	1	CTNNB1
CDC73	-1	MYC
CDCA2	1	PPP1CC
CDCA3	-1	WEE1
CDCA5	1	SMC3
CDCA5	-1	WAPL
CDH10	1	CTNNB1
CDH11	1	CTNNB1
CDH2	1	CDON
CDH2	1	CTNNB1
CDH24	1	CTNNB1
CDH3	1	CTNNB1
CDH7	1	CTNNB1
CDH8	1	CTNNB1
CDH9	1	CTNNB1
CDK1	-1	ABI1
CDK1	1	ABL1
CDK1	1	AKAP12
CDK1	1	ANAPC1
CDK1	1	ANAPC4
CDK1	1	APLP2
CDK1	1	AR
CDK1	-1	ATAD5
CDK1	1	BAD
CDK1	1	BCL2
CDK1	-1	BCL2L1
CDK1	1	BCL2L11
CDK1	1	BIRC5
CDK1	1	BRCA1
CDK1	1	BUB1
CDK1	1	BUB1B
CDK1	-1	CASP9
CDK1	1	CC2D1A
CDK1	1	CCNB1
CDK1	1	CDC16
CDK1	-1	CDC20
CDK1	1	CDC23
CDK1	1	CDC25A
CDK1	1	CDC25B
CDK1	1	CDC25C
CDK1	1	CDC27
CDK1	1	CDC5L
CDK1	1	CDC7
CDK1	-1	CDCA5
CDK1	-1	CDKN1B
CDK1	-1	CENPA
CDK1	-1	CEP55
CDK1	-1	CGAS
CDK1	1	CHEK1
CDK1	-1	CHMP7
CDK1	1	CKAP2
CDK1	1	CLASP2
CDK1	1	CLIP1
CDK1	-1	CREM
CDK1	1	CSNK2A1
CDK1	1	CSNK2B
CDK1	-1	CUX1
CDK1	1	DCTN6
CDK1	-1	DDX3X
CDK1	1	DNM1L
CDK1	1	DNMT1
CDK1	1	DUT
CDK1	1	E2F1
CDK1	1	ECT2
CDK1	1	EEF1D
CDK1	-1	EEF2K
CDK1	-1	EGFR
CDK1	-1	EIF4EBP1
CDK1	1	EIF4G2
CDK1	-1	ELAVL1
CDK1	-1	EP300
CDK1	-1	EPN1
CDK1	1	ERCC6L
CDK1	-1	ESPL1
CDK1	-1	EZH2
CDK1	1	FANCG
CDK1	-1	FBXO5
CDK1	-1	FEN1
CDK1	1	FMNL2
CDK1	1	FOXK2
CDK1	1	FOXM1
CDK1	-1	FOXO1
CDK1	-1	GJA1
CDK1	-1	GOLGA2
CDK1	-1	GORASP1
CDK1	1	HASPIN
CDK1	1	HIF1A
CDK1	-1	HMGA1
CDK1	-1	HMGA2
CDK1	1	INCENP
CDK1	-1	IREB2
CDK1	1	KAT5
CDK1	1	KAT7
CDK1	-1	KDM5B
CDK1	1	KHDRBS1
CDK1	1	KIF11
CDK1	1	KIF20B
CDK1	1	KIF22
CDK1	-1	KIF2C
CDK1	1	KIF4A
CDK1	1	KIFC1
CDK1	1	KMT5A
CDK1	1	LATS1
CDK1	-1	LBR
CDK1	1	LIG1
CDK1	1	LMNA
CDK1	-1	MAP2K1
CDK1	-1	MAP4
CDK1	1	MAPK3
CDK1	1	MAPK6
CDK1	1	MASTL
CDK1	-1	MCL1
CDK1	1	MCM3
CDK1	-1	MCM4
CDK1	-1	MDM4
CDK1	1	MPLKIP
CDK1	-1	NCKAP5L
CDK1	-1	NCOA3
CDK1	1	NDE1
CDK1	1	NDEL1
CDK1	1	NDUFB6
CDK1	1	NEDD1
CDK1	1	NEK9
CDK1	1	NFAT5
CDK1	-1	NHERF1
CDK1	1	NIFK
CDK1	1	NINL
CDK1	1	NME1
CDK1	-1	NPM1
CDK1	-1	NSFL1C
CDK1	-1	NUCKS1
CDK1	-1	NUMA1
CDK1	1	NUP210
CDK1	-1	NUP50
CDK1	-1	NUP98
CDK1	1	ODF2
CDK1	1	ORC1
CDK1	1	PAPOLA
CDK1	-1	PIK3C2A
CDK1	-1	PIK3C3
CDK1	1	PITPNM1
CDK1	1	PKN1
CDK1	-1	PLEC
CDK1	1	PLK1
CDK1	-1	PML
CDK1	-1	PPP1CA
CDK1	1	PPP1R13L
CDK1	1	PRC1
CDK1	-1	PRDX1
CDK1	1	PRPS1
CDK1	1	PTPN1
CDK1	1	PTTG1
CDK1	1	RAB11FIP3
CDK1	1	RAD9A
CDK1	1	RANBP2
CDK1	1	RANGAP1
CDK1	-1	RB1
CDK1	1	RCC1
CDK1	1	RECQL4
CDK1	-1	RFC1
CDK1	1	RNMT
CDK1	1	RPA2
CDK1	1	RPS3
CDK1	1	RPS6KB1
CDK1	1	RRM2
CDK1	1	RUNX2
CDK1	1	RXRA
CDK1	-1	SAMHD1
CDK1	1	SGO1
CDK1	1	SIRT1
CDK1	-1	SIRT2
CDK1	1	SIRT3
CDK1	1	SKA3
CDK1	-1	SLBP
CDK1	1	SP1
CDK1	1	SQSTM1
CDK1	1	SREBF1
CDK1	-1	STIM1
CDK1	-1	STIP1
CDK1	1	STMN1
CDK1	-1	SUN1
CDK1	1	SYN3
CDK1	1	TERT
CDK1	1	TEX14
CDK1	-1	TK1
CDK1	1	TOP1
CDK1	1	TP53
CDK1	-1	TP53BP1
CDK1	-1	TP73
CDK1	-1	TPX2
CDK1	-1	TSC1
CDK1	1	UBA1
CDK1	1	UBE2A
CDK1	1	UBE2I
CDK1	-1	UBXN2B
CDK1	1	USP1
CDK1	1	USP16
CDK1	1	USP22
CDK1	-1	USP24
CDK1	1	USP9X
CDK1	-1	VCPIP1
CDK1	-1	VIM
CDK1	1	WAC
CDK1	-1	WWTR1
CDK1	1	YAP1
CDK1	-1	ZC3HC1
CDK1	1	ZYX
CDK10	-1	ETS2
CDK11A	1	CDK11B
CDK11A	-1	EIF3F
CDK11A	1	PAK1
CDK11B	-1	EIF3F
CDK12	1	PAK2
CDK12	1	POLR2A
CDK13	-1	SERINC5
CDK14	-1	CCNY
CDK14	1	LRP6
CDK14	-1	TAGLN2
CDK16	-1	CDKN1B
CDK16	-1	NSF
CDK16	1	PRC1
CDK16	-1	TP53
CDK19	1	EIF3F
CDK2	-1	ARID4A
CDK2	1	ATRIP
CDK2	1	BARD1
CDK2	1	BCL2L1
CDK2	1	BRCA1
CDK2	1	CCDC6
CDK2	1	CCNA2
CDK2	-1	CCNE1
CDK2	-1	CCP110
CDK2	1	CDC25C
CDK2	-1	CDC6
CDK2	-1	CDKN1A
CDK2	-1	CDKN1B
CDK2	1	CDKN2D
CDK2	1	CEBPB
CDK2	1	CHEK1
CDK2	1	COIL
CDK2	-1	CROCC
CDK2	1	DLG1
CDK2	1	DNMT1
CDK2	1	E2F1
CDK2	1	E2F5
CDK2	1	ELK4
CDK2	1	EZH2
CDK2	1	FOXK2
CDK2	1	FOXM1
CDK2	-1	FOXO1
CDK2	-1	FZR1
CDK2	-1	GRK2
CDK2	1	HIRA
CDK2	-1	HMGA1
CDK2	-1	ID2
CDK2	-1	ID3
CDK2	1	ING5
CDK2	1	KLF10
CDK2	1	LIG1
CDK2	-1	LIG3
CDK2	1	MAP3K11
CDK2	1	MCM2
CDK2	1	MCM3
CDK2	1	MCM3AP
CDK2	-1	MCM4
CDK2	1	MECOM
CDK2	1	MYBL2
CDK2	1	MYC
CDK2	1	NBN
CDK2	1	NCOA1
CDK2	-1	NCOR2
CDK2	1	NFYA
CDK2	1	NPAT
CDK2	-1	NPM1
CDK2	1	NR3C1
CDK2	1	ORC2
CDK2	-1	PAK1
CDK2	1	PARP1
CDK2	1	PELP1
CDK2	1	POLL
CDK2	-1	PPP1CA
CDK2	-1	PRDX1
CDK2	1	PRKAR1A
CDK2	-1	RAD54L
CDK2	-1	RB1
CDK2	1	RBBP8
CDK2	-1	RBL2
CDK2	1	RECQL4
CDK2	1	RNF4
CDK2	1	RRN3
CDK2	1	SF3B1
CDK2	1	SIRT1
CDK2	-1	SIRT2
CDK2	1	SKP2
CDK2	-1	SMAD2
CDK2	-1	SMAD3
CDK2	1	SOX2
CDK2	1	SP1
CDK2	-1	TFCP2
CDK2	-1	TK1
CDK2	1	TP53
CDK2	-1	TP73
CDK2	-1	TPX2
CDK2	1	TTK
CDK2	1	UBE2A
CDK2	1	UBTF
CDK2	-1	UHRF1
CDK2	1	USP37
CDK2	-1	ZBTB16
CDK2	-1	ZC3HC1
CDK20	1	CDK2
CDK20	1	CILK1
CDK2AP1	-1	CDK2
CDK4	-1	BRCA1
CDK4	1	CELF1
CDK4	1	FOXM1
CDK4	1	FOXO1
CDK4	1	KAT2A
CDK4	-1	MEF2D
CDK4	1	PAX3
CDK4	1	PELP1
CDK4	-1	PRDX1
CDK4	-1	RASSF1
CDK4	-1	RB1
CDK4	-1	RBL1
CDK4	-1	RBL2
CDK4	-1	SMAD3
CDK4	1	TOB2
CDK4	1	WDR77
CDK5	1	AGAP2
CDK5	-1	AMFR
CDK5	1	AMPH
CDK5	1	APEX1
CDK5	1	APP
CDK5	1	AR
CDK5	1	ATM
CDK5	1	BACE1
CDK5	-1	CAMKK2
CDK5	1	CDK16
CDK5	-1	CDK5R1
CDK5	-1	CDKN1B
CDK5	1	CLIC4
CDK5	1	CLOCK
CDK5	1	CORO1A
CDK5	1	CRMP1
CDK5	1	CTNNB1
CDK5	1	CTNND2
CDK5	1	DAB1
CDK5	1	DBN1
CDK5	-1	DLG4
CDK5	-1	DLGAP1
CDK5	1	DNM1
CDK5	1	DNM1L
CDK5	1	DNMT1
CDK5	-1	DPYSL2
CDK5	1	DPYSL3
CDK5	-1	DRD2
CDK5	-1	EPRS1
CDK5	1	ERBB2
CDK5	1	ERBB4
CDK5	1	EZR
CDK5	1	GRIN2A
CDK5	-1	GRIN2B
CDK5	1	HIF1A
CDK5	1	HTRA2
CDK5	1	HTT
CDK5	-1	KIF13B
CDK5	1	LMTK2
CDK5	1	MAP2K1
CDK5	-1	MAPK10
CDK5	1	MAPK7
CDK5	-1	MAPT
CDK5	-1	MEF2A
CDK5	-1	MEF2D
CDK5	1	NDEL1
CDK5	1	NFAT5
CDK5	1	NGEF
CDK5	-1	NOS3
CDK5	-1	NR3C1
CDK5	-1	PAK1
CDK5	-1	PARP1
CDK5	-1	PEBP1
CDK5	-1	PIK3C3
CDK5	-1	PIP5K1C
CDK5	1	PLD2
CDK5	-1	PMAIP1
CDK5	-1	PPP1CA
CDK5	-1	PPP1R9B
CDK5	-1	PRKN
CDK5	1	PRNP
CDK5	1	PSEN1
CDK5	1	PTK2
CDK5	1	PXN
CDK5	1	RALB
CDK5	1	RAPGEF2
CDK5	1	RASGRF2
CDK5	-1	RB1
CDK5	1	SIRT2
CDK5	1	SRC
CDK5	1	STAT3
CDK5	-1	STMN1
CDK5	-1	STXBP1
CDK5	-1	SYNJ1
CDK5	1	TLN1
CDK5	1	TP53
CDK5	-1	TPPP
CDK5	1	TPX2
CDK5	1	TRIM59
CDK5	1	TRPV1
CDK5	1	VIM
CDK5	1	VRK3
CDK5R1	1	LMTK2
CDK5RAP2	1	APP
CDK5RAP2	1	CEP63
CDK5RAP3	1	CDK1
CDK5RAP3	-1	CHEK1
CDK6	-1	CDKN1A
CDK6	1	CDKN1B
CDK6	-1	CTNNB1
CDK6	1	FOXO3
CDK6	-1	PKM
CDK6	-1	PRDX1
CDK6	-1	RB1
CDK6	-1	RBL2
CDK7	-1	AR
CDK7	1	CDK1
CDK7	1	CDK11B
CDK7	1	CDK2
CDK7	1	CDK4
CDK7	1	CDK5
CDK7	1	CDK9
CDK7	-1	E2F1
CDK7	-1	ERCC3
CDK7	1	ETS1
CDK7	1	MCM2
CDK7	1	NR5A1
CDK7	1	POLR2A
CDK7	1	POU5F1
CDK7	1	RARA
CDK7	1	RARG
CDK7	1	TP53
CDK7	1	XRN2
CDK8	-1	CCNH
CDK8	-1	CDKN1B
CDK8	-1	E2F1
CDK8	-1	MED13
CDK8	1	NOTCH1
CDK8	-1	SMAD1
CDK8	-1	SMAD3
CDK8	1	SREBF1
CDK8	1	STAT1
CDK8	1	YAP1
CDK9	1	AR
CDK9	-1	MYC
CDK9	1	NCOA2
CDK9	1	POLR2A
CDK9	1	RB1
CDK9	-1	RCHY1
CDK9	-1	SMAD1
CDK9	-1	SMAD3
CDK9	1	SUPT5H
CDK9	1	TP53
CDK9	1	UBE2A
CDKL5	-1	AMPH
CDKL5	-1	SOX9
CDKN1A	-1	CCND3
CDKN1A	-1	CDK1
CDKN1A	-1	CDK4
CDKN1A	-1	FEN1
CDKN1A	-1	PCNA
CDKN1A	-1	POLK
CDKN1B	-1	CCND3
CDKN2A	-1	BCL2L1
CDKN2A	-1	CDK4
CDKN2A	-1	CDK6
CDKN2A	-1	HUWE1
CDKN2A	-1	KAT5
CDKN2A	-1	MDM2
CDKN2C	-1	CDK4
CDKN2C	1	CDK6
CDKN2D	1	CDK4
CDKN2D	1	CDK6
CDKN3	1	CDK2
CDON	1	ABL1
CDON	1	SPAG9
CDR2	1	MYC
CEBPB	1	CREB1
CEBPB	1	E2F4
CEBPB	1	FOXO1
CEBPB	1	HSP90AA1
CEBPB	1	RUNX2
CEBPB	1	STAT3
CEP135	1	CPAP
CEP135	1	SASS6
CEP192	1	AURKA
CEP68	1	CDK5RAP2
CEP85	1	MCM2
CFLAR	-1	ATG3
CFLAR	-1	FADD
CHAMP1	1	MAD2L2
CHD8	-1	CTNNB1
CHEK1	1	ASF1A
CHEK1	1	AURKB
CHEK1	1	BLM
CHEK1	-1	CDC25A
CHEK1	-1	CDC25B
CHEK1	1	CDC25C
CHEK1	-1	CDKN1A
CHEK1	1	CLSPN
CHEK1	1	E2F3
CHEK1	-1	E2F6
CHEK1	-1	ERRFI1
CHEK1	1	FANCD2
CHEK1	1	FANCE
CHEK1	1	FANCL
CHEK1	-1	H3-3B
CHEK1	-1	MDM4
CHEK1	-1	NFKB1
CHEK1	-1	PABIR1
CHEK1	1	PLK1
CHEK1	-1	PPP1R12A
CHEK1	1	PTTG1
CHEK1	1	RAD51
CHEK1	1	RB1
CHEK1	1	RHOB
CHEK1	-1	SETMAR
CHEK1	1	SRC
CHEK1	-1	TICRR
CHEK1	-1	TLK1
CHEK1	-1	TLK2
CHEK1	1	TP53
CHEK1	1	TP73
CHEK1	1	UBE2B
CHEK1	1	WEE1
CHEK2	1	AATF
CHEK2	-1	ASF1A
CHEK2	1	AURKB
CHEK2	1	BECN1
CHEK2	1	BRCA1
CHEK2	-1	CDC25A
CHEK2	1	CDC25C
CHEK2	1	CDK11B
CHEK2	1	E2F1
CHEK2	1	ELAVL1
CHEK2	-1	EXO1
CHEK2	1	FOXM1
CHEK2	1	INCENP
CHEK2	-1	MAPT
CHEK2	-1	MDM2
CHEK2	-1	MDM4
CHEK2	1	PPP2R5C
CHEK2	1	PSME3
CHEK2	1	PTTG1
CHEK2	1	RB1
CHEK2	1	SOD1
CHEK2	1	STRAP
CHEK2	-1	TERF2
CHEK2	1	TP53
CHEK2	-1	TRIM28
CHEK2	1	VHL
CHEK2	1	XRCC1
CHFR	-1	AURKA
CHFR	-1	PARP1
CHFR	-1	PLK1
CHKA	-1	CTNNB1
CHKA	-1	PLIN3
CHKA	-1	SRC
CHM	-1	RABGGTA
CHN1	1	CDK5R1
CHN1	-1	RAC1
CHN2	-1	RAC1
CHP1	1	PAK1
CHUK	1	AMBRA1
CHUK	1	BCL3
CHUK	-1	CCND1
CHUK	-1	CDKN1B
CHUK	-1	COPS5
CHUK	1	CREBBP
CHUK	1	CYLD
CHUK	-1	ELAVL1
CHUK	-1	FOXO3
CHUK	1	IKBKB
CHUK	1	MECP2
CHUK	1	MTOR
CHUK	-1	MTURN
CHUK	1	NCOA3
CHUK	-1	NCOR2
CHUK	-1	NFKB1
CHUK	1	NFKB2
CHUK	-1	NFKBIA
CHUK	-1	NFKBIB
CHUK	1	NPM1
CHUK	1	PIAS1
CHUK	1	RELA
CHUK	-1	RELB
CHUK	-1	RIPK1
CHUK	1	TAX1BP1
CHUK	-1	TRAF4
CIB1	1	ITGA2B
CIB1	1	PAK1
CIITA	1	RFX5
CILK1	1	RPTOR
CISD2	1	BCL2
CISH	1	LEPR
CISH	1	STAT5A
CIT	1	MYL9
CKS1B	1	CDK1
CKS2	1	CENPE
CLASP1	1	MAPRE1
CLASP2	1	CLIP1
CLASP2	1	CLIP2
CLASP2	1	MAPRE1
CLCC1	1	PIGBOS1
CLCF1	1	CNTFR
CLCF1	1	IL6ST
CLCF1	1	LIFR
CLIP1	1	DCTN1
CLK1	-1	ABL1
CLK1	1	PTPN1
CLK1	1	RBM17
CLK1	1	SRSF1
CLK2	1	ATR
CLK2	1	PTPN1
CLK2	1	SRSF1
CLK3	1	SRSF1
CLK3	1	USP13
CLK4	-1	ABL1
CLSPN	1	DDB2
CLSPN	1	UBE2B
CLU	-1	COMMD1
CLU	1	LRP2
CMTM6	1	CD274
CNKSR1	1	RAF1
CNKSR1	1	RASSF1
CNKSR2	1	RAF1
CNR1	1	GNAI1
CNR1	1	GNAI3
CNR1	1	GNAO1
CNR1	1	GNB2
CNTFR	1	JAK1
CNTN6	1	NOTCH1
COL11A1	1	ITGA2
COL11A1	1	ITGB1
COL18A1	1	GPC1
COL18A1	1	ITGA5
COL18A1	1	ITGB1
COL1A1	1	CD44
COL1A1	1	DDR1
COL1A1	1	DDR2
COL1A1	1	ITGA2
COL1A1	1	ITGA5
COL1A1	1	ITGAV
COL1A1	1	ITGB1
COL2A1	1	ITGA1
COL2A1	1	ITGA2
COL2A1	1	ITGA2B
COL2A1	1	ITGB1
COL3A1	1	ADGRG1
COL3A1	1	ITGA1
COL3A1	1	ITGA2
COL3A1	1	ITGB1
COL4A1	1	ITGA1
COL4A1	1	ITGA2
COL4A1	1	ITGAV
COL4A1	1	ITGB1
COL4A1	1	ITGB8
COL4A6	1	ITGA2
COL4A6	1	ITGB1
COL5A3	1	SDC3
COP1	-1	CARD8
COP1	-1	NLRP2
COPS5	1	CD274
COPS5	-1	CDKN1B
COPS5	1	FOS
COPS5	1	HIF1A
COPS5	1	JUN
COPS5	1	MDM2
COPS5	1	MYC
COPS5	1	NCOA1
COPS5	-1	SMAD4
COPS5	1	TYK2
COX5B	1	APAF1
CRADD	1	CASP2
CRADD	1	RIPK1
CRBN	-1	SALL4
CREB1	1	BACH2
CREB1	1	CD2AP
CREB1	1	CDK6
CREB1	1	CREBBP
CREB1	1	CTNNB1
CREB1	1	FOXO4
CREB1	1	FST
CREB1	1	MTA3
CREB1	1	MYC
CREB1	1	POLK
CREB1	1	SMAD3
CREB1	1	SMAD6
CREB1	1	SMARCA2
CREB1	1	SMARCA4
CREB1	1	TAF1
CREB1	1	TCF3
CREB5	1	ATF2
CREB5	1	JUN
CREBBP	1	ARNT
CREBBP	1	ASAH2B
CREBBP	1	CSK
CREBBP	1	CTNNB1
CREBBP	1	ELK1
CREBBP	1	IFNAR2
CREBBP	1	IRF9
CREBBP	1	JUN
CREBBP	1	MYB
CREBBP	1	MYBL1
CREBBP	1	NFE2L2
CREBBP	1	NFKB1
CREBBP	1	RELA
CREBBP	1	RELB
CREBBP	1	SMAD2
CREBBP	1	SMAD3
CREBBP	1	STAT2
CREBBP	1	STAT3
CREBBP	1	STAT6
CREBBP	-1	TCF7
CREBBP	1	TP53
CREBBP	1	WRN
CREM	-1	CREB1
CRK	1	BCAR1
CRK	1	CBL
CRK	1	DOCK1
CRK	1	GAB1
CRK	1	MAP4K5
CRK	1	MAPK8
CRK	1	NEDD9
CRK	1	PTK2
CRK	1	PXN
CRK	1	RAPGEF1
CRKL	1	BCAR1
CRKL	1	DOCK1
CRKL	1	GAB1
CRKL	1	NEDD9
CRKL	1	PXN
CRKL	1	RAPGEF1
CRTC2	1	CREB1
CRTC2	1	STAR
CRY1	-1	BMAL1
CRY2	-1	BMAL1
CSAG3	1	SIRT1
CSK	1	FYN
CSK	-1	LYN
CSK	1	MDM2
CSK	1	PTK2
CSK	1	PXN
CSK	-1	SRC
CSK	-1	YES1
CSK	1	YTHDC1
CSNK1A1	-1	AGO2
CSNK1A1	1	APC
CSNK1A1	1	AXIN1
CSNK1A1	1	BID
CSNK1A1	-1	CARM1
CSNK1A1	-1	CBX4
CSNK1A1	-1	CDC25A
CSNK1A1	1	CDK5
CSNK1A1	1	CREB1
CSNK1A1	-1	CTNNB1
CSNK1A1	1	CTNND1
CSNK1A1	-1	CTPS2
CSNK1A1	-1	FADD
CSNK1A1	-1	FOXO1
CSNK1A1	-1	FOXO3
CSNK1A1	-1	FOXO4
CSNK1A1	-1	GLI2
CSNK1A1	-1	GLI3
CSNK1A1	1	GSK3B
CSNK1A1	1	HNRNPC
CSNK1A1	-1	IFNAR1
CSNK1A1	-1	JADE1
CSNK1A1	-1	LEF1
CSNK1A1	1	LGALS3
CSNK1A1	1	LRP6
CSNK1A1	1	MDM4
CSNK1A1	-1	MYC
CSNK1A1	-1	NFATC3
CSNK1A1	-1	PER1
CSNK1A1	-1	PHLPP1
CSNK1A1	-1	PRKN
CSNK1A1	-1	RHOB
CSNK1A1	1	SNCA
CSNK1A1	1	SQSTM1
CSNK1A1	1	SRPK2
CSNK1A1	-1	TIAM1
CSNK1A1	1	TP53
CSNK1A1	1	TUT1
CSNK1A1	-1	YWHAQ
CSNK1A1	-1	YWHAZ
CSNK1A1	1	ZRANB1
CSNK1D	1	APC
CSNK1D	1	APC2
CSNK1D	1	AXIN1
CSNK1D	1	CDK5
CSNK1D	1	CTNNB1
CSNK1D	1	DVL1
CSNK1D	1	DVL2
CSNK1D	1	GJA1
CSNK1D	1	GSK3B
CSNK1D	-1	HIF1A
CSNK1D	-1	LEF1
CSNK1D	1	LRP6
CSNK1D	-1	MAPT
CSNK1D	-1	MDM2
CSNK1D	-1	MTSS1
CSNK1D	1	NCOA3
CSNK1D	-1	PER1
CSNK1D	-1	PER2
CSNK1D	-1	PER3
CSNK1D	1	PPP5C
CSNK1D	1	PSEN2
CSNK1D	-1	SMARCA4
CSNK1D	1	TP53
CSNK1D	1	UHRF1
CSNK1D	-1	WWTR1
CSNK1D	-1	YAP1
CSNK1D	1	YWHAQ
CSNK1D	-1	ZNF322
CSNK1E	1	APC
CSNK1E	1	AXIN1
CSNK1E	1	BID
CSNK1E	-1	CDC25A
CSNK1E	-1	CTNNB1
CSNK1E	1	CTNND1
CSNK1E	1	DVL1
CSNK1E	1	DVL2
CSNK1E	-1	DVL3
CSNK1E	-1	EIF4EBP1
CSNK1E	1	LRP6
CSNK1E	-1	PER1
CSNK1E	-1	PER2
CSNK1E	-1	PER3
CSNK1E	1	ROR2
CSNK1E	1	SMO
CSNK1E	1	TP53
CSNK1E	1	TRAF3
CSNK1E	-1	WWTR1
CSNK1E	-1	YAP1
CSNK1E	1	YWHAQ
CSNK1G1	1	DVL1
CSNK1G1	-1	FOXO1
CSNK1G1	1	LRP5
CSNK1G1	1	LRP6
CSNK1G1	1	LYN
CSNK1G1	-1	NFATC1
CSNK1G1	1	TP53
CSNK1G1	1	YWHAQ
CSNK1G2	-1	CERT1
CSNK1G2	-1	PER1
CSNK1G2	-1	SMAD3
CSNK1G2	1	TP53
CSNK1G2	1	YWHAQ
CSNK1G3	1	TP53
CSNK1G3	1	YWHAQ
CSNK2A1	1	ABCC1
CSNK2A1	1	AKT1
CSNK2A1	-1	AMPH
CSNK2A1	1	ANP32B
CSNK2A1	1	APEX1
CSNK2A1	-1	ARNT
CSNK2A1	1	ARRB2
CSNK2A1	1	ATF1
CSNK2A1	1	ATXN3
CSNK2A1	1	BID
CSNK2A1	-1	BMI1
CSNK2A1	-1	BRMS1
CSNK2A1	-1	C1R
CSNK2A1	-1	CALM1
CSNK2A1	1	CAPZA1
CSNK2A1	-1	CASP2
CSNK2A1	1	CAV2
CSNK2A1	-1	CBX1
CSNK2A1	1	CBX5
CSNK2A1	1	CCAR2
CSNK2A1	-1	CCNF
CSNK2A1	1	CDC25B
CSNK2A1	-1	CDC25C
CSNK2A1	1	CDC27
CSNK2A1	-1	CDC34
CSNK2A1	1	CDC37
CSNK2A1	1	CEBPD
CSNK2A1	1	CERS5
CSNK2A1	1	CLIP1
CSNK2A1	1	CORO1C
CSNK2A1	-1	CREB3
CSNK2A1	-1	CTDP1
CSNK2A1	-1	CTNNA1
CSNK2A1	1	CTNNB1
CSNK2A1	1	DAXX
CSNK2A1	-1	DDHD1
CSNK2A1	-1	DDIT3
CSNK2A1	1	DEK
CSNK2A1	-1	EGR1
CSNK2A1	1	EIF2B5
CSNK2A1	1	EIF2S2
CSNK2A1	1	EIF3J
CSNK2A1	-1	EIF4EBP1
CSNK2A1	1	EIF4G2
CSNK2A1	1	EIF5
CSNK2A1	-1	ERCC3
CSNK2A1	1	EXOSC9
CSNK2A1	-1	FAF1
CSNK2A1	-1	FANCD2
CSNK2A1	1	FGF14
CSNK2A1	-1	FKBP4
CSNK2A1	-1	FUNDC1
CSNK2A1	-1	G3BP1
CSNK2A1	-1	GBF1
CSNK2A1	-1	GGA1
CSNK2A1	-1	GPI
CSNK2A1	-1	GRIN2B
CSNK2A1	1	GTF2A1
CSNK2A1	1	HDAC1
CSNK2A1	1	HDAC2
CSNK2A1	1	HDAC3
CSNK2A1	1	HES6
CSNK2A1	-1	HMGN1
CSNK2A1	1	HMOX2
CSNK2A1	-1	HNRNPC
CSNK2A1	1	HSF1
CSNK2A1	-1	HSP90AB1
CSNK2A1	-1	HSPH1
CSNK2A1	1	IFI16
CSNK2A1	1	IGFBP3
CSNK2A1	-1	IP6K2
CSNK2A1	-1	JUN
CSNK2A1	1	KDM1A
CSNK2A1	1	LEF1
CSNK2A1	1	LIG1
CSNK2A1	1	MAPK9
CSNK2A1	-1	MAX
CSNK2A1	1	MAZ
CSNK2A1	1	MCM2
CSNK2A1	1	MDC1
CSNK2A1	1	MECOM
CSNK2A1	1	MEF2C
CSNK2A1	1	MRE11
CSNK2A1	1	MUS81
CSNK2A1	-1	MYB
CSNK2A1	-1	MYC
CSNK2A1	1	MYH9
CSNK2A1	-1	NASP
CSNK2A1	-1	NFKBIA
CSNK2A1	1	NOL3
CSNK2A1	1	NPHP1
CSNK2A1	-1	NR1H3
CSNK2A1	1	OTUB1
CSNK2A1	1	OTUD5
CSNK2A1	1	PACS1
CSNK2A1	1	PDCD5
CSNK2A1	1	PDCL
CSNK2A1	1	PHF8
CSNK2A1	1	PIAS1
CSNK2A1	1	PIK3R1
CSNK2A1	-1	PIN4
CSNK2A1	1	PIP4K2A
CSNK2A1	1	PKD2
CSNK2A1	-1	PML
CSNK2A1	1	PPP1R2
CSNK2A1	1	PPP1R8
CSNK2A1	1	PRKDC
CSNK2A1	1	PRPF3
CSNK2A1	1	PSEN2
CSNK2A1	-1	PTEN
CSNK2A1	1	PTGES3
CSNK2A1	1	RANGAP1
CSNK2A1	1	RELA
CSNK2A1	1	RIOK1
CSNK2A1	1	RNF7
CSNK2A1	-1	RRN3
CSNK2A1	1	SEC63
CSNK2A1	-1	SEPTIN2
CSNK2A1	1	SERINC3
CSNK2A1	-1	SET
CSNK2A1	-1	SLBP
CSNK2A1	1	SLC29A1
CSNK2A1	1	SLITRK1
CSNK2A1	-1	SLK
CSNK2A1	1	SNAI1
CSNK2A1	1	SNCA
CSNK2A1	-1	SP1
CSNK2A1	-1	SPTBN1
CSNK2A1	1	SRF
CSNK2A1	1	SSB
CSNK2A1	-1	SSRP1
CSNK2A1	-1	STARD10
CSNK2A1	1	STX1A
CSNK2A1	1	TCF7L2
CSNK2A1	1	TCOF1
CSNK2A1	-1	TELO2
CSNK2A1	1	TERF1
CSNK2A1	1	TLE1
CSNK2A1	1	TNFAIP1
CSNK2A1	1	TOP1
CSNK2A1	1	TOP2A
CSNK2A1	1	TP53
CSNK2A1	-1	TTI1
CSNK2A1	1	TWIST1
CSNK2A1	1	UBE2R2
CSNK2A1	1	USP7
CSNK2A1	1	VAMP4
CSNK2A1	-1	WASF2
CSNK2A1	-1	WEE1
CSNK2A1	1	XPC
CSNK2A1	1	XRCC1
CSNK2A1	-1	YWHAQ
CSNK2A1	1	YY1
CSNK2A2	1	ARRB2
CSNK2A2	1	BID
CSNK2A2	1	CCAR2
CSNK2A2	1	CDC37
CSNK2A2	-1	CTDP1
CSNK2A2	1	CTNNB1
CSNK2A2	1	EIF2B5
CSNK2A2	-1	EIF4EBP1
CSNK2A2	1	GTF2A1
CSNK2A2	1	HDAC1
CSNK2A2	1	HDAC2
CSNK2A2	1	HSF1
CSNK2A2	-1	HSPH1
CSNK2A2	-1	NFKBIA
CSNK2A2	1	NOL3
CSNK2A2	1	PPP1R2
CSNK2A2	1	PPP1R8
CSNK2A2	-1	PTEN
CSNK2A2	1	RELA
CSNK2A2	1	TCF7L2
CSNK2A2	1	TP53
CSNK2A2	1	UBE2R2
CSNK2A2	1	XRCC1
CSNK2A3	-1	F8
CSNK2B	-1	ATF4
CSNK2B	1	BID
CSNK2B	-1	CHEK2
CSNK2B	-1	CTDP1
CSNK2B	1	CTNNB1
CSNK2B	1	EIF5
CSNK2B	-1	NFKBIA
CSNK2B	1	RNF7
CSNK2B	1	SEC63
CSNK2B	1	TBP
CSNK2B	1	TP53
CSNK2B	1	USO1
CSNK2B	1	WEE1
CTBP1	-1	ELK3
CTBP1	-1	TCF7L2
CTBP1	1	ZEB2
CTDNEP1	1	BMPR1A
CTDNEP1	1	LPIN1
CTDSP1	1	POLR2A
CTDSP1	-1	SMAD1
CTDSP1	-1	SMAD2
CTDSP1	1	SMAD3
CTDSP1	-1	TWIST1
CTDSP2	-1	SMAD1
CTDSP2	-1	SMAD2
CTDSP2	1	SMAD3
CTDSPL	1	RB1
CTDSPL	-1	SMAD1
CTDSPL	-1	SMAD2
CTDSPL	1	SMAD3
CTDSPL2	1	PDIK1L
CTDSPL2	1	STK35
CTNNA1	-1	YAP1
CTNNA3	1	CTNNB1
CTNNB1	1	FOXO1
CTNNB1	1	FOXO3
CTNNB1	1	FOXO3B
CTNNB1	1	FOXO4
CTNNB1	1	LEF1
CTNNB1	1	NOTCH1
CTNNB1	1	NR4A1
CTNNB1	1	NR4A2
CTNNB1	1	NR4A3
CTNNB1	1	PITX2
CTNNB1	1	POU5F1
CTNNB1	1	SMAD7
CTNNB1	1	SOX2
CTNNB1	1	TCF3
CTNNB1	1	TCF4
CTNNB1	1	TCF7
CTNNB1	1	TCF7L2
CTNNBIP1	-1	CTNNB1
CTNND1	1	CDH2
CTNND1	1	CDH3
CTNND2	1	CDH2
CTNND2	1	ERBIN
CTSB	1	BID
CTSD	1	APP
CTSH	1	BID
CTSK	1	BID
CTSL	1	BID
CTTN	1	ACTB
CTTN	1	WASL
CTTNBP2	1	CTTN
CTTNBP2NL	1	STRN
CUL1	1	ARIH1
CUL1	-1	CDKN1B
CUL1	-1	CTNNB1
CUL1	1	RNF7
CUL3	1	ARIH1
CUL3	1	GLIS2
CUL3	-1	HSF2
CUL3	1	KCTD10
CUL3	1	KCTD13
CUL3	1	TNFAIP1
CUL5	1	ARIH2
CXCR4	1	GNAI1
CXCR4	1	GNAI2
CXCR4	1	GNAI3
CXXC4	-1	DVL1
CXXC5	-1	DVL1
CYCS	1	APAF1
CYCS	1	CASP9
CYLD	-1	IKBKG
CYLD	1	MAP3K7
CYLD	-1	TRAF2
CYLD	-1	TRAF6
CYTH2	1	ARF1
CYTH2	1	ARF6
DAAM1	1	PFN1
DAAM1	1	RHOA
DAB1	1	NOTCH1
DACH2	1	PAX3
DACT1	-1	DVL2
DAP3	1	CYCS
DAPK1	1	APP
DAPK1	-1	BCL2
DAPK1	1	BECN1
DAPK1	-1	CAMKK2
DAPK1	1	CDKN2A
DAPK1	1	DAPK3
DAPK1	1	GRIN2B
DAPK1	-1	MAPK6
DAPK1	1	MARK1
DAPK1	1	MARK2
DAPK1	1	MCM3
DAPK1	1	MYL12A
DAPK1	-1	PELI1
DAPK1	-1	PIN1
DAPK1	1	PKM
DAPK1	1	PRKD1
DAPK1	-1	RPS6
DAPK1	1	SNCA
DAPK1	-1	STX1A
DAPK1	-1	TLN1
DAPK1	1	TP53
DAPK1	1	TPM1
DAPK1	-1	TSC2
DAPK3	1	AR
DAPK3	1	CDKN1A
DAPK3	1	MDM2
DAPK3	1	MYL12A
DAPK3	1	MYL12B
DAPK3	1	MYL5
DAPK3	1	MYL9
DAPK3	1	NR3C1
DAPK3	-1	PPP1R12A
DAPK3	-1	RPL13A
DAPK3	1	STAT3
DAPK3	1	TP53
DAXX	1	MDM2
DAXX	1	TGFBR2
DCAF1	-1	LATS1
DCAF1	-1	NF2
DCAF15	-1	RBM39
DCAF4	-1	ST7
DCAF7	1	DYRK1A
DCAF7	1	DYRK1B
DCC	1	MYO10
DCC	1	PTK2
DCLRE1B	1	ATM
DCLRE1B	1	ATR
DCLRE1B	1	MUS81
DCLRE1B	1	TERF2
DCLRE1C	1	XRCC4
DDB2	-1	CDKN1A
DDB2	1	XPC
DDIT3	-1	BCL2
DDIT3	1	BCL2L11
DDIT3	1	ERO1A
DDIT3	1	FOSL1
DDIT3	1	JUND
DDIT4	1	TSC2
DDR1	1	PTPN11
DDR1	1	SHC1
DDR2	1	SHC1
DDX17	1	MDM2
DDX21	1	JUN
DDX3X	-1	EIF4E
DDX3X	1	PABPC1
DDX3X	1	SP1
DDX5	1	AR
DDX5	1	HDAC1
DDX5	1	TP53
DENND4A	-1	BRD7
DFFA	-1	DFFB
DHPS	1	EIF5A
DHX58	-1	IFIH1
DHX58	-1	MAVS
DHX9	1	WRN
DIABLO	-1	BIRC2
DIABLO	-1	BIRC5
DIABLO	-1	XIAP
DIAPH3	1	CENPA
DISC1	1	NDEL1
DISC1	1	PAFAH1B1
DIXDC1	-1	AXIN1
DIXDC1	1	DVL1
DIXDC1	-1	MAP3K4
DKC1	1	TERT
DLG4	1	DLGAP1
DLG4	1	GRIN2A
DLG4	1	GRIN2B
DLG4	1	LRFN1
DLG4	1	MAP1A
DLG4	1	TANC1
DLGAP1	1	DLG4
DLGAP1	1	SHANK3
DLGAP3	1	DLG4
DLGAP4	1	DLG4
DLK2	-1	NOTCH1
DLL1	1	NOTCH1
DLL1	1	NOTCH2
DLL1	1	NOTCH3
DLL1	1	NOTCH4
DLL3	1	NOTCH1
DLL3	1	NOTCH2
DLL3	1	NOTCH3
DLL3	1	NOTCH4
DLL4	1	NOTCH1
DLL4	1	NOTCH2
DLL4	1	NOTCH3
DLL4	1	NOTCH4
DMPK	1	PPP1R12A
DMPK	1	SRF
DNAJB1	-1	HSF1
DNAJC3	-1	EIF2AK2
DNAJC3	-1	EIF2AK3
DNMBP	1	CDC42
DNMT3A	1	TDG
DOC2A	1	UNC13B
DOCK1	1	RAC1
DOCK6	1	CDC42
DOCK7	1	CDC42
DOK1	-1	ITGB1
DOK1	-1	ITGB5
DOK3	1	GRB2
DOK4	1	CRK
DOK4	1	FYN
DOK4	1	SRC
DPP3	-1	KEAP1
DRD2	1	GNAI1
DRD2	1	GNAI3
DRD2	1	GNAO1
DRD2	1	GNAZ
DTL	1	CUL4A
DTL	-1	KMT5A
DTX4	1	NOTCH3
DTX4	-1	TBK1
DUSP1	-1	FANCI
DUSP1	1	MAPK1
DUSP1	-1	MAPK14
DUSP1	1	MAPK3
DUSP1	1	MAPK8
DUSP1	-1	MAPK9
DUSP10	-1	MAPK14
DUSP10	1	MAPK8
DUSP10	-1	MAPK9
DUSP16	-1	MAPK10
DUSP16	-1	MAPK14
DUSP16	1	MAPK8IP1
DUSP16	1	MAPK8IP2
DUSP16	-1	MAPK9
DUSP19	1	MAPK8
DUSP22	-1	MAPK10
DUSP22	1	MAPK8
DUSP26	-1	FADD
DUSP26	-1	MAPK14
DUSP26	-1	TP53
DUSP3	-1	EGFR
DUSP3	-1	ERBB2
DUSP3	1	MAPK1
DUSP3	1	MAPK14
DUSP3	-1	MAPK3
DUSP3	1	MAPK8
DUSP4	1	MAPK1
DUSP4	-1	MAPK14
DUSP4	1	MAPK3
DUSP4	1	MAPK8
DUSP4	-1	MAPK9
DUSP5	-1	MAPK1
DUSP5	-1	MAPK3
DUSP6	1	FOXO1
DUSP6	-1	MAPK1
DUSP6	1	MAPK3
DUSP6	-1	MAPK6
DUSP7	-1	MAPK1
DUSP7	-1	MAPK14
DUSP8	1	MAPK14
DUSP8	1	MAPK8
DUSP9	1	MAPK1
DUSP9	-1	MAPK14
DUSP9	1	MAPK3
DVL1	-1	APC
DVL1	-1	AXIN1
DVL1	1	CTNNB1
DVL1	1	DAAM1
DVL1	-1	GSK3B
DVL1	1	JUN
DVL1	1	PI4K2B
DVL1	1	RAC1
DVL1	1	ROCK1
DVL1	1	SMAD3
DVL2	1	ARRB2
DVL2	1	AXIN1
DVL2	1	PARD6A
DVL2	1	PI4K2B
DVL2	1	RAC1
DVL3	1	CSNK1G1
DVL3	1	FRAT1
DVL3	1	PIP5K1A
DVL3	1	RAC1
DYNLL1	-1	AMBRA1
DYNLL1	-1	BCL2L11
DYNLL2	-1	AMBRA1
DYNLL2	-1	BMF
DYRK1A	-1	AMPH
DYRK1A	-1	CASP9
DYRK1A	-1	CCND1
DYRK1A	1	CCNL2
DYRK1A	1	CDKN1B
DYRK1A	-1	DNM1
DYRK1A	-1	FOXO1
DYRK1A	-1	FOXO3
DYRK1A	1	GLI1
DYRK1A	1	GRIN2A
DYRK1A	-1	GYS1
DYRK1A	1	IRS1
DYRK1A	1	LIN52
DYRK1A	-1	MAPT
DYRK1A	1	MCL1
DYRK1A	-1	MEF2D
DYRK1A	-1	MYC
DYRK1A	1	NFATC1
DYRK1A	1	RCAN1
DYRK1A	1	SF3B1
DYRK1A	1	SIRT1
DYRK1A	1	SNCA
DYRK1A	-1	SPRY2
DYRK1A	1	TP53
DYRK1B	-1	CCND1
DYRK1B	1	CDKN1A
DYRK1B	1	CDKN1B
DYRK1B	-1	GYS1
DYRK1B	-1	HDAC5
DYRK1B	-1	HDAC9
DYRK1B	-1	ID2
DYRK2	-1	CDC25A
DYRK2	1	DPYSL3
DYRK2	-1	GLI2
DYRK2	-1	GLI3
DYRK2	-1	GYS1
DYRK2	1	H2BC11
DYRK2	1	HSF1
DYRK2	-1	JUN
DYRK2	-1	KATNA1
DYRK2	-1	NOTCH1
DYRK2	-1	PSMC4
DYRK2	1	SIAH2
DYRK2	-1	SNAI1
DYRK2	-1	TBK1
DYRK2	-1	TERT
DYRK2	1	TP53
DYRK3	-1	AKT1S1
DYRK3	-1	NCOA3
DYRK3	1	SIRT1
DZIP3	-1	ATXN1
DZIP3	-1	H2AZ1
DZIP3	-1	SSRP1
E2F1	1	APAF1
E2F1	1	BRCA1
E2F1	1	CASP3
E2F1	1	CASP7
E2F1	1	CCNB1
E2F1	1	CDCA4
E2F1	1	CDKN2A
E2F1	1	CDT1
E2F1	1	CHEK1
E2F1	1	DBF4
E2F1	1	DDB2
E2F1	1	DTL
E2F1	1	EED
E2F1	1	EZH2
E2F1	1	FGFR1
E2F1	1	HIC1
E2F1	1	HNRNPA3
E2F1	-1	HSPA5
E2F1	1	KAT2A
E2F1	-1	MYBL2
E2F1	1	PCNA
E2F1	1	POLA1
E2F1	1	PPM1D
E2F1	1	PTTG1
E2F1	1	RAD51
E2F1	1	RELA
E2F1	1	RPA2
E2F1	1	TFDP1
E2F1	1	TP53
E2F1	1	TP53INP1
E2F1	1	TP73
E2F1	1	XPC
E2F1	1	XRCC1
E2F2	1	CCNB1
E2F2	1	CDK1
E2F2	1	CDKN2A
E2F2	1	EED
E2F2	1	EZH2
E2F2	1	MIR17HG
E2F2	1	PCNA
E2F2	1	TFDP1
E2F3	1	CCNB1
E2F3	1	CDK1
E2F3	1	CDKN2A
E2F3	1	MIR17HG
E2F3	1	TFDP1
E2F4	-1	CCNB1
E2F4	-1	CDK1
E2F4	1	CDT1
E2F4	-1	CLSPN
E2F4	-1	MYBL2
E2F6	-1	BRCA1
E2F6	-1	CBX5
E2F6	-1	E2F1
E2F6	-1	RBBP8
E2F6	-1	UXT
E2F7	1	E2F8
E2F7	-1	SP1
E4F1	1	TP53
EAF1	1	ELL
EAF2	1	ELL
ECT2	1	CDC42
ECT2	1	RHOA
EDA	1	EDA2R
EDN3	1	EDNRB
EDNRB	1	GNAI1
EEF1A1	1	PLCG1
EEF1E1	1	ATM
EEF1E1	1	ATR
EEF2K	-1	EEF2
EFEMP2	1	ELN
EFNA2	1	EPHA2
EFNA2	1	EPHA4
EFNA2	1	EPHA7
EFNA3	1	EPHA2
EFNA3	1	EPHA3
EFNA3	1	EPHA4
EFNA3	1	EPHA7
EFNA3	1	EPHB1
EFNA4	1	EPHA2
EFNA4	1	EPHA3
EFNA4	1	EPHA4
EFNA4	1	EPHA7
EFNA5	1	EPHA2
EFNA5	1	EPHA3
EFNA5	1	EPHA4
EFNA5	1	EPHA7
EFNA5	1	EPHB2
EFNB1	1	EPHB1
EFNB1	1	EPHB2
EFNB1	1	EPHB3
EFNB1	1	EPHB4
EFNB2	1	EPHA3
EFNB2	1	EPHA4
EFNB2	1	EPHB1
EFNB2	1	EPHB2
EFNB2	1	EPHB3
EFNB2	1	EPHB4
EFNB3	1	EPHA4
EFNB3	1	EPHB3
EGF	1	EGFR
EGF	1	ERBB2
EGFR	-1	ABCA1
EGFR	1	AGO2
EGFR	1	ANXA1
EGFR	1	ASAP3
EGFR	1	ATM
EGFR	-1	BCAR1
EGFR	-1	BECN1
EGFR	-1	CALM1
EGFR	-1	CALM2
EGFR	-1	CALM3
EGFR	-1	CCDC50
EGFR	1	CCND1
EGFR	1	CEACAM1
EGFR	-1	CRK
EGFR	1	CTNNB1
EGFR	-1	CTNND1
EGFR	1	DOCK1
EGFR	1	E2F1
EGFR	1	EPB41
EGFR	1	EPS15
EGFR	1	EPS8
EGFR	1	ERBB2
EGFR	1	ERRFI1
EGFR	1	EZR
EGFR	1	GAB1
EGFR	1	GNAI1
EGFR	1	GRB14
EGFR	1	GRB2
EGFR	1	GRK2
EGFR	1	GSTP1
EGFR	-1	HDAC6
EGFR	1	HGS
EGFR	1	JAK1
EGFR	1	KCNJ4
EGFR	1	KCNN1
EGFR	1	LRIG1
EGFR	1	LYN
EGFR	1	MAP2K1
EGFR	1	MUC1
EGFR	1	NCK1
EGFR	1	NCK2
EGFR	1	NIBAN2
EGFR	1	PCNA
EGFR	1	PIK3C2B
EGFR	1	PIK3R1
EGFR	1	PKIA
EGFR	-1	PKM
EGFR	1	PLCG1
EGFR	1	PLCG2
EGFR	1	PLD2
EGFR	1	PRKDC
EGFR	1	PTK2
EGFR	1	PTPN1
EGFR	1	RASA1
EGFR	1	RGS16
EGFR	1	SCAMP1
EGFR	1	SCAMP3
EGFR	1	SHC1
EGFR	1	SHC2
EGFR	1	SHC3
EGFR	1	SOX2
EGFR	-1	SPRED1
EGFR	-1	SQSTM1
EGFR	1	STAT1
EGFR	1	STAT3
EGFR	1	STAT5A
EGFR	1	STAT5B
EGFR	1	TRIP13
EGFR	1	USP8
EGFR	1	VAV2
EGFR	1	ZNRF1
EGLN1	-1	HIF1A
EGLN2	-1	HIF1A
EGLN3	-1	HIF1A
EGR1	1	CDKN1A
EGR1	1	DUSP1
EGR1	1	DUSP4
EGR1	1	EGFR
EGR1	1	ID3
EGR1	1	IGF2
EGR1	1	PDGFA
EGR1	1	PITX1
EGR1	1	PTEN
EGR1	1	TGFB1
EGR1	1	TOPBP1
EGR1	1	TP53
EHMT1	1	CCND1
EHMT2	1	DNMT3A
EHMT2	1	DNMT3B
EID1	-1	EP300
EID2	-1	SMAD3
EIF2A	1	ATF4
EIF2AK1	-1	EIF2S1
EIF2AK2	-1	CDK1
EIF2AK2	-1	EIF2A
EIF2AK2	-1	EIF2S1
EIF2AK2	-1	IRS1
EIF2AK2	-1	KDM4C
EIF2AK2	1	MAPT
EIF2AK2	-1	NFKBIA
EIF2AK2	1	PPP2R5A
EIF2AK2	1	SPHK1
EIF2AK2	1	STAT1
EIF2AK2	1	STAT3
EIF2AK2	1	TP53
EIF2AK3	-1	APAF1
EIF2AK3	1	ATF4
EIF2AK3	1	BIRC2
EIF2AK3	-1	EIF2A
EIF2AK3	-1	EIF2S1
EIF2AK3	1	NFE2L2
EIF2AK3	1	SLC7A1
EIF2AK4	-1	EIF2A
EIF2AK4	-1	EIF2S1
EIF2AK4	-1	MARS1
EIF2B1	1	EIF2S1
EIF2B1	1	EIF2S2
EIF2B2	1	EIF2S1
EIF2B3	1	EIF2S1
EIF2B3	1	EIF2S2
EIF2B3	1	EIF2S3
EIF2B4	1	EIF2S1
EIF2B4	1	EIF2S2
EIF2B5	1	EIF2S1
EIF2B5	1	EIF2S2
EIF2B5	1	EIF2S3
EIF3J	1	EIF4G2
EIF4E	1	SMAD3
EIF4E	1	SMAD4
EIF4EBP1	-1	EIF4E
EIF4EBP1	-1	RPTOR
EIF4EBP2	-1	EIF4E
EIF4G2	1	APAF1
EIF4G2	1	BCL2
EIF4G2	1	BIRC2
EIF4G2	1	EIF2S2
EIF4G2	1	XIAP
EIF4H	1	EIF4A1
ELAVL1	-1	BRCA1
ELAVL1	1	CCNA2
ELAVL1	1	CCNB1
ELAVL1	1	CDKN1A
ELAVL1	1	DUSP1
ELAVL1	1	EIF4E
ELAVL1	1	ERBB2
ELAVL1	1	FOS
ELAVL1	1	MDM2
ELAVL1	-1	MYC
ELAVL1	1	SIRT1
ELAVL1	1	TP53
ELAVL1	1	TRIB3
ELAVL1	1	VEGFA
ELMO1	1	RAC1
ELOC	-1	NOTCH4
ELP1	1	MAPK8
EMSY	-1	BRCA2
EMSY	1	CBX1
EMSY	1	ZMYND11
ENC1	-1	NFE2L2
ENHO	1	GPR19
ENPP1	-1	INSR
EP300	1	APEX1
EP300	1	AR
EP300	1	ARNT
EP300	-1	BCL6
EP300	1	CTNNB1
EP300	1	DDX17
EP300	1	DDX5
EP300	-1	FEN1
EP300	1	H2AX
EP300	1	H2AZ1
EP300	1	H2BC11
EP300	-1	HDAC6
EP300	1	HIF1A
EP300	-1	HMGN1
EP300	1	KPNA2
EP300	1	MEF2A
EP300	1	MEF2C
EP300	1	MEF2D
EP300	1	MN1
EP300	1	MYB
EP300	1	NBN
EP300	1	PARP1
EP300	-1	RECQL4
EP300	1	RELA
EP300	1	RUNX2
EP300	1	SMAD1
EP300	1	SMAD2
EP300	1	SMAD3
EP300	1	SMAD4
EP300	1	SMAD7
EP300	1	STAT3
EP300	1	STAT5A
EP300	1	STAT6
EP300	1	TDG
EP300	1	TP53
EP300	1	WRN
EP300	1	ZBTB16
EP400	-1	CDKN1A
EP400	1	FANCA
EP400	1	HSPA1B
EP400	-1	KAT5
EPB41	1	DLG1
EPB41	1	NUMA1
EPHA2	1	SHC1
EPHA2	1	YES1
EPHA3	1	AR
EPHA3	1	CRK
EPHA3	1	FYN
EPHA3	1	PAK1
EPHA3	1	SRC
EPHA4	1	FYN
EPHA4	1	NGEF
EPHB1	1	ACP1
EPHB1	1	CASKIN1
EPHB1	1	MAP2K4
EPHB1	1	NCK1
EPHB1	1	NRCAM
EPHB2	1	GRIN2B
EPHB2	1	ITSN1
EPHB2	1	NRCAM
EPHB2	1	RASA1
EPHB2	-1	RRAS
EPHB2	1	SRC
EPHB2	1	SYNJ1
EPHB3	-1	CDKN1B
EPHB3	1	RASA1
EPM2A	-1	NFU1
EPM2A	1	PPP1R3C
EPN1	-1	EGFR
EPOR	1	PIK3R1
EPOR	1	TRPC3
ERBB2	1	ABL1
ERBB2	-1	BBC3
ERBB2	-1	CDK1
ERBB2	-1	CTNNB1
ERBB2	1	DOCK7
ERBB2	1	ERBB4
ERBB2	1	GRB2
ERBB2	1	PAK1
ERBB2	1	PIK3CA
ERBB2	1	PIK3R1
ERBB2	1	PLCG1
ERBB2	1	PTK2
ERBB2	1	SHC1
ERBB2	1	SHC3
ERBB4	1	BAK1
ERBB4	1	GRB2
ERBB4	-1	MDM2
ERBB4	1	PIK3CA
ERBB4	1	PIK3CB
ERBB4	1	PIK3CD
ERBB4	1	SHC3
ERBB4	1	STAT5A
ERBB4	-1	ZNF652
ERBIN	-1	RIPK2
ERBIN	1	SMAD2
ERBIN	1	SMAD3
ERC1	1	CHUK
ERCC2	1	ERCC3
ERCC6	1	MAPK8
ERCC6	-1	TP53
ERCC6	1	XAB2
ERCC8	-1	ERCC6
ERCC8	1	HMGN1
ERCC8	1	TCEA2
ERCC8	1	XAB2
ERCC8	1	XPA
ERGIC1	1	ERGIC3
ERN1	1	MAPK8
ERN1	1	TRAF2
ERN1	1	XBP1
ERO1A	1	ERP44
ERO1B	1	ERP44
ERP44	-1	ITPR1
ERRFI1	-1	ERBB2
ESCO1	1	KDM1A
ESCO1	1	RAD21
ESCO1	1	SMC3
ESPL1	1	RAD21
ESPL1	1	SMC1A
ETS1	1	STAT1
ETS2	1	CDKN2A
EVI5	1	FBXO5
EYA1	-1	H2AX
EYA3	1	H2AX
EZH2	1	AR
EZH2	-1	BRCA1
EZH2	-1	CDKN1C
EZH2	-1	CDKN2A
EZR	1	FES
F2R	1	GNA12
F2R	1	GNA13
F2R	1	GNAI1
F2RL1	1	GNAQ
F2RL1	1	GNB2
F8	1	LRP1
FAAP100	1	FANCA
FAAP24	1	FANCA
FAAP24	1	FANCM
FADD	1	ATG5
FADD	1	RIPK1
FAM3C	1	LIFR
FAM8A1	1	SYVN1
FANCC	1	BLM
FANCC	-1	EIF2AK2
FANCD2	1	BRCA2
FANCD2	1	FAN1
FANCD2	1	SLX4
FANCG	1	SPTAN1
FANCL	1	FANCD2
FANCL	1	FANCI
FANCL	-1	UBE2T
FANCM	1	BLM
FANCM	1	CENPS
FANCM	1	CENPX
FANCM	1	FANCF
FAS	1	CASP8AP2
FAS	1	DAXX
FAS	1	FADD
FAS	1	RIPK1
FBH1	1	RAD51
FBLIM1	1	FLNA
FBLIM1	1	FLNB
FBLIM1	1	FLNC
FBN1	-1	EFEMP2
FBXL15	-1	SMURF1
FBXL17	-1	CRY2
FBXL17	-1	SUFU
FBXL2	-1	AURKB
FBXL3	-1	CRY2
FBXL5	-1	DCTN1
FBXL5	-1	IREB2
FBXL7	-1	BIRC5
FBXO11	-1	BCL6
FBXO11	-1	TP53
FBXO21	-1	EID1
FBXO25	-1	ELK1
FBXO3	-1	FBXL2
FBXO31	-1	CCND1
FBXO33	-1	YBX1
FBXO38	1	KLF7
FBXO45	-1	PAWR
FBXO45	-1	TP73
FBXO5	-1	ANAPC11
FBXO5	-1	ANAPC7
FBXO5	-1	CDC20
FBXO5	-1	FZR1
FBXO9	-1	TELO2
FBXO9	-1	TTI1
FBXW11	-1	BTRC
FBXW11	-1	CTNNB1
FBXW11	-1	NFKBIA
FBXW11	-1	PER1
FBXW11	1	SKP1
FBXW11	1	SMAD3
FBXW11	1	SMAD4
FBXW11	1	SUFU
FBXW7	-1	AURKA
FBXW7	-1	CCDC6
FBXW7	-1	CCNE1
FBXW7	-1	JUN
FBXW7	-1	MYC
FBXW7	-1	NCOA3
FBXW7	-1	NFKB2
FBXW7	-1	NOTCH1
FBXW7	-1	NOTCH4
FBXW7	-1	PPARGC1A
FBXW7	-1	PSEN1
FBXW7	-1	SERBP1
FBXW8	-1	CCND1
FBXW8	-1	IRS1
FER	1	AR
FER	-1	CTNNB1
FER	1	CTTN
FER	1	JUP
FER	1	PRKCD
FER	1	PTK2
FER	1	STAT3
FERMT2	1	FBLIM1
FES	-1	BCR
FES	1	IRS1
FES	1	IRS2
FES	1	STAT3
FGD1	1	CDC42
FGD3	1	CDC42
FGD4	1	CDC42
FGF10	1	FGFR2
FGF12	-1	SCN1A
FGF13	-1	SCN2A
FGF13	-1	SCN8A
FGF14	-1	SCN8A
FGF18	1	FGFR1
FGF18	1	FGFR2
FGF18	1	FGFR3
FGF18	1	FGFR4
FGF19	1	FGFR1
FGF19	1	FGFR2
FGF19	1	FGFR3
FGF19	1	FGFR4
FGF2	1	FGFR1
FGF2	1	FGFR2
FGF2	1	FGFR3
FGF2	1	FGFR4
FGF2	1	ITGAV
FGF2	1	NRP1
FGF2	1	SDC2
FGF2	1	SDC4
FGF23	1	FGFR1
FGF23	1	FGFR2
FGF23	1	FGFR3
FGF23	1	FGFR4
FGF9	1	FGF10
FGF9	1	FGFR3
FGFR1	1	ACAT1
FGFR1	1	AMOTL2
FGFR1	1	BCAR1
FGFR1	-1	CTTN
FGFR1	-1	FRS2
FGFR1	1	GRB14
FGFR1	1	LDHA
FGFR1	1	PDK1
FGFR1	-1	PDP1
FGFR1	1	PGAM1
FGFR1	1	PLCG1
FGFR1	-1	SYNCRIP
FGFR2	-1	FRS2
FGFR2	1	GRB2
FGFR2	1	PLCG1
FGFR3	-1	CILK1
FGFR3	1	PLCG1
FGFR3	1	STAT1
FGFR3	1	STAT3
FGFR3	-1	TET2
FGFR4	-1	FRS2
FGFR4	1	PLCG1
FGFR4	1	STAT1
FGFR4	1	STAT3
FGFR4	-1	STK4
FHIT	-1	CTNNB1
FHL1	-1	RBPJ
FHL2	1	AR
FHL2	-1	SPHK1
FHOD1	1	ACTB
FIZ1	1	NRL
FKBP1A	1	PPP3R1
FKBP1A	1	TGFBR1
FKBP4	1	AR
FKBP4	-1	PPP3CA
FKBP5	-1	NR3C1
FKBP8	1	BCL2
FKBP8	1	BCL2L1
FKBP8	-1	MTOR
FLCN	1	RRAGC
FLNA	1	MAP2K4
FLNA	1	SPHK1
FLT4	-1	RPS6KA3
FLT4	1	SHC1
FMR1	1	PAK1
FN1	1	CD44
FN1	1	ITGA2
FN1	1	ITGA2B
FN1	1	ITGA5
FN1	1	ITGA9
FN1	1	ITGAV
FN1	1	ITGB1
FN1	1	ITGB8
FN1	1	SDC2
FN1	1	SDC4
FNTA	1	HRAS
FNTA	1	KRAS
FNTB	1	HRAS
FNTB	1	KRAS
FOS	1	JUN
FOS	1	NFAT5
FOXH1	1	SMAD2
FOXL2	-1	AMH
FOXL2	1	ATF3
FOXL2	1	CH25H
FOXL2	1	CXCL3
FOXL2	1	FOS
FOXL2	1	IER3
FOXL2	1	IL11
FOXL2	1	PPARGC1A
FOXL2	1	SIRT1
FOXL2	1	SOD2
FOXL2	1	TNFAIP3
FOXM1	1	AURKB
FOXM1	1	BIRC5
FOXM1	1	BMI1
FOXM1	1	BRCA2
FOXM1	1	CCNB1
FOXM1	1	CCND1
FOXM1	1	CDC25A
FOXM1	1	CDC25B
FOXM1	1	CDC25C
FOXM1	1	CENPA
FOXM1	1	CENPB
FOXM1	1	CENPF
FOXM1	1	CKS1B
FOXM1	1	CTNNB1
FOXM1	1	FOS
FOXM1	1	LAMA4
FOXM1	1	MMP2
FOXM1	1	MYC
FOXM1	1	PLK1
FOXM1	1	SKP2
FOXM1	1	XRCC1
FOXO1	1	ABCB1
FOXO1	1	ANGPT2
FOXO1	1	ATG7
FOXO1	1	CAV1
FOXO1	1	CDKN1A
FOXO1	1	CDKN1B
FOXO1	1	EIF4EBP1
FOXO1	1	KLF4
FOXO1	1	MAML1
FOXO1	-1	NCOR2
FOXO1	1	PCK2
FOXO1	1	SCP2
FOXO1	-1	STAT3
FOXO3	1	ABCB1
FOXO3	1	ATM
FOXO3	-1	BCL2L11
FOXO3	1	BCL6
FOXO3	1	BNIP3L
FOXO3	1	CAT
FOXO3	1	CDKN1A
FOXO3	1	CDKN1B
FOXO3	1	CDKN2D
FOXO3	1	DUSP5
FOXO3	1	DUSP6
FOXO3	1	GADD45A
FOXO3	-1	ID1
FOXO3	1	KLF4
FOXO3	-1	NOS3
FOXO3	1	PIK3CA
FOXO3	1	PINK1
FOXO3	1	PRDX3
FOXO3	1	RBL2
FOXO3	1	SCP2
FOXO3	1	SOD2
FRAT1	-1	GSK3B
FRAT2	-1	GSK3B
FRS2	1	CBL
FRS2	1	GRB2
FRS2	1	PTPN11
FRZB	-1	WNT5A
FRZB	1	WNT8A
FST	-1	GDF11
FSTL1	1	DIP2A
FUBP1	1	MYC
FURIN	-1	NOTCH1
FUS	-1	BCL2
FUS	-1	BCL2L1
FUS	1	BCL2L11
FUS	-1	DHX9
FUS	1	MATR3
FUS	1	SMN1
FYCO1	1	MAP1LC3B
FYN	1	ABL1
FYN	1	ACP1
FYN	1	AGAP2
FYN	1	APP
FYN	1	ARHGAP32
FYN	-1	ARHGAP33
FYN	1	BCAR1
FYN	1	BSG
FYN	1	CAV1
FYN	1	CBL
FYN	1	CDK5
FYN	-1	CHN2
FYN	-1	CNN1
FYN	-1	CNN3
FYN	1	CTNNB1
FYN	-1	CTNND1
FYN	1	DCC
FYN	1	DLG2
FYN	1	DLG4
FYN	1	DOK1
FYN	-1	GRB10
FYN	1	GRIN2A
FYN	1	GRIN2B
FYN	-1	H3-3B
FYN	-1	IKBKG
FYN	-1	ITCH
FYN	1	ITPR1
FYN	1	JUP
FYN	1	KHDRBS1
FYN	1	KIRREL1
FYN	1	KIT
FYN	1	MAP2
FYN	1	MAPK14
FYN	-1	MAPT
FYN	1	MED28
FYN	-1	NFE2L2
FYN	-1	NOX4
FYN	1	PGD
FYN	1	PIK3R1
FYN	1	PLCG1
FYN	1	PLCG2
FYN	1	PLD2
FYN	-1	PRKAA2
FYN	1	PRKCD
FYN	1	PRKCQ
FYN	1	PTK2
FYN	1	PTPN11
FYN	1	PTPRF
FYN	1	PTPRJ
FYN	1	RPS6KA3
FYN	1	SCN9A
FYN	1	SH3BP2
FYN	1	SHC1
FYN	1	SNCA
FYN	-1	STK11
FYN	1	TGFB1I1
FYN	1	TOM1L1
FYN	1	TUBA1B
FYN	1	VAV2
FYN	1	ZDHHC5
FZD2	1	DVL1
FZD3	1	DVL1
FZD4	1	DVL1
FZD4	1	DVL2
FZD5	1	LRP6
FZD7	1	DVL1
FZD8	1	LRP5
FZD8	1	LRP6
FZR1	-1	AURKA
FZR1	-1	PFKFB3
FZR1	-1	SKIL
FZR1	-1	TK1
FZR1	1	UBE2S
G3BP1	1	EIF2AK2
G3BP1	1	G3BP2
G3BP2	1	G3BP1
G3BP2	-1	NFKBIA
GAB1	1	ARHGAP32
GAB1	1	CRKL
GAB1	1	PIK3CA
GAB1	1	PLCG1
GAB2	1	ARHGAP32
GABARAPL1	1	SQSTM1
GABARAPL2	1	SQSTM1
GABPA	1	TXN
GABPA	1	TXNRD1
GABPB1	-1	HCFC1
GADD45A	-1	CDK1
GADD45A	1	MAP2K4
GADD45A	-1	MAPK14
GADD45B	1	MAP3K4
GADD45GIP1	-1	NFE2L2
GADD45GIP1	-1	NR4A1
GAK	1	CLTC
GAN	-1	ATG16L1
GAPDH	1	APEX1
GAPDH	1	POU2F1
GAPDH	-1	RHEB
GAS6	1	AXL
GAS6	1	MERTK
GAS6	1	TYRO3
GDE1	-1	CCND1
GDE1	-1	CCNE1
GDE1	-1	PPM1D
GDF11	1	ACTR2
GDF11	1	ACVR1B
GDF11	1	ACVR2A
GDF11	1	ACVR2B
GDF6	1	BMPR1A
GDF6	1	BMPR2
GDF7	1	ACVR2A
GDF7	1	BMPR1A
GDF7	1	BMPR2
GDI1	-1	RAB3A
GDNF	1	GFRA1
GDNF	1	NCAM1
GEM	-1	ROCK2
GGCX	1	PROC
GIGYF2	1	GRB10
GIT1	1	ARHGEF6
GIT1	1	MAP2K1
GIT1	1	PLCG1
GIT1	1	PTK2
GIT1	-1	PXN
GLI1	1	CDK2
GLI1	-1	JUP
GLI1	1	PTCH1
GLI2	1	GLI1
GLI3	1	MED12
GLRX	-1	GAPDH
GLRX	1	IKBKB
GLRX	1	IRF3
GLRX	1	NFYA
GMIP	-1	RHOA
GMNN	-1	CDC6
GMNN	-1	CDT1
GNA11	-1	PIK3CA
GNA11	1	PLCB1
GNA11	1	PLCB2
GNA12	1	AKAP13
GNA12	1	ARHGEF1
GNA12	1	ARHGEF11
GNA12	1	ARHGEF12
GNA12	1	PPP5C
GNA13	1	ARHGEF1
GNA13	1	ARHGEF11
GNA13	1	ARHGEF12
GNA13	1	PPP5C
GNA13	1	PTK2B
GNA13	1	RDX
GNAI1	-1	ADCY1
GNAI1	-1	ADCY5
GNAI1	-1	ADCY6
GNAI1	1	MMP2
GNAI1	1	SRC
GNAI2	-1	ADCY1
GNAI2	-1	ADCY5
GNAI2	-1	ADCY6
GNAI2	1	LYN
GNAI2	1	SRC
GNAI3	-1	ADCY1
GNAI3	-1	ADCY5
GNAI3	-1	ADCY6
GNAO1	1	DVL1
GNAQ	-1	GSK3B
GNAQ	1	PLCB1
GNAS	1	ADCY1
GNAS	1	ADCY2
GNAS	1	ADCY5
GNAS	1	ADCY7
GNAS	1	ADCY9
GNAZ	-1	ADCY1
GNAZ	-1	ADCY5
GNB1	1	GNG2
GNB2	1	ADCY2
GNB2	-1	CACNA1B
GNB2	-1	DVL1
GNB2	1	GRK2
GNB2	1	PLCB1
GNB5	1	PIK3R1
GNB5	1	PLCB3
GNG2	1	GNB1
GNG2	1	PIK3CA
GNG4	1	PIK3R1
GNG4	1	PLCB3
GNGT1	1	PIK3CA
GNL3	-1	TP53
GNRH1	1	CAMK2A
GOLGA2	1	GORASP1
GOLGA3	1	GOPC
GOLGA7	1	ZDHHC9
GOPC	1	BECN1
GPHN	1	ARHGEF9
GPI	1	AMFR
GPKOW	1	DHX16
GPR161	1	GNAS
GRB10	1	ABL1
GRB10	1	NEDD4
GRB14	-1	INSR
GRB2	1	DNM1
GRB2	1	GAB1
GRB2	1	GAB2
GRB2	1	INPP5D
GRB2	1	PAK1
GRB2	-1	PTPRA
GRB2	1	RHOU
GRB2	1	SOS1
GRB2	1	SOS2
GRB2	1	VAV2
GRB2	1	WASF1
GRB2	1	WASL
GRIN2A	1	DLG3
GRIN2A	1	PLCG1
GRIP1	1	GRIPAP1
GRK2	-1	ADIPOR1
GRK2	1	EZR
GRK2	-1	IGF1R
GRK2	-1	MAPK14
GRK2	-1	PDCL
GRK2	-1	PDGFRB
GRK2	1	RPLP2
GRK2	-1	SLC9A5
GRK2	1	SMO
GRK2	-1	SNCA
GRK2	-1	SNCG
GRK2	1	STK3
GRK2	1	TP53
GRK5	-1	CXCR4
GRK5	1	LRP6
GRK5	-1	SNCA
GRK5	1	ST13
GRK5	-1	TP53
GRK6	-1	CXCR4
GRK6	1	LRP6
GRK6	-1	LTB4R
GRK6	-1	NHERF1
GRK6	1	SMO
GRK6	1	TYRO3
GRM7	1	GNB2
GRN	-1	TNFRSF1A
GSK3A	1	ANAPC1
GSK3A	-1	ANKRD28
GSK3A	-1	BCL3
GSK3A	-1	CAMKK2
GSK3A	-1	CD274
GSK3A	1	CREB1
GSK3A	-1	CTNNB1
GSK3A	-1	EIF2B5
GSK3A	-1	GRB14
GSK3A	-1	GYS1
GSK3A	-1	JUN
GSK3A	1	LRP6
GSK3A	-1	MAPT
GSK3A	-1	MCL1
GSK3A	-1	MYC
GSK3A	-1	NBR1
GSK3A	-1	NCOA3
GSK3A	1	NIFK
GSK3A	1	PPARA
GSK3A	-1	PSEN1
GSK3A	1	RELA
GSK3A	-1	RICTOR
GSK3A	-1	SFPQ
GSK3A	-1	STAT2
GSK3A	1	STMN3
GSK3A	1	TSC2
GSK3A	-1	UNG
GSK3B	1	ACLY
GSK3B	-1	AKAP11
GSK3B	1	APBB1
GSK3B	1	APC
GSK3B	1	APC2
GSK3B	-1	AR
GSK3B	1	ATXN3
GSK3B	1	AXIN1
GSK3B	1	BAX
GSK3B	-1	BCL2
GSK3B	1	BCL2L12
GSK3B	1	BICD1
GSK3B	-1	BLM
GSK3B	-1	BMAL1
GSK3B	1	BORA
GSK3B	-1	CAMKK2
GSK3B	1	CAP1
GSK3B	1	CCND1
GSK3B	-1	CCND2
GSK3B	-1	CCND3
GSK3B	-1	CCNE1
GSK3B	-1	CD274
GSK3B	-1	CDC25A
GSK3B	-1	CDK1
GSK3B	-1	CDKN1A
GSK3B	1	CDKN1B
GSK3B	1	CEBPB
GSK3B	-1	CEBPD
GSK3B	1	CIITA
GSK3B	-1	CLASP2
GSK3B	-1	CLOCK
GSK3B	-1	CREB1
GSK3B	1	CRMP1
GSK3B	-1	CTNNB1
GSK3B	-1	CTNND2
GSK3B	-1	CTPS1
GSK3B	-1	CYC1
GSK3B	1	CYCS
GSK3B	1	DCX
GSK3B	-1	DDIT4
GSK3B	1	DNM1L
GSK3B	-1	DPYSL2
GSK3B	1	DPYSL3
GSK3B	1	DPYSL5
GSK3B	1	DROSHA
GSK3B	-1	EIF2B5
GSK3B	-1	EIF4EBP1
GSK3B	1	ETS1
GSK3B	-1	EZH2
GSK3B	-1	FAAP20
GSK3B	1	FGF14
GSK3B	-1	FOSL1
GSK3B	-1	FOXM1
GSK3B	1	GLI1
GSK3B	-1	GLI2
GSK3B	1	GLI3
GSK3B	1	GLIS2
GSK3B	-1	GPHN
GSK3B	-1	GRB14
GSK3B	-1	GYS1
GSK3B	-1	HDAC4
GSK3B	1	HDAC6
GSK3B	-1	HIF1A
GSK3B	-1	HNRNPD
GSK3B	-1	HSF1
GSK3B	-1	IKBKG
GSK3B	-1	IRS1
GSK3B	-1	JUN
GSK3B	-1	JUNB
GSK3B	1	KAT5
GSK3B	1	KDM1A
GSK3B	-1	KLF5
GSK3B	1	LRP6
GSK3B	-1	MACF1
GSK3B	-1	MAP1B
GSK3B	1	MAP3K1
GSK3B	1	MAP3K11
GSK3B	-1	MAPT
GSK3B	1	MARK2
GSK3B	-1	MCL1
GSK3B	1	MDM2
GSK3B	-1	MUC1
GSK3B	-1	MYC
GSK3B	-1	MYCN
GSK3B	-1	NACA
GSK3B	-1	NBR1
GSK3B	-1	NEFH
GSK3B	-1	NFATC1
GSK3B	-1	NFE2L1
GSK3B	1	NFKB1
GSK3B	-1	NFKB2
GSK3B	1	NIFK
GSK3B	1	NOTCH1
GSK3B	-1	NOTCH2
GSK3B	1	NR1D1
GSK3B	-1	NR3C1
GSK3B	1	OGT
GSK3B	1	PAX3
GSK3B	-1	PHLPP1
GSK3B	-1	PIAS1
GSK3B	-1	PPARGC1A
GSK3B	1	PPIF
GSK3B	1	PPP1R2
GSK3B	1	PRKCE
GSK3B	-1	PSEN1
GSK3B	-1	PTEN
GSK3B	-1	PTPN1
GSK3B	-1	PTTG1
GSK3B	-1	RBM38
GSK3B	1	RCAN1
GSK3B	1	RELA
GSK3B	-1	RICTOR
GSK3B	-1	ROR2
GSK3B	1	RXRA
GSK3B	-1	SFPQ
GSK3B	-1	SIGIRR
GSK3B	1	SMAD1
GSK3B	1	SMAD3
GSK3B	-1	SMAD4
GSK3B	1	SMO
GSK3B	-1	SNAI1
GSK3B	-1	SNAI2
GSK3B	-1	SNCAIP
GSK3B	1	SNRNP70
GSK3B	-1	SOX9
GSK3B	1	SPAG5
GSK3B	1	SRC
GSK3B	-1	SREBF1
GSK3B	-1	STK38
GSK3B	1	STMN3
GSK3B	1	SUFU
GSK3B	1	TP53
GSK3B	1	TP53BP1
GSK3B	-1	TRAF6
GSK3B	1	TSC2
GSK3B	-1	UNG
GSK3B	1	USF2
GSK3B	-1	VDAC1
GSK3B	-1	WEE1
GSK3B	1	XIAP
GSK3B	1	ZBTB16
GSK3B	1	ZC3HAV1
GSK3B	-1	ZNF281
GSK3B	-1	ZNF322
GSN	1	ACTG1
GSTP1	1	TRAF2
GTF2A2	1	TBP
GTF2F2	1	GTF2F1
GTF2F2	1	POLR2E
GTF2H1	-1	E2F1
GTF2I	1	ARID3A
GTF2I	1	CCND1
GTF2I	1	KDM1A
GTF2I	1	PRRX1
GTF2I	1	USF1
H1-2	1	LIG3
H2AX	1	KAT2A
H2AX	1	MCPH1
H2AX	1	MDC1
H2AX	1	TP53BP1
HACE1	-1	OPTN
HACE1	-1	RAC1
HAS2	1	CD44
HAS2	1	HMMR
HBEGF	1	EGFR
HBEGF	1	ERBB4
HBP1	-1	MYC
HCFC1	1	CREB3
HCFC1	-1	ZBTB17
HDAC1	-1	AR
HDAC1	1	GLI1
HDAC1	1	GLI2
HDAC1	-1	RELA
HDAC1	-1	TP53
HDAC1	1	TRIM28
HDAC1	-1	YY1
HDAC10	-1	TRIM28
HDAC2	-1	CCND1
HDAC2	-1	CIITA
HDAC2	-1	H2AZ1
HDAC2	-1	H2BC11
HDAC2	1	STAT3
HDAC2	-1	YY1
HDAC3	1	CDKN1A
HDAC3	-1	CREBBP
HDAC3	1	HDAC1
HDAC3	-1	MAFK
HDAC3	-1	RELA
HDAC3	1	TRIM28
HDAC3	-1	YY1
HDAC4	-1	CDKN1A
HDAC4	-1	MEF2A
HDAC4	-1	MEF2C
HDAC4	-1	MEF2D
HDAC4	-1	RUNX2
HDAC5	-1	MEF2A
HDAC5	-1	MEF2C
HDAC5	-1	MEF2D
HDAC5	-1	RUNX2
HDAC6	1	CTTN
HDAC6	-1	ELAVL1
HDAC6	1	HSP90AA1
HDAC6	1	HSP90B1
HDAC8	-1	TP53
HDAC9	-1	MEF2C
HDLBP	1	CTCF
HECTD3	1	MALT1
HECTD3	-1	TRIOBP
HECW1	-1	DVL1
HECW2	1	TP73
HELLS	1	DNMT1
HERC2	-1	BRCA1
HERC2	1	RNF168
HERC2	1	RNF8
HERC2	-1	USP20
HERC2	-1	XPA
HERC5	1	NME2
HGS	1	SMAD2
HGS	1	ZFYVE9
HIC1	1	SIRT1
HIF1A	1	BNIP3
HIF1AN	-1	EP300
HIF1AN	-1	HIF1A
HINFP	1	ATM
HINFP	1	CKS2
HINFP	1	PRKDC
HIPK1	-1	DAXX
HIPK2	1	CBX4
HIPK2	1	CDKN1B
HIPK2	1	CREB1
HIPK2	1	CREBBP
HIPK2	-1	CTBP1
HIPK2	1	DAXX
HIPK2	1	EP300
HIPK2	1	FOXM1
HIPK2	-1	HDAC3
HIPK2	-1	HMGA1
HIPK2	-1	MDM2
HIPK2	1	MECP2
HIPK2	1	NLK
HIPK2	1	PAX6
HIPK2	1	PML
HIPK2	-1	PPM1D
HIPK2	1	SKI
HIPK2	1	SMAD1
HIPK2	1	TP53
HIPK2	-1	ZBTB4
HIPK3	1	AR
HIPK3	-1	FADD
HJURP	1	CENPA
HLTF	-1	PCNA
HMGA1	1	POU3F1
HMGA2	1	ATM
HMGA2	-1	E4F1
HMGB1	1	AGER
HMGB1	-1	BECN1
HMGB2	1	POU2F1
HMGB2	1	POU2F2
HMGB2	1	POU3F1
HMGN1	1	ATM
HMGN1	1	KAT2B
HMGN1	-1	PBRM1
HMGN1	1	TRRAP
HMGN2	-1	PBRM1
HNRNPA0	1	GADD45A
HNRNPD	-1	GADD45A
HNRNPK	-1	AR
HNRNPK	1	CDKN1A
HNRNPK	1	EIF4E
HNRNPK	1	MDM2
HNRNPK	1	MYC
HNRNPK	-1	TK1
HNRNPK	1	TP53
HOXA5	1	TP53
HOXA9	1	MEIS1
HOXD13	1	MEIS1
HRAS	1	ARAF
HRAS	1	BRAF
HRAS	1	PIK3CA
HRAS	1	PIK3CB
HRAS	1	PIK3CD
HRAS	1	PLCE1
HRAS	1	RAF1
HRAS	1	SDC2
HRAS	1	SHC1
HRAS	1	TIAM1
HRH3	1	GNAI1
HRK	-1	BCL2
HRK	-1	BCL2L1
HSBP1	-1	HSF1
HSF1	1	HDAC1
HSF1	1	HDAC2
HSF1	1	HSP90B1
HSF1	1	HSPA1B
HSF1	1	PRKDC
HSP90AA1	1	AKT1
HSP90AA1	1	AR
HSP90AA1	1	BCL2
HSP90AA1	1	DAPK1
HSP90AA1	1	FANCC
HSP90AA1	1	NOS3
HSP90AA1	-1	NR3C1
HSP90AA1	1	PAFAH1B1
HSP90AA1	1	PPP5C
HSP90AA1	1	RAF1
HSP90AA1	1	SMYD2
HSP90AA1	1	SRC
HSP90AA1	1	TGFBR1
HSP90AB1	-1	KEAP1
HSP90B1	1	LRP1
HSPA5	-1	ATF6
HSPA5	-1	EIF2AK3
HSPA5	-1	ERN1
HSPA9	-1	MVD
HSPB1	-1	AR
HSPB1	-1	NFKBIA
HSPB1	1	SP1
HSPB1	1	UBE2N
HSPD1	-1	BAX
HSPG2	1	ITGA2
HSPG2	1	PTPRS
HTATIP2	1	TP53
HTR1D	1	GNAI1
HTRA2	-1	BIRC2
HTRA2	-1	BIRC6
HTRA2	-1	PEA15
HTRA2	-1	XIAP
HTT	-1	PAK2
HUS1	1	PCNA
HUWE1	-1	MCL1
HUWE1	-1	MFN2
HUWE1	1	MYC
HUWE1	-1	PPARA
HUWE1	-1	TP53
HUWE1	-1	ZBTB17
HYAL2	1	SMAD4
ID1	-1	TCF12
ID1	-1	TCF4
ID2	-1	TCF12
ID3	-1	TCF12
ID3	-1	TCF3
ID3	-1	TCF4
IER3	-1	PPP2R5C
IFIH1	1	MAVS
IFIH1	1	TBK1
IFIH1	-1	TRAF3
IFNAR1	1	IFNGR1
IFNAR1	1	JAK1
IFNAR2	1	JAK1
IFNAR2	1	TYK2
IFNGR1	1	JAK1
IFNGR1	1	JAK2
IFNGR2	1	JAK1
IFNGR2	1	JAK2
IGF1R	-1	CRK
IGF1R	1	CSK
IGF1R	1	GRB10
IGF1R	1	IRS1
IGF1R	1	IRS2
IGF1R	1	PCNA
IGF1R	1	PDPK1
IGF1R	1	PIK3R1
IGF1R	1	PIK3R3
IGF1R	1	RASA1
IGF1R	1	SHC1
IGF1R	1	SIRPA
IGF1R	1	VAV2
IGF2	1	IGF1R
IGF2	1	IGF2R
IGF2	1	INSR
IGF2BP1	1	BTRC
IGF2BP1	1	GLI1
IKBKB	1	ASB8
IKBKB	-1	BAD
IKBKB	1	BCL10
IKBKB	-1	CDKN2A
IKBKB	-1	COPS5
IKBKB	-1	CYLD
IKBKB	1	DOK1
IKBKB	-1	FOXO3
IKBKB	1	IRF3
IKBKB	-1	IRS1
IKBKB	1	NCOA3
IKBKB	-1	NFKB1
IKBKB	-1	NFKBIA
IKBKB	-1	NFKBIB
IKBKB	1	NFKBIE
IKBKB	-1	PFKFB3
IKBKB	-1	RAPGEF2
IKBKB	1	REL
IKBKB	1	RELA
IKBKB	1	RPS3
IKBKB	1	TMIGD2
IKBKB	1	TP53
IKBKB	-1	TSC1
IKBKB	-1	TWIST1
IKBKB	-1	YWHAB
IKBKG	1	CHUK
IKBKG	1	IKBKB
IKBKG	1	NFKBIA
IKBKG	1	NFKBIB
IKBKG	1	RELA
IL11	1	IL11RA
IL11	1	IL6ST
IL13RA1	1	IL4R
IL13RA1	1	JAK2
IL13RA1	1	TYK2
IL1RAP	-1	TOLLIP
IL21R	1	JAK1
IL4R	1	IRS1
IL4R	1	IRS2
IL4R	1	JAK1
IL4R	1	JAK2
IL6ST	1	GAB2
IL6ST	1	JAK1
IL6ST	1	JAK2
IL6ST	1	SHC1
IL6ST	1	TYK2
INCENP	1	AURKA
INCENP	1	PLK1
ING1	-1	CCNB1
ING1	1	CDKN1A
ING1	1	HDAC1
ING2	1	EP300
ING2	1	HDAC1
INHBE	1	ACVR2A
INHBE	1	ACVR2B
INPP5D	-1	TRAF6
INPPL1	1	MAPK8IP1
INSIG1	-1	SCAP
INSIG1	-1	SERBP1
INSIG2	-1	SCAP
INSR	1	BLVRA
INSR	-1	CALM1
INSR	-1	CALM2
INSR	-1	CALM3
INSR	1	CBL
INSR	1	DOK1
INSR	1	DOK4
INSR	1	DOK5
INSR	1	FRS2
INSR	1	GAB1
INSR	1	GRB10
INSR	1	IRS1
INSR	1	IRS2
INSR	1	KHDRBS1
INSR	1	PIK3R1
INSR	-1	PTEN
INSR	1	PTK2
INSR	1	PTPN11
INSR	1	RASA1
INSR	1	SHC1
INTS4	1	POLR2A
INVS	-1	DVL1
IQGAP1	-1	CDC42
IQGAP1	-1	RAC1
IRAK1	1	GLIPR2
IRAK1	1	IRF7
IRAK1	1	PELI1
IRAK1	1	PELI2
IRAK1	1	PELI3
IRAK1	1	STAT3
IRAK1	1	TAB1
IRAK1	1	TAB2
IRAK1	1	TRAF6
IRAK4	1	IRAK1
IRAK4	1	PELI1
IRAK4	1	PELI2
IRF1	1	BRIP1
IRF1	1	CCNT2
IRF1	1	H2BC5
IRF1	1	LIG4
IRF1	1	NSMCE2
IRF1	1	PCNA
IRF1	1	PSMA6
IRF1	1	TBC1D32
IRF2BP1	1	IRF2
IRF2BP2	1	IRF2
IRF3	1	CCL5
IRF3	1	CXCL10
IRF3	1	IFIT1
IRF3	1	ISG15
IRF9	1	IFNAR2
IRS1	1	AKT1
IRS1	1	ATM
IRS1	1	GRB2
IRS1	1	JAK2
IRS1	1	PIK3CA
IRS1	1	PIK3CB
IRS1	1	PIK3R1
IRS1	1	SHC1
IRS2	1	PIK3CA
ISG15	1	JAK1
IST1	1	SPAST
ITCH	-1	CFLAR
ITCH	-1	ERBB4
ITCH	-1	GLI1
ITCH	-1	JUNB
ITCH	-1	LAPTM5
ITCH	-1	LATS1
ITCH	-1	MAVS
ITCH	1	NOTCH1
ITCH	-1	OCLN
ITCH	1	SH3GL2
ITCH	1	SMAD2
ITCH	1	SMAD7
ITCH	1	SPART
ITCH	-1	TP73
ITCH	-1	TRPC4
ITGB1	1	KCNH2
ITGB1	1	PTK2B
ITGB1	1	SRC
ITGB1BP1	-1	ITGB1
ITGB5	1	PTK2
ITGB5	1	SRC
ITPR1	1	TRPC3
ITPR2	1	TRPC1
ITSN1	1	CDC42
JAG1	1	CDKN1B
JAG1	1	NOTCH1
JAG1	1	NOTCH2
JAG1	1	NOTCH3
JAG1	1	NOTCH4
JAG2	1	NOTCH1
JAG2	1	NOTCH2
JAG2	1	NOTCH3
JAG2	1	NOTCH4
JAK1	1	DBP
JAK1	1	EIF2AK3
JAK1	1	FES
JAK1	1	IRS1
JAK1	1	IRS2
JAK1	1	JAK2
JAK1	1	PIK3R1
JAK1	1	PTPN11
JAK1	1	SHC1
JAK1	1	SNX8
JAK1	1	SOCS3
JAK1	1	STAM2
JAK1	1	STAT1
JAK1	1	STAT2
JAK1	1	STAT3
JAK1	1	STAT5A
JAK1	1	STAT5B
JAK1	1	STAT6
JAK1	1	TYK2
JAK2	1	ARHGEF1
JAK2	1	BECN1
JAK2	1	BRD4
JAK2	-1	CDKN1B
JAK2	1	DBP
JAK2	1	EGFR
JAK2	1	EPOR
JAK2	1	ERBB2
JAK2	-1	EZH2
JAK2	1	GAB2
JAK2	1	GRB2
JAK2	1	GTF2I
JAK2	1	JAK1
JAK2	1	LEPR
JAK2	-1	PPP2CA
JAK2	-1	PRMT5
JAK2	1	RAF1
JAK2	1	STAM
JAK2	1	STAP2
JAK2	1	STAT1
JAK2	1	STAT3
JAK2	1	STAT4
JAK2	1	STAT5A
JAK2	1	STAT5B
JAK2	1	STAT6
JAK2	1	TET2
JARID2	1	EHMT1
JAZF1	-1	NR2C2
JDP2	-1	ATF2
JDP2	-1	JUN
JUN	1	CREB1
JUN	1	CTNNB1
JUN	1	NFAT5
JUN	1	PPM1D
JUN	1	SMAD4
JUN	1	TCF4
JUNB	-1	BCL2
JUNB	-1	BCL2L1
JUNB	1	EGFR
KANK1	-1	BAIAP2
KAT2A	1	SMAD2
KAT2A	1	SMAD3
KAT2A	1	SMAD7
KAT2A	1	SOCS1
KAT2B	1	AR
KAT2B	1	CIITA
KAT2B	1	CREBBP
KAT2B	1	EP300
KAT2B	-1	GLI1
KAT2B	-1	H3-3B
KAT2B	1	NOTCH1
KAT2B	1	SMAD2
KAT2B	1	SMAD3
KAT5	1	AR
KAT5	1	ATM
KAT5	1	H2AZ1
KAT5	1	MYC
KAT5	1	PRKDC
KAT5	1	TP53
KAT6A	1	TP53
KAT6B	1	RUNX2
KAT7	1	MCM2
KATNA1	1	KATNB1
KATNB1	1	KATNA1
KCNH2	1	ITGB1
KCTD13	-1	RHOA
KDM1A	-1	ACTB
KDM1A	1	AR
KDM1A	-1	CDKN1C
KDM1A	-1	SCN1A
KDM1A	-1	SCN2A
KDM1A	-1	SCN3A
KDM1A	-1	TP53
KDM2B	1	NQO1
KDM2B	1	PRDX4
KDM2B	1	RNF2
KDM3A	1	AR
KDM4A	1	AR
KDM4A	-1	BCL2L11
KDM4C	1	AR
KDM5B	1	CBX4
KDM5B	1	PAX9
KDM6A	1	RB1
KDM7A	1	AR
KEAP1	1	CUL3
KEAP1	-1	GABPA
KEAP1	-1	IKBKB
KEAP1	-1	NFE2L2
KEAP1	-1	PGAM5
KHDRBS1	-1	CREBBP
KHK	1	PRPS1
KIF3A	1	PKD2
KIF4A	1	PRC1
KIF5C	1	TRAK2
KIF7	1	GLI2
KIF7	1	GLI3
KIT	1	CTNNB1
KIT	1	GRB2
KIT	1	JAK2
KIT	1	PHB1
KIT	1	PIK3R1
KIT	1	PTPN11
KIT	1	STAT1
KITLG	1	KIT
KLC2	1	FYCO1
KLF10	1	SIN3A
KLF11	1	SIN3A
KLF16	1	SIN3A
KLF6	-1	PTTG1
KLHL12	-1	DVL1
KLHL12	1	LNPK
KLHL12	1	SEC31A
KLHL13	1	AURKB
KLHL15	-1	RBBP8
KLHL2	-1	UCK1
KLHL2	-1	WNK1
KLHL2	-1	WNK2
KLHL2	-1	WNK3
KLHL20	-1	DAPK1
KLHL22	-1	PLK1
KLHL25	-1	ACLY
KLHL3	-1	WNK1
KLHL9	1	AURKB
KMT2A	1	CDKN1B
KMT2A	1	CDKN2C
KMT2A	1	FOXC1
KMT2A	1	HOXA1
KMT2A	1	HOXA7
KMT2A	1	HOXA9
KMT2A	1	KAT8
KMT2A	1	MEIS1
KMT2A	1	MYC
KMT2A	1	RELB
KMT2B	1	RELB
KMT2D	1	RELB
KMT5A	1	TP53
KNL1	1	BUB1
KNL1	1	BUB1B
KPNA1	1	KPNB1
KPNA2	1	CHEK2
KPNA2	1	IRF1
KPNA2	-1	RNMT
KPNB1	1	SMAD3
KRAS	1	BRAF
KRAS	1	MAP3K1
KRAS	1	MAP4K5
KRAS	1	RAF1
KREMEN1	1	LRP6
KREMEN2	1	LRP6
KSR1	1	BRAF
KSR1	1	RAF1
KTN1	1	KIF5B
L1CAM	1	EZR
L1CAM	1	NRP1
LAMA1	1	DAG1
LAMA1	1	ITGA2
LAMA1	1	ITGA7
LAMA1	1	ITGB8
LAMA1	1	RPSA
LAMA2	1	DAG1
LAMA2	1	ITGA2
LAMA2	1	ITGA6
LAMA2	1	ITGA7
LAMA2	1	ITGB1
LAMA2	1	RPSA
LAMA4	1	ITGA6
LAMA4	1	ITGAV
LAMA4	1	ITGB1
LAMA5	1	DAG1
LAMA5	1	ITGA6
LAMA5	1	ITGB1
LAMB1	1	ITGA6
LAMB1	1	ITGA7
LAMB1	1	ITGB1
LAMB1	1	ITGB8
LAMB2	1	ITGA6
LAMB2	1	ITGB1
LAMB2	1	RPSA
LAMC1	1	ITGA6
LAMC1	1	ITGA7
LAMC1	1	ITGB1
LAMTOR3	1	MAP2K1
LAMTOR3	1	MAPK1
LAMTOR3	1	MAPK3
LARP4B	1	PABPC1
LARP7	-1	HEXIM1
LATS1	1	AMOT
LATS1	1	CDC26
LATS1	1	FOXL2
LATS1	1	PPP1R12A
LATS1	-1	WWTR1
LATS1	1	YAP1
LATS2	-1	ABL1
LATS2	1	AMOT
LATS2	-1	AMOTL2
LATS2	1	CDC26
LATS2	-1	CDKN1A
LATS2	1	SNAI1
LATS2	-1	WWTR1
LATS2	-1	YAP1
LATS2	1	YWHAG
LCMT1	1	PPP2CA
LCMT1	1	PPP2CB
LEF1	1	TLE1
LEPR	1	JAK1
LEPR	1	PTPN11
LEPR	1	STAT3
LEPR	1	TYK2
LFNG	1	NOTCH1
LFNG	-1	NOTCH2
LIF	1	IL6ST
LIF	1	LIFR
LIFR	1	IL6ST
LIFR	1	JAK1
LIFR	1	JAK2
LIFR	1	TYK2
LIMK1	-1	CFL1
LIMK1	1	CFL2
LIMK2	1	CFL1
LIMK2	-1	SPOP
LMNA	1	SUN2
LMO4	-1	BRCA1
LMTK1	1	CDK5R1
LMTK1	-1	STK39
LMTK2	1	PPP1CA
LNX2	-1	NUMB
LOX	1	EFEMP2
LPAR1	1	GNA12
LPAR1	1	GNA13
LPAR1	1	GNAI1
LPAR1	1	GNAI3
LPAR1	1	GNAQ
LPAR2	1	GNAI1
LPAR3	1	GNA12
LPAR3	1	GNA13
LPAR3	1	GNAI1
LPAR3	1	GNAQ
LRFN5	1	PTPRD
LRFN5	1	PTPRF
LRFN5	1	PTPRS
LRIG1	1	CBL
LRIG1	1	ERBB2
LRIG1	1	ERBB4
LRP5	1	AXIN1
LRP5	-1	GSK3B
LRP6	1	AXIN1
LRPAP1	1	LRP1
LRPAP1	-1	VLDLR
LRRC4B	1	PTPRF
LRRFIP2	1	DVL3
LRSAM1	-1	TSG101
LTB4R	1	GNAI1
LTBP1	1	TGFB1
LYN	1	ABL1
LYN	1	ACLY
LYN	1	BCAR1
LYN	-1	CDK2
LYN	-1	CDKN1B
LYN	1	DOK1
LYN	1	DOK3
LYN	1	EGFR
LYN	1	ELMO1
LYN	1	EPOR
LYN	1	GAB2
LYN	-1	IKBKG
LYN	1	INPP5D
LYN	1	ITPR1
LYN	1	KIT
LYN	1	LIME1
LYN	1	LPXN
LYN	1	MAP2
LYN	1	MAPK3
LYN	1	MCM7
LYN	1	NEDD9
LYN	1	PAG1
LYN	1	PIK3R1
LYN	1	PLCG1
LYN	1	PLCG2
LYN	1	PPP1R15A
LYN	-1	PPP1R8
LYN	1	PRKCA
LYN	1	PRKCD
LYN	-1	PRKDC
LYN	1	PTK2
LYN	1	PTK2B
LYN	1	PXN
LYN	1	RGS16
LYN	1	SHC1
LYN	1	SNCA
LYN	1	STAT3
LYN	1	STAT5A
LZTR1	-1	KRAS
MAD2L1	-1	ANAPC7
MAD2L1	-1	CDC20
MAD2L1BP	1	TRIP13
MAD2L2	-1	CDC20
MAD2L2	-1	FZR1
MAD2L2	1	MAPK10
MAF	-1	ETS1
MAF	-1	MYB
MAF	1	NFE2L2
MAF1	-1	TBP
MAGEL2	1	TRIM27
MAGI2	1	PTEN
MAGI3	1	PTEN
MALT1	1	TAB2
MAML1	1	CDK8
MAML1	1	EP300
MAML1	1	NOTCH1
MAML1	1	NOTCH2
MAML1	1	NOTCH3
MAML1	1	NOTCH4
MAML1	1	RBPJ
MAML2	1	NOTCH1
MAML2	1	NOTCH2
MAML2	1	NOTCH3
MAML2	1	NOTCH4
MAML3	1	NOTCH1
MAML3	1	NOTCH2
MAML3	1	NOTCH3
MAML3	1	NOTCH4
MAP1B	1	DAPK1
MAP1LC3B	-1	NBR1
MAP1LC3B	1	SQSTM1
MAP1LC3C	1	ATG3
MAP1LC3C	-1	NBR1
MAP1LC3C	1	WDFY3
MAP2K1	1	ARRB2
MAP2K1	-1	CASP9
MAP2K1	1	GSK3B
MAP2K1	1	HSF1
MAP2K1	-1	IRS1
MAP2K1	1	MAPK1
MAP2K1	1	MAPK3
MAP2K1	1	MAPK6
MAP2K1	1	RPS6KA4
MAP2K2	-1	CASP9
MAP2K2	1	MAPK1
MAP2K2	1	MAPK3
MAP2K2	1	MAPK6
MAP2K3	1	DYRK1B
MAP2K3	1	MAPK11
MAP2K3	1	MAPK12
MAP2K3	1	MAPK13
MAP2K3	1	MAPK14
MAP2K4	1	MAPK10
MAP2K4	1	MAPK12
MAP2K4	1	MAPK14
MAP2K4	1	MAPK8
MAP2K4	1	MAPK9
MAP2K4	-1	RXRA
MAP2K5	1	MAPK7
MAP2K6	1	MAPK11
MAP2K6	1	MAPK12
MAP2K6	1	MAPK13
MAP2K6	1	MAPK14
MAP2K6	1	MAPK8
MAP2K6	-1	NFE2L2
MAP2K6	1	STAT4
MAP2K7	-1	FADD
MAP2K7	-1	IRS1
MAP2K7	1	MAPK10
MAP2K7	1	MAPK8
MAP2K7	1	MAPK9
MAP3K1	1	CHUK
MAP3K1	-1	FADD
MAP3K1	1	IKBKB
MAP3K1	1	MAP2K1
MAP3K1	1	MAP2K2
MAP3K1	1	MAP2K3
MAP3K1	1	MAP2K4
MAP3K1	1	MAP2K6
MAP3K1	1	MAP2K7
MAP3K1	1	MAPK1
MAP3K1	1	MAPK3
MAP3K1	1	MAPK8
MAP3K1	1	SMAD2
MAP3K1	1	STAT3
MAP3K10	1	DLG4
MAP3K10	1	DYRK2
MAP3K10	1	MAP2K4
MAP3K10	1	MAP2K7
MAP3K10	-1	TCF3
MAP3K11	1	MAP2K3
MAP3K11	1	MAP2K4
MAP3K11	1	MAP2K6
MAP3K11	1	PAK1
MAP3K11	1	PIN1
MAP3K12	1	MAP2K4
MAP3K12	1	MAP2K7
MAP3K12	1	MYL12B
MAP3K13	1	MAP2K7
MAP3K13	1	TRIM25
MAP3K14	1	CHUK
MAP3K14	1	G6PD
MAP3K14	1	IKBKB
MAP3K14	1	NFKB2
MAP3K14	1	RCAN1
MAP3K14	1	RELA
MAP3K14	1	SLC9A1
MAP3K14	1	STAT3
MAP3K2	1	CHUK
MAP3K2	1	MAP2K1
MAP3K2	1	MAP2K4
MAP3K2	1	MAP2K5
MAP3K2	1	MAP2K7
MAP3K2	1	MAPK1
MAP3K2	1	STK38
MAP3K20	1	MAP2K3
MAP3K20	1	MAP2K4
MAP3K20	1	MAP2K5
MAP3K20	1	MAP2K6
MAP3K20	1	MAP2K7
MAP3K21	1	MAP2K1
MAP3K3	1	CHUK
MAP3K3	1	IKBKB
MAP3K3	1	MAP2K3
MAP3K3	1	MAP2K4
MAP3K3	1	MAP2K5
MAP3K3	1	RCAN1
MAP3K3	1	SQSTM1
MAP3K4	1	MAP2K3
MAP3K4	1	MAP2K4
MAP3K4	1	MAP2K6
MAP3K6	1	MAPK14
MAP3K7	1	ATAT1
MAP3K7	1	CHUK
MAP3K7	-1	HDAC7
MAP3K7	1	HIPK2
MAP3K7	1	IKBKB
MAP3K7	1	IKBKG
MAP3K7	-1	KSR1
MAP3K7	1	MAP2K3
MAP3K7	1	MAP2K4
MAP3K7	1	MAP2K6
MAP3K7	1	MAP2K7
MAP3K7	1	MAP3K14
MAP3K7	1	MAPK14
MAP3K7	1	MAPK8
MAP3K7	1	NLK
MAP3K7	1	RAB8A
MAP3K7	1	SMAD1
MAP3K7	-1	SMAD3
MAP3K7	-1	YAP1
MAP3K8	1	MAP2K1
MAP3K8	1	MAP2K2
MAP3K8	1	MAP2K3
MAP3K8	1	MAP2K4
MAP3K8	1	MAP2K5
MAP3K8	1	MAP3K14
MAP3K8	1	MAPK1
MAP3K8	1	PLCB3
MAP3K8	1	PLK1
MAP4K2	1	MAP3K1
MAP4K2	1	PSMD2
MAP4K3	1	IQGAP1
MAP4K3	1	MAP3K1
MAP4K3	1	PRKCQ
MAP4K4	1	MAP3K1
MAP4K4	1	MAP3K11
MAP4K4	1	MAP3K7
MAP4K4	-1	SMAD1
MAP4K4	-1	TRAF2
MAP4K5	-1	GSK3B
MAP4K5	1	MAP3K1
MAPK1	1	ABI1
MAPK1	1	AEBP1
MAPK1	-1	AMPH
MAPK1	1	APBB1
MAPK1	-1	AR
MAPK1	1	ARHGEF2
MAPK1	-1	ARRB1
MAPK1	1	ASB2
MAPK1	1	ATF2
MAPK1	-1	ATP1A1
MAPK1	-1	BAD
MAPK1	1	BCL2
MAPK1	-1	BCL2L11
MAPK1	-1	BCL6
MAPK1	1	BMF
MAPK1	-1	BRAF
MAPK1	1	CAD
MAPK1	-1	CALD1
MAPK1	1	CAPN2
MAPK1	-1	CASP9
MAPK1	-1	CDK1
MAPK1	1	CDK2
MAPK1	-1	CDKN1A
MAPK1	1	CDKN1B
MAPK1	1	CEBPB
MAPK1	-1	CEP55
MAPK1	-1	CIC
MAPK1	1	CIITA
MAPK1	1	CITED2
MAPK1	1	CREBBP
MAPK1	1	CSNK2A1
MAPK1	1	CTTN
MAPK1	1	DAPK1
MAPK1	-1	DAZAP1
MAPK1	1	DUSP16
MAPK1	1	DYRK1B
MAPK1	-1	EGFR
MAPK1	1	EIF2AK2
MAPK1	-1	EIF4EBP1
MAPK1	1	ELK1
MAPK1	1	EP300
MAPK1	1	ERF
MAPK1	-1	ESPL1
MAPK1	-1	ETV3
MAPK1	-1	ETV6
MAPK1	1	EXOC7
MAPK1	-1	FGFR1
MAPK1	1	FOS
MAPK1	-1	FOXO3
MAPK1	-1	FRS2
MAPK1	1	GAB1
MAPK1	-1	GAB2
MAPK1	1	GABPA
MAPK1	-1	GJA1
MAPK1	-1	GORASP1
MAPK1	1	GORASP2
MAPK1	1	GRB10
MAPK1	-1	GSK3B
MAPK1	1	GTF2I
MAPK1	1	HIF1A
MAPK1	1	IER3
MAPK1	-1	IRS1
MAPK1	1	IRX2
MAPK1	1	JUN
MAPK1	1	JUND
MAPK1	1	KCND2
MAPK1	1	KDM4B
MAPK1	1	KHDRBS1
MAPK1	-1	KLC1
MAPK1	1	L1CAM
MAPK1	-1	LIFR
MAPK1	-1	LIMA1
MAPK1	1	LIPE
MAPK1	1	LRP6
MAPK1	1	MAP2K3
MAPK1	1	MAPKAPK2
MAPK1	1	MAPKAPK5
MAPK1	1	MAPT
MAPK1	1	MARCKS
MAPK1	1	MCL1
MAPK1	-1	MCRIP1
MAPK1	1	MED1
MAPK1	1	METTL3
MAPK1	1	MKNK1
MAPK1	1	MKNK2
MAPK1	-1	MRTFA
MAPK1	1	MYC
MAPK1	1	MYLK
MAPK1	1	NCOA1
MAPK1	1	NCOA6
MAPK1	1	NDE1
MAPK1	1	NDEL1
MAPK1	-1	NEFH
MAPK1	1	NFATC4
MAPK1	-1	NR3C1
MAPK1	1	NR4A1
MAPK1	1	NR4A2
MAPK1	1	NR5A1
MAPK1	-1	NUP50
MAPK1	1	PAK1
MAPK1	1	PARP1
MAPK1	1	PARVA
MAPK1	1	PBK
MAPK1	1	PCBP2
MAPK1	-1	PCYT1A
MAPK1	-1	PDE4D
MAPK1	1	PFAS
MAPK1	1	PITPNM1
MAPK1	1	PLA2G4A
MAPK1	1	PLCB1
MAPK1	1	PML
MAPK1	-1	POLR2A
MAPK1	-1	POU5F1
MAPK1	1	PPARA
MAPK1	1	PPP1R9B
MAPK1	-1	PPP2R5C
MAPK1	1	PRDX6
MAPK1	1	PTTG1
MAPK1	1	PXN
MAPK1	1	RAF1
MAPK1	1	RARA
MAPK1	1	RCAN1
MAPK1	1	RELA
MAPK1	1	RGS19
MAPK1	-1	RORA
MAPK1	1	RPS3
MAPK1	1	RPS6KA1
MAPK1	1	RPS6KA2
MAPK1	1	RPS6KA3
MAPK1	1	RPS6KA4
MAPK1	1	RPS6KA5
MAPK1	1	RPS6KB1
MAPK1	1	RPTOR
MAPK1	1	RSPH3
MAPK1	-1	RXRA
MAPK1	1	SLC9A1
MAPK1	-1	SMAD1
MAPK1	1	SMAD2
MAPK1	1	SMAD3
MAPK1	1	SMAD4
MAPK1	1	SORBS3
MAPK1	1	SOS1
MAPK1	1	SP1
MAPK1	1	SP3
MAPK1	1	SPHK1
MAPK1	1	SPHK2
MAPK1	1	SREBF1
MAPK1	1	SREBF2
MAPK1	1	STAT3
MAPK1	1	STAT5A
MAPK1	1	STIM1
MAPK1	-1	STK11
MAPK1	-1	STMN1
MAPK1	1	TAGLN2
MAPK1	-1	TCF3
MAPK1	-1	TFCP2
MAPK1	-1	THRB
MAPK1	-1	TNFRSF1A
MAPK1	-1	TOB1
MAPK1	1	TP53
MAPK1	1	TP53BP2
MAPK1	-1	TPPP
MAPK1	1	TPR
MAPK1	-1	TSC1
MAPK1	-1	TSC2
MAPK1	1	TTN
MAPK1	1	TWIST1
MAPK1	-1	TXNIP
MAPK1	-1	UBTF
MAPK1	-1	XPO5
MAPK1	1	YBX1
MAPK1	1	ZFP36
MAPK10	1	APP
MAPK10	-1	ATN1
MAPK10	1	BCL2L11
MAPK10	-1	CDC25C
MAPK10	-1	DIABLO
MAPK10	1	HNRNPK
MAPK10	1	JUN
MAPK10	-1	KIF5C
MAPK10	-1	NFATC1
MAPK10	1	NR3C1
MAPK10	-1	STMN1
MAPK10	-1	STMN2
MAPK10	1	TP53
MAPK10	-1	YWHAZ
MAPK11	1	ATF2
MAPK11	-1	EGFR
MAPK11	1	HBP1
MAPK11	1	MAPKAPK5
MAPK11	-1	MAPT
MAPK11	1	PIAS2
MAPK11	1	RPS6KA5
MAPK11	1	SMAD2
MAPK11	1	TCF3
MAPK11	1	TP53
MAPK11	-1	TP53BP1
MAPK11	1	TWIST1
MAPK12	1	ATF2
MAPK12	-1	CARM1
MAPK12	-1	MAPT
MAPK12	1	MEF2A
MAPK12	1	MEF2C
MAPK12	1	PFKFB3
MAPK12	1	SH3BP5
MAPK12	1	SNTA1
MAPK12	-1	TP53BP1
MAPK13	-1	EEF2K
MAPK13	-1	MAPT
MAPK13	-1	PRKD1
MAPK13	-1	STMN1
MAPK13	1	TP53
MAPK13	-1	TP53BP1
MAPK14	1	ADAM17
MAPK14	1	AR
MAPK14	1	ATF2
MAPK14	1	ATF6
MAPK14	1	BAZ1B
MAPK14	-1	BCL2
MAPK14	-1	BCL2L11
MAPK14	-1	CASP3
MAPK14	-1	CCND2
MAPK14	-1	CDC25A
MAPK14	-1	CDC25B
MAPK14	-1	CDC25C
MAPK14	1	CDKN1A
MAPK14	-1	CREB1
MAPK14	1	CSNK2A1
MAPK14	1	CSNK2B
MAPK14	-1	DDB2
MAPK14	1	DDIT3
MAPK14	1	EEA1
MAPK14	-1	EEF2K
MAPK14	-1	EGFR
MAPK14	-1	EIF4EBP1
MAPK14	1	ELAVL1
MAPK14	1	ELK1
MAPK14	1	ELK3
MAPK14	1	EPS15
MAPK14	1	EZH2
MAPK14	-1	F3
MAPK14	-1	FGFR1
MAPK14	1	FOS
MAPK14	1	FOXC1
MAPK14	1	FOXO3
MAPK14	-1	GSK3B
MAPK14	1	HBP1
MAPK14	1	JUN
MAPK14	1	JUNB
MAPK14	1	KAT5
MAPK14	-1	KHSRP
MAPK14	-1	MAPK1
MAPK14	-1	MAPK3
MAPK14	1	MAPKAPK2
MAPK14	1	MAPKAPK3
MAPK14	1	MAPKAPK5
MAPK14	1	MAX
MAPK14	1	MEF2A
MAPK14	1	MEF2C
MAPK14	1	MEF2D
MAPK14	1	MKNK1
MAPK14	1	MKNK2
MAPK14	1	NCOA3
MAPK14	-1	NFATC1
MAPK14	-1	NFATC4
MAPK14	-1	NFKBIA
MAPK14	1	NR3C1
MAPK14	1	PIAS2
MAPK14	-1	PIP4K2B
MAPK14	1	PLA2G4A
MAPK14	1	PPARGC1A
MAPK14	1	PPP1R15A
MAPK14	-1	PRKACA
MAPK14	-1	RB1
MAPK14	-1	RBPJ
MAPK14	1	RBSN
MAPK14	1	RELA
MAPK14	1	RPS6KA4
MAPK14	1	RPS6KA5
MAPK14	1	RUNX2
MAPK14	1	SLC9A1
MAPK14	1	SMAD3
MAPK14	-1	SNX27
MAPK14	1	STAT1
MAPK14	1	STAT3
MAPK14	1	STAT4
MAPK14	-1	TAB1
MAPK14	1	TCF3
MAPK14	-1	TIAL1
MAPK14	1	TP53
MAPK14	-1	TP53BP1
MAPK14	1	TWIST1
MAPK14	1	USF1
MAPK14	1	USP21
MAPK14	1	ZFP36
MAPK14	1	ZNHIT1
MAPK15	1	JUN
MAPK3	1	ABI1
MAPK3	1	ADAM17
MAPK3	-1	AMPH
MAPK3	1	ARHGEF2
MAPK3	-1	ARRB1
MAPK3	1	ATF2
MAPK3	-1	BAD
MAPK3	1	BAZ1B
MAPK3	1	BCL2
MAPK3	-1	BCL2L11
MAPK3	-1	BCL6
MAPK3	-1	BRAF
MAPK3	1	CAD
MAPK3	-1	CALD1
MAPK3	1	CAPN2
MAPK3	-1	CASP9
MAPK3	1	CCDC6
MAPK3	-1	CDKN1B
MAPK3	1	CEBPB
MAPK3	-1	CIC
MAPK3	1	CIITA
MAPK3	-1	CREM
MAPK3	-1	CTNND1
MAPK3	1	CTTN
MAPK3	1	DAPK1
MAPK3	1	E2F1
MAPK3	-1	EGFR
MAPK3	1	ELK1
MAPK3	1	ELK3
MAPK3	1	ELK4
MAPK3	-1	EPS8
MAPK3	1	ETS1
MAPK3	-1	ETV6
MAPK3	-1	FGFR1
MAPK3	1	FOS
MAPK3	-1	FOXO3
MAPK3	1	GAB1
MAPK3	-1	GAB2
MAPK3	1	GABPA
MAPK3	-1	GJA1
MAPK3	1	GRB10
MAPK3	-1	GRK2
MAPK3	-1	GSK3B
MAPK3	1	GTF2I
MAPK3	1	HDAC6
MAPK3	1	HIF1A
MAPK3	-1	HNRNPK
MAPK3	-1	HSF1
MAPK3	1	HSPB8
MAPK3	-1	IRS1
MAPK3	1	IRX2
MAPK3	1	JUND
MAPK3	1	KARS1
MAPK3	-1	KLC1
MAPK3	-1	LIFR
MAPK3	-1	LIN28A
MAPK3	1	LIPE
MAPK3	1	LRP6
MAPK3	1	MAPKAPK2
MAPK3	-1	MAPT
MAPK3	1	MAZ
MAPK3	1	MCL1
MAPK3	-1	MCRIP1
MAPK3	1	MED1
MAPK3	1	METTL3
MAPK3	1	MKNK1
MAPK3	1	MKNK2
MAPK3	-1	MRTFA
MAPK3	-1	MYB
MAPK3	1	MYC
MAPK3	1	NCKIPSD
MAPK3	1	NCOA1
MAPK3	-1	NFATC1
MAPK3	1	NFATC4
MAPK3	-1	NR3C1
MAPK3	-1	NUP50
MAPK3	-1	PAK1
MAPK3	1	PCBP2
MAPK3	-1	PCYT1A
MAPK3	-1	PDE4D
MAPK3	1	PLA2G4A
MAPK3	1	PLCB1
MAPK3	1	PML
MAPK3	-1	POLR2A
MAPK3	-1	POU5F1
MAPK3	1	PPARA
MAPK3	-1	PPP2R5C
MAPK3	-1	PTPN11
MAPK3	1	PTTG1
MAPK3	1	RAF1
MAPK3	1	RCAN1
MAPK3	1	RPS3
MAPK3	1	RPS6KA1
MAPK3	1	RPS6KA2
MAPK3	1	RPS6KA3
MAPK3	1	RPS6KA4
MAPK3	1	RPS6KA5
MAPK3	1	RPS6KB1
MAPK3	1	RPTOR
MAPK3	1	RRN3
MAPK3	1	RUNX2
MAPK3	-1	RXRA
MAPK3	1	SHC1
MAPK3	1	SMAD1
MAPK3	1	SMAD2
MAPK3	1	SMAD3
MAPK3	1	SMAD4
MAPK3	1	SORBS3
MAPK3	1	SOS1
MAPK3	-1	SOX2
MAPK3	1	SP1
MAPK3	1	SP3
MAPK3	1	SPHK1
MAPK3	1	SPHK2
MAPK3	1	SREBF1
MAPK3	1	SREBF2
MAPK3	1	STAT3
MAPK3	1	STAT5A
MAPK3	-1	STK11
MAPK3	-1	STMN1
MAPK3	-1	STMN2
MAPK3	-1	SULT4A1
MAPK3	1	SYN3
MAPK3	-1	TCF3
MAPK3	-1	TFCP2
MAPK3	-1	THRB
MAPK3	-1	TOB1
MAPK3	1	TP53
MAPK3	1	TRPV3
MAPK3	-1	TSC2
MAPK3	1	TWIST1
MAPK3	-1	UBTF
MAPK3	-1	XPO5
MAPK6	1	MAPKAPK5
MAPK6	1	NCOA3
MAPK6	1	TDP2
MAPK7	1	ELK4
MAPK7	1	ETS1
MAPK7	-1	GJA1
MAPK7	1	MEF2A
MAPK7	1	MEF2C
MAPK7	1	MEF2D
MAPK7	1	MYC
MAPK7	1	NR4A1
MAPK7	-1	PML
MAPK7	1	PTK2
MAPK7	1	RPS6KA1
MAPK7	1	SGK1
MAPK8	-1	AIMP1
MAPK8	1	AKT1
MAPK8	1	APLP2
MAPK8	1	APP
MAPK8	1	ATF2
MAPK8	-1	ATN1
MAPK8	-1	BAD
MAPK8	1	BAX
MAPK8	-1	BCL2
MAPK8	-1	BCL2L1
MAPK8	1	BCL2L11
MAPK8	1	BID
MAPK8	1	BMF
MAPK8	-1	CDC25B
MAPK8	-1	CDC25C
MAPK8	1	CDKN1A
MAPK8	1	CDT1
MAPK8	-1	CFLAR
MAPK8	-1	CTBP1
MAPK8	1	DCX
MAPK8	1	EIF4ENIF1
MAPK8	1	ELK1
MAPK8	1	ELK3
MAPK8	1	ELK4
MAPK8	1	FOXO4
MAPK8	1	H2AX
MAPK8	1	HNRNPK
MAPK8	-1	HSF1
MAPK8	1	IRF3
MAPK8	-1	IRS1
MAPK8	1	ITCH
MAPK8	1	JDP2
MAPK8	1	JUN
MAPK8	1	JUNB
MAPK8	1	JUND
MAPK8	1	MAPK9
MAPK8	1	MAPT
MAPK8	1	MCL1
MAPK8	-1	MFN2
MAPK8	1	MYC
MAPK8	1	NEIL1
MAPK8	-1	NFATC3
MAPK8	-1	NFATC4
MAPK8	-1	NR3C1
MAPK8	-1	NR4A1
MAPK8	1	PKM
MAPK8	1	PKMYT1
MAPK8	1	PXN
MAPK8	1	RARA
MAPK8	1	RPS6KB1
MAPK8	-1	RXRA
MAPK8	-1	SARM1
MAPK8	1	SIRT1
MAPK8	1	SMAD3
MAPK8	1	SP1
MAPK8	1	STAT1
MAPK8	1	STAT3
MAPK8	1	STAT5A
MAPK8	-1	STAT6
MAPK8	1	STK4
MAPK8	-1	STMN1
MAPK8	1	STMN2
MAPK8	1	SYT4
MAPK8	1	TP53
MAPK8	1	TP73
MAPK8	1	TWIST1
MAPK8	-1	WDR62
MAPK8	-1	YWHAB
MAPK8	-1	YWHAZ
MAPK8IP1	1	MAP2K7
MAPK8IP1	1	MAP3K10
MAPK8IP1	1	MAP3K12
MAPK8IP1	-1	MAPK8
MAPK8IP1	1	TIAM1
MAPK8IP2	1	MAP2K7
MAPK8IP2	1	MAPK10
MAPK8IP2	1	MAPK13
MAPK8IP2	1	MAPK14
MAPK8IP2	1	MAPK8
MAPK8IP2	1	MAPK8IP1
MAPK8IP2	1	MAPK9
MAPK8IP3	1	MAP2K4
MAPK8IP3	1	MAP2K7
MAPK8IP3	1	MAP3K1
MAPK8IP3	1	MAP3K11
MAPK8IP3	1	MAPK10
MAPK8IP3	1	MAPK8
MAPK8IP3	1	MAPK9
MAPK9	1	ATF2
MAPK9	-1	ATN1
MAPK9	1	BAZ1B
MAPK9	1	BCL2L11
MAPK9	1	BID
MAPK9	-1	CDC25B
MAPK9	-1	CDC25C
MAPK9	1	CTNNB1
MAPK9	1	EGLN2
MAPK9	1	ELK1
MAPK9	-1	ELK3
MAPK9	1	FOXO4
MAPK9	1	H2AX
MAPK9	-1	IRS1
MAPK9	1	JUN
MAPK9	-1	JUNB
MAPK9	1	MAPK8IP1
MAPK9	-1	MFN2
MAPK9	1	MYC
MAPK9	-1	NFATC3
MAPK9	-1	NFATC4
MAPK9	1	NR3C1
MAPK9	1	PIN1
MAPK9	1	PSEN1
MAPK9	-1	RRN3
MAPK9	-1	RXRA
MAPK9	1	STAT1
MAPK9	1	STAT3
MAPK9	-1	STMN1
MAPK9	-1	TOB1
MAPK9	1	TP53
MAPK9	-1	YWHAZ
MAPKAPK2	1	AATF
MAPKAPK2	1	AGO2
MAPKAPK2	1	ARPC5
MAPKAPK2	1	BAG2
MAPKAPK2	1	BECN1
MAPKAPK2	-1	CDC25A
MAPKAPK2	-1	CDC25B
MAPKAPK2	-1	CDC25C
MAPKAPK2	-1	CEP131
MAPKAPK2	1	CREB1
MAPKAPK2	1	ELAVL1
MAPKAPK2	-1	ETV1
MAPKAPK2	1	HNRNPA0
MAPKAPK2	-1	HSF1
MAPKAPK2	-1	HSPB1
MAPKAPK2	1	LIMK1
MAPKAPK2	1	LPCAT2
MAPKAPK2	1	MDM2
MAPKAPK2	-1	PARN
MAPKAPK2	-1	PDE4A
MAPKAPK2	1	PIAS1
MAPKAPK2	1	PLK1
MAPKAPK2	1	POU5F1
MAPKAPK2	1	SRF
MAPKAPK2	1	TCF3
MAPKAPK2	-1	TSC1
MAPKAPK2	-1	TSC2
MAPKAPK2	-1	UBE2J1
MAPKAPK2	1	VIM
MAPKAPK2	-1	YWHAZ
MAPKAPK2	-1	ZFP36
MAPKAPK2	-1	ZFP36L1
MAPKAPK3	1	BECN1
MAPKAPK3	1	HSPB1
MAPKAPK5	1	DNAJB1
MAPKAPK5	1	FOXO3
MAPKAPK5	1	JUN
MAPKAPK5	1	KALRN
MAPKAPK5	1	MAPK4
MAPKAPK5	1	PLA2G4A
MAPKAPK5	-1	RHEB
MAPKAPK5	1	TP53
MARCHF1	-1	INSR
MARCHF5	-1	DNM1L
MARCHF5	-1	FIS1
MARCHF5	-1	MFN1
MARCHF5	1	MFN2
MARCHF7	-1	MAPT
MARK1	1	DVL3
MARK1	-1	MAP2
MARK1	-1	MAP4
MARK1	-1	MAPT
MARK2	-1	ARHGEF2
MARK2	-1	BAIAP2
MARK2	1	DVL3
MARK2	1	EIF2S1
MARK2	-1	HDAC7
MARK2	-1	KIF13B
MARK2	-1	KSR1
MARK2	-1	MAPT
MARK2	1	PARD3
MARK2	1	PINK1
MARK2	1	RAB11FIP1
MARK2	1	RAB11FIP2
MARK2	1	UTRN
MARK3	1	ARHGEF2
MARK3	1	CDC25B
MARK3	-1	CDC25C
MARK3	-1	KSR1
MARK4	-1	MAPT
MASP2	1	C4A
MAST1	-1	PTEN
MAST2	1	PTEN
MAST2	-1	SLC9A3
MAST3	1	PTEN
MASTL	1	ARPP19
MASTL	1	ENSA
MAVS	1	IKBKB
MAVS	1	IRF3
MAVS	-1	IRF7
MAVS	1	TBK1
MAVS	-1	TRAF3
MAX	1	MGA
MAX	1	MNT
MAX	1	MXD3
MAX	1	MXD4
MAX	1	MXI1
MAX	1	MYC
MBD1	1	SETDB1
MBIP	1	MAP3K12
MC1R	1	GNAS
MCF2L	1	CDC42
MCF2L	1	RHOA
MCL1	1	BAD
MCL1	-1	BAK1
MCL1	-1	BAX
MCL1	-1	BECN1
MCM10	1	POLA1
MCPH1	1	ATM
MCPH1	1	BRCA1
MCPH1	1	BRCA2
MCPH1	1	E2F1
MCPH1	1	SMARCC2
MCTS1	1	DENR
MDC1	1	NBN
MDC1	1	RNF8
MDC1	1	TP53BP1
MDFI	-1	TRPC1
MDK	1	ALK
MDK	1	NOTCH2
MDM2	-1	APEX1
MDM2	-1	AR
MDM2	-1	ARRB2
MDM2	-1	CDKN1A
MDM2	-1	CDKN2AIP
MDM2	-1	EID1
MDM2	-1	EP300
MDM2	-1	FOXO4
MDM2	-1	GRK2
MDM2	-1	HDAC1
MDM2	-1	HIF1A
MDM2	-1	HNRNPK
MDM2	1	IGF1R
MDM2	-1	IRF1
MDM2	-1	JMY
MDM2	-1	KAT2B
MDM2	-1	KAT5
MDM2	-1	MDM4
MDM2	-1	NUMB
MDM2	-1	PPP2R2D
MDM2	-1	RB1
MDM2	-1	RPL26
MDM2	-1	RRM2B
MDM2	-1	TP53
MDM2	-1	TP73
MDM4	-1	TP53
MECOM	-1	SMAD3
MECP2	1	PER1
MECP2	1	PER2
MECP2	1	YBX1
MED14	1	STAT2
MEF2A	1	SLC2A4
MEF2C	1	JUN
MEGF10	1	ABCA1
MEIS2	1	PAX6
MELK	1	CDC25B
MELK	1	EZH2
MELK	-1	PDPK1
MELK	1	PTK2
MEN1	-1	DBF4
MEN1	1	FANCD2
MEN1	-1	JUND
MEN1	1	KMT2A
MEN1	-1	RELA
MEN1	-1	TERT
MET	1	CTTN
MET	-1	FAS
MET	1	GAB1
MET	1	GLMN
MET	1	GRB2
MET	1	GSK3B
MET	1	IQGAP1
MET	1	PARP1
MET	1	PTK2
MET	1	RANBP9
MET	1	SHC1
MEX3B	-1	SNUPN
MFAP2	1	NOTCH1
MFF	1	DNM1L
MFN1	1	BAK1
MGRN1	1	TSG101
MIB1	-1	BLM
MIB1	-1	DAPK1
MIB1	1	DLL1
MIB1	1	JAG1
MIB1	-1	PCM1
MIB2	1	JAG2
MID1	-1	PPP2CA
MINK1	1	MAPK14
MINK1	1	PRICKLE1
MINK1	-1	SMAD1
MIR17HG	-1	BCL2
MIR17HG	-1	BCL2L11
MIR17HG	-1	BMPR2
MIR17HG	-1	CCND1
MIR17HG	-1	CDKN1A
MIR17HG	-1	E2F1
MIR17HG	-1	JAK1
MIR17HG	-1	MAP3K12
MIR17HG	-1	MEF2D
MIR17HG	-1	NCOA3
MIR17HG	-1	S1PR1
MIR17HG	-1	VEGFA
MIR17HG	-1	VIM
MIR22HG	-1	BMP7
MIR22HG	-1	MAX
MIR22HG	-1	MYCBP
MIR22HG	-1	PPARA
MKNK1	1	EIF4E
MKNK1	1	PLA2G4A
MKNK1	1	PNPLA8
MKNK1	-1	SPRY2
MKNK2	1	EIF4E
MKRN1	-1	CDKN1A
MKRN1	-1	TERT
MKRN1	-1	TP53
MLF1	1	COPS3
MLH1	1	PMS2
MMP2	-1	A2M
MMP2	1	EGFR
MMP2	1	TGFB1
MN1	1	EP300
MNAT1	-1	TP53
MOAP1	1	RASSF1
MOB1A	1	LATS1
MOB1A	1	LATS2
MOB1B	1	LATS1
MOB1B	1	LATS2
MOV10	1	UPF1
MPG	1	MBD1
MPHOSPH10	1	IMP3
MPHOSPH10	1	IMP4
MRE11	1	NBN
MRTFA	1	SRF
MRTFB	1	SRF
MSC	-1	TCF3
MSH2	1	ATR
MSL1	-1	H2BC21
MSL2	-1	H2BC21
MSL2	-1	TP53
MST1	-1	H2BC11
MST1	1	PRKCA
MST1	1	STK4
MSX1	-1	TBP
MSX2	1	SPEN
MTA1	-1	BRCA1
MTA2	-1	TP53
MTCH2	1	BID
MTMR4	1	SMAD2
MTMR4	1	SMAD3
MTOR	1	ACLY
MTOR	1	AKT1
MTOR	-1	AKT1S1
MTOR	-1	AMBRA1
MTOR	-1	ATG13
MTOR	1	CLIP1
MTOR	1	DAP
MTOR	1	DNM1L
MTOR	-1	EIF4EBP1
MTOR	-1	EIF4EBP2
MTOR	1	ELP1
MTOR	1	GRB10
MTOR	-1	IRS1
MTOR	1	ISCU
MTOR	1	LARP6
MTOR	-1	MAF1
MTOR	-1	MKNK2
MTOR	1	NRBF2
MTOR	-1	PRKN
MTOR	1	RPS6KA2
MTOR	1	RPS6KB1
MTOR	1	RPS6KB2
MTOR	1	SGK1
MTOR	1	STAT3
MTOR	1	TRIM24
MTOR	-1	ULK1
MTOR	-1	ULK2
MTOR	1	UVRAG
MTSS1	1	GLI1
MTSS1	1	GLIS2
MTSS1	1	RAC1
MTSS1	1	SUFU
MYB	1	COL1A1
MYB	1	KIT
MYB	1	MYC
MYBL2	1	CCNB1
MYBL2	1	CDK1
MYC	1	BCL2L11
MYC	1	CCND2
MYC	1	CDC25A
MYC	1	CDK4
MYC	-1	CDKN1A
MYC	-1	CDKN2A
MYC	1	CUL1
MYC	1	DNMT3A
MYC	1	EIF4A1
MYC	1	EIF4E
MYC	1	EIF4G1
MYC	1	HSPD1
MYC	1	JAG2
MYC	1	MIR17HG
MYC	-1	NFYA
MYC	-1	NFYC
MYC	1	NME1
MYC	1	ODC1
MYC	-1	PMAIP1
MYC	1	RIOX2
MYC	1	SMAD2
MYC	1	SMAD3
MYC	1	TERT
MYC	1	TFDP1
MYC	1	TFRC
MYCBP	1	MYC
MYCBP2	-1	AR
MYCBP2	-1	MYC
MYCBP2	-1	TSC2
MYCN	1	MCM2
MYCN	1	MCM3
MYCN	1	MCM4
MYCN	1	MCM5
MYCN	1	MCM6
MYCN	1	MCM7
MYCN	1	MCM8
MYCN	1	TP53
MYD88	1	IRAK1
MYD88	1	IRAK4
MYD88	1	TRAF6
MYLIP	-1	LDLR
MYLK	-1	CALD1
MYLK	1	MYL12A
MYLK	1	MYL12B
MYLK	1	MYL9
MYLK	1	MYO18A
MYO10	1	DCC
MYO7A	1	PCDH15
MYO9B	-1	RHOA
MYSM1	1	H2AZ1
MYT1	-1	CDK1
N4BP1	-1	ITCH
NAA10	1	HIF1A
NAB1	-1	EGR1
NAB2	-1	EGR1
NACC1	1	ZBTB14
NAIP	-1	CASP9
NAMPT	1	INSR
NANOS1	1	HDAC2
NAP1L1	1	H2BC11
NASP	-1	TRAF6
NBEAL2	1	DOCK7
NBR1	1	GABARAPL1
NBR1	1	GABARAPL2
NBR1	1	SQSTM1
NCAM1	1	FGFR1
NCAM1	1	ROBO1
NCAM1	1	ROBO3
NCK1	1	PAK1
NCK1	1	SOS1
NCK1	1	WASL
NCK2	1	PAK1
NCK2	1	PTK2
NCKAP1	1	NHS
NCOA2	1	AR
NCOA2	1	NR3C1
NCOA2	1	RARA
NCOA2	1	RXRA
NCOA4	1	AR
NCOR1	1	BCL6
NCOR1	1	HDAC3
NCOR1	-1	RBPJ
NCOR2	1	AR
NCOR2	1	BCL6
NCOR2	1	BHLHE41
NCOR2	1	CTBP1
NCOR2	1	HDAC3
NCOR2	1	SNW1
NCOR2	1	SPEN
NCS1	-1	DRD2
NCS1	-1	GRK2
NCSTN	1	APH1A
NCSTN	1	PSEN1
NCSTN	1	PSEN2
NDEL1	1	DYNC1H1
NDFIP1	1	NEDD4
NDFIP2	1	NEDD4
NDN	-1	E2F1
NDN	1	EID1
NDP	1	FZD4
NEDD4	1	BECN1
NEDD4	-1	GRIA1
NEDD4	1	IGF1R
NEDD4	1	LAPTM5
NEDD4	-1	POLR2L
NEDD4	-1	PSMD4
NEDD4	1	PTEN
NEDD4	-1	RAPGEF2
NEDD4	-1	SNCA
NEDD4	-1	SQSTM1
NEDD4L	-1	KCNH2
NEDD4L	-1	SMAD2
NEDD4L	-1	SMAD3
NEDD4L	1	SMAD7
NEDD4L	-1	ULK1
NEDD8	1	CUL2
NEDD8	-1	CUL4A
NEDD9	1	CRK
NEDD9	1	CRKL
NEK1	-1	VDAC1
NEK1	-1	VHL
NEK10	1	TP53
NEK2	1	CD274
NEK2	1	CDC20
NEK2	1	CEP250
NEK2	1	CNTROB
NEK2	1	CTNNB1
NEK2	1	GAS2L1
NEK2	1	KIF24
NEK2	-1	LRRC45
NEK2	1	NDC80
NEK2	-1	PPP1CC
NEK2	1	SGO1
NEK2	1	SUFU
NEK2	-1	TP53
NEK3	1	SNAP29
NEK6	1	ACD
NEK6	-1	BSG
NEK6	1	EML4
NEK6	1	FOXJ2
NEK6	1	KIF11
NEK6	-1	KIF20A
NEK6	-1	NUP98
NEK6	1	PSMD2
NEK6	1	RPS6KB1
NEK6	1	SGK1
NEK6	1	STAT3
NEK7	1	EML4
NEK7	1	KIF11
NEK7	1	KIF14
NEK7	1	TERF1
NEK9	-1	MAP1LC3B
NEK9	1	NEDD1
NEK9	1	NEK6
NEK9	1	NEK7
NEO1	-1	BMP2
NEO1	1	DAPK1
NET1	1	RHOA
NF1	-1	HRAS
NF1	-1	KRAS
NF1	-1	NRAS
NF2	1	LATS1
NF2	1	LATS2
NFASC	1	ANK1
NFASC	1	NRCAM
NFAT5	1	AKR1B1
NFAT5	1	SLC5A3
NFE2L2	1	GCLC
NFE2L2	1	GCLM
NFE2L2	1	HMOX1
NFE2L2	1	NQO1
NFE2L2	1	PRDX1
NFKB1	-1	MAP3K8
NFKB1	1	NFKBIA
NFKB1	1	RELA
NFKB2	1	RELB
NFKBIB	-1	NFKB1
NFKBIE	-1	NFKB1
NFKBIZ	-1	STAT3
NFX1	1	PABPC1
NFYA	1	SP1
NGEF	1	RHOA
NGLY1	1	RAD23B
NHERF1	1	TRPC4
NHERF2	1	PLCB3
NID1	1	PTPRF
NKD1	-1	CTNNB1
NKD1	-1	DVL3
NKIRAS1	1	NFKBIA
NKIRAS2	1	NFKBIB
NKRF	-1	NFKB1
NKRF	-1	NFKB2
NKRF	-1	REL
NKRF	-1	RELA
NLGN1	1	DLG4
NLGN1	1	NRXN1
NLGN1	1	NRXN3
NLGN2	1	DLG4
NLGN2	1	NRXN1
NLGN2	1	NRXN3
NLGN3	1	DLG4
NLGN3	1	NRXN1
NLGN3	1	NRXN3
NLGN4X	1	DLG4
NLGN4X	1	NRXN1
NLK	-1	FOXO1
NLK	-1	LEF1
NLK	-1	MYB
NLK	-1	RPTOR
NLK	-1	SMAD4
NLK	1	STAT3
NLK	-1	TCF4
NLK	-1	TCF7L2
NLK	1	YAP1
NLRX1	-1	MAVS
NLRX1	-1	TRAF6
NME1	-1	KSR1
NOD1	1	ATG16L1
NOD1	1	MAPK8
NOD1	-1	RIPK2
NOL3	1	BAX
NOL3	-1	FADD
NOL3	-1	FAS
NOLC1	-1	CSNK2A1
NOLC1	1	TP53
NONO	1	TOP1
NOTCH1	1	BMP4
NOTCH1	1	CHUK
NOTCH1	1	HES1
NOTCH1	1	HES5
NOTCH1	1	HIF1A
NOTCH1	1	LEF1
NOTCH1	1	MEF2C
NOTCH1	1	RBPJ
NOTCH1	1	RRAS
NOTCH1	1	SMAD1
NOTCH1	1	SNW1
NOTCH1	1	SOX2
NOTCH1	1	ZMIZ1
NOTCH2	1	RBPJ
NOTCH3	1	RBPJ
NOTCH4	1	RBPJ
NPAT	1	HINFP
NPLOC4	1	UFD1
NPM1	-1	CDKN2A
NPM1	1	CENPA
NPM1	1	FBXW7
NPPB	1	NPR2
NPPC	1	NPR2
NR1D1	-1	BMAL1
NR1D2	-1	BMAL1
NR1H2	1	PPARA
NR1H2	1	PPARD
NR1H2	1	RXRA
NR1H3	1	PPARA
NR1H3	1	PPARD
NR2C1	1	AR
NR2C2	1	AR
NR2F1	1	RXRA
NR2F2	1	NR2F1
NR2F2	1	NR2F6
NR2F2	1	NR3C1
NR2F2	1	RXRA
NR2F2	1	THRA
NR2F6	1	NR2F2
NR2F6	1	RXRA
NR2F6	1	THRB
NR3C1	1	AR
NR3C1	1	CEBPB
NR3C1	1	HDAC1
NR3C1	1	NR2F2
NR3C1	1	NR4A1
NR3C1	1	NR4A2
NR3C1	1	NR4A3
NR3C1	1	RXRA
NR3C1	1	SMAD3
NR3C1	1	STAT5A
NR4A1	-1	BCL2
NR4A1	1	NR2F1
NR4A1	1	NR2F2
NR4A1	1	NR4A2
NR4A1	1	NR4A3
NR4A2	1	NR3C1
NR4A2	1	NR4A1
NR4A2	1	NR4A3
NR4A2	1	RXRA
NR4A2	1	RXRB
NR4A2	1	RXRG
NR4A3	1	NR3C1
NR4A3	1	NR4A1
NR4A3	1	NR4A2
NRAS	1	ARAF
NRAS	1	BRAF
NRAS	1	PIK3CA
NRAS	1	RAF1
NRBF2	-1	PIK3C3
NRBF2	-1	PIK3R4
NRCAM	1	ANK1
NRCAM	1	ANK2
NRF1	1	EIF2S1
NRF1	1	EIF2S2
NRF1	1	TFAM
NRG1	1	ERBB2
NRG1	1	ERBB4
NRG3	1	EGFR
NRG3	1	ERBB4
NRIP1	-1	PPARA
NRIP1	1	RARA
NRTN	1	GFRA1
NRXN1	1	DAG1
NRXN3	1	DAG1
NSD2	1	AR
NSMCE2	1	SMC6
NSMCE2	1	TERF1
NSMCE2	1	TERF2
NSMCE2	1	TERF2IP
NSMCE2	1	TINF2
NSMCE2	1	TSNAX
NSMCE3	1	NSMCE1
NTF3	1	NGFR
NTF3	1	NTRK2
NTN1	1	DCC
NTN1	1	NEO1
NTN1	1	UNC5B
NTN1	1	UNC5C
NTN3	1	CDON
NTN3	1	NEO1
NTN4	1	DCC
NTN4	1	NEO1
NTRK2	1	FRS3
NTRK2	1	FYN
NTRK2	1	NCK2
NTRK2	1	PLCG1
NTRK2	1	SHC1
NTRK2	1	SHC3
NUAK1	-1	CASP6
NUAK1	-1	LATS1
NUAK1	1	MAPT
NUAK1	-1	PPP1R12A
NUAK1	1	TP53
NUAK2	-1	LATS1
NUAK2	-1	PPP1R12A
NUCLEOLIN	-1	MYB
NUCLEOLIN	-1	MYBL1
NUCLEOLIN	1	RPA1
NUDCD2	1	PAFAH1B1
NUMB	-1	GLI1
NUMB	1	ITCH
NUMB	-1	MDM2
NUMB	-1	NOTCH1
NUMB	1	TP53
NUMBL	1	ITCH
NUP153	1	SMAD2
NUP153	1	SMAD3
NUP153	1	SMAD4
NUP214	1	SMAD2
NUP214	1	SMAD3
NUP214	1	SMAD4
NUTF2	1	NUP62
OBSCN	1	ANK2
OPHN1	1	CDC42
OPHN1	1	RAC1
OPHN1	1	RHOA
OPRK1	1	GNAI1
OPRK1	1	GNAI3
OPRK1	1	GNAO1
OPRK1	1	GNAZ
ORAI1	1	TRPC3
OS9	1	EGLN1
OS9	1	EGLN3
OTUB1	-1	RNF168
OTUB1	1	TP53
OTUB1	-1	TRAF3
OTUB1	-1	TRAF6
OTUB1	-1	UBE2N
OTUB2	-1	TRAF3
OTUB2	-1	TRAF6
OTUD5	-1	TRAF3
OTULIN	1	UBC
OXSR1	-1	PAK1
OXSR1	1	SLC12A2
OXTR	1	GNAI1
OXTR	1	GNAQ
OXTR	1	GNAS
PABIR1	-1	PPP2R2A
PABPC1	1	NFX1
PABPC4	1	NFX1
PAF1	1	SUV39H1
PAFAH1B1	1	CLIP1
PAFAH1B1	1	DYNC1H1
PAFAH1B1	1	NDEL1
PAG1	1	CSK
PAIP2	-1	PER1
PAIP2	-1	PER2
PAK1	1	ABL1
PAK1	1	ARAF
PAK1	-1	ARHGDIA
PAK1	-1	ARHGEF2
PAK1	1	ARHGEF7
PAK1	-1	ATF2
PAK1	1	ATG5
PAK1	1	AURKA
PAK1	-1	BAD
PAK1	1	BRAF
PAK1	1	CTBP1
PAK1	1	CTNNB1
PAK1	1	CTTN
PAK1	-1	DYNLL1
PAK1	1	FLNA
PAK1	-1	FOXO1
PAK1	1	FXR1
PAK1	1	GNAZ
PAK1	-1	HACE1
PAK1	1	ITGB3BP
PAK1	-1	KIF2C
PAK1	1	LIMK1
PAK1	1	MAP2K1
PAK1	1	MAP3K1
PAK1	1	MORC2
PAK1	-1	MYLK
PAK1	1	NCK2
PAK1	-1	NET1
PAK1	-1	NF2
PAK1	1	PA2G4
PAK1	-1	PGAM1
PAK1	1	PGM1
PAK1	1	PLK1
PAK1	1	PXN
PAK1	1	RAF1
PAK1	1	RPA1
PAK1	1	SNAI1
PAK1	-1	SPEN
PAK1	-1	STMN1
PAK1	1	TBCB
PAK1	1	VIM
PAK1IP1	-1	PAK1
PAK2	1	ABL1
PAK2	-1	CASP7
PAK2	-1	EIF4G1
PAK2	1	JUN
PAK2	-1	MKNK1
PAK2	-1	MYC
PAK2	1	MYL12A
PAK2	-1	MYLK
PAK2	-1	NF2
PAK2	-1	PREX2
PAK2	1	RAF1
PAK2	-1	SORT1
PAK2	-1	VIM
PAK3	-1	CALD1
PAK3	1	CTTN
PAK3	1	MYO6
PAK3	1	RAF1
PAK4	-1	ARHGEF2
PAK4	1	CTNNB1
PAK4	-1	FH
PAK4	1	ITGB5
PAK4	1	MZF1
PAK4	-1	NFE2L2
PAK4	1	RAN
PAK4	-1	SMAD2
PAK4	1	SNAI2
PAK5	-1	AIFM1
PAK5	-1	BAD
PAK5	-1	DNPEP
PAK5	1	TCF3
PALB2	1	BRCA2
PALB2	1	POLH
PALB2	1	RAD51
PARD3	1	F11R
PARD3	1	JAM2
PARD3	1	JAM3
PARD3	-1	TIAM1
PARD6A	1	SMURF1
PARG	-1	PARP1
PARK7	1	HTRA2
PARN	1	GADD45A
PARP1	1	APTX
PARP1	-1	AURKB
PARP1	1	CHD4
PARP1	1	H1-2
PARP1	1	H2AZ1
PARP1	1	H2BC11
PARP1	1	HIF1A
PARP1	-1	KDM5B
PARP1	1	MRE11
PARP1	1	PIAS4
PARP1	1	POLA1
PARP1	-1	SUPT16H
PARP1	-1	TOP1
PARP1	1	TP53
PARP1	1	XRCC1
PARP2	-1	TOP1
PASK	-1	GYS1
PASK	1	WDR5
PATZ1	-1	RNF4
PAX3	1	DACH2
PAX3	1	MEOX1
PAX6	1	CDH2
PAX6	1	FN1
PAX6	1	MAF
PAX6	1	SFRP1
PAX6	1	SFRP2
PAX6	1	SHROOM3
PAXIP1	1	ATM
PAXIP1	1	TP53BP1
PBK	1	GPSM2
PBK	1	JUN
PBK	1	PRDX1
PBK	-1	PTEN
PBK	1	TP53RK
PBK	-1	ULK1
PBX1	1	HOXB1
PBXIP1	-1	PBX1
PCBP2	1	ITCH
PCBP2	-1	MAVS
PCDH15	1	MYO7A
PCGF2	-1	HSF2
PCM1	1	PCNT
PCNA	1	CDT1
PCNA	1	CHAF1B
PCNA	1	DNMT1
PCNA	-1	EP300
PCNA	1	FANCL
PCNA	1	NEIL1
PCNA	1	POLH
PCNA	1	POLI
PCNA	1	REV3L
PCNA	1	RFC1
PCNT	1	CDK5RAP2
PCSK9	-1	LDLR
PDGFA	1	PDGFRA
PDGFA	1	PDGFRB
PDGFC	1	PDGFRA
PDGFC	1	PDGFRB
PDGFD	1	PDGFRB
PDGFRA	1	CRK
PDGFRA	1	PLCG1
PDGFRA	1	PTK2
PDGFRA	1	SHC1
PDGFRA	1	SRC
PDGFRB	1	ABL2
PDGFRB	1	CRK
PDGFRB	1	FYN
PDGFRB	1	GRB2
PDGFRB	1	NCK1
PDGFRB	1	NCK2
PDGFRB	1	PDGFRA
PDGFRB	1	PIK3R1
PDGFRB	1	PLCG1
PDGFRB	1	PTK2
PDGFRB	1	PTPN11
PDGFRB	1	RASA1
PDGFRB	1	SHC1
PDGFRB	1	SRC
PDGFRB	1	TNK2
PDK1	1	AKT1
PDK1	1	AKT2
PDK1	1	AKT3
PDK1	1	PAK1
PDK1	-1	PDHA1
PDK1	1	PKN2
PDK1	1	PRKACA
PDK1	1	PRKCG
PDK1	1	RPS6KA1
PDK1	1	RPS6KB1
PDK1	1	SGK1
PDK2	1	AKT1
PDK2	1	AKT3
PDK2	-1	PDHA1
PDK3	-1	PDHA1
PDP1	1	PDHA1
PDP1	-1	SMAD1
PDP2	1	PDHA1
PDP2	-1	SMAD1
PDPK1	-1	AHCYL1
PDPK1	1	AKT1
PDPK1	1	AKT2
PDPK1	1	AKT3
PDPK1	1	IKBKB
PDPK1	1	MAP2K1
PDPK1	1	MAP2K2
PDPK1	1	PAK1
PDPK1	1	PGK1
PDPK1	1	PKN1
PDPK1	1	PKN2
PDPK1	1	PLK1
PDPK1	1	PRKACA
PDPK1	1	PRKCA
PDPK1	1	PRKCD
PDPK1	1	PRKCE
PDPK1	1	PRKCG
PDPK1	1	RPS6KA1
PDPK1	1	RPS6KA2
PDPK1	1	RPS6KA3
PDPK1	1	RPS6KB1
PDPK1	1	RPS6KB2
PDPK1	1	SGK1
PDXP	-1	CFL1
PEA15	1	MAPK1
PEA15	1	MAPK3
PEBP1	1	BRAF
PEBP1	1	MAP2K1
PEBP1	1	MAP3K7
PEBP1	1	MAP4K4
PEBP1	-1	RAF1
PELI1	1	MDM4
PELI3	1	IRAK1
PELI3	-1	TRAF6
PER1	1	ATM
PER1	-1	BMAL1
PER2	-1	BMAL1
PER2	1	NR1D1
PER3	-1	BMAL1
PEX12	1	PEX5
PEX14	1	PEX13
PEX14	1	PEX5
PEX14	1	PEX7
PEX2	-1	PEX5
PEX26	1	PEX6
PEX3	1	PEX19
PEX6	1	PEX1
PFKFB4	1	NCOA3
PFKP	1	ATG4B
PGAM5	1	FUNDC1
PGF	1	NRP1
PGK1	1	PDK1
PHACTR1	1	PPP1CA
PHB2	-1	MEF2A
PHF1	1	SUZ12
PHF12	1	SIN3A
PHF21A	-1	KDM1A
PHF8	1	TOPBP1
PHIP	1	IRS1
PHKA1	1	PYGB
PHKA2	-1	PHKG2
PHKG2	1	PYGB
PHKG2	1	PYGL
PHLPP1	-1	AKT1
PHLPP1	-1	AKT2
PHLPP1	-1	AKT3
PHLPP1	-1	PRKCA
PHLPP1	-1	RAF1
PHLPP1	-1	RPS6KB1
PHLPP1	1	STK4
PHLPP2	-1	AKT1
PHLPP2	-1	AKT2
PHLPP2	-1	AKT3
PHLPP2	-1	PRKCA
PHLPP2	-1	RPS6KB1
PHLPP2	1	STK4
PI4K2A	-1	CLSPN
PIAS1	-1	CALCOCO1
PIAS1	1	GLI1
PIAS1	1	GLI2
PIAS1	-1	GLI3
PIAS1	-1	SATB2
PIAS1	1	SMAD4
PIAS1	1	SOX9
PIAS1	1	STAT1
PIAS2	1	SMAD4
PIAS2	1	STAT4
PIAS3	1	SMAD3
PIAS3	1	STAT3
PIAS4	1	BRCA1
PIAS4	1	IKBKG
PIAS4	1	RPA2
PIAS4	1	SMAD3
PIAS4	1	SMAD4
PIAS4	-1	STAT1
PIAS4	1	TCF4
PIAS4	1	TCF7L2
PICALM	1	CLTC
PICALM	1	CLTCL1
PICK1	1	ASIC1
PICK1	-1	GRM7
PIDD1	1	CASP2
PIDD1	1	CRADD
PIDD1	1	IKBKG
PIDD1	1	PRKDC
PIDD1	1	RIPK1
PIGF	1	PIGG
PIGS	1	GPAA1
PIGS	1	PIGK
PIK3AP1	1	PIK3R1
PIK3CA	1	PIK3R1
PIK3CA	1	PTK2B
PIK3CA	1	RAC1
PIK3CA	1	RPS6KB1
PIK3CA	1	TPM1
PIK3CB	-1	GSK3B
PIK3R1	1	AKT1
PIK3R1	1	PIK3CB
PIK3R1	1	PIK3CD
PIK3R1	1	RAC1
PIK3R3	1	PIK3CA
PIK3R3	1	TP53
PIK3R4	1	PIK3C3
PIM1	1	ABCB1
PIM1	1	ABCG2
PIM1	1	AR
PIM1	-1	BAD
PIM1	1	CDKN1A
PIM1	-1	CDKN1B
PIM1	1	CXCR4
PIM1	-1	FOXO3
PIM1	1	HBP1
PIM1	1	HIF1A
PIM1	-1	MARK3
PIM1	1	MDM2
PIM1	1	MYC
PIM1	1	NFATC1
PIM1	-1	PLK1
PIM1	1	RELA
PIM1	1	RPS19
PIM1	1	SKP2
PIM1	-1	UHRF1
PIM2	-1	BAD
PIM2	1	CDKN1A
PIM2	1	EIF4EBP1
PIM2	1	PFKFB3
PIM2	1	PKM
PIM2	-1	PRKAA1
PIM3	-1	BAD
PIM3	1	CXCR4
PIN1	1	BCL6
PIN1	1	BRAF
PIN1	1	FBXO5
PIN1	-1	IRF3
PIN1	1	IRS1
PIN1	1	JUN
PIN1	1	MAPT
PIN1	1	MYC
PIN1	1	NOTCH1
PIN1	1	PTPN12
PIN1	1	TP53
PINK1	1	BCL2L1
PINK1	1	BECN1
PINK1	-1	CRMP1
PINK1	1	DNM1L
PINK1	1	HDAC3
PINK1	-1	HIF3A
PINK1	1	HTRA2
PINK1	1	LETM1
PINK1	-1	MFN2
PINK1	1	PRKN
PINK1	-1	RAB8A
PINK1	-1	RHOT1
PINK1	1	TP53
PINK1	1	TRAP1
PINK1	-1	TUFM
PINK1	1	UBC
PINK1	1	ZNF746
PITRM1	-1	APP
PJA1	-1	EZH2
PJA1	-1	SMAD3
PJA1	-1	SPTBN1
PJA2	-1	PRKAR2A
PKD1	1	SIAH1
PKD2	1	TRPC1
PKIA	-1	PRKACA
PKM	1	RBBP8
PKM	1	STAT3
PKMYT1	-1	CDK1
PKN1	-1	ARHGEF2
PKN1	-1	EGFR
PKN1	-1	FOXO1
PKN1	1	MAPK14
PKN1	-1	MAPT
PKN1	-1	MARCKS
PKN1	-1	PGAM1
PKN1	1	PGM1
PKN1	1	RAF1
PKN1	1	SNAI1
PKN2	1	CDC25B
PKN3	1	ARHGAP18
PKNOX1	1	HOXA1
PKNOX1	1	PAX6
PKNOX1	1	PBX1
PLA2G6	1	PTGS1
PLAT	1	LRP1
PLAU	1	LRP1
PLAU	1	PLAUR
PLCG1	1	CDKN1A
PLCG1	1	SOS1
PLCG2	1	CDKN1A
PLIN3	1	IGF2R
PLIN3	1	M6PR
PLK1	1	ANAPC1
PLK1	1	ANAPC4
PLK1	1	ANAPC7
PLK1	-1	ATXN10
PLK1	1	AXIN2
PLK1	1	BEX4
PLK1	1	BIRC5
PLK1	-1	BORA
PLK1	-1	BRCA2
PLK1	1	BUB1B
PLK1	1	CCNB1
PLK1	-1	CCNT1
PLK1	-1	CDC20
PLK1	1	CDC23
PLK1	1	CDC25B
PLK1	1	CDC25C
PLK1	1	CDC27
PLK1	1	CDC6
PLK1	-1	CENPQ
PLK1	-1	CENPU
PLK1	1	CEP192
PLK1	1	CEP55
PLK1	-1	CEP68
PLK1	-1	CHEK2
PLK1	1	CLASP2
PLK1	1	CLIP1
PLK1	-1	CLSPN
PLK1	1	DCTN1
PLK1	-1	DNMT3A
PLK1	1	DVL2
PLK1	1	ECT2
PLK1	1	ERCC6L
PLK1	-1	ESPL1
PLK1	-1	EVI5
PLK1	-1	FADD
PLK1	-1	FANCM
PLK1	-1	FBXO5
PLK1	1	G6PD
PLK1	-1	GORASP1
PLK1	1	GTSE1
PLK1	-1	HSF1
PLK1	-1	IKBKB
PLK1	-1	IRS1
PLK1	1	KAT7
PLK1	1	KIF20A
PLK1	1	KIF2A
PLK1	1	KIF2C
PLK1	1	KIZ
PLK1	1	KLF4
PLK1	-1	MAD2L1BP
PLK1	1	MAP9
PLK1	1	MDM2
PLK1	-1	MRE11
PLK1	1	MYC
PLK1	-1	MYT1
PLK1	1	NCAPH2
PLK1	1	NEDD1
PLK1	1	NEK9
PLK1	-1	NINL
PLK1	1	NPM1
PLK1	1	NUDC
PLK1	1	OPTN
PLK1	1	PARP10
PLK1	1	PIN1
PLK1	-1	PINX1
PLK1	-1	PKMYT1
PLK1	1	PLEKHG6
PLK1	-1	PRC1
PLK1	1	PRKDC
PLK1	1	PRKN
PLK1	1	PTPN1
PLK1	1	RACGAP1
PLK1	1	RAD21
PLK1	1	RAD51
PLK1	1	RAF1
PLK1	1	RAN
PLK1	-1	RAP1GAP
PLK1	1	RBBP8
PLK1	-1	REST
PLK1	1	RIOK2
PLK1	1	RSF1
PLK1	-1	SMC1A
PLK1	-1	SNCA
PLK1	1	SREBF1
PLK1	1	STAG2
PLK1	-1	STK3
PLK1	-1	STK38
PLK1	1	SUGT1
PLK1	-1	SUN1
PLK1	-1	SUZ12
PLK1	1	SVIL
PLK1	1	TERF1
PLK1	1	TNKS
PLK1	1	TOP2A
PLK1	1	TOPORS
PLK1	-1	TP53BP1
PLK1	-1	TP73
PLK1	-1	TPT1
PLK1	1	TRIOBP
PLK1	1	TTK
PLK1	1	USP16
PLK1	1	VIM
PLK1	1	WDCP
PLK1	-1	WEE1
PLK1	1	YY1
PLK2	1	APP
PLK2	1	CPAP
PLK2	-1	FBXW7
PLK2	1	NPM1
PLK2	-1	SNCA
PLK2	1	TP53
PLK2	-1	TP73
PLK3	1	ATF2
PLK3	1	BCL2L1
PLK3	-1	CDC25A
PLK3	1	CDC25C
PLK3	1	CHEK2
PLK3	-1	HIF1A
PLK3	1	JUN
PLK3	-1	PTEN
PLK3	-1	SNCA
PLK3	1	TOP2A
PLK3	1	TP53
PLK3	1	VRK1
PLK4	1	CPAP
PLK4	-1	FBXW5
PLK4	1	NEDD1
PLK4	1	PCM1
PLK4	1	TUBGCP6
PLRG1	1	HNRNPM
PMAIP1	1	BAX
PMAIP1	-1	BCL2
PMAIP1	-1	BCL2L1
PMAIP1	-1	GMCL1
PMAIP1	-1	MCL1
PML	1	CSNK1A1
PML	1	KAT5
PML	1	SMAD2
PML	1	SMAD3
PML	1	TOPBP1
PML	1	YAP1
PML	1	ZFYVE9
PMS2	1	TP73
PNCK	1	EIF4G3
POFUT1	1	GALM
POFUT1	1	LFNG
POFUT1	1	NOTCH1
POGLUT1	1	NOTCH1
POGZ	-1	CBX5
POLH	1	REV1
POMC	1	MC1R
POMC	1	OPRK1
POT1	1	TERT
POU2F1	1	H2BC11
POU3F2	1	GNRH1
PPA1	1	AKT1
PPARA	1	ACOX1
PPARA	1	CRAT
PPARA	1	FABP3
PPARA	-1	FOXO1
PPARA	1	LPL
PPARA	1	NR1H2
PPARA	1	RXRG
PPARD	1	NR1H2
PPARD	1	NR1H3
PPARGC1A	1	ESRRA
PPARGC1A	1	GABPA
PPFIA1	1	PTPRF
PPM1A	-1	AXIN1
PPM1A	-1	CDK2
PPM1A	-1	CDK9
PPM1A	-1	IKBKB
PPM1A	-1	MAP2K4
PPM1A	-1	MAP2K6
PPM1A	-1	MAPK14
PPM1A	-1	PAK1
PPM1A	1	PIK3R1
PPM1A	1	SMAD1
PPM1A	-1	SMAD2
PPM1A	1	SMAD3
PPM1B	-1	CDK2
PPM1B	-1	CDK9
PPM1B	-1	IKBKB
PPM1B	-1	MAP3K7
PPM1B	-1	TBK1
PPM1D	-1	ATM
PPM1D	-1	CHEK1
PPM1D	-1	CHEK2
PPM1D	-1	H2AX
PPM1D	-1	KDM1A
PPM1D	-1	MAPK12
PPM1D	-1	MAPK14
PPM1D	1	MDM2
PPM1D	1	MDM4
PPM1D	1	RBM38
PPM1D	-1	RPS6KA3
PPM1D	1	RUNX2
PPM1D	1	TP53
PPM1D	-1	UNG
PPM1E	-1	PAK1
PPM1F	-1	CAMK1
PPM1F	-1	CAMK2A
PPM1F	-1	CAMK4
PPM1F	-1	PAK1
PPM1G	-1	USP7
PPM1L	1	CERT1
PPM1L	-1	MAP3K7
PPME1	-1	PPP2CB
PPP1CA	-1	AKT1
PPP1CA	-1	AURKA
PPP1CA	-1	AXIN1
PPP1CA	1	BAD
PPP1CA	-1	BRCA1
PPP1CA	-1	CAD
PPP1CA	1	CASP2
PPP1CA	1	CASP9
PPP1CA	1	CCND3
PPP1CA	1	CDC25C
PPP1CA	-1	EIF2S1
PPP1CA	1	HDAC1
PPP1CA	1	IFIH1
PPP1CA	-1	MAPK1
PPP1CA	-1	MAPK3
PPP1CA	1	MDM2
PPP1CA	-1	MECOM
PPP1CA	-1	NEK2
PPP1CA	1	NOS3
PPP1CA	1	NR3C1
PPP1CA	1	PFN1
PPP1CA	1	RAF1
PPP1CA	1	RB1
PPP1CA	-1	STAT3
PPP1CA	-1	TP53
PPP1CA	1	TRIM28
PPP1CA	1	YAP1
PPP1CB	-1	AKT1
PPP1CB	-1	AXIN1
PPP1CB	1	CASP2
PPP1CB	1	CDC25C
PPP1CB	-1	EIF2S1
PPP1CB	1	MDM2
PPP1CB	1	NF2
PPP1CB	1	NOS3
PPP1CB	-1	TP53
PPP1CB	1	TRIM28
PPP1CC	-1	AKT1
PPP1CC	-1	AXIN1
PPP1CC	1	BCL2
PPP1CC	-1	CAMK2A
PPP1CC	1	CASP2
PPP1CC	1	CDC25C
PPP1CC	1	CDK9
PPP1CC	1	EIF2S1
PPP1CC	1	IFIH1
PPP1CC	1	MDM2
PPP1CC	1	NOS3
PPP1CC	1	TGFBR1
PPP1CC	-1	TP53
PPP1R13B	1	TP53
PPP1R13L	-1	TP53
PPP1R15A	1	PPP1CC
PPP1R1A	-1	PPP1CC
PPP1R2	-1	PPP1CA
PPP1R3C	1	GYS1
PPP1R8	-1	PPP1CA
PPP1R9B	1	TIAM1
PPP2CA	-1	AKT1
PPP2CA	-1	AKT2
PPP2CA	-1	AKT3
PPP2CA	-1	APC
PPP2CA	-1	ATM
PPP2CA	1	AXIN1
PPP2CA	-1	BCAR1
PPP2CA	1	BCL2
PPP2CA	1	CAMK2A
PPP2CA	-1	CFL1
PPP2CA	-1	CHEK1
PPP2CA	1	CHEK2
PPP2CA	-1	CILK1
PPP2CA	1	CTNNB1
PPP2CA	1	DDHD1
PPP2CA	1	EEF2
PPP2CA	-1	EIF4E
PPP2CA	-1	ELF1
PPP2CA	1	FOXO3
PPP2CA	1	HDAC4
PPP2CA	1	HDAC7
PPP2CA	-1	MAP2K1
PPP2CA	-1	MAP2K2
PPP2CA	-1	MAP3K3
PPP2CA	-1	MAP3K7
PPP2CA	-1	MAPK1
PPP2CA	-1	MAPK15
PPP2CA	-1	MAPK3
PPP2CA	1	MDM2
PPP2CA	-1	MKNK1
PPP2CA	1	MYC
PPP2CA	-1	PAK1
PPP2CA	-1	PRKCA
PPP2CA	-1	PRKCD
PPP2CA	1	PTTG1
PPP2CA	-1	PXN
PPP2CA	-1	RACGAP1
PPP2CA	1	RAF1
PPP2CA	1	RB1
PPP2CA	1	RBL1
PPP2CA	1	RBL2
PPP2CA	-1	RELA
PPP2CA	-1	RPS3
PPP2CA	-1	RPS6KB1
PPP2CA	1	SMAD2
PPP2CA	1	SMAD3
PPP2CA	-1	SNCA
PPP2CA	1	SP1
PPP2CA	-1	STK3
PPP2CA	-1	STK4
PPP2CA	1	TFCP2
PPP2CA	1	TP53
PPP2CA	-1	TRAF2
PPP2CA	-1	VASP
PPP2CB	-1	AKT1
PPP2CB	-1	AKT2
PPP2CB	-1	AKT3
PPP2CB	-1	ATM
PPP2CB	1	BCL2
PPP2CB	-1	CHEK1
PPP2CB	1	CHEK2
PPP2CB	-1	ELF1
PPP2CB	1	HDAC7
PPP2CB	-1	IKBKB
PPP2CB	-1	MAPK1
PPP2CB	1	MDM2
PPP2CB	-1	MYC
PPP2CB	-1	PAK1
PPP2CB	-1	PRKCD
PPP2CB	-1	RALA
PPP2CB	-1	RPS6KB1
PPP2CB	-1	SNCA
PPP2CB	1	TP53
PPP2CB	-1	TRAF2
PPP2R1A	1	PPP2CA
PPP2R1A	1	PPP2CB
PPP2R1A	1	SGO1
PPP2R1B	1	PPP2CA
PPP2R2A	-1	AKT1
PPP2R2A	1	KSR1
PPP2R2A	-1	PPP2CA
PPP2R2A	1	RAF1
PPP2R5B	-1	AKT1
PPP2R5B	-1	BCL2
PPP2R5B	1	CASP3
PPP2R5B	1	KIF20A
PPP2R5C	-1	AKT1
PPP2R5C	1	ATF1
PPP2R5C	-1	CAMK4
PPP2R5C	-1	CREB1
PPP2R5C	1	GSK3A
PPP2R5C	1	PPP2CA
PPP2R5C	1	TP53
PPP3CA	1	BAD
PPP3CA	1	DNM1
PPP3CA	1	DNM1L
PPP3CA	-1	FLNA
PPP3CA	-1	MAPT
PPP3CA	1	NFATC1
PPP3CA	1	NFATC3
PPP3CA	1	NFATC4
PPP3CA	-1	PPP1R1A
PPP3CB	1	BAD
PPP3CB	1	DNM1
PPP3CB	1	DNM1L
PPP3CB	-1	FLNA
PPP3CB	1	NFATC3
PPP3CC	1	BAD
PPP3CC	1	DNM1
PPP3CC	1	DNM1L
PPP3CC	-1	FLNA
PPP3CC	1	NFATC1
PPP3R1	1	BAD
PPP3R1	-1	CREB1
PPP3R1	-1	MAP2
PPP3R1	-1	MAPT
PPP3R1	1	NFATC1
PPP3R1	-1	PPP1R1A
PPP4C	1	ACACA
PPP4C	1	BANF1
PPP4C	1	FOXO3
PPP4C	-1	H2AX
PPP4C	-1	HDAC3
PPP4C	-1	NDEL1
PPP4C	1	RELA
PPP4C	1	TP53BP1
PPP4R3A	1	PPP4C
PPP5C	1	ATM
PPP5C	-1	CDC37
PPP5C	-1	CILK1
PPP5C	-1	MAPT
PPP5C	-1	NR3C1
PPP5C	-1	PRKDC
PPP5C	-1	RAF1
PPP5C	-1	TP53BP1
PPP6C	-1	MAP3K7
PPP6C	1	PRKDC
PRCC	1	MAD2L2
PREX1	1	RAC1
PREX2	-1	PTEN
PREX2	1	RAC1
PRICKLE1	-1	DVL3
PRKAA1	-1	ACACA
PRKAA1	-1	ACACB
PRKAA1	1	ACSS2
PRKAA1	1	ALDH2
PRKAA1	-1	BTRC
PRKAA1	1	CCNY
PRKAA1	1	CDKN1B
PRKAA1	-1	CRTC2
PRKAA1	-1	CRY1
PRKAA1	-1	CTBP1
PRKAA1	-1	DDIT3
PRKAA1	-1	DNMT1
PRKAA1	1	EEF2K
PRKAA1	-1	EP300
PRKAA1	1	FANCA
PRKAA1	1	FOXO3
PRKAA1	1	GAPDH
PRKAA1	-1	GBF1
PRKAA1	1	GFPT1
PRKAA1	-1	GLI1
PRKAA1	1	GSR
PRKAA1	1	HAT1
PRKAA1	-1	HDAC5
PRKAA1	-1	HDAC7
PRKAA1	1	INSIG1
PRKAA1	1	KIF4A
PRKAA1	1	KLC2
PRKAA1	1	KPNA2
PRKAA1	-1	LIPE
PRKAA1	-1	MAPT
PRKAA1	1	MCU
PRKAA1	1	MFF
PRKAA1	-1	MTOR
PRKAA1	1	NFE2L2
PRKAA1	1	NOS3
PRKAA1	-1	NR2C2
PRKAA1	1	PDHA1
PRKAA1	1	PFKFB2
PRKAA1	1	PFKFB3
PRKAA1	1	PIAS1
PRKAA1	-1	POU2F1
PRKAA1	1	PPARGC1A
PRKAA1	1	PRKAB1
PRKAA1	-1	PRPS1
PRKAA1	-1	PRPS2
PRKAA1	-1	RAF1
PRKAA1	-1	RB1
PRKAA1	1	RBBP7
PRKAA1	-1	RPTOR
PRKAA1	-1	RRN3
PRKAA1	-1	SIRT7
PRKAA1	1	SNAI1
PRKAA1	-1	SREBF1
PRKAA1	-1	STIM1
PRKAA1	-1	TBC1D1
PRKAA1	1	TET2
PRKAA1	1	TP53
PRKAA1	1	TSC2
PRKAA1	1	ULK1
PRKAA1	1	USP10
PRKAA1	-1	ZNF692
PRKAA2	-1	ACACA
PRKAA2	-1	ACACB
PRKAA2	-1	BAIAP2
PRKAA2	-1	CRTC2
PRKAA2	-1	DUSP1
PRKAA2	1	EEF2K
PRKAA2	-1	HAS2
PRKAA2	-1	HIPK2
PRKAA2	1	IKBKB
PRKAA2	1	PFKFB2
PRKAA2	-1	PPP1R12C
PRKAA2	-1	RPTOR
PRKAA2	-1	SREBF1
PRKAA2	1	TSC1
PRKAA2	1	TSC2
PRKAA2	1	ULK1
PRKAA2	-1	VASP
PRKAB1	1	FOXO3
PRKAB1	1	NOS3
PRKAB1	-1	RPTOR
PRKAB1	1	TSC2
PRKAB1	1	ULK1
PRKACA	1	ABCA1
PRKACA	-1	ACACA
PRKACA	1	ACADVL
PRKACA	1	ACLY
PRKACA	-1	ADD1
PRKACA	-1	ADD2
PRKACA	1	AKAP12
PRKACA	1	AKAP13
PRKACA	-1	APC
PRKACA	1	ARFGEF1
PRKACA	-1	ARHGAP17
PRKACA	-1	ARHGDIA
PRKACA	1	ATF1
PRKACA	1	ATF2
PRKACA	-1	ATP2B1
PRKACA	1	AURKA
PRKACA	-1	BAD
PRKACA	1	BRAF
PRKACA	1	CACNB2
PRKACA	-1	CAD
PRKACA	-1	CAMKK1
PRKACA	-1	CAMKK2
PRKACA	1	CAPN1
PRKACA	-1	CAPN2
PRKACA	-1	CASP9
PRKACA	1	CBX3
PRKACA	1	CD44
PRKACA	-1	CDK16
PRKACA	-1	CIITA
PRKACA	1	CREB1
PRKACA	1	CSK
PRKACA	1	CTNNB1
PRKACA	-1	CTNND1
PRKACA	1	CUL5
PRKACA	1	DUOX1
PRKACA	1	E2F1
PRKACA	1	EEF2K
PRKACA	1	ERBB2
PRKACA	1	ETV1
PRKACA	1	ETV5
PRKACA	1	FLNA
PRKACA	1	FOS
PRKACA	-1	FRAT1
PRKACA	1	FYN
PRKACA	1	GLI1
PRKACA	-1	GLI2
PRKACA	-1	GLI3
PRKACA	1	GLIS2
PRKACA	1	GMFB
PRKACA	-1	GNA13
PRKACA	1	GPKOW
PRKACA	1	GRIA1
PRKACA	1	GRIA4
PRKACA	1	GRK2
PRKACA	-1	GSK3A
PRKACA	-1	GSK3B
PRKACA	-1	GYS1
PRKACA	1	H3-3B
PRKACA	1	HDAC5
PRKACA	-1	HDAC8
PRKACA	-1	HMGCR
PRKACA	-1	HMGN1
PRKACA	1	HNRNPD
PRKACA	1	HSF1
PRKACA	-1	IMMT
PRKACA	-1	IRS1
PRKACA	1	ITPKA
PRKACA	-1	ITPKB
PRKACA	-1	ITPR1
PRKACA	-1	KCND2
PRKACA	1	KCNH2
PRKACA	-1	KCNJ12
PRKACA	-1	KCNJ4
PRKACA	1	KCNK9
PRKACA	1	KDELR1
PRKACA	-1	LASP1
PRKACA	1	LIPE
PRKACA	1	LRP1
PRKACA	1	LRP6
PRKACA	-1	MAP1LC3B
PRKACA	1	MAP2
PRKACA	-1	MAPT
PRKACA	-1	MCOLN1
PRKACA	1	MORC2
PRKACA	-1	MYOM2
PRKACA	1	NCOA3
PRKACA	1	NDE1
PRKACA	-1	NEDD4L
PRKACA	-1	NF2
PRKACA	-1	NFATC1
PRKACA	1	NFATC4
PRKACA	1	NFKB1
PRKACA	1	NOLC1
PRKACA	1	NOS3
PRKACA	1	ORAI1
PRKACA	1	PDE3A
PRKACA	1	PDE3B
PRKACA	1	PDE4B
PRKACA	1	PDE4D
PRKACA	1	PFKFB2
PRKACA	1	PHKA1
PRKACA	-1	PHOX2A
PRKACA	-1	PIN1
PRKACA	1	PJA2
PRKACA	-1	PLCB1
PRKACA	-1	PLCB3
PRKACA	-1	PLCG1
PRKACA	-1	POLD3
PRKACA	-1	PPP1R1A
PRKACA	-1	PPP1R8
PRKACA	-1	PPP1R9B
PRKACA	1	PPP2R5D
PRKACA	-1	PREX1
PRKACA	-1	PRKAA1
PRKACA	-1	PRKAA2
PRKACA	1	PRKAR2B
PRKACA	-1	PTBP1
PRKACA	-1	PTPN11
PRKACA	1	PTPN12
PRKACA	1	RAF1
PRKACA	-1	RAP1A
PRKACA	1	RAP1B
PRKACA	-1	RARA
PRKACA	1	RELA
PRKACA	-1	RGS10
PRKACA	1	RGS14
PRKACA	1	RHOA
PRKACA	-1	RXRA
PRKACA	1	RYR2
PRKACA	1	SEC14L2
PRKACA	1	SGK1
PRKACA	-1	SIK2
PRKACA	1	SLC8B1
PRKACA	1	SNAPIN
PRKACA	1	SOX9
PRKACA	-1	SPTBN1
PRKACA	1	SRC
PRKACA	-1	SREBF1
PRKACA	1	SRF
PRKACA	1	SRSF1
PRKACA	1	STK11
PRKACA	1	STK24
PRKACA	-1	STMN1
PRKACA	-1	STMN2
PRKACA	1	SUFU
PRKACA	-1	TENT2
PRKACA	1	TFAM
PRKACA	1	THOP1
PRKACA	1	TPH1
PRKACA	1	TPH2
PRKACA	-1	UBE3A
PRKACA	-1	USP20
PRKACA	1	VASP
PRKACA	-1	VIM
PRKACA	-1	YWHAZ
PRKACB	-1	BAD
PRKACB	1	GPKOW
PRKACB	1	NGFR
PRKACB	-1	PREX1
PRKACB	-1	TENT2
PRKAR1A	-1	PRKACA
PRKAR1A	-1	PRKACB
PRKAR1B	-1	PRKACA
PRKAR1B	-1	PRKACB
PRKAR2A	-1	PRKACA
PRKAR2A	-1	PRKACB
PRKAR2B	-1	PRKACB
PRKCA	1	ABL1
PRKCA	-1	ACO1
PRKCA	1	ACTB
PRKCA	1	ADAM17
PRKCA	1	ADCY2
PRKCA	1	ADCY5
PRKCA	-1	ADD1
PRKCA	-1	ADD2
PRKCA	-1	ADD3
PRKCA	1	ANXA1
PRKCA	-1	ARHGDIA
PRKCA	1	ARHGEF1
PRKCA	1	ARRB1
PRKCA	1	ATF2
PRKCA	-1	ATP1A1
PRKCA	-1	ATP2B1
PRKCA	-1	BCL2
PRKCA	1	CACNA1B
PRKCA	-1	CALD1
PRKCA	1	CAPN1
PRKCA	1	CBL
PRKCA	-1	CDC42EP4
PRKCA	1	CDKN1A
PRKCA	1	CDKN2D
PRKCA	-1	CFL1
PRKCA	1	CFLAR
PRKCA	-1	CLIP1
PRKCA	-1	CORO1B
PRKCA	-1	CREBBP
PRKCA	1	CSNK1D
PRKCA	1	CSPG4
PRKCA	-1	CTNNB1
PRKCA	-1	CTNND1
PRKCA	1	CTPS1
PRKCA	-1	CYTH2
PRKCA	-1	DDX5
PRKCA	-1	DGKD
PRKCA	1	DGKZ
PRKCA	-1	DGUOK
PRKCA	-1	DNM1
PRKCA	1	DVL2
PRKCA	-1	EDF1
PRKCA	-1	EGFR
PRKCA	-1	EGLN2
PRKCA	1	EIF4E
PRKCA	1	EIF4G1
PRKCA	-1	EPHA2
PRKCA	-1	ERBB2
PRKCA	-1	EWSR1
PRKCA	1	EZR
PRKCA	1	F11R
PRKCA	1	F3
PRKCA	1	FERMT3
PRKCA	1	FLNA
PRKCA	1	FLNC
PRKCA	1	FMNL2
PRKCA	1	GAP43
PRKCA	-1	GFPT1
PRKCA	-1	GJA1
PRKCA	1	GNAZ
PRKCA	1	GPM6A
PRKCA	-1	GRIA1
PRKCA	1	GRIA4
PRKCA	-1	GRIN2A
PRKCA	1	GRIN2B
PRKCA	-1	GRK2
PRKCA	1	GRM7
PRKCA	-1	GSK3A
PRKCA	-1	GSK3B
PRKCA	-1	HABP4
PRKCA	-1	HDAC5
PRKCA	-1	HES1
PRKCA	-1	HMGN1
PRKCA	-1	HMGN2
PRKCA	-1	HNRNPA1
PRKCA	1	HSPB8
PRKCA	1	INSR
PRKCA	1	IQGAP1
PRKCA	-1	IRS1
PRKCA	1	ITGB1
PRKCA	-1	ITPKA
PRKCA	-1	ITPKB
PRKCA	1	JAK2
PRKCA	-1	KCNJ4
PRKCA	1	KCNQ2
PRKCA	1	KDM1A
PRKCA	-1	KIT
PRKCA	1	KRAS
PRKCA	-1	L1CAM
PRKCA	1	LMNA
PRKCA	1	LRP1
PRKCA	1	MAP2
PRKCA	1	MAPK1
PRKCA	1	MAPK3
PRKCA	-1	MAPT
PRKCA	-1	MARCKS
PRKCA	1	MBD4
PRKCA	-1	MET
PRKCA	-1	MYL9
PRKCA	-1	NFATC1
PRKCA	1	NFE2L2
PRKCA	1	NHERF1
PRKCA	-1	NOS3
PRKCA	1	NRGN
PRKCA	1	OCLN
PRKCA	1	PDE3A
PRKCA	-1	PEA15
PRKCA	1	PEBP1
PRKCA	1	PFKFB2
PRKCA	-1	PHB2
PRKCA	-1	PIP5K1B
PRKCA	1	PITPNC1
PRKCA	1	PLA2G4A
PRKCA	-1	PLCB1
PRKCA	-1	PLCB3
PRKCA	1	PLCG1
PRKCA	1	PLD2
PRKCA	-1	PPP1R16B
PRKCA	1	PPP1R1A
PRKCA	-1	PPP2R5A
PRKCA	1	PRKD1
PRKCA	1	PRKD2
PRKCA	1	PRKD3
PRKCA	1	PRKG1
PRKCA	1	PSEN1
PRKCA	1	PTPN1
PRKCA	1	PTPN11
PRKCA	1	PTPN12
PRKCA	1	PTPRA
PRKCA	1	RAC1
PRKCA	1	RAF1
PRKCA	1	RALBP1
PRKCA	-1	RGS7
PRKCA	1	RHOA
PRKCA	1	SDC2
PRKCA	1	SDC4
PRKCA	1	SHC1
PRKCA	-1	SLC6A9
PRKCA	1	SNAP25
PRKCA	-1	SRC
PRKCA	1	SRF
PRKCA	-1	STXBP1
PRKCA	1	THOC5
PRKCA	1	TIAM1
PRKCA	1	TP53
PRKCA	1	TP73
PRKCA	-1	TRPC3
PRKCA	1	TRPM4
PRKCA	1	TTN
PRKCA	1	TWIST1
PRKCA	-1	ULK1
PRKCA	1	VASP
PRKCA	1	VCL
PRKCA	1	VIM
PRKCD	1	ADCY5
PRKCD	1	ADCY7
PRKCD	1	BAG3
PRKCD	1	BLVRA
PRKCD	1	CAT
PRKCD	-1	CDK5
PRKCD	-1	CHN2
PRKCD	-1	CTNNB1
PRKCD	1	CTTN
PRKCD	-1	CXCR4
PRKCD	1	DAP3
PRKCD	1	DBI
PRKCD	1	DNM1L
PRKCD	-1	EGFR
PRKCD	1	ELAVL1
PRKCD	1	ENOX2
PRKCD	-1	EP300
PRKCD	-1	FSCN1
PRKCD	1	G6PD
PRKCD	1	GRK2
PRKCD	-1	GSK3A
PRKCD	-1	HABP4
PRKCD	-1	HAX1
PRKCD	-1	HDAC5
PRKCD	-1	HMGA1
PRKCD	-1	HNRNPK
PRKCD	-1	HSPB1
PRKCD	1	HVCN1
PRKCD	1	IL6ST
PRKCD	-1	IRS1
PRKCD	1	KLF5
PRKCD	-1	LIMK2
PRKCD	1	MAPK8
PRKCD	-1	MET
PRKCD	1	MUC1
PRKCD	1	NFE2L2
PRKCD	-1	NOS3
PRKCD	-1	NR2F6
PRKCD	1	PA2G4
PRKCD	1	PEBP1
PRKCD	1	PLD2
PRKCD	1	PLSCR1
PRKCD	1	PPP1R14B
PRKCD	1	PRKD1
PRKCD	-1	PRKDC
PRKCD	1	PTPRA
PRKCD	1	RPS3
PRKCD	1	SDC4
PRKCD	1	SHC1
PRKCD	-1	SHOC2
PRKCD	1	SLC29A1
PRKCD	1	SMPD1
PRKCD	-1	SRF
PRKCD	1	STAT1
PRKCD	-1	STAT3
PRKCD	-1	TAGLN
PRKCD	1	TBL1XR1
PRKCD	1	TP53
PRKCD	1	TP73
PRKCD	-1	TRIM28
PRKCD	-1	TSC2
PRKCD	-1	VRK1
PRKCD	-1	YWHAB
PRKCD	-1	YWHAZ
PRKCE	1	ADCY5
PRKCE	1	ADCY7
PRKCE	1	ALDH2
PRKCE	1	ATF2
PRKCE	-1	BAD
PRKCE	-1	CTNND1
PRKCE	-1	EGFR
PRKCE	-1	FGFR1
PRKCE	-1	FGFR2
PRKCE	1	GJA1
PRKCE	1	GLS
PRKCE	1	IKBKB
PRKCE	1	IQGAP1
PRKCE	-1	MET
PRKCE	1	MIIP
PRKCE	-1	NOS3
PRKCE	1	NSF
PRKCE	1	OCLN
PRKCE	1	PRKD2
PRKCE	1	RHOA
PRKCE	1	SHC1
PRKCE	1	SLC4A3
PRKCE	1	STAT3
PRKCE	1	TRPV1
PRKCG	1	ANXA1
PRKCG	1	APTX
PRKCG	1	ARHGEF7
PRKCG	-1	CYTH2
PRKCG	1	DVL2
PRKCG	-1	GJA1
PRKCG	1	GRIA4
PRKCG	1	GRIN2B
PRKCG	1	GRK2
PRKCG	-1	GSK3A
PRKCG	-1	HABP4
PRKCG	-1	HSP90AA1
PRKCG	-1	KEAP1
PRKCG	-1	MAPT
PRKCG	-1	NOS3
PRKCG	1	NRGN
PRKCG	1	OCLN
PRKCG	1	PEBP1
PRKCG	1	PSEN1
PRKCG	1	RAF1
PRKCG	-1	STK17B
PRKCG	-1	STXBP1
PRKCG	1	TOP2A
PRKCI	-1	BAD
PRKCI	1	ECT2
PRKCI	1	EZR
PRKCI	1	GLI1
PRKCI	1	LLGL1
PRKCI	1	LLGL2
PRKCI	-1	NOS3
PRKCI	1	PARD3
PRKCI	1	PARD6A
PRKCQ	1	ARHGEF6
PRKCQ	1	CHUK
PRKCQ	1	FOSL1
PRKCQ	-1	HABP4
PRKCQ	1	IKBKB
PRKCQ	-1	IRS1
PRKCQ	-1	KDM1A
PRKCQ	1	MAP3K7
PRKCQ	1	MSN
PRKCQ	-1	NOS3
PRKCQ	1	RAPGEF2
PRKCQ	1	RASGRP1
PRKCQ	1	STK39
PRKCQ	1	TBK1
PRKCQ	-1	WIPF1
PRKD1	1	ARFIP1
PRKD1	1	ATP7B
PRKD1	-1	BAD
PRKD1	-1	CERT1
PRKD1	1	CTNNB1
PRKD1	-1	CTTN
PRKD1	-1	CXCR4
PRKD1	1	EGFR
PRKD1	-1	HDAC5
PRKD1	-1	HDAC7
PRKD1	1	HSPB1
PRKD1	1	KAT7
PRKD1	-1	KCNH2
PRKD1	1	KIDINS220
PRKD1	1	MFF
PRKD1	-1	OSBP
PRKD1	1	PAK4
PRKD1	1	PI4KB
PRKD1	1	PIK3C3
PRKD1	-1	PIP4K2A
PRKD1	1	PKD2
PRKD1	1	PLCG1
PRKD1	1	PTRH2
PRKD1	1	RABEP1
PRKD1	-1	RIN1
PRKD1	1	RTKN
PRKD1	-1	SNAI1
PRKD1	-1	SSH1
PRKD1	-1	TFAP2B
PRKD1	1	VASP
PRKD2	1	HDAC7
PRKD2	1	PI4KB
PRKD2	-1	SSH1
PRKD3	-1	SSH1
PRKDC	1	ABL1
PRKDC	1	AKT1
PRKDC	1	CASP2
PRKDC	1	CHEK2
PRKDC	1	DCLRE1C
PRKDC	-1	EIF2AK4
PRKDC	1	FH
PRKDC	1	GOLPH3
PRKDC	-1	H1-2
PRKDC	1	H2AX
PRKDC	1	HERC2
PRKDC	1	HNRNPU
PRKDC	-1	IKBKG
PRKDC	1	IRF3
PRKDC	-1	LIG4
PRKDC	1	MAPK8
PRKDC	1	MDM2
PRKDC	1	PNKP
PRKDC	1	PNPT1
PRKDC	1	POLL
PRKDC	-1	POU2F1
PRKDC	1	RPA2
PRKDC	1	SRF
PRKDC	1	TDP1
PRKDC	-1	TOP1
PRKDC	1	TP53
PRKDC	1	TRIM28
PRKDC	1	UPF1
PRKDC	1	USF1
PRKDC	1	VCP
PRKDC	1	WRN
PRKDC	1	XRCC4
PRKDC	1	XRCC6
PRKG1	1	FHOD1
PRKG1	1	GTF2I
PRKG1	-1	HSPB1
PRKG1	1	IRAG1
PRKG1	-1	LASP1
PRKG1	1	PDE5A
PRKG1	-1	PLCB3
PRKG1	-1	PPP1R12A
PRKG1	1	PPP1R17
PRKG1	1	PRKAR1A
PRKG1	1	PTS
PRKG1	1	RGS2
PRKG1	1	SEPTIN3
PRKG1	-1	SF1
PRKG1	1	SRF
PRKG1	-1	TRPC3
PRKG1	1	TTN
PRKG1	-1	VASP
PRKN	-1	AIMP2
PRKN	-1	APP
PRKN	-1	ATXN2
PRKN	-1	BCL2L1
PRKN	-1	CCNE1
PRKN	1	CTNNB1
PRKN	-1	DNM1L
PRKN	-1	GPR37
PRKN	-1	HSD17B10
PRKN	-1	HSPA1B
PRKN	1	IKBKG
PRKN	-1	JUN
PRKN	-1	MFN1
PRKN	-1	MFN2
PRKN	-1	PARK7
PRKN	-1	PLCG1
PRKN	-1	PSMD4
PRKN	-1	PUF60
PRKN	-1	RANBP2
PRKN	-1	RHOT1
PRKN	-1	SEPTIN4
PRKN	-1	SNCA
PRKN	-1	SNCAIP
PRKN	-1	SQSTM1
PRKN	-1	SYT11
PRKN	-1	VDAC1
PRKN	-1	ZNF746
PRKRA	1	EIF2AK2
PRKX	1	PKD1
PRKX	-1	PREX1
PRKX	1	SMAD6
PRMT1	-1	FUS
PRMT1	1	KHDRBS1
PRMT1	1	MRE11
PRMT1	-1	NRIP1
PRMT1	-1	STAT1
PRMT1	1	TAF15
PRMT5	-1	H2AZ1
PRMT5	1	HOXA9
PRMT6	-1	THBS1
PRNP	1	NCAM1
PROC	1	PROCR
PROS1	1	AXL
PROS1	1	TYRO3
PRP4K	1	ELK1
PRP4K	-1	KLF13
PRRX1	-1	MAFF
PRRX1	-1	MAFG
PRRX1	1	SRF
PSAP	1	GPR37
PSAP	1	LRP1
PSEN1	-1	CTNNB1
PSEN1	1	NOTCH1
PSEN1	1	NOTCH2
PSEN1	1	NOTCH3
PSEN1	1	NOTCH4
PSENEN	1	PSEN1
PSIP1	1	GCLC
PSIP1	1	HSPB1
PSIP1	1	PRDX6
PSMA5	-1	XBP1
PSMA6	-1	XBP1
PSMA7	-1	XBP1
PSMC3	1	CDKN2A
PSME3	1	CDKN1A
PSME3	-1	CDKN2A
PSME3	-1	NCOA3
PSTPIP1	1	PTPN18
PTCH1	1	CCNB1
PTCH1	-1	SMO
PTCH2	1	SMO
PTDSS1	1	JMJD6
PTDSS1	1	SCARB1
PTEN	1	AKT3
PTEN	-1	CREB1
PTEN	-1	DVL2
PTEN	1	E2F1
PTEN	-1	IRS1
PTEN	1	PDPK1
PTEN	-1	PTK2
PTEN	1	RAC1
PTEN	-1	SHC1
PTEN	-1	SP1
PTGES3	1	HSP90AA1
PTK2	-1	ACTN1
PTK2	1	ACTN4
PTK2	1	ATP2B4
PTK2	1	BCAR1
PTK2	-1	CTTN
PTK2	1	GSK3B
PTK2	1	PIK3CA
PTK2	1	PIK3R1
PTK2	1	PXN
PTK2	1	RAC1
PTK2	1	SHC1
PTK2	1	TRIO
PTK2	1	WASL
PTK2B	1	ASAP1
PTK2B	1	ASAP2
PTK2B	1	CTTN
PTK2B	1	GRB2
PTK2B	-1	GSN
PTK2B	1	ID3
PTK2B	-1	NOS3
PTK2B	1	NPHP1
PTK2B	1	PTK2
PTK2B	-1	PXN
PTK2B	1	STAT3
PTK2B	1	TGFB1I1
PTK7	-1	CTNNB1
PTMA	-1	KEAP1
PTN	1	ALK
PTN	1	PTPRZ1
PTN	1	SDC3
PTP4A3	-1	BCAR1
PTP4A3	-1	EZR
PTP4A3	-1	ITGB1
PTPA	-1	AKT1
PTPA	-1	AKT3
PTPN1	-1	ABL1
PTPN1	-1	ACTN1
PTPN1	-1	BCAR1
PTPN1	-1	BCR
PTPN1	-1	CAPN1
PTPN1	-1	CAV1
PTPN1	-1	CRK
PTPN1	1	CTNNB1
PTPN1	1	CTTN
PTPN1	-1	EIF2AK3
PTPN1	-1	EPHA3
PTPN1	-1	EPOR
PTPN1	-1	GAB1
PTPN1	1	IGF1R
PTPN1	1	INSR
PTPN1	1	IRS1
PTPN1	1	JAK2
PTPN1	-1	MAPK15
PTPN1	-1	MET
PTPN1	-1	NFKBIA
PTPN1	-1	NTRK2
PTPN1	-1	PDGFRB
PTPN1	-1	PRKCD
PTPN1	-1	PTK2
PTPN1	1	SRC
PTPN1	1	STAM2
PTPN1	1	STAT3
PTPN1	-1	STAT5A
PTPN1	-1	STAT5B
PTPN1	-1	STAT6
PTPN1	1	TYK2
PTPN11	-1	CTNNA1
PTPN11	-1	EGFR
PTPN11	-1	ERBB2
PTPN11	-1	GAB1
PTPN11	1	GAB2
PTPN11	1	GRB2
PTPN11	-1	GRIN2B
PTPN11	1	HRAS
PTPN11	1	IGF1R
PTPN11	-1	IRS1
PTPN11	1	JAK2
PTPN11	1	KRAS
PTPN11	-1	MAP3K4
PTPN11	-1	MPZL1
PTPN11	-1	NEDD9
PTPN11	1	NRAS
PTPN11	-1	NTRK2
PTPN11	-1	PAG1
PTPN11	1	PIK3CA
PTPN11	-1	PIK3R1
PTPN11	-1	PTK2
PTPN11	-1	PTK2B
PTPN11	-1	PXN
PTPN11	-1	SIRPA
PTPN11	-1	SPRY1
PTPN11	1	SRC
PTPN11	1	STAT1
PTPN11	1	STAT3
PTPN11	1	STAT5A
PTPN11	-1	STAT5B
PTPN11	1	TERT
PTPN11	-1	VAV2
PTPN12	-1	ABL1
PTPN12	-1	BCAR1
PTPN12	-1	ERBB2
PTPN12	-1	GIT2
PTPN12	-1	INSR
PTPN12	-1	JAK2
PTPN12	-1	NEDD9
PTPN12	1	PIN1
PTPN12	-1	PSTPIP1
PTPN12	-1	PTK2
PTPN12	-1	PTK2B
PTPN12	-1	PXN
PTPN12	-1	SHC1
PTPN12	1	SRC
PTPN13	-1	ABL1
PTPN13	1	EFNB1
PTPN13	-1	FAS
PTPN13	-1	INSR
PTPN13	-1	IRS1
PTPN13	1	NFKBIA
PTPN13	-1	PDCD10
PTPN13	-1	SRC
PTPN13	-1	TRIP6
PTPN14	-1	BCAR1
PTPN18	-1	ERBB2
PTPN2	-1	EGFR
PTPN2	-1	FKBP4
PTPN2	-1	FYN
PTPN2	1	GJA1
PTPN2	-1	INSR
PTPN2	-1	JAK1
PTPN2	-1	MET
PTPN2	-1	PDGFRB
PTPN2	-1	SHC1
PTPN2	-1	SRC
PTPN2	-1	STAT1
PTPN2	-1	STAT3
PTPN2	1	STAT5A
PTPN2	-1	STAT5B
PTPN2	-1	STAT6
PTPN2	-1	WASL
PTPN21	1	SRC
PTPN3	-1	VCP
PTPN9	-1	EGFR
PTPN9	-1	ERBB2
PTPN9	-1	INSR
PTPN9	-1	NSF
PTPN9	-1	STAT3
PTPRA	-1	BCAR1
PTPRA	1	FYN
PTPRA	1	INSR
PTPRA	-1	LYN
PTPRD	-1	STAT3
PTPRE	-1	INSR
PTPRE	-1	MAPK1
PTPRE	-1	MAPK3
PTPRE	1	SRC
PTPRE	1	YES1
PTPRF	-1	AKT1
PTPRF	-1	BCAR1
PTPRF	1	CTNNB1
PTPRF	1	DAPK1
PTPRF	1	INSR
PTPRF	1	IRS1
PTPRF	1	IRS2
PTPRG	-1	ABL1
PTPRG	-1	CDK2
PTPRG	-1	CTTN
PTPRG	-1	DAB1
PTPRG	1	EGFR
PTPRG	1	ERBB2
PTPRG	1	GRIN2B
PTPRG	1	INSR
PTPRG	-1	ITGB1
PTPRG	-1	JAK2
PTPRG	-1	KIT
PTPRG	-1	LIMK1
PTPRG	-1	MET
PTPRG	1	PDGFRA
PTPRG	-1	PDGFRB
PTPRG	1	PRKCD
PTPRG	1	PTK2
PTPRG	1	PXN
PTPRG	-1	SHC1
PTPRG	-1	SRC
PTPRG	1	STAT1
PTPRG	1	STAT2
PTPRG	1	STAT3
PTPRG	1	STAT5A
PTPRG	-1	VCL
PTPRJ	1	CTNNB1
PTPRJ	1	CTNND1
PTPRJ	1	EGFR
PTPRJ	-1	INSR
PTPRJ	-1	MAPK1
PTPRJ	-1	MAPK3
PTPRJ	-1	MET
PTPRJ	-1	PDGFRB
PTPRJ	-1	PIK3R1
PTPRJ	-1	PLCG1
PTPRJ	1	SRC
PTPRK	-1	EGFR
PTPRM	-1	CTNND1
PTPRM	-1	STAT3
PTPRO	-1	ERBB2
PTPRO	-1	PXN
PTPRS	-1	EGFR
PTPRU	-1	CTNNB1
PTPRZ1	1	ALK
PTPRZ1	-1	ARHGAP35
PTPRZ1	1	CTNNB1
PTTG1	-1	ESPL1
PTTG1	-1	TP53
PUF60	-1	FUBP1
PUF60	-1	MYC
PXN	1	CRK
RAB11A	1	JAG1
RAB14	1	RUFY1
RAB1A	1	GOLGA2
RAB1A	1	ULK1
RAB1A	1	USO1
RAB2A	-1	PRKCI
RAB33B	1	ATG16L1
RAB4A	1	RUFY1
RAB5A	1	OCRL
RAB5A	1	PIK3R4
RAB5C	1	EEA1
RAB7A	1	FYCO1
RAB9A	1	PLIN3
RAB9A	1	RABEPK
RABEP1	1	RAB5A
RABGGTA	1	RAB5A
RABGGTB	1	RAB3A
RABGGTB	1	RAB5A
RAC1	1	AKT1
RAC1	1	BAIAP2
RAC1	1	KTN1
RAC1	1	MAP3K1
RAC1	1	MAP3K10
RAC1	1	MAP3K11
RAC1	1	MAP3K4
RAC1	1	MAPK8
RAC1	1	MAPK9
RAC1	1	PAK1
RAC1	1	PAK2
RAC1	1	PIK3CA
RAC1	1	PIP5K1C
RAC1	1	SET
RAC1	1	STAT3
RAC3	1	CIB1
RAC3	1	PAK1
RACGAP1	-1	CDC42
RACK1	-1	FYN
RACK1	-1	IGF1R
RACK1	1	LARP4B
RACK1	1	STAT3
RAD17	1	RAD9A
RAD18	1	PCNA
RAD18	1	RAD51C
RAD23B	1	XPA
RAD50	1	BRCA1
RAD50	1	MRE11
RAD50	1	RINT1
RAD51AP1	1	RAD51
RAD52	1	RAD51
RAD54L	1	MUS81
RAE1	1	NUP98
RAF1	-1	BAD
RAF1	-1	EEF1A2
RAF1	-1	KLF10
RAF1	1	MAP2K1
RAF1	1	MAP2K2
RAF1	-1	RB1
RAF1	-1	STK3
RAF1	1	XIAP
RALA	1	FOXO4
RALA	1	RALBP1
RALB	1	RALBP1
RALBP1	-1	CDC42
RALBP1	-1	RAC1
RALGDS	1	RALA
RALGDS	1	RIT1
RAMAC	1	RNMT
RAN	1	XPO1
RAN	1	XPOT
RANBP2	1	RANGAP1
RANBP2	1	TCF7L2
RANBP2	1	TNPO1
RANBP3	1	CTNNB1
RANBP3	1	SMAD2
RANBP3	1	SMAD3
RANBP9	-1	DYRK1B
RAP1A	1	BRAF
RAP1A	1	PLCE1
RAP1A	-1	RAF1
RAP1A	1	RALGDS
RAP1B	1	BRAF
RAP1GAP	-1	GNAZ
RAP1GAP	-1	RAP1A
RAP1GAP	1	RAP1B
RAP1GDS1	1	CDC42
RAP1GDS1	1	KRAS
RAP1GDS1	1	RAC1
RAP1GDS1	1	RAP1A
RAP1GDS1	1	RHOA
RAP1GDS1	1	RHOC
RAP2A	1	RALGDS
RAPGEF1	1	RAP1A
RAPGEF2	1	RAP1A
RAPGEF3	1	RAP1A
RAPGEF3	1	RAP1B
RAPGEF4	1	RAP1A
RAPGEF4	1	RIMS1
RAPGEF5	1	RAP1A
RAPH1	1	VASP
RARA	1	BTG2
RARA	1	CASP9
RARA	1	CTNNB1
RARA	1	EGFR
RARA	1	IER3
RARA	1	NR4A1
RARA	1	NRIP1
RARA	1	RARG
RARA	1	RXRA
RARA	1	THRA
RARB	1	RARG
RARB	1	RXRA
RARB	1	RXRB
RARB	1	RXRG
RARB	1	THRA
RARG	1	HAS2
RARG	1	RXRB
RARG	1	THRA
RARRES2	1	CMKLR2
RASA1	1	CAV2
RASA1	-1	HRAS
RASA4	-1	NRAS
RASSF1	-1	CCND1
RASSF1	-1	CDC20
RASSF1	1	MST1
RASSF1	1	STK3
RASSF1	1	STK4
RAVER1	1	PTBP1
RB1	-1	E2F1
RB1	-1	E2F2
RB1	-1	E2F3
RB1	1	HIF1A
RB1	-1	TRIP11
RB1	-1	UBTF
RB1	-1	YY1
RB1CC1	1	ATG16L1
RB1CC1	-1	PTK2B
RB1CC1	1	TP53
RB1CC1	-1	TSC1
RB1CC1	1	ULK2
RBBP6	-1	YBX1
RBBP6	-1	ZBTB38
RBBP8	1	MRE11
RBCK1	-1	BACH1
RBCK1	-1	IRF3
RBL2	1	E2F4
RBL2	1	E2F5
RBP1	1	SHC1
RBPJ	1	CIRSR
RBPJ	1	HES1
RBPJ	1	MAML2
RBPJ	1	MAML3
RBPJ	1	NCOR2
RBX1	1	CUL1
RBX1	-1	NFE2L2
RBX1	-1	NFKBIA
RCAN1	-1	PPP3CA
RCHY1	-1	CDKN1B
RCHY1	-1	COPE
RCHY1	-1	HDAC1
RCHY1	-1	TP53
RCOR1	1	KDM1A
RCOR1	1	REST
RECQL4	1	APEX1
RECQL4	1	FEN1
RECQL4	1	POLB
RECQL5	-1	RAD51
RELA	1	EGR1
RELA	1	JUN
RELA	-1	NCOR2
RELA	-1	NFKBIA
RELA	-1	PTEN
RELA	1	SP1
REV1	1	REV3L
RFWD3	1	MDM2
RFWD3	1	RPA1
RFWD3	1	TP53
RFX1	1	ABL1
RGMA	-1	NEO1
RGS19	-1	GNAQ
RGS2	-1	GNAI3
RGS2	-1	GNAQ
RGS4	-1	GNAQ
RHEB	-1	BRAF
RHEB	-1	FKBP8
RHEB	1	MLST8
RHEB	1	MTOR
RHEB	1	RAF1
RHOA	1	CIT
RHOA	1	DIAPH1
RHOA	1	EZR
RHOA	1	KTN1
RHOA	1	MAPK8
RHOA	1	MSN
RHOA	1	PFN1
RHOA	1	PIP5K1C
RHOA	1	PKN1
RHOA	1	PKN2
RHOA	1	PLCG1
RHOA	-1	PTPN1
RHOA	1	RDX
RHOA	1	ROCK1
RHOA	1	ROCK2
RHOQ	1	EXOC7
RHOQ	1	PAK1
RHOU	1	PAK1
RILPL2	1	PAK1
RIMS1	1	RAB3A
RIMS1	1	SYT1
RIMS1	1	UNC13B
RIMS1	1	YWHAH
RIMS2	1	RAB3A
RIMS2	1	RAB3C
RIN1	1	EGFR
RIN1	1	HRAS
RIN1	-1	NRAS
RING1	1	FHL1
RING1	-1	H2AZ1
RIOK3	-1	IFIH1
RIPK1	1	DAB2IP
RIPK1	1	FAS
RIPK1	1	IKBKG
RIPK1	1	MAP3K1
RIPK1	1	MPRIP
RIPK1	1	TRAF6
RIPK2	1	BCL10
RIPK2	1	IKBKB
RIPK2	1	MAP3K7
RIPK2	1	MAPK14
RIPK2	1	MAPK8
RIT1	1	BRAF
RITA1	-1	RBPJ
RLF	1	RIT1
RLIM	-1	LDB1
RLIM	-1	LDB2
RLIM	-1	MYC
RNF11	1	ITCH
RNF11	1	SMURF2
RNF11	-1	STAMBP
RNF111	-1	PML
RNF111	-1	SKI
RNF111	-1	SKIL
RNF111	1	SMAD2
RNF111	1	SMAD3
RNF111	-1	SMAD7
RNF111	-1	SUMO2
RNF123	-1	NFKB1
RNF125	-1	IFIH1
RNF138	-1	RAD51D
RNF139	-1	INSIG1
RNF144A	-1	PRKDC
RNF146	-1	AXIN1
RNF146	-1	AXIN2
RNF146	-1	TNKS
RNF146	-1	TNKS2
RNF168	1	H2AX
RNF19A	1	SNCAIP
RNF19B	-1	UCKL1
RNF2	-1	AMBRA1
RNF2	1	H2AC20
RNF2	-1	H2AZ1
RNF20	1	RNF40
RNF208	-1	VIM
RNF216	-1	RIPK1
RNF216	-1	TIRAP
RNF31	1	IKBKG
RNF34	-1	PPARGC1A
RNF4	-1	PML
RNF4	-1	SP1
RNF4	-1	SUMO2
RNF40	1	RNF20
RNF41	-1	PRKN
RNF41	-1	VPS52
RNF5	-1	JKAMP
RNF5	-1	MAVS
RNF5	-1	PXN
RNF7	-1	CASP3
RNF7	-1	CDC34
RNF8	1	BLM
RNF8	1	H2AC20
RNF8	1	H2AX
RNF8	1	H2AZ1
RNF8	1	H2BC11
RNF8	1	RNF168
RNF8	1	RXRA
RNF8	1	UBE2N
ROCK1	1	ADD1
ROCK1	-1	ARHGAP35
ROCK1	1	BECN1
ROCK1	-1	CDC25A
ROCK1	1	DAPK3
ROCK1	1	DNM1L
ROCK1	1	EZR
ROCK1	1	FHOD1
ROCK1	1	LIMK1
ROCK1	1	LIMK2
ROCK1	1	MAPK8IP3
ROCK1	1	MSN
ROCK1	1	MYH10
ROCK1	1	MYL12A
ROCK1	1	MYL12B
ROCK1	1	MYL9
ROCK1	1	PDPK1
ROCK1	-1	PFN1
ROCK1	1	PFN2
ROCK1	-1	PPP1CA
ROCK1	-1	PPP1R12A
ROCK1	-1	PPP1R12B
ROCK1	1	PTEN
ROCK1	1	PTK2
ROCK1	1	RDX
ROCK1	1	RND3
ROCK1	1	SLC9A1
ROCK1	1	SOX9
ROCK1	1	VIM
ROCK2	1	DPYSL2
ROCK2	1	EZR
ROCK2	1	LIMK1
ROCK2	1	LIMK2
ROCK2	1	MSN
ROCK2	1	MYL9
ROCK2	-1	PPP1R12A
ROCK2	1	RDX
ROCK2	-1	SH3GL2
ROR1	1	SRC
ROR2	1	BMPR1B
ROR2	1	FLNA
ROR2	1	GRK2
ROR2	1	MAGED1
RORA	1	BMAL1
RPA1	1	ATRIP
RPA1	1	BRIP1
RPA1	1	FEN1
RPA1	1	POLA1
RPAP2	1	POLR2A
RPL10	-1	YES1
RPL11	-1	MDM2
RPL11	-1	MYC
RPL11	-1	TRRAP
RPL13A	-1	DAPK1
RPL13A	-1	DAPK3
RPS19BP1	1	SIRT1
RPS6KA1	-1	BAD
RPS6KA1	1	CCT2
RPS6KA1	-1	CDC25A
RPS6KA1	1	CDC25B
RPS6KA1	-1	CDC34
RPS6KA1	1	CDKN1B
RPS6KA1	-1	CIC
RPS6KA1	1	CREB1
RPS6KA1	-1	DAPK1
RPS6KA1	-1	EEF2K
RPS6KA1	1	EIF4B
RPS6KA1	1	ETV1
RPS6KA1	1	FLNA
RPS6KA1	1	FOS
RPS6KA1	1	GSK3B
RPS6KA1	-1	H3-3B
RPS6KA1	-1	IRS1
RPS6KA1	1	L1CAM
RPS6KA1	1	MAGI1
RPS6KA1	-1	METTL1
RPS6KA1	-1	MXD1
RPS6KA1	1	NFKBIA
RPS6KA1	1	NHERF1
RPS6KA1	1	NR4A1
RPS6KA1	1	RANBP3
RPS6KA1	1	RPS6
RPS6KA1	1	RPTOR
RPS6KA1	-1	SENP2
RPS6KA1	1	SLC9A1
RPS6KA1	1	SRF
RPS6KA1	-1	STK11
RPS6KA1	-1	TSC2
RPS6KA1	-1	VASP
RPS6KA1	1	WWC1
RPS6KA1	1	YBX1
RPS6KA2	-1	BAD
RPS6KA2	1	CREB1
RPS6KA2	1	EEF2K
RPS6KA2	1	L1CAM
RPS6KA2	1	NFATC4
RPS6KA2	-1	NFKBIA
RPS6KA2	-1	NR4A1
RPS6KA2	-1	TSC2
RPS6KA3	1	ATF4
RPS6KA3	-1	BAD
RPS6KA3	-1	CIC
RPS6KA3	1	CREB1
RPS6KA3	-1	DAPK1
RPS6KA3	1	EIF2AK2
RPS6KA3	-1	FGFR1
RPS6KA3	1	FOS
RPS6KA3	-1	FOXN2
RPS6KA3	-1	GSK3A
RPS6KA3	1	H2AX
RPS6KA3	-1	H3-3B
RPS6KA3	-1	HMGN1
RPS6KA3	-1	HMGN2
RPS6KA3	1	NFATC4
RPS6KA3	-1	NFKBIA
RPS6KA3	1	PFKFB2
RPS6KA3	1	RANBP3
RPS6KA3	1	RPTOR
RPS6KA3	1	SRF
RPS6KA3	1	TP53
RPS6KA3	1	TRAF6
RPS6KA3	-1	TSC2
RPS6KA3	1	WWC1
RPS6KA3	1	YBX1
RPS6KA4	1	ATF1
RPS6KA4	1	CREB1
RPS6KA4	1	FOS
RPS6KA4	1	HMGN1
RPS6KA4	1	RELA
RPS6KA5	1	ATF1
RPS6KA5	-1	BAD
RPS6KA5	1	CREB1
RPS6KA5	1	CTNNB1
RPS6KA5	-1	EIF4EBP1
RPS6KA5	1	ELK1
RPS6KA5	1	ETV1
RPS6KA5	1	H2AC25
RPS6KA5	-1	H2AZ1
RPS6KA5	-1	H3-3B
RPS6KA5	1	HMGN1
RPS6KA5	1	PLA2G4A
RPS6KA5	1	RELA
RPS6KA5	1	STAT3
RPS6KA6	-1	EP300
RPS6KB1	-1	BAD
RPS6KB1	1	CAD
RPS6KB1	-1	EEF2K
RPS6KB1	1	EIF4B
RPS6KB1	1	EPRS1
RPS6KB1	1	GLI1
RPS6KB1	-1	HSPB1
RPS6KB1	-1	IRS1
RPS6KB1	-1	MAPKAP1
RPS6KB1	-1	MDM2
RPS6KB1	-1	MRE11
RPS6KB1	-1	MXD1
RPS6KB1	-1	MXI1
RPS6KB1	-1	PDCD4
RPS6KB1	1	PFKFB2
RPS6KB1	-1	PIP5K1C
RPS6KB1	-1	RICTOR
RPS6KB1	1	RPS6
RPS6KB1	1	SRPK2
RPS6KB1	1	TARBP2
RPS6KB1	-1	TRIB2
RPS6KB1	1	UBTF
RPS6KB1	-1	URI1
RPS6KB2	1	HNRNPA1
RPS6KB2	-1	MXD1
RPS6KB2	-1	PDCD4
RPS6KB2	1	RPS6
RPS6KC1	1	SPHK1
RPTOR	-1	MTOR
RRAGC	1	RPTOR
RRAGD	1	RPTOR
RRAS	1	RAF1
RRM2B	1	RRM1
RSF1	-1	NFKB1
RTN4	1	LINGO1
RTN4	1	RTN4R
RTN4	1	TNFRSF19
RUBCN	-1	BECN1
RUBCN	-1	PIK3C3
RUSC1	1	IKBKG
RWDD3	1	HIF1A
RXRA	1	AR
RXRA	-1	CTNNB1
RXRA	1	NR1H3
RXRA	1	NR3C1
RXRA	1	NR4A1
RXRA	1	PPARA
RXRA	1	PPARD
RXRA	1	RARG
RXRB	1	NR1H2
RXRB	1	NR2F1
RXRB	1	NR2F2
RXRB	1	NRIP1
RXRB	1	PPARA
RXRB	1	PPARD
RXRB	1	RARA
RXRB	1	RARG
RXRB	1	THRA
RXRB	1	THRB
RXRG	1	NR4A2
RXRG	1	RARA
RXRG	1	THRA
RYBP	1	ABL1
RYK	1	DVL1
RYK	1	DVL2
RYK	1	DVL3
RYK	1	FZD8
S1PR1	1	GNAI1
S1PR1	1	GNAI3
S1PR2	1	GNA12
S1PR2	1	GNA13
S1PR2	1	GNAI1
S1PR2	1	GNAQ
SACK1D	1	CSNK1A1
SACK1H	1	CSNK1A1
SACK1H	1	CSNK1D
SACK1H	1	CSNK1E
SAFB	1	FUS
SAR1A	1	SEC23A
SAR1A	1	SEC24A
SAV1	1	STK3
SAV1	1	STK4
SBDS	1	EFL1
SBF1	1	MTMR2
SCAF11	1	PSEN1
SCAND1	1	MZF1
SCAP	1	SREBF1
SCAP	1	SREBF2
SCYL2	-1	FZD5
SDC4	1	DVL1
SDCBP	1	SOX4
SEC23IP	1	SEC23A
SEC63	1	SEC62
SELENOS	1	DERL1
SELENOS	1	VCP
SEM1	1	BRCA2
SEMA3A	1	NRP1
SEMA3A	1	PLXNA1
SEMA3A	1	PLXNA2
SEMA3A	1	PLXNA4
SEMA3B	1	NRP1
SEMA3B	1	NRP2
SEMA3B	1	PLXNA2
SEMA3B	1	PLXNA4
SEMA3C	1	NRP2
SEMA3E	1	PLXND1
SEMA4D	1	MET
SEMA4D	1	PLXNB1
SEMA4D	1	PLXNB2
SEMA5A	1	MET
SEMA6D	1	PLXNA1
SEMA7A	1	ITGB1
SEMA7A	1	PLXNC1
SENP1	1	HDAC1
SENP1	-1	TRIM28
SENP2	-1	TCF7L2
SENP3	1	EP300
SENP3	-1	SUMO2
SEPTIN4	-1	XIAP
SERPINE1	1	LRP1
SERPINE2	1	LRP1
SERPINF1	1	PNPLA2
SERPING1	1	LRP1
SET	-1	NME1
SET	-1	PPP2CA
SETBP1	1	SET
SETD1A	1	BCL2L11
SETD7	1	TAF10
SETD7	1	TP53
SF1	-1	EWSR1
SF1	-1	FUS
SFPQ	1	NONO
SFPQ	1	TOP1
SFRP1	-1	FZD2
SFRP1	-1	FZD6
SFRP2	-1	FZD5
SGK1	-1	APBB1
SGK1	-1	BRAF
SGK1	-1	CDKN1B
SGK1	1	CHUK
SGK1	1	CREB1
SGK1	1	FBXW7
SGK1	-1	FOXO1
SGK1	-1	FOXO3
SGK1	-1	HTT
SGK1	1	KCNQ4
SGK1	-1	KMT2D
SGK1	-1	MAP3K3
SGK1	1	MAPK1
SGK1	-1	MAPT
SGK1	-1	MKNK1
SGK1	-1	NCSTN
SGK1	-1	NEDD4L
SGK1	1	NR3C1
SGK1	1	SLC1A3
SGK1	1	SLC2A4
SGK1	1	SLC9A3
SGK1	1	SP1
SGK1	1	STAT1
SGK1	-1	TSC2
SGK1	-1	VDAC1
SGK1	1	WNK1
SGTA	1	BAG6
SH2B1	1	JAK2
SH2B2	1	CBL
SH2B2	-1	INSR
SH3BP1	-1	RAC1
SH3BP4	-1	TFRC
SH3GLB1	1	BAK1
SH3GLB1	1	BAX
SH3GLB1	1	BECN1
SH3GLB1	1	PIK3C3
SH3GLB1	1	UVRAG
SH3KBP1	1	CBL
SH3RF1	1	HERPUD1
SH3RF1	1	MAP2K4
SH3RF1	1	MAP2K7
SH3RF1	1	MAP3K10
SH3RF1	1	MAP3K11
SH3RF1	1	MAP3K12
SH3RF1	1	MAPK8
SH3RF1	1	MAPK8IP1
SHC1	-1	FOXO3
SHC1	1	GRB2
SHC1	1	INPP5D
SHC1	1	PIK3CA
SHC1	1	SOS1
SHC3	1	GRB2
SHOC2	1	KRAS
SHOC2	1	MRAS
SHOC2	1	PPP1CA
SHPRH	-1	PCNA
SHPRH	1	UBE2V2
SIAH1	-1	CTNNB1
SIAH1	-1	HIPK2
SIAH1	-1	KHDRBS3
SIAH1	-1	NUMB
SIAH1	-1	SNCAIP
SIAH2	-1	HIPK2
SIAH2	-1	PSMD4
SIAH2	-1	SNCAIP
SIK2	-1	CDK5R1
SIK2	-1	CEP250
SIK2	-1	CRTC2
SIK2	-1	EP300
SIK2	-1	IRS1
SIK2	1	PIK3R1
SIK3	-1	CRTC2
SIL1	1	HSPA5
SIM1	1	ARNT
SIN3B	-1	TP53
SIRT1	1	AKT1
SIRT1	1	APEX1
SIRT1	1	CTNNB1
SIRT1	-1	EP300
SIRT1	1	FOXO1
SIRT1	-1	FOXO3
SIRT1	1	FOXO4
SIRT1	-1	KAT5
SIRT1	1	NBN
SIRT1	1	NCOR1
SIRT1	1	NCOR2
SIRT1	1	NFKBIA
SIRT1	-1	PER2
SIRT1	1	PPARGC1A
SIRT1	-1	RELA
SIRT1	-1	RELB
SIRT1	1	SMAD7
SIRT1	1	SUV39H1
SIRT1	-1	TAF1A
SIRT1	-1	TP53
SIRT1	-1	WRN
SIRT1	1	XPA
SIRT1	1	XRCC6
SIRT2	-1	FOXO1
SIRT2	-1	KAT2B
SIRT3	1	XRCC6
SIRT5	1	GLS
SIRT6	1	RBBP8
SIRT6	-1	RELA
SIRT7	1	H3-3B
SIRT7	1	POLR1B
SIVA1	-1	BCL2L1
SIX1	1	BMP4
SIX1	1	DACH1
SIX1	-1	DACH2
SIX1	-1	EYA1
SIX1	1	FGF10
SIX1	1	LFNG
SIX1	1	OTX1
SKI	-1	EP300
SKI	1	SMAD2
SKI	1	SMAD3
SKI	1	SMAD4
SKIL	-1	SMAD1
SKIL	1	SMAD2
SKIL	1	SMAD3
SKIL	1	SMAD4
SKP1	1	CUL1
SKP2	-1	CCND1
SKP2	-1	CCNE1
SKP2	-1	CDKN1A
SKP2	-1	CDKN1B
SKP2	-1	CDT1
SKP2	1	FOXO1
SKP2	-1	MYBL2
SKP2	-1	MYC
SKP2	-1	SMAD4
SLC2A4RG	1	MEF2A
SLC9A1	1	EZR
SLC9A1	1	MSN
SLC9A1	1	RDX
SLIT1	1	GPC1
SLIT1	1	ROBO1
SLIT1	1	ROBO2
SLIT1	1	SDC1
SLIT2	1	GPC1
SLIT2	1	ROBO1
SLIT2	1	ROBO2
SLIT2	1	SDC1
SLIT3	1	ROBO1
SLIT3	1	ROBO2
SLK	1	TP53
SLX4	1	ERCC4
SMAD1	1	DVL1
SMAD1	1	RUNX2
SMAD1	1	SMAD4
SMAD2	1	CREB1
SMAD2	1	DAPK1
SMAD2	1	DGCR8
SMAD2	1	LEF1
SMAD2	1	MEF2A
SMAD2	1	SMAD4
SMAD2	1	SP1
SMAD2	1	TCF7L2
SMAD3	1	AR
SMAD3	-1	CEBPB
SMAD3	1	DAPK1
SMAD3	1	DGCR8
SMAD3	1	FOXO1
SMAD3	1	JUN
SMAD3	1	LEF1
SMAD3	1	MAX
SMAD3	1	MEF2C
SMAD3	1	NOTCH1
SMAD3	-1	RUNX2
SMAD3	1	SMAD4
SMAD3	1	TCF7L2
SMAD4	1	ATF1
SMAD4	1	CREB1
SMAD4	1	DAPK1
SMAD4	1	FOS
SMAD4	1	LEF1
SMAD4	1	MEF2A
SMAD5	1	SMAD4
SMAD6	1	ACVR1
SMAD6	1	BMPR1A
SMAD6	1	BMPR1B
SMAD6	-1	MAP3K7
SMAD6	1	PELI1
SMAD6	1	SMAD1
SMAD6	1	SMAD2
SMAD6	1	SMAD3
SMAD6	1	SMURF1
SMAD6	1	TAB1
SMAD6	1	TGFBR1
SMAD7	1	ACVR1
SMAD7	1	BMPR1A
SMAD7	1	BMPR1B
SMAD7	1	PPP1CA
SMAD7	1	PPP1R15A
SMAD7	1	SMAD2
SMAD7	1	SMAD3
SMAD7	1	SMURF2
SMAD7	1	STRAP
SMAD7	1	TAB1
SMAD7	1	TAB2
SMAD7	1	TAB3
SMAD7	1	TGFBR1
SMAD9	1	SMAD4
SMARCA2	1	SMARCC2
SMARCA4	1	CDKN1A
SMARCA4	1	GADD45A
SMARCA4	1	HIC1
SMARCA4	1	SMARCC1
SMARCA4	1	SMARCC2
SMARCA4	1	TERT
SMARCA4	1	XPC
SMARCAD1	1	TRIM28
SMARCB1	1	MYC
SMARCB1	1	SMARCA2
SMARCB1	1	SMARCA4
SMC3	-1	MXD1
SMC3	-1	MXD3
SMC3	-1	MXD4
SMC3	-1	MXI1
SMCR8	-1	ULK1
SMG1	1	TP53
SMG1	1	UPF1
SMO	1	ARRB1
SMO	1	ARRB2
SMO	1	FYN
SMO	1	GNAI1
SMO	1	GNAI2
SMO	1	GNAI3
SMO	1	GNB1
SMO	1	GNB2
SMO	1	GNB3
SMO	1	GNG2
SMO	1	KIF7
SMO	1	PRKACA
SMO	-1	SUFU
SMO	1	TIAM1
SMURF1	-1	AXIN1
SMURF1	-1	BMPR1A
SMURF1	-1	BMPR2
SMURF1	-1	PRICKLE1
SMURF1	-1	RHOA
SMURF1	-1	RUNX2
SMURF1	-1	SMAD1
SMURF1	1	SMAD2
SMURF1	1	SMAD3
SMURF1	-1	SMAD5
SMURF1	-1	SMAD6
SMURF1	1	SMAD7
SMURF1	-1	SRSF5
SMURF1	1	TGFBR1
SMURF1	-1	TGFBR2
SMURF2	1	CTNNB1
SMURF2	-1	KLF5
SMURF2	-1	PRICKLE1
SMURF2	1	SKIL
SMURF2	1	SMAD1
SMURF2	1	SMAD2
SMURF2	-1	SMAD5
SMURF2	-1	STAMBP
SMURF2	1	TGFBR1
SMURF2	-1	TGFBR2
SMURF2	1	UBE2D1
SMURF2	-1	YY1
SMYD2	-1	TP53
SNAPIN	1	SNAP25
SNCA	-1	VAMP2
SNCAIP	1	SNCA
SND1	1	STAT6
SNIP1	1	SMAD4
SNTB1	-1	MAPK12
SNW1	1	RBPJ
SNX5	-1	IGF2R
SNX9	1	DNM1
SNX9	1	DNM2
SNX9	1	EGFR
SOCS1	1	IFNGR1
SOCS1	1	JAK1
SOCS1	1	JAK2
SOCS2	-1	EPOR
SOCS2	1	IGF1R
SOCS2	1	LEPR
SOCS3	-1	IL6ST
SOCS3	-1	IRS1
SOCS3	1	JAK2
SOCS3	1	LEPR
SOCS3	-1	LIFR
SOCS3	-1	MAPK8IP1
SOCS3	1	RASA1
SOCS3	1	STAT4
SOCS3	1	STAT5A
SOCS3	-1	TRAF6
SOCS5	-1	EGFR
SOCS6	-1	KIT
SOD1	1	BCL2
SOD1	-1	KARS1
SORBS1	1	CBL
SOS1	1	HRAS
SOS1	1	KRAS
SOS1	1	NRAS
SOS2	1	HRAS
SOX4	1	CTNNB1
SOX4	1	TCF7L2
SOX9	1	CEACAM1
SP1	1	ADAM17
SP1	1	ADGRE5
SP1	1	ATP2C1
SP1	1	BBC3
SP1	1	BIRC5
SP1	1	BNIP3L
SP1	1	CBS
SP1	1	CCL5
SP1	-1	CCNB1
SP1	1	CD2AP
SP1	1	CDKN1A
SP1	1	COL1A1
SP1	1	DPYD
SP1	1	ENTPD1
SP1	1	EZR
SP1	1	GCNT1
SP1	1	GDF15
SP1	1	HAS2
SP1	1	HDAC4
SP1	1	IER3
SP1	1	KCTD10
SP1	1	LHX4
SP1	1	MDC1
SP1	1	MGST1
SP1	1	NOS3
SP1	1	PKD1
SP1	1	POLK
SP1	1	PRNP
SP1	1	PROS1
SP1	1	SLC25A1
SP1	1	SLU7
SP1	1	SMARCA1
SP1	1	SREBF1
SP1	1	TAF1A
SP1	1	VEGFA
SP1	1	WNT5A
SP3	1	HAS2
SPAG9	1	MAP2K4
SPAG9	1	MAP3K3
SPAG9	1	MAPK14
SPAG9	1	MAX
SPART	1	ITCH
SPART	1	WWP1
SPATA13	1	CDC42
SPEN	-1	RBPJ
SPHK2	-1	HDAC1
SPHK2	-1	HDAC2
SPOP	1	CUL3
SPOP	-1	DAXX
SPOP	-1	DEK
SPOP	-1	GLI2
SPOP	-1	GLI3
SPOP	-1	GMNN
SPOP	-1	INF2
SPOP	1	MACROH2A1
SPOP	-1	NCOA3
SPP1	1	CD44
SPP1	1	ITGA5
SPP1	1	ITGA9
SPP1	1	ITGAV
SPP1	1	ITGB1
SPP1	1	ITGB5
SPRED1	1	NF1
SPRY1	-1	SOS1
SPRY2	-1	CBLB
SPRY4	-1	RAF1
SPRY4	-1	TESK1
SQSTM1	-1	KEAP1
SQSTM1	1	NTRK2
SRC	1	ABL1
SRC	1	ABL2
SRC	1	ADAM12
SRC	1	AKT1
SRC	1	ANXA1
SRC	1	ANXA2
SRC	-1	AP2B1
SRC	1	AR
SRC	1	ARAF
SRC	1	ARHGAP35
SRC	1	ARHGAP5
SRC	-1	ARHGDIA
SRC	1	ARHGEF2
SRC	1	ARHGEF7
SRC	-1	ARRB1
SRC	1	ASAP1
SRC	1	ATG9A
SRC	1	AURKA
SRC	1	BAIAP2L1
SRC	1	BCAR1
SRC	1	BCKDK
SRC	1	CASP9
SRC	1	CAV1
SRC	-1	CAV2
SRC	1	CBL
SRC	1	CDC42
SRC	-1	CDH2
SRC	-1	CDKN1B
SRC	1	CEACAM1
SRC	1	CELF2
SRC	-1	CFL1
SRC	-1	CHN2
SRC	-1	CHRNA7
SRC	1	CHUK
SRC	1	CLTC
SRC	1	CNKSR1
SRC	-1	CNTNAP1
SRC	1	CORO7
SRC	1	CTNNB1
SRC	1	CTNND1
SRC	-1	CTTN
SRC	1	DAB1
SRC	-1	DAG1
SRC	-1	DAPK1
SRC	1	DDR2
SRC	1	DGKA
SRC	1	DLG4
SRC	-1	DMAP1
SRC	1	DNM1
SRC	1	DNM2
SRC	1	EFNB1
SRC	1	EGFR
SRC	-1	EMD
SRC	1	ENO1
SRC	1	EPHA2
SRC	1	EPS8
SRC	-1	ERRFI1
SRC	1	EZR
SRC	1	FBXO5
SRC	1	FERMT2
SRC	1	FHIT
SRC	1	FHL1
SRC	1	FHOD1
SRC	1	FLOT1
SRC	1	FLT4
SRC	1	FOS
SRC	-1	FUNDC1
SRC	-1	FXN
SRC	1	G6PD
SRC	1	GAB1
SRC	1	GAB2
SRC	1	GAK
SRC	1	GIT1
SRC	-1	GJA1
SRC	1	GLRB
SRC	-1	GRB10
SRC	1	GRB2
SRC	1	GRIN2A
SRC	1	GRIN2B
SRC	1	GRK2
SRC	1	GSN
SRC	1	GTF2I
SRC	1	HCN2
SRC	1	HCN4
SRC	1	HDAC3
SRC	1	HK1
SRC	1	HK2
SRC	1	HNRNPK
SRC	1	HRAS
SRC	1	HSP90AB1
SRC	1	IGF1R
SRC	1	IKBKB
SRC	-1	IKBKG
SRC	1	INPPL1
SRC	1	ITGB5
SRC	1	JAK2
SRC	1	JUP
SRC	1	KHDRBS1
SRC	1	KIT
SRC	1	KLF16
SRC	1	KRAS
SRC	1	LASP1
SRC	1	LMNA
SRC	1	LPIN1
SRC	1	LRP1
SRC	-1	LRP6
SRC	1	MAPKAPK5
SRC	-1	MAPRE1
SRC	1	MEGF10
SRC	-1	MET
SRC	1	MPZL1
SRC	1	MUC1
SRC	1	MYLK
SRC	1	NCKIPSD
SRC	1	NEDD4
SRC	-1	NFKBIA
SRC	1	NOS3
SRC	1	NPHP1
SRC	1	PAK2
SRC	1	PANX1
SRC	1	PBK
SRC	-1	PDCD6IP
SRC	-1	PDHA1
SRC	1	PDPK1
SRC	1	PIK3CA
SRC	1	PIP5K1C
SRC	1	PKD1
SRC	1	PLCG1
SRC	1	PLCG2
SRC	1	PLEKHG2
SRC	1	PLSCR1
SRC	-1	PPP2CA
SRC	1	PRKCD
SRC	1	PRKD1
SRC	-1	PRMT5
SRC	1	PTEN
SRC	1	PTK2
SRC	1	PTK2B
SRC	-1	PTP4A3
SRC	1	PTPRA
SRC	1	PTTG1IP
SRC	1	PXN
SRC	1	RAC1
SRC	1	RACK1
SRC	1	RAF1
SRC	1	RAPGEF1
SRC	1	RASA1
SRC	1	RGS16
SRC	-1	RHOA
SRC	-1	RHOU
SRC	1	RPS6KA3
SRC	-1	RRAS
SRC	1	RXRA
SRC	1	SDHA
SRC	1	SH2D3C
SRC	-1	SH3GL1
SRC	1	SH3PXD2A
SRC	1	SH3PXD2B
SRC	1	SHC1
SRC	-1	SIRT2
SRC	1	SNCA
SRC	-1	SOCS1
SRC	1	SORBS1
SRC	1	SPRY2
SRC	1	SPTAN1
SRC	1	SRCIN1
SRC	1	STAP2
SRC	1	STAT1
SRC	1	STAT3
SRC	1	STAT5A
SRC	1	STAT5B
SRC	-1	TERT
SRC	1	TIAM1
SRC	1	TNK2
SRC	1	TNS3
SRC	-1	TP53
SRC	1	TRAF6
SRC	1	TRIM25
SRC	1	TRIP6
SRC	1	TRPV1
SRC	1	VAV2
SRC	-1	VCL
SRC	-1	VHL
SRC	1	WASF1
SRC	1	WBP2
SRC	1	WWOX
SRC	1	YAP1
SRGAP3	1	WASF1
SRP19	1	SRP54
SRP19	1	SRP68
SRP19	1	SRP72
SRP54	1	SRPRA
SRP72	1	SRP68
SRPK1	-1	RBM8A
SRPK1	1	SRSF1
SRPK2	1	ACIN1
SRPK2	1	LGMN
SRPK2	1	SRSF1
SRSF3	1	NXF1
SRSF7	1	NXF1
SS18L1	1	CREBBP
SSBP1	1	TP53
SSH1	1	CFL1
SSH1	-1	CFL2
SSH1	1	CORO1B
SSH1	-1	LIMK1
SSH2	1	CFL1
SSTR2	1	GNAI1
SSTR2	1	GNAI3
SSTR2	1	GNAO1
SSU72	1	POLR2A
STAG2	1	RAD21
STAT1	1	ARNT
STAT1	1	CDKN1A
STAT1	1	CDKN1B
STAT1	-1	CREBBP
STAT1	1	FAS
STAT1	-1	HIF1A
STAT1	1	IRF1
STAT1	1	IRF2
STAT1	1	IRF9
STAT1	1	ISG15
STAT1	1	MDC1
STAT1	-1	MYC
STAT1	-1	RELA
STAT1	1	SOCS1
STAT2	1	IRF9
STAT2	1	STAT1
STAT3	1	BCL2
STAT3	1	BCL2L1
STAT3	1	BIRC5
STAT3	1	DNMT1
STAT3	1	EGR1
STAT3	1	GMCL1
STAT3	1	HSP90AA1
STAT3	1	HSP90AB1
STAT3	1	JUNB
STAT3	1	KLF4
STAT3	1	MAP2K5
STAT3	1	PIM1
STAT3	1	PRDM1
STAT3	1	RELA
STAT3	1	WNT5A
STAT5A	1	AURKA
STAT5A	1	BCL2L1
STAT6	1	NFIL3
STAT6	1	RHOA
STAT6	1	THY1
STIL	1	PIN1
STIM1	1	TRPC1
STIP1	-1	HSP90AA1
STIP1	-1	HSP90AB1
STK10	1	EZR
STK10	1	MSN
STK11	1	BRSK1
STK11	1	BRSK2
STK11	-1	CDKN1A
STK11	-1	ETV4
STK11	1	GSK3B
STK11	1	MARK1
STK11	1	MARK2
STK11	1	MARK3
STK11	1	MARK4
STK11	1	MELK
STK11	1	NUAK1
STK11	1	NUAK2
STK11	-1	PAK1
STK11	1	PRKAA1
STK11	1	PRKAA2
STK11	1	PRMT5
STK11	-1	PTEN
STK11	1	SIK2
STK11	1	SIK3
STK11	-1	SMAD4
STK11	1	SNRK
STK11	1	STRADA
STK11	1	TP53
STK17A	1	TP53
STK24	1	RAB8A
STK24	1	STK38
STK24	1	STK38L
STK25	1	CCM2
STK25	-1	SAV1
STK26	1	ASAP3
STK26	1	ATG4B
STK26	1	EZR
STK26	-1	YAP1
STK3	1	LATS1
STK3	1	LATS2
STK3	1	MOB1A
STK3	1	MOB1B
STK3	1	NEK2
STK3	1	PRKCA
STK3	1	RCC1
STK36	1	GLI1
STK36	1	GLI2
STK38	1	AAK1
STK38	-1	CDC25A
STK38	1	HEY1
STK38	-1	MAP3K1
STK38	1	PI4KB
STK38	1	RAB11FIP5
STK38	1	RAB3IP
STK38	1	XPO1
STK38	-1	YAP1
STK38L	1	FLNA
STK39	1	MAPK14
STK39	1	SLC12A2
STK39	-1	SLC12A6
STK39	-1	SLC4A4
STK4	1	BECN1
STK4	1	FOXO1
STK4	1	FOXO3
STK4	1	FOXO4
STK4	1	H2AX
STK4	1	LATS1
STK4	1	LATS2
STK4	1	MAP2K4
STK4	1	MOB1A
STK4	1	MOB1B
STK4	-1	PRDX1
STK4	1	STK38
STON2	1	SYT1
STRN	1	PPP2CA
STRN	1	PPP2CB
STRN4	1	PPP2CA
STRN4	1	PPP2CB
STUB1	-1	AR
STUB1	-1	ATCAY
STUB1	-1	ATXN3
STUB1	-1	CFLAR
STUB1	-1	CTBP2
STUB1	-1	DDIAS
STUB1	-1	ERBB2
STUB1	-1	HIF1A
STUB1	-1	HSPA8
STUB1	-1	LIG3
STUB1	-1	MKKS
STUB1	-1	POLB
STUB1	-1	PSMD4
STUB1	-1	RUNX2
STUB1	-1	SMAD1
STUB1	-1	SMAD3
STUB1	-1	SMAD4
STUB1	-1	SMAD5
STUB1	-1	TRAF6
STUB1	-1	XRCC1
STX3	-1	CACNA1B
STXBP1	1	STX1A
STXBP4	1	STX4
STYX	-1	FBXW7
SUFU	1	GLI1
SUFU	1	GLI2
SUFU	1	GLI3
SUFU	1	GLIS2
SUFU	-1	GLIS3
SUFU	1	SAP18
SUFU	1	STK36
SUMO1	1	CTBP1
SUMO1	1	CTCF
SUMO1	-1	ELF4
SUMO1	1	NR3C1
SUMO1	1	NRIP1
SUMO1	-1	PARP1
SUMO1	1	PML
SUMO1	1	RORA
SUMO1	1	SMAD4
SUMO1	-1	SRF
SUMO1	-1	TDG
SUMO1	1	TRAF6
SUMO1	1	UIMC1
SUMO1	1	XRCC4
SUMO1	1	YAP1
SUMO1	1	ZBTB16
SUMO2	-1	ELF4
SUMO2	1	KDM1A
SUMO2	1	RARA
SUMO2	1	RCOR1
SUMO3	-1	PARP1
SUN2	1	RAB5A
SUPT20H	1	ATG9A
SV2A	1	SYT1
SYMPK	1	CSTF1
SYMPK	1	CSTF2
SYNGAP1	1	DLG4
SYNJ1	1	MYO1E
SYNJ2BP	1	DLL4
SYP	1	VAMP2
SYT1	1	SNAP25
SYT1	1	STX3
SYVN1	-1	GPR37
SYVN1	1	HERPUD1
SYVN1	-1	NFE2L2
TAB1	1	MAP3K7
TAB2	1	MAP3K7
TAB3	1	MAP3K7
TACR1	1	GNAS
TAF1	1	BCL2L11
TAF1	1	CDKN1B
TAF1	1	GTF2A1
TAF1	-1	TP53
TAF12	1	ATF7
TAF4	-1	ATF7
TANK	1	TBK1
TANK	-1	TRAF2
TAOK1	1	MAP2K3
TAOK1	1	MARK2
TAOK1	1	STK3
TAOK1	1	STK4
TAOK2	1	ELK1
TAOK2	1	MAP2K3
TAOK2	1	MAP2K4
TAOK2	1	MAP2K6
TAOK2	1	MAP2K7
TARBP2	1	DICER1
TASP1	1	GTF2A1
TAX1BP1	1	TNFAIP3
TBK1	1	AKT1
TBK1	1	CHUK
TBK1	-1	DDAH2
TBK1	1	DDX3X
TBK1	1	ELF4
TBK1	1	IKBKB
TBK1	1	IRF3
TBK1	1	IRF7
TBK1	1	MTOR
TBK1	-1	NFKBIA
TBK1	1	OPTN
TBK1	-1	PBXIP1
TBK1	1	REL
TBK1	1	RELA
TBK1	-1	RIPK1
TBK1	1	SIKE1
TBK1	1	SQSTM1
TBK1	1	STAT6
TBK1	1	STX17
TBK1	-1	TNIP1
TBKBP1	1	TBK1
TBL1X	1	CTNNB1
TCOF1	1	NBN
TDG	1	APEX1
TDG	1	AR
TDG	1	CREBBP
TDG	-1	DNMT3A
TDG	1	NR3C1
TDP2	-1	TOP2A
TDP2	-1	TOP2B
TDP2	1	TRAF6
TELO2	1	ATM
TELO2	1	MTOR
TERF2	1	WRN
TESK1	-1	CFL1
TESK1	-1	CFL2
TESK2	-1	CFL1
TESK2	-1	CFL2
TESK2	-1	DSTN
TET2	1	OGT
TET3	1	OGT
TGFB1	1	EGFR
TGFB1	1	SMAD3
TGFB1	1	TGFBR1
TGFB1	1	TGFBR2
TGFB1	1	TGFBR3
TGFB2	1	TGFBR1
TGFB2	1	TGFBR2
TGFB2	1	TGFBR3
TGFB3	1	TGFBR1
TGFB3	1	TGFBR2
TGFB3	1	TGFBR3
TGFBR1	1	ACVR1
TGFBR1	1	CDC42
TGFBR1	-1	EEF1A1
TGFBR1	1	EIF3I
TGFBR1	1	FNTA
TGFBR1	1	PARD6A
TGFBR1	1	PIK3R1
TGFBR1	1	PPP2R2A
TGFBR1	1	RHOA
TGFBR1	1	SHC1
TGFBR1	1	SMAD1
TGFBR1	1	SMAD2
TGFBR1	1	SMAD3
TGFBR1	-1	TGFBR3
TGFBR1	1	TRAF6
TGFBR1	1	VPS39
TGFBR2	1	EIF3I
TGFBR2	1	MAP3K7
TGFBR2	1	PARD6A
TGFBR2	1	PIK3R1
TGFBR2	1	SMAD2
TGFBR2	1	SMAD3
TGFBR2	1	TGFBR1
TGFBR2	1	TGFBR3
TGFBR2	1	TRAF6
TGFBR2	1	VPS39
TGFBR2	1	ZFYVE9
TGIF1	1	WWP1
THBS1	1	CD47
THBS1	1	ITGA2B
THBS1	1	ITGA6
THBS1	1	ITGB1
THBS1	1	SDC1
THBS1	1	SDC4
THBS2	1	CD47
THBS2	1	ITGA6
THBS2	1	ITGB1
THEM4	-1	AKT1
THRA	1	NR2F2
THRA	1	RARA
THRA	1	RARB
THRA	1	RARG
THRA	1	RXRA
THRA	1	RXRG
THRB	1	RXRA
THRB	1	RXRG
THRB	1	STAT5A
TIA1	-1	GADD45A
TIAL1	-1	GADD45A
TIAM1	1	RAC1
TIMELESS	1	ATM
TIMELESS	1	ATR
TIMELESS	1	CHEK1
TIMELESS	1	CRY1
TIMELESS	1	TIPIN
TIMP2	-1	MMP2
TIPIN	1	MCM4
TIPIN	1	RPA1
TIPIN	1	TIMELESS
TIPRL	-1	PPP2CA
TIRAP	1	MYD88
TJP1	1	ARVCF
TJP2	-1	WWTR1
TJP2	-1	YAP1
TLE5	1	CTNNB1
TLE5	-1	RELA
TLK1	1	MAPKAPK5
TLK1	1	NEK1
TLK1	1	RAD9A
TLK2	1	ASF1A
TLN1	1	ITGB1
TLN1	1	ITGB5
TMED10	1	PSEN1
TMED5	1	TMED10
TNC	1	EGFR
TNC	-1	FN1
TNC	1	ITGA5
TNC	1	ITGA7
TNC	1	ITGA9
TNC	1	ITGAV
TNC	1	ITGB1
TNC	1	SDC4
TNFAIP3	-1	BECN1
TNFAIP3	-1	IKBKG
TNFAIP3	-1	RIPK1
TNFAIP3	-1	TBK1
TNFAIP3	-1	TRAF6
TNFRSF10B	1	FADD
TNFRSF10B	1	RIPK1
TNFRSF13C	-1	TRAF3
TNFRSF1A	1	RIPK1
TNFRSF1A	1	TRAF2
TNFRSF1B	1	TRAF1
TNFRSF1B	1	TRAF2
TNIK	1	NF2
TNIK	1	TCF7L2
TNIP1	1	IKBKG
TNIP1	1	TAX1BP1
TNK2	1	AKT1
TNK2	1	AR
TNK2	-1	KDM3A
TNK2	1	SNX9
TNK2	1	STAT1
TNK2	1	STAT3
TNKS	-1	AXIN1
TNKS	-1	AXIN2
TNKS	-1	CASC3
TNKS	-1	TERF1
TNKS2	-1	AXIN1
TNKS2	-1	AXIN2
TNKS2	-1	TERF1
TNPO1	1	FUS
TNPO1	1	HNRNPA1
TNPO1	1	NUP153
TNRC6B	1	AGO2
TOLLIP	-1	IRAK1
TOMM70	1	HSP90AA1
TOP1	-1	LIG1
TOP1	-1	LIG3
TOPBP1	1	ATR
TOPBP1	1	ATRIP
TOPBP1	1	BRIP1
TOPBP1	1	CDC45
TOPBP1	-1	E2F1
TOPBP1	1	POLA1
TOPBP1	1	RAD9A
TOPORS	-1	TP53
TP53	-1	ABCB1
TP53	1	ACTA2
TP53	1	AIFM2
TP53	-1	ANLN
TP53	1	APAF1
TP53	-1	APC
TP53	1	ARID3A
TP53	1	ATF3
TP53	1	BAK1
TP53	1	BAX
TP53	1	BBC3
TP53	-1	BCL2
TP53	1	BCL2L14
TP53	1	BCL6
TP53	1	BID
TP53	-1	BIRC5
TP53	1	BNIP3L
TP53	1	BTG2
TP53	1	CASP6
TP53	1	CCNG1
TP53	1	CCNK
TP53	1	CD82
TP53	-1	CDC20
TP53	-1	CDC25C
TP53	1	CDKN1A
TP53	1	COL18A1
TP53	1	COP1
TP53	-1	CRYZ
TP53	1	CTSD
TP53	1	CX3CL1
TP53	1	DDB2
TP53	1	DDIT4
TP53	1	DDR1
TP53	-1	DNMT1
TP53	1	DUSP1
TP53	1	DUSP5
TP53	1	EEF1A1
TP53	1	EGFR
TP53	1	EPHA2
TP53	-1	ETS1
TP53	1	FANCC
TP53	1	FAS
TP53	1	FBXW7
TP53	1	FDXR
TP53	1	GADD45A
TP53	1	GDF15
TP53	1	GPX1
TP53	1	GTSE1
TP53	1	HIC1
TP53	-1	HIF1A
TP53	1	HRAS
TP53	-1	HSP90AB1
TP53	-1	HSPA8
TP53	1	HTT
TP53	1	ID2
TP53	-1	IER3
TP53	1	IGFBP3
TP53	1	LATS2
TP53	-1	LGALS3
TP53	1	LIF
TP53	1	MCL1
TP53	1	MET
TP53	-1	MIR17HG
TP53	1	MLH1
TP53	1	MMP2
TP53	1	MSH2
TP53	-1	NFYA
TP53	-1	NFYB
TP53	-1	NOS3
TP53	1	ODC1
TP53	1	P4HA2
TP53	1	PCBP4
TP53	1	PCNA
TP53	1	PERP
TP53	1	PHB1
TP53	1	PIDD1
TP53	1	PLAGL1
TP53	1	PMAIP1
TP53	1	PMS2
TP53	-1	POLK
TP53	-1	PRC1
TP53	1	PRDM1
TP53	1	PRKAB1
TP53	1	PTEN
TP53	-1	PTK2
TP53	1	RABGGTA
TP53	-1	RAD51
TP53	1	RB1
TP53	-1	RECQL4
TP53	1	REV3L
TP53	1	RGS16
TP53	1	RPS27L
TP53	1	RRM2B
TP53	-1	SCD
TP53	1	SCN3B
TP53	1	SERPINE1
TP53	1	SESN1
TP53	1	SIAH1
TP53	-1	SLC38A2
TP53	1	STEAP3
TP53	1	TAP1
TP53	1	TIGAR
TP53	1	TNFRSF10B
TP53	1	TP53I3
TP53	1	TP73
TP53	1	TRAF4
TP53	1	TRIAP1
TP53	1	TRIM22
TP53	1	TSC2
TP53	1	VCAN
TP53	1	XPC
TP53BP1	1	HDAC4
TP53BP1	1	PAXIP1
TP53BP1	1	RIF1
TP53BP1	1	TP53
TP53BP2	1	TP53
TP53INP1	1	GABARAPL2
TP53INP2	1	GABARAPL2
TP53RK	1	TP53
TP73	1	BBC3
TP73	1	CASP6
TP73	-1	CCNB1
TP73	1	FAS
TP73	1	TP53INP1
TPBG	1	EGFR
TPX2	1	CDCA8
TRAF1	1	TRAF2
TRAF2	1	BIRC2
TRAF2	1	IKBKB
TRAF2	1	MAP3K1
TRAF2	1	MAP3K14
TRAF2	1	MAP3K7
TRAF2	1	MAP4K2
TRAF2	1	RIPK1
TRAF2	1	TRAF1
TRAF3	-1	MAP3K14
TRAF3	1	TBK1
TRAF4	-1	SMURF2
TRAF6	1	AKT1
TRAF6	1	AKT3
TRAF6	1	BECN1
TRAF6	-1	ECSIT
TRAF6	1	IKBKB
TRAF6	-1	IKBKG
TRAF6	1	IRF7
TRAF6	1	MALT1
TRAF6	1	MAP3K14
TRAF6	1	MAP3K7
TRAF6	1	MAPK14
TRAF6	1	MAPK8
TRAF6	-1	MYB
TRAF6	1	NFKBIA
TRAF6	1	PSEN1
TRAF6	-1	RUSC1
TRAF6	1	TAB1
TRAF6	1	TAB2
TRAF6	1	TAB3
TRAF6	1	TDP2
TRAF6	1	TNFRSF11A
TRAF7	1	MAP3K3
TRDMT1	-1	CCPG1
TRIB3	-1	AKT1
TRIB3	1	COP1
TRIM13	-1	NR4A1
TRIM21	-1	IRF7
TRIM21	-1	SQSTM1
TRIM23	1	TBK1
TRIM24	1	AR
TRIM25	1	IFIH1
TRIM25	1	ZC3HAV1
TRIM27	-1	PIK3C2B
TRIM28	-1	BAX
TRIM28	-1	BBC3
TRIM28	-1	CDKN1A
TRIM28	1	CHD3
TRIM28	-1	GADD45A
TRIM28	1	MDM2
TRIM28	-1	PMAIP1
TRIM28	1	SETDB1
TRIM28	1	STAT1
TRIM28	-1	STAT3
TRIM28	1	TBL1XR1
TRIM32	-1	DTNBP1
TRIM33	1	SMAD2
TRIM33	1	SMAD3
TRIM33	1	SMAD4
TRIM59	-1	ECSIT
TRIM65	1	IFIH1
TRIM71	-1	LIN28B
TRIM8	-1	SOCS1
TRIM9	-1	VASP
TRIO	1	RAC1
TRIO	1	RHOA
TRIP10	-1	ARHGAP17
TRIP12	-1	CDKN2A
TRPC1	1	PKD2
TRPC1	1	TRPC3
TRPC1	1	TRPC4
TRPC3	1	TRPC1
TRPC4	1	TRPC1
TRPM4	-1	TRPC3
TRPM7	1	ANXA1
TRPM7	1	EEF2K
TRPM7	1	PLCG2
TRRAP	1	MYC
TSC1	-1	RHEB
TSC2	-1	RAP1A
TSC2	-1	RHEB
TSC2	1	TSC1
TSC22D3	-1	NFKB2
TSC22D3	-1	RELA
TSPAN33	1	ADAM10
TSPOAP1	-1	RIMS1
TSPOAP1	-1	RIMS2
TSSK4	1	CREB1
TTBK1	1	DPYSL2
TTBK1	-1	MAPT
TTBK2	-1	KIF2A
TTF2	1	CDC5L
TTI1	1	MTOR
TTK	-1	ABL1
TTK	-1	ARHGEF17
TTK	1	BUB1
TTK	1	CDCA8
TTK	1	CHEK2
TTK	1	HSPA9
TTK	-1	MAP4
TTK	1	MDM2
TTK	-1	PRC1
TTK	1	TACC2
TTK	1	TP53
TTK	-1	USP16
TTN	1	OBSCN
TUB	1	MAPK1
TUB	1	MAPK3
TWIST1	-1	CDKN2A
TWIST1	1	MDM2
TWIST1	-1	RELA
TWIST1	-1	TIMP1
TWIST1	1	VEGFA
TXN	1	ARNT
TXN	1	NFKB1
TXN	1	NR3C1
TXN	1	SP1
TYK2	1	DUSP3
TYK2	1	IFNAR1
TYK2	1	STAT1
TYK2	1	STAT2
TYK2	1	STAT3
TYK2	1	STAT4
TYK2	1	STAT5A
TYK2	1	STAT5B
TYRO3	1	CBLB
TYRO3	1	PIK3R1
UBA52	1	PRKN
UBAP2L	1	BMI1
UBASH3B	-1	CBL
UBC	1	PRKN
UBE2A	1	PCNA
UBE2D1	1	MGRN1
UBE2D1	1	TRIM2
UBE2D2	-1	NFKBIA
UBE2D2	1	TRIM5
UBE2D2	1	UBR5
UBE2D3	1	BRCA1
UBE2D3	1	NFKB1
UBE2D3	-1	NFKBIA
UBE2D3	1	UBR5
UBE2E1	1	RNF167
UBE2E3	1	NFKBIA
UBE2I	-1	FOS
UBE2I	1	FOXL2
UBE2I	1	HDAC1
UBE2I	-1	HSF2
UBE2I	-1	JUN
UBE2I	1	RANGAP1
UBE2I	1	SMAD4
UBE2I	-1	SOX3
UBE2I	-1	SOX4
UBE2I	1	SUMO1
UBE2I	-1	TDG
UBE2I	1	TRIM28
UBE2I	1	UIMC1
UBE2I	1	ZHX1
UBE2K	1	RNF138
UBE2L3	1	NEDD4
UBE2L3	1	PRKN
UBE2L3	1	RNF19B
UBE2M	1	CUL1
UBE2M	1	CUL2
UBE2N	1	H2AX
UBE2N	-1	MAP3K7
UBE2N	1	PCNA
UBE2N	1	TRAF2
UBE2N	1	TRAF6
UBE2N	1	UBE2V1
UBE2O	-1	SMAD6
UBE2T	1	FANCD2
UBE2T	1	FANCI
UBE2V1	1	TRAF6
UBE3A	-1	MCM7
UBE3A	-1	PSMD2
UBE3A	-1	PSMD4
UBE3A	-1	RAD23A
UBE3A	-1	RAD23B
UBE3A	-1	SCRIB
UBE3A	-1	TP53
UBE3A	-1	TSC2
UBE3C	-1	CAND2
UBE4B	-1	TP53
UBE4B	-1	TP73
UBL4A	1	SGTA
UBQLN2	1	HNRNPA1
UBQLN2	1	HNRNPU
UBR1	1	RECQL4
UBR2	1	RECQL4
UBR5	-1	PAIP2
UBR5	-1	TOPBP1
UBXN8	-1	VCP
UCHL1	1	UBC
UCHL5	1	SMAD3
UCHL5	1	SMAD7
UCHL5	1	TGFBR1
UHMK1	1	CDKN1B
UHMK1	1	PIMREG
UHMK1	1	SF1
UHMK1	-1	STMN1
UHRF1	1	DNMT1
UHRF1	1	TOP2A
UHRF2	-1	CCND1
UHRF2	-1	CCNE1
UHRF2	-1	PCNP
UIMC1	1	BRCA1
UIMC1	1	MDM2
ULK1	1	AMBRA1
ULK1	1	ATG13
ULK1	1	ATG14
ULK1	-1	ATG4B
ULK1	1	ATG9A
ULK1	1	BECN1
ULK1	1	DAPK3
ULK1	1	DENND3
ULK1	-1	DYNLL1
ULK1	1	FUNDC1
ULK1	1	HK1
ULK1	1	PIK3C3
ULK1	1	PRKN
ULK1	1	RB1CC1
ULK1	1	SEC23B
ULK1	-1	SQSTM1
ULK1	1	YAP1
ULK2	1	ATG13
ULK2	1	DENND3
ULK3	-1	IST1
UNC5B	1	DAPK1
UNC80	1	UNC79
UPF2	1	UPF1
UPF3B	1	UPF1
USF1	-1	FOSL1
USO1	1	GOLGB1
USP1	-1	FANCD2
USP1	-1	FANCI
USP1	1	PCNA
USP10	1	TP53
USP13	1	UBL4A
USP15	1	BRAP
USP15	1	RBX1
USP16	1	H2AZ1
USP20	1	CLSPN
USP22	1	H2AZ1
USP22	1	H2BC11
USP22	1	SIRT1
USP24	1	DDB2
USP28	1	CLSPN
USP28	-1	FBXW7
USP28	-1	MYC
USP28	-1	SKP1
USP3	1	H2AZ1
USP36	1	DHX33
USP36	1	NPM1
USP36	1	SOD2
USP4	1	BRAP
USP4	-1	PRPF3
USP5	1	UBC
USP7	1	CHFR
USP7	1	CLSPN
USP7	1	FOXO1
USP7	1	MARCHF7
USP7	1	MDM2
USP7	1	MDM4
USP7	-1	PTEN
USP7	1	RPS27A
USP7	-1	SKP1
USP7	1	TP53
USP7	1	UBA52
USP8	1	RNF41
USP8	1	STAM
USP9X	1	MARCHF7
USP9X	1	SMAD4
USP9X	1	SMN1
UVRAG	1	BECN1
UVRAG	1	PIK3C3
UVRAG	1	PIK3R4
UVRAG	1	RINT1
VAC14	1	FIG4
VAV2	1	ARHGAP1
VAV2	1	CDC42
VAV2	1	RAC1
VAV2	1	RHOA
VCAM1	1	ITGB1
VCP	1	DERL1
VCP	1	NGLY1
VCP	1	NPLOC4
VCP	1	UFD1
VCPIP1	1	VCP
VDAC2	-1	BAK1
VEGFA	1	NRP1
VEGFA	1	NRP2
VEGFC	1	FLT4
VEGFC	1	NRP2
VHL	-1	HIF1A
VHL	1	TP53
VMP1	1	BECN1
VPS11	1	EZR
VPS39	-1	SMAD4
VPS4A	1	CHMP2A
VRK1	1	ATF2
VRK1	-1	BANF1
VRK1	1	COIL
VRK1	1	H2AX
VRK1	1	JUN
VRK1	1	SOX2
VRK1	1	TP53
VRK1	1	TP53BP1
VRK2	-1	BANF1
VRK2	-1	DTNBP1
VRK2	-1	USP25
VRK3	-1	BANF1
WAPL	-1	RAD21
WDFY3	1	ATG12
WDFY3	1	ATG5
WDFY3	1	SQSTM1
WDR45	1	ATG2A
WDR45	1	ATG2B
WDR48	1	USP1
WDR62	1	MAP2K7
WDR83	1	MAP2K1
WDR83	1	MAPK3
WDR83	1	RAF1
WEE1	-1	CDK1
WEE1	-1	CDK2
WHR1	1	NRAS
WIPF1	1	WASL
WIPI2	1	ATG16L1
WNK1	1	OXSR1
WNK1	-1	SLC12A6
WNK1	1	STK39
WNK1	1	SYT2
WNK2	1	WNK1
WNK3	-1	SLC12A5
WNK3	-1	SLC12A6
WNK3	1	WNK1
WNT2B	1	FZD3
WNT2B	1	FZD4
WNT2B	1	FZD7
WNT2B	1	LRP5
WNT3	1	FZD1
WNT3	1	FZD5
WNT3	1	FZD7
WNT3	1	FZD8
WNT3	1	LRP6
WNT3	1	RYK
WNT5A	1	FZD1
WNT5A	1	FZD2
WNT5A	1	FZD3
WNT5A	1	FZD4
WNT5A	1	FZD5
WNT5A	1	FZD6
WNT5A	1	FZD7
WNT5A	1	FZD8
WNT5A	1	FZD9
WNT5A	1	LRP6
WNT5A	1	NLK
WNT5A	1	ROR1
WNT5A	1	ROR2
WNT5A	1	RYK
WNT5B	1	FZD2
WNT5B	1	FZD3
WNT5B	1	FZD8
WNT7A	1	FZD1
WNT7A	1	FZD10
WNT7A	1	FZD5
WNT7A	1	FZD7
WNT7A	1	FZD9
WNT7A	1	LRP5
WNT7A	1	LRP6
WNT7B	1	FZD1
WNT7B	1	FZD10
WNT7B	1	FZD4
WNT7B	1	FZD5
WNT7B	1	FZD8
WNT7B	1	LRP5
WNT8A	1	FZD4
WNT8A	1	FZD5
WNT8A	1	FZD7
WNT8A	1	FZD8
WNT8A	1	LRP5
WRAP53	1	TP53
WRN	1	FEN1
WRN	1	NEIL1
WRN	1	RAD52
WSB1	-1	HIPK2
WWOX	-1	DVL2
WWOX	1	SMAD4
WWP1	1	AMOTL2
WWP1	1	KLF5
WWP1	1	SMAD2
WWP1	1	SMAD7
WWP1	-1	TGFBR1
WWP2	-1	EGR2
WWP2	-1	POU5F1
WWP2	-1	PTEN
WWTR1	1	PAX3
WWTR1	1	SMAD2
WWTR1	1	SMAD3
WWTR1	1	TEAD1
WWTR1	1	TEAD2
WWTR1	1	TEAD3
WWTR1	1	TEAD4
XIAP	-1	AIFM1
XIAP	-1	CASP3
XIAP	-1	CASP7
XIAP	-1	CASP9
XIAP	1	TLE3
XPA	1	CEP164
XPA	1	ERCC1
XPA	1	ERCC4
XPC	1	ATM
XPC	1	DDB1
XPC	1	SMARCA4
XPO1	1	SMAD4
XPO1	-1	TP53
XRCC1	1	PNKP
XRCC1	1	POLB
XRCC3	1	RAD51
XRCC4	1	PNKP
XRCC5	1	ATRIP
XRCC5	1	DDB2
XRCC6	-1	BAX
YAP1	1	CTNNB1
YAP1	-1	RUNX2
YAP1	1	SMAD1
YAP1	1	SMAD7
YAP1	1	TEAD1
YAP1	1	TEAD2
YAP1	1	TEAD3
YAP1	1	TEAD4
YAP1	1	TP73
YBX1	1	NEIL2
YES1	1	ANXA2
YES1	1	CBL
YES1	-1	CDK4
YES1	1	YAP1
YWHAB	-1	SRPK2
YWHAE	-1	CDKN1B
YWHAE	1	NDEL1
YWHAE	1	TBP
YWHAG	-1	NEFL
YWHAH	-1	BAD
YWHAH	1	BRAF
YWHAH	-1	CDKN1B
YWHAH	-1	FOXO1
YWHAH	-1	IRS1
YWHAH	-1	RAF1
YWHAQ	-1	CDC25C
YWHAQ	-1	CDKN1B
YWHAQ	1	E2F1
YWHAQ	-1	FOXO3
YWHAQ	1	MEF2D
YWHAQ	1	PRKD1
YY1	-1	FAS
YY1	-1	NOTCH1
ZBTB16	-1	CCNA2
ZBTB16	1	DUSP6
ZBTB16	1	ID2
ZBTB16	1	MYC
ZBTB17	-1	CDKN1A
ZBTB4	-1	CDKN1A
ZDHHC9	1	HRAS
ZDHHC9	1	NRAS
ZEB2	1	CTBP1
ZFYVE9	1	SMAD2
ZFYVE9	1	SMAD3
ZFYVE9	1	TGFBR1
ZHX1	-1	ZMYND11
ZIC1	1	GLI1
ZIC1	1	GLI3
ZIC3	1	GLI3
ZMIZ1	1	AR
ZMIZ1	1	NOTCH1
ZMYND11	1	H3-3B
ZNF318	-1	AR
ZNF350	1	TRIM28
ZNF420	1	HDAC1
ZNF462	-1	PBX1
ZNF521	-1	EBF1
ZNF76	-1	TBP
ZNRF3	-1	FZD2
ZNRF3	-1	LRP6
ZW10	1	DCTN2
